date,ruined,equity,start_equity,gross_pnl,cost,funding,net_pnl,gross_return,net_return,traded_notional,gross_exposure,net_exposure,long_pnl,short_pnl,n_positions,n_live,multiplier,ex_ante_vol,ex_ante_vol_full_signal,held_ex_ante_vol,target_tracking_error
2020-01-01,False,100000.0,100000.0,0.0,0.0,0.0,0.0,0.0,0.0,0.0,0.0,0.0,0.0,0.0,0,0,0.0,,,,0.0
2020-01-02,False,100000.0,100000.0,0.0,0.0,0.0,0.0,0.0,0.0,0.0,0.0,0.0,0.0,0.0,0,0,0.0,,,,0.0
2020-01-03,False,100000.0,100000.0,0.0,0.0,0.0,0.0,0.0,0.0,0.0,0.0,0.0,0.0,0.0,0,0,0.0,,,,0.0
2020-01-04,False,100000.0,100000.0,0.0,0.0,0.0,0.0,0.0,0.0,0.0,0.0,0.0,0.0,0.0,0,0,0.0,,,,0.0
2020-01-05,False,100000.0,100000.0,0.0,0.0,0.0,0.0,0.0,0.0,0.0,0.0,0.0,0.0,0.0,0,0,0.0,,,,0.0
2020-01-06,False,100000.0,100000.0,0.0,0.0,0.0,0.0,0.0,0.0,0.0,0.0,0.0,0.0,0.0,0,0,0.0,,,,0.0
2020-01-07,False,100000.0,100000.0,0.0,0.0,0.0,0.0,0.0,0.0,0.0,0.0,0.0,0.0,0.0,0,0,0.0,,,,0.0
2020-01-08,False,100000.0,100000.0,0.0,0.0,0.0,0.0,0.0,0.0,0.0,0.0,0.0,0.0,0.0,0,0,0.0,,,,0.0
2020-01-09,False,100000.0,100000.0,0.0,0.0,0.0,0.0,0.0,0.0,0.0,0.0,0.0,0.0,0.0,0,0,0.0,,,,0.0
2020-01-10,False,100000.0,100000.0,0.0,0.0,0.0,0.0,0.0,0.0,0.0,0.0,0.0,0.0,0.0,0,0,0.0,,,,0.0
2020-01-11,False,100000.0,100000.0,0.0,0.0,0.0,0.0,0.0,0.0,0.0,0.0,0.0,0.0,0.0,0,0,0.0,,,,0.0
2020-01-12,False,100000.0,100000.0,0.0,0.0,0.0,0.0,0.0,0.0,0.0,0.0,0.0,0.0,0.0,0,0,0.0,,,,0.0
2020-01-13,False,100000.0,100000.0,0.0,0.0,0.0,0.0,0.0,0.0,0.0,0.0,0.0,0.0,0.0,0,0,0.0,,,,0.0
2020-01-14,False,100000.0,100000.0,0.0,0.0,0.0,0.0,0.0,0.0,0.0,0.0,0.0,0.0,0.0,0,0,0.0,,,,0.0
2020-01-15,False,100000.0,100000.0,0.0,0.0,0.0,0.0,0.0,0.0,0.0,0.0,0.0,0.0,0.0,0,0,0.0,,,,0.0
2020-01-16,False,100000.0,100000.0,0.0,0.0,0.0,0.0,0.0,0.0,0.0,0.0,0.0,0.0,0.0,0,0,0.0,,,,0.0
2020-01-17,False,100000.0,100000.0,0.0,0.0,0.0,0.0,0.0,0.0,0.0,0.0,0.0,0.0,0.0,0,0,0.0,,,,0.0
2020-01-18,False,100000.0,100000.0,0.0,0.0,0.0,0.0,0.0,0.0,0.0,0.0,0.0,0.0,0.0,0,0,0.0,,,,0.0
2020-01-19,False,100000.0,100000.0,0.0,0.0,0.0,0.0,0.0,0.0,0.0,0.0,0.0,0.0,0.0,0,0,0.0,,,,0.0
2020-01-20,False,100000.0,100000.0,0.0,0.0,0.0,0.0,0.0,0.0,0.0,0.0,0.0,0.0,0.0,0,0,0.0,,,,0.0
2020-01-21,False,100000.0,100000.0,0.0,0.0,0.0,0.0,0.0,0.0,0.0,0.0,0.0,0.0,0.0,0,0,0.0,,,,0.0
2020-01-22,False,100000.0,100000.0,0.0,0.0,0.0,0.0,0.0,0.0,0.0,0.0,0.0,0.0,0.0,0,0,0.0,,,,0.0
2020-01-23,False,100000.0,100000.0,0.0,0.0,0.0,0.0,0.0,0.0,0.0,0.0,0.0,0.0,0.0,0,0,0.0,,,,0.0
2020-01-24,False,100000.0,100000.0,0.0,0.0,0.0,0.0,0.0,0.0,0.0,0.0,0.0,0.0,0.0,0,0,0.0,,,,0.0
2020-01-25,False,100000.0,100000.0,0.0,0.0,0.0,0.0,0.0,0.0,0.0,0.0,0.0,0.0,0.0,0,0,0.0,,,,0.0
2020-01-26,False,100000.0,100000.0,0.0,0.0,0.0,0.0,0.0,0.0,0.0,0.0,0.0,0.0,0.0,0,0,0.0,,,,0.0
2020-01-27,False,100000.0,100000.0,0.0,0.0,0.0,0.0,0.0,0.0,0.0,0.0,0.0,0.0,0.0,0,0,0.0,,,,0.0
2020-01-28,False,100000.0,100000.0,0.0,0.0,0.0,0.0,0.0,0.0,0.0,0.0,0.0,0.0,0.0,0,0,0.0,,,,0.0
2020-01-29,False,100000.0,100000.0,0.0,0.0,0.0,0.0,0.0,0.0,0.0,0.0,0.0,0.0,0.0,0,0,0.0,,,,0.0
2020-01-30,False,100000.0,100000.0,0.0,0.0,0.0,0.0,0.0,0.0,0.0,0.0,0.0,0.0,0.0,0,0,0.0,,,,0.0
2020-01-31,False,100000.0,100000.0,0.0,0.0,0.0,0.0,0.0,0.0,0.0,0.0,0.0,0.0,0.0,0,0,0.0,,,,0.0
2020-02-01,False,100000.0,100000.0,0.0,0.0,0.0,0.0,0.0,0.0,0.0,0.0,0.0,0.0,0.0,0,0,0.0,,,,0.0
2020-02-02,False,100000.0,100000.0,0.0,0.0,0.0,0.0,0.0,0.0,0.0,0.0,0.0,0.0,0.0,0,0,0.0,,,,0.0
2020-02-03,False,100000.0,100000.0,0.0,0.0,0.0,0.0,0.0,0.0,0.0,0.0,0.0,0.0,0.0,0,0,0.0,,,,0.0
2020-02-04,False,100000.0,100000.0,0.0,0.0,0.0,0.0,0.0,0.0,0.0,0.0,0.0,0.0,0.0,0,0,0.0,,,,0.0
2020-02-05,False,100000.0,100000.0,0.0,0.0,0.0,0.0,0.0,0.0,0.0,0.0,0.0,0.0,0.0,0,0,0.0,,,,0.0
2020-02-06,False,100000.0,100000.0,0.0,0.0,0.0,0.0,0.0,0.0,0.0,0.0,0.0,0.0,0.0,0,0,0.0,,,,0.0
2020-02-07,False,100000.0,100000.0,0.0,0.0,0.0,0.0,0.0,0.0,0.0,0.0,0.0,0.0,0.0,0,0,0.0,,,,0.0
2020-02-08,False,100000.0,100000.0,0.0,0.0,0.0,0.0,0.0,0.0,0.0,0.0,0.0,0.0,0.0,0,0,0.0,,,,0.0
2020-02-09,False,100000.0,100000.0,0.0,0.0,0.0,0.0,0.0,0.0,0.0,0.0,0.0,0.0,0.0,0,0,0.0,,,,0.0
2020-02-10,False,100000.0,100000.0,0.0,0.0,0.0,0.0,0.0,0.0,0.0,0.0,0.0,0.0,0.0,0,0,0.0,,,,0.0
2020-02-11,False,100000.0,100000.0,0.0,0.0,0.0,0.0,0.0,0.0,0.0,0.0,0.0,0.0,0.0,0,0,0.0,,,,0.0
2020-02-12,False,100000.0,100000.0,0.0,0.0,0.0,0.0,0.0,0.0,0.0,0.0,0.0,0.0,0.0,0,0,0.0,,,,0.0
2020-02-13,False,100000.0,100000.0,0.0,0.0,0.0,0.0,0.0,0.0,0.0,0.0,0.0,0.0,0.0,0,0,0.0,,,,0.0
2020-02-14,False,100000.0,100000.0,0.0,0.0,0.0,0.0,0.0,0.0,0.0,0.0,0.0,0.0,0.0,0,0,0.0,,,,0.0
2020-02-15,False,100000.0,100000.0,0.0,0.0,0.0,0.0,0.0,0.0,0.0,0.0,0.0,0.0,0.0,0,0,0.0,,,,0.0
2020-02-16,False,100000.0,100000.0,0.0,0.0,0.0,0.0,0.0,0.0,0.0,0.0,0.0,0.0,0.0,0,0,0.0,,,,0.0
2020-02-17,False,100000.0,100000.0,0.0,0.0,0.0,0.0,0.0,0.0,0.0,0.0,0.0,0.0,0.0,0,0,0.0,,,,0.0
2020-02-18,False,100000.0,100000.0,0.0,0.0,0.0,0.0,0.0,0.0,0.0,0.0,0.0,0.0,0.0,0,0,0.0,,,,0.0
2020-02-19,False,100000.0,100000.0,0.0,0.0,0.0,0.0,0.0,0.0,0.0,0.0,0.0,0.0,0.0,0,0,0.0,,,,0.0
2020-02-20,False,100000.0,100000.0,0.0,0.0,0.0,0.0,0.0,0.0,0.0,0.0,0.0,0.0,0.0,0,0,0.0,,,,0.0
2020-02-21,False,100000.0,100000.0,0.0,0.0,0.0,0.0,0.0,0.0,0.0,0.0,0.0,0.0,0.0,0,0,0.0,,,,0.0
2020-02-22,False,100000.0,100000.0,0.0,0.0,0.0,0.0,0.0,0.0,0.0,0.0,0.0,0.0,0.0,0,0,0.0,,,,0.0
2020-02-23,False,100000.0,100000.0,0.0,0.0,0.0,0.0,0.0,0.0,0.0,0.0,0.0,0.0,0.0,0,0,0.0,,,,0.0
2020-02-24,False,100000.0,100000.0,0.0,0.0,0.0,0.0,0.0,0.0,0.0,0.0,0.0,0.0,0.0,0,0,0.0,,,,0.0
2020-02-25,False,100000.0,100000.0,0.0,0.0,0.0,0.0,0.0,0.0,0.0,0.0,0.0,0.0,0.0,0,0,0.0,,,,0.0
2020-02-26,False,100000.0,100000.0,0.0,0.0,0.0,0.0,0.0,0.0,0.0,0.0,0.0,0.0,0.0,0,0,0.0,,,,0.0
2020-02-27,False,100000.0,100000.0,0.0,0.0,0.0,0.0,0.0,0.0,0.0,0.0,0.0,0.0,0.0,0,0,0.0,,,,0.0
2020-02-28,False,100000.0,100000.0,0.0,0.0,0.0,0.0,0.0,0.0,0.0,0.0,0.0,0.0,0.0,0,0,0.0,,,,0.0
2020-02-29,False,100000.0,100000.0,0.0,0.0,0.0,0.0,0.0,0.0,0.0,0.0,0.0,0.0,0.0,0,0,0.0,,,,0.0
2020-03-01,False,100000.0,100000.0,0.0,0.0,0.0,0.0,0.0,0.0,0.0,0.0,0.0,0.0,0.0,0,0,0.0,,,,0.0
2020-03-02,False,100000.0,100000.0,0.0,0.0,0.0,0.0,0.0,0.0,0.0,0.0,0.0,0.0,0.0,0,0,0.0,,,,0.0
2020-03-03,False,100000.0,100000.0,0.0,0.0,0.0,0.0,0.0,0.0,0.0,0.0,0.0,0.0,0.0,0,0,0.0,,,,0.0
2020-03-04,False,100000.0,100000.0,0.0,0.0,0.0,0.0,0.0,0.0,0.0,0.0,0.0,0.0,0.0,0,0,0.0,,,,0.0
2020-03-05,False,100000.0,100000.0,0.0,0.0,0.0,0.0,0.0,0.0,0.0,0.0,0.0,0.0,0.0,0,0,0.0,,,,0.0
2020-03-06,False,100000.0,100000.0,0.0,0.0,0.0,0.0,0.0,0.0,0.0,0.0,0.0,0.0,0.0,0,0,0.0,,,,0.0
2020-03-07,False,100000.0,100000.0,0.0,0.0,0.0,0.0,0.0,0.0,0.0,0.0,0.0,0.0,0.0,0,0,0.0,,,,0.0
2020-03-08,False,100000.0,100000.0,0.0,0.0,0.0,0.0,0.0,0.0,0.0,0.0,0.0,0.0,0.0,0,0,0.0,,,,0.0
2020-03-09,False,100000.0,100000.0,0.0,0.0,0.0,0.0,0.0,0.0,0.0,0.0,0.0,0.0,0.0,0,0,0.0,,,,0.0
2020-03-10,False,100000.0,100000.0,0.0,0.0,0.0,0.0,0.0,0.0,0.0,0.0,0.0,0.0,0.0,0,0,0.0,,,,0.0
2020-03-11,False,100000.0,100000.0,0.0,0.0,0.0,0.0,0.0,0.0,0.0,0.0,0.0,0.0,0.0,0,0,0.0,,,,0.0
2020-03-12,False,100000.0,100000.0,0.0,0.0,0.0,0.0,0.0,0.0,0.0,0.0,0.0,0.0,0.0,0,0,0.0,,,,0.0
2020-03-13,False,100000.0,100000.0,0.0,0.0,0.0,0.0,0.0,0.0,0.0,0.0,0.0,0.0,0.0,0,0,0.0,,,,0.0
2020-03-14,False,100000.0,100000.0,0.0,0.0,0.0,0.0,0.0,0.0,0.0,0.0,0.0,0.0,0.0,0,0,0.0,,,,0.0
2020-03-15,False,100000.0,100000.0,0.0,0.0,0.0,0.0,0.0,0.0,0.0,0.0,0.0,0.0,0.0,0,0,0.0,,,,0.0
2020-03-16,False,100000.0,100000.0,0.0,0.0,0.0,0.0,0.0,0.0,0.0,0.0,0.0,0.0,0.0,0,0,0.0,,,,0.0
2020-03-17,False,100000.0,100000.0,0.0,0.0,0.0,0.0,0.0,0.0,0.0,0.0,0.0,0.0,0.0,0,0,0.0,,,,0.0
2020-03-18,False,100000.0,100000.0,0.0,0.0,0.0,0.0,0.0,0.0,0.0,0.0,0.0,0.0,0.0,0,0,0.0,,,,0.0
2020-03-19,False,100000.0,100000.0,0.0,0.0,0.0,0.0,0.0,0.0,0.0,0.0,0.0,0.0,0.0,0,0,0.0,,,,0.0
2020-03-20,False,100000.0,100000.0,0.0,0.0,0.0,0.0,0.0,0.0,0.0,0.0,0.0,0.0,0.0,0,0,0.0,,,,0.0
2020-03-21,False,100000.0,100000.0,0.0,0.0,0.0,0.0,0.0,0.0,0.0,0.0,0.0,0.0,0.0,0,0,0.0,,,,0.0
2020-03-22,False,100000.0,100000.0,0.0,0.0,0.0,0.0,0.0,0.0,0.0,0.0,0.0,0.0,0.0,0,0,0.0,,,,0.0
2020-03-23,False,100000.0,100000.0,0.0,0.0,0.0,0.0,0.0,0.0,0.0,0.0,0.0,0.0,0.0,0,0,0.0,,,,0.0
2020-03-24,False,100000.0,100000.0,0.0,0.0,0.0,0.0,0.0,0.0,0.0,0.0,0.0,0.0,0.0,0,0,0.0,,,,0.0
2020-03-25,False,100000.0,100000.0,0.0,0.0,0.0,0.0,0.0,0.0,0.0,0.0,0.0,0.0,0.0,0,0,0.0,,,,0.0
2020-03-26,False,100000.0,100000.0,0.0,0.0,0.0,0.0,0.0,0.0,0.0,0.0,0.0,0.0,0.0,0,0,0.0,,,,0.0
2020-03-27,False,100000.0,100000.0,0.0,0.0,0.0,0.0,0.0,0.0,0.0,0.0,0.0,0.0,0.0,0,0,0.0,,,,0.0
2020-03-28,False,100000.0,100000.0,0.0,0.0,0.0,0.0,0.0,0.0,0.0,0.0,0.0,0.0,0.0,0,0,0.0,,,,0.0
2020-03-29,False,100000.0,100000.0,0.0,0.0,0.0,0.0,0.0,0.0,0.0,0.0,0.0,0.0,0.0,0,0,0.0,,,,0.0
2020-03-30,False,100000.0,100000.0,0.0,0.0,0.0,0.0,0.0,0.0,0.0,0.0,0.0,0.0,0.0,0,0,0.0,,,,0.0
2020-03-31,False,100000.0,100000.0,0.0,0.0,0.0,0.0,0.0,0.0,0.0,0.0,0.0,0.0,0.0,0,0,0.0,,,,0.0
2020-04-01,False,100000.0,100000.0,0.0,0.0,0.0,0.0,0.0,0.0,0.0,0.0,0.0,0.0,0.0,0,0,0.0,,,,0.0
2020-04-02,False,100000.0,100000.0,0.0,0.0,0.0,0.0,0.0,0.0,0.0,0.0,0.0,0.0,0.0,0,0,0.0,,,,0.0
2020-04-03,False,100000.0,100000.0,0.0,0.0,0.0,0.0,0.0,0.0,0.0,0.0,0.0,0.0,0.0,0,0,0.0,,,,0.0
2020-04-04,False,100000.0,100000.0,0.0,0.0,0.0,0.0,0.0,0.0,0.0,0.0,0.0,0.0,0.0,0,0,0.0,,,,0.0
2020-04-05,False,100000.0,100000.0,0.0,0.0,0.0,0.0,0.0,0.0,0.0,0.0,0.0,0.0,0.0,0,0,0.0,,,,0.0
2020-04-06,False,100000.0,100000.0,0.0,0.0,0.0,0.0,0.0,0.0,0.0,0.0,0.0,0.0,0.0,0,0,0.0,,,,0.0
2020-04-07,False,100000.0,100000.0,0.0,0.0,0.0,0.0,0.0,0.0,0.0,0.0,0.0,0.0,0.0,0,0,0.0,,,,0.0
2020-04-08,False,100000.0,100000.0,0.0,0.0,0.0,0.0,0.0,0.0,0.0,0.0,0.0,0.0,0.0,0,0,0.0,,,,0.0
2020-04-09,False,100000.0,100000.0,0.0,0.0,0.0,0.0,0.0,0.0,0.0,0.0,0.0,0.0,0.0,0,0,0.0,,,,0.0
2020-04-10,False,100000.0,100000.0,0.0,0.0,0.0,0.0,0.0,0.0,0.0,0.0,0.0,0.0,0.0,0,0,0.0,,,,0.0
2020-04-11,False,100000.0,100000.0,0.0,0.0,0.0,0.0,0.0,0.0,0.0,0.0,0.0,0.0,0.0,0,0,0.0,,,,0.0
2020-04-12,False,100000.0,100000.0,0.0,0.0,0.0,0.0,0.0,0.0,0.0,0.0,0.0,0.0,0.0,0,0,0.0,,,,0.0
2020-04-13,False,100000.0,100000.0,0.0,0.0,0.0,0.0,0.0,0.0,0.0,0.0,0.0,0.0,0.0,0,0,0.0,,,,0.0
2020-04-14,False,100000.0,100000.0,0.0,0.0,0.0,0.0,0.0,0.0,0.0,0.0,0.0,0.0,0.0,0,0,0.0,,,,0.0
2020-04-15,False,100000.0,100000.0,0.0,0.0,0.0,0.0,0.0,0.0,0.0,0.0,0.0,0.0,0.0,0,0,0.0,,,,0.0
2020-04-16,False,100000.0,100000.0,0.0,0.0,0.0,0.0,0.0,0.0,0.0,0.0,0.0,0.0,0.0,0,0,0.0,,,,0.0
2020-04-17,False,100000.0,100000.0,0.0,0.0,0.0,0.0,0.0,0.0,0.0,0.0,0.0,0.0,0.0,0,0,0.0,,,,0.0
2020-04-18,False,100000.0,100000.0,0.0,0.0,0.0,0.0,0.0,0.0,0.0,0.0,0.0,0.0,0.0,0,0,0.0,,,,0.0
2020-04-19,False,100000.0,100000.0,0.0,0.0,0.0,0.0,0.0,0.0,0.0,0.0,0.0,0.0,0.0,0,0,0.0,,,,0.0
2020-04-20,False,100000.0,100000.0,0.0,0.0,0.0,0.0,0.0,0.0,0.0,0.0,0.0,0.0,0.0,0,0,0.0,,,,0.0
2020-04-21,False,100000.0,100000.0,0.0,0.0,0.0,0.0,0.0,0.0,0.0,0.0,0.0,0.0,0.0,0,0,0.0,,,,0.0
2020-04-22,False,100000.0,100000.0,0.0,0.0,0.0,0.0,0.0,0.0,0.0,0.0,0.0,0.0,0.0,0,0,0.0,,,,0.0
2020-04-23,False,100000.0,100000.0,0.0,0.0,0.0,0.0,0.0,0.0,0.0,0.0,0.0,0.0,0.0,0,0,0.0,,,,0.0
2020-04-24,False,100000.0,100000.0,0.0,0.0,0.0,0.0,0.0,0.0,0.0,0.0,0.0,0.0,0.0,0,0,0.0,,,,0.0
2020-04-25,False,100000.0,100000.0,0.0,0.0,0.0,0.0,0.0,0.0,0.0,0.0,0.0,0.0,0.0,0,0,0.0,,,,0.0
2020-04-26,False,100000.0,100000.0,0.0,0.0,0.0,0.0,0.0,0.0,0.0,0.0,0.0,0.0,0.0,0,0,0.0,,,,0.0
2020-04-27,False,100000.0,100000.0,0.0,0.0,0.0,0.0,0.0,0.0,0.0,0.0,0.0,0.0,0.0,0,0,0.0,,,,0.0
2020-04-28,False,100000.0,100000.0,0.0,0.0,0.0,0.0,0.0,0.0,0.0,0.0,0.0,0.0,0.0,0,0,0.0,,,,0.0
2020-04-29,False,100000.0,100000.0,0.0,0.0,0.0,0.0,0.0,0.0,0.0,0.0,0.0,0.0,0.0,0,0,0.0,,,,0.0
2020-04-30,False,100000.0,100000.0,0.0,0.0,0.0,0.0,0.0,0.0,0.0,0.0,0.0,0.0,0.0,0,0,0.0,,,,0.0
2020-05-01,False,100000.0,100000.0,0.0,0.0,0.0,0.0,0.0,0.0,0.0,0.0,0.0,0.0,0.0,0,0,0.0,,,,0.0
2020-05-02,False,100000.0,100000.0,0.0,0.0,0.0,0.0,0.0,0.0,0.0,0.0,0.0,0.0,0.0,0,0,0.0,,,,0.0
2020-05-03,False,100000.0,100000.0,0.0,0.0,0.0,0.0,0.0,0.0,0.0,0.0,0.0,0.0,0.0,0,0,0.0,,,,0.0
2020-05-04,False,100000.0,100000.0,0.0,0.0,0.0,0.0,0.0,0.0,0.0,0.0,0.0,0.0,0.0,0,0,0.0,,,,0.0
2020-05-05,False,100000.0,100000.0,0.0,0.0,0.0,0.0,0.0,0.0,0.0,0.0,0.0,0.0,0.0,0,0,0.0,,,,0.0
2020-05-06,False,100000.0,100000.0,0.0,0.0,0.0,0.0,0.0,0.0,0.0,0.0,0.0,0.0,0.0,0,0,0.0,,,,0.0
2020-05-07,False,100000.0,100000.0,0.0,0.0,0.0,0.0,0.0,0.0,0.0,0.0,0.0,0.0,0.0,0,0,0.0,,,,0.0
2020-05-08,False,99889.66997880489,100000.0,-90.39098012691949,10.902595673312819,9.036445394881586,-110.33002119511389,-0.0009039098012691949,-0.001103300211951139,10902.595673312819,10902.595673312819,10902.595673312819,-90.39098012691949,0.0,4,5,0.09367959081713771,2.134936737612352,4.85149178042871,0.15886658054135555,0.027258552000008835
2020-05-09,False,99705.89921013328,99889.66997880489,-166.78370487932852,0.08457548583942906,16.90248830643273,-183.77076867160068,-0.0016696792062153932,-0.001839737469455992,84.57548583942906,10896.780179025329,10896.780179025329,-166.78370487932852,0.0,5,5,0.09030769322400728,2.2146507441387318,4.85149178042871,0.15877430423478092,0.027042525581807277
2020-05-10,False,98648.70565330493,99705.89921013328,-1050.9852472797177,0.32836130239067135,5.8799482462369745,-1057.1935568283454,-0.010540853205332752,-0.010603119426266615,328.3613023906713,11058.357776536672,11058.357776536672,-1050.9852472797177,0.0,5,5,0.0880543007696366,2.2713257416378823,4.85149178042871,0.16206810753564033,0.024866324752374467
2020-05-11,False,98452.18740611225,98648.70565330493,-192.0586695037145,1.1210507155304623,3.3385269734362253,-196.51824719268117,-0.0019468949767946614,-0.0019921016286147024,1121.0507155304624,11128.423244787416,11128.423244787416,-192.0586695037145,0.0,5,5,0.10205849225869543,1.9596605394977302,4.85149178042871,0.1664466313262248,0.023590335642848445
2020-05-12,False,98859.95403240065,98452.18740611225,418.5647420045683,5.791237535661767,5.006878180512059,407.7666262883945,0.004251451928416802,0.004141773149299057,5791.237535661768,16689.593935040193,16689.593935040193,418.5647420045683,0.0,5,5,0.09748905136765522,2.051512423130991,4.85149178042871,0.1774565561733199,0.038283282585069654
2020-05-13,False,99695.80797622152,98859.95403240065,844.7158457502384,3.3951106621523293,5.466791267223692,835.8539438208624,0.008544570488808731,0.008454929521279336,3395.110662152329,19127.35135727792,18222.6375574123,860.2887882069416,-15.572942456703297,5,5,0.10954036284569035,1.8258110052249896,4.85149178042871,0.18090331973109203,0.044876941970216286
2020-05-14,False,100304.29349702316,99695.80797622152,615.3217138431602,1.1716026575003609,5.664590384017719,608.4855208016421,0.006171991845333364,0.006103421328876458,1171.602657500361,21174.815745441927,18881.96794672573,659.8342107279041,-44.512496884743925,5,5,0.11695250160482719,1.7100959556708195,4.85149178042871,0.18283414028528183,0.05085560245820871
2020-05-15,False,99387.24146080208,100304.29349702316,-905.3127406889895,6.243232302170354,5.496063229927787,-917.0520362210876,-0.009025662901617043,-0.009142699721505979,6243.232302170354,25621.29743937032,23239.424646884632,-923.02689761251,17.714156923520417,6,7,0.08600882785371934,2.3253427001720413,6.796488387749953,0.22637709156668667,0.0432606008766943
2020-05-16,False,99626.96279295124,99387.24146080208,246.4423397774193,0.6420169740652228,6.078990654192846,239.72133214916124,0.002479617465533694,0.0024119930146537607,642.0169740652229,25172.102195665517,22553.436708490895,271.29524821001195,-24.852908432592645,7,7,0.09478796000567892,2.1099726166489674,6.796488387749953,0.21892557123537618,0.04438049672648006
2020-05-17,False,100111.48724823902,99626.96279295124,489.9077102354546,0.7400843934603341,4.643170554213988,484.52445528778026,0.004917420911983441,0.004863386795146395,740.084393460334,25863.854213175648,22307.27089720556,489.206933375972,0.7007768594825876,7,7,0.10058159152445943,1.9884354280809329,6.796488387749953,0.21482943303831625,0.05446193194721515
2020-05-18,False,100536.56437775807,100111.48724823902,430.6869161169176,0.1613295939795928,5.448457003882264,425.07712951905575,0.004302072898477427,0.00424603750481724,161.3295939795928,26513.68996367173,22635.849013461426,480.2627937978959,-49.57587768097834,7,7,0.10326703010565819,1.9367265602135453,6.796488387749953,0.21686603637068594,0.05880804431036759
2020-05-19,False,100609.92938744764,100536.56437775807,80.32929596728296,0.0819127760379124,6.88237350167871,73.36500968956634,0.0007990057792849583,0.0007297346009746584,81.91277603791241,26961.615859112695,22984.62315354043,79.80274154915068,0.5265544181322799,7,7,0.09460485032346341,2.1140565131299303,6.796488387749952,0.21071507605091608,0.0402414792788485
2020-05-20,False,100026.74856111278,100609.92938744764,-575.9142069141078,0.21768955861575887,7.048929862140968,-583.1808263348646,-0.00572422831842242,-0.005796453987051737,217.68955861575887,26823.202487627954,22847.26289089195,-626.4603497370272,50.5461428229194,7,7,0.08935834931424289,2.2381792136364127,6.796488387749953,0.20859193564179004,0.021935008399857254
2020-05-21,False,98955.08963225182,100026.74856111278,-1066.9334661589173,0.04268216805816974,4.682780533976695,-1071.6589288609523,-0.0106664815312582,-0.01071372352172586,42.68216805816974,26103.51382700984,22228.666515919675,-1157.0399497058152,90.10648354689768,7,7,0.09325337955972346,2.144694390104237,6.796488387749953,0.204489160961637,0.034084100675387446
2020-05-22,False,99646.0953184791,98955.08963225182,715.0893593358655,19.691737111682624,4.391935996913891,691.005686227269,0.007226403027811526,0.006983023195626047,19691.737111682625,25406.851295150027,21121.41473664647,809.2036809222798,-94.11432158641422,10,10,0.046327963553681746,4.317047084710585,9.52229240724034,0.20384912464461744,0.043027473477709015
2020-05-23,False,99510.69183811259,99646.0953184791,-130.34802388012773,0.4069440276611188,4.648512458730555,-135.4034803665194,-0.0013081097002699616,-0.0013588438155429578,406.9440276611188,26481.504227040616,21576.13029182499,-152.95296696122918,22.604943081101464,10,10,0.0472174198519309,4.2357248792327065,9.52229240724034,0.20281472140948223,0.039994372723972015
2020-05-24,False,98677.81842787752,99510.69183811259,-827.5583899044599,0.5361589623321762,4.7788613682804195,-832.8734102350725,-0.008316276116849437,-0.00836968766723097,536.1589623321762,26698.952139041947,21397.768072572835,-928.1300001009847,100.57161019652484,10,10,0.04898991454596425,4.082472930471275,9.52229240724034,0.20118997648153303,0.03753268567282778
2020-05-25,False,99224.67930378034,98677.81842787752,552.1293682089033,1.8463210955723448,3.4221712104989983,546.860875902832,0.005595273355302725,0.005541882508301766,1846.3210955723446,27139.00626092845,20507.74461773806,638.73633379747,-86.60696558856658,10,10,0.055097893650499684,3.6299028283849144,9.52229240724034,0.1962835790981541,0.0411043122210503
2020-05-26,False,98982.73370744816,99224.67930378034,-236.63536280656535,0.662147914997498,4.648085610616213,-241.94559633217906,-0.002384843815741613,-0.0024383610814347196,662.1479149974981,28282.216098940964,20984.83817202634,-279.5071524386023,42.87178963203692,10,10,0.05778771079481646,3.4609434644353474,9.52229240724034,0.1994868051864935,0.04588425868086681
2020-05-27,False,99409.23641793085,98982.73370744816,431.77343474134403,1.8780003089216486,3.392723949732239,426.5027104826902,0.004362108607926378,0.004308859681964887,1878.0003089216489,29418.09904762602,21162.23880241766,537.6486501737368,-105.87521543239279,10,10,0.06225916491039535,3.2123784552498265,9.52229240724034,0.19962995728568236,0.05853159040814103
2020-05-28,False,100351.75385456346,99409.23641793085,945.2600034405698,0.23644869818162897,2.506118109784477,942.5174366326037,0.009508774410725373,0.00948118575893817,236.44869818162897,30161.165230109204,21642.567719773695,1051.1343202385071,-105.87431679793727,10,10,0.06328748350996075,3.1601825338579346,9.52229240724034,0.20301628627866658,0.05385112975961139
2020-05-29,False,100251.82066006772,100351.75385456346,-96.26202279235544,0.017633428238353645,3.653538275140367,-99.93319449573416,-0.0009592460429925805,-0.0009958290777913467,17.633428238353645,31300.540438907297,22570.19429497591,-113.64007824519587,17.37805545284045,10,10,0.059407257065484845,3.3665920609588027,9.517990132649318,0.20773550410861893,0.02762763753715907
2020-05-30,False,101525.41939556433,100251.82066006772,1279.3696639877476,0.07625866344111921,5.694669827703068,1273.5987354966032,0.012761560394257715,0.012703996068212084,76.25866344111921,31093.26364176814,22397.673608742436,1546.6107197166928,-267.24105572894507,10,10,0.05684955457157619,3.5180574677712,9.51799013264932,0.20482596520039753,0.024971371406345606
2020-05-31,False,100748.83724512346,101525.41939556433,-765.6047463816282,2.6528105428474147,8.324593516384404,-776.58215044086,-0.007541015352999149,-0.0076491400386649285,2652.8105428474146,30254.304874366364,23164.670682054086,-932.966617700976,167.36187131934784,10,10,0.04841603358018271,4.130862964409842,9.517990132649318,0.21107681883061422,0.04648456268417051
2020-06-01,False,102344.78894235792,100748.83724512346,1602.03280745812,0.6803128352949296,5.400797388373496,1595.9516972344516,0.015901253565441652,0.01584089445470697,680.3128352949295,28473.66355005111,22549.230183110027,1779.938309470642,-177.90550201252202,10,10,0.046869773638702435,4.267142434732205,9.517990132649318,0.2076695704356427,0.04177715091929415
2020-06-02,False,101734.861280757,102344.78894235792,-572.648791472907,4.843641160617378,32.43522896738569,-609.92766160091,-0.005595290169540836,-0.005959538027328682,4843.641160617378,25707.718930907293,23065.116230921856,-603.5531669409839,30.90437546807695,10,10,0.041216733911905785,4.852398067917468,9.517990132649318,0.21124231933017576,0.03743486180334355
2020-06-03,False,102215.80009394453,101734.861280757,491.356410214286,0.9676042349909479,9.449992791766782,480.93881318752824,0.00482977421926485,0.004727374737950295,967.604234990948,24284.824639943417,22681.37270283952,498.22168849981085,-6.8652782855248855,10,10,0.039433735628407296,5.071799483686854,9.51799013264932,0.21075307401805535,0.03557089211624315
2020-06-04,False,102081.63175856702,102215.80009394453,-119.46182891770383,4.492607270362032,10.2138991894448,-134.16833537751066,-0.0011687217515091483,-0.0013125987885845357,4492.607270362032,29168.641873993947,19956.076280734353,-67.39860068155397,-52.06322823614985,10,10,0.044223459202460895,4.5224865627171615,9.517990132649318,0.18473604961678267,0.02654182163948418
2020-06-05,False,101634.66778479968,102081.63175856702,-409.30314107549555,22.025997170966356,15.634835520882834,-446.9639737673448,-0.004009566990891537,-0.004378495583068833,22025.99717096636,23382.288294918857,21503.96927995055,-404.2257104422349,-5.07743063326065,14,14,0.022640359597511695,8.833781952031414,13.08971069700641,0.20320882350118627,0.031071686509665575
2020-06-06,False,101755.39301621728,101634.66778479968,138.84176680717766,0.5372609856219256,17.579274403958223,120.72523141759753,0.0013660866890533845,0.0011878351555516475,537.2609856219256,23272.331548505776,21602.888303107597,129.83056013120267,9.011206675974988,14,14,0.022052859205548996,9.069118799329,13.089710697006408,0.19886523107174148,0.026805338504038947
2020-06-07,False,101710.32167053613,101755.39301621728,-33.61112065539729,0.4059402104585838,11.054284815288062,-45.07134568114394,-0.00033031291668285845,-0.0004429381514349877,405.9402104585838,23354.43941612625,21890.043169877375,-32.65491568644073,-0.9562049689565588,14,14,0.021731813916303525,9.2030973930785,13.08971069700641,0.20002305822703262,0.025975196206700763
2020-06-08,False,101931.17971564281,101710.32167053613,232.25659328302157,0.3155035328375536,11.08304464350984,220.85804510667415,0.002283510556926128,0.002171441811206593,315.5035328375536,23243.884232264718,21942.355188348116,236.95182698111222,-4.69523369809066,14,14,0.0215297521180466,9.289470631311016,13.08971069700641,0.19797259248504231,0.025737547869934308
2020-06-09,False,101566.25080420863,101931.17971564281,-348.4072631671256,0.3629349902621231,16.158713276785946,-364.9289114341737,-0.0034180636792302084,-0.0035801499840599814,362.9349902621231,23430.74287205491,22243.10075843663,-351.52199372697316,3.1147305598475383,14,14,0.02139902602580176,9.346219765275816,13.08971069700641,0.19923762549481475,0.02472922296516471
2020-06-10,False,101887.10940384169,101566.25080420863,337.6512906709156,0.334804157328589,16.457886880520583,320.8585996330665,0.0033244437792807084,0.0031591064659026577,334.804157328589,23341.40104350793,22222.876707637697,343.9672802115987,-6.315989540683061,14,14,0.02127505926126925,9.400678867395465,13.08971069700641,0.1951775565908785,0.026094961465691163
2020-06-11,False,99794.79553842443,101887.10940384169,-2074.13548870616,0.2988018634155091,17.879574847687255,-2092.3138654172626,-0.020357192395017085,-0.020535609241048615,298.80186341550905,23772.063426643355,22780.971609712164,-2116.9028359815175,42.76734727535763,14,14,0.021616868535091347,9.252033876938913,13.08971069700641,0.19924816689212646,0.02649178770630159
2020-06-12,False,100469.75573079332,99794.79553842443,694.6275887762874,11.87451375298411,7.79288265441855,674.9601923688848,0.006960559265927169,0.006763480888229306,11874.513752984109,21920.701614014775,21186.17366652429,704.2140341891798,-9.586445412892301,18,18,0.01701438446606741,11.754759650510392,16.873691236630414,0.20347919339143572,0.031935653788203996
2020-06-13,False,100647.05783581514,100469.75573079332,187.2025231168546,0.6122210575297844,9.288197037500655,177.30210502182416,0.001863272402278552,0.0017647311246272118,612.2210575297844,22098.44678199479,21302.306091594102,187.17346298413605,0.02906013271853311,18,18,0.01805072132357275,11.079889629608127,16.873691236630414,0.20394728327673195,0.032204502807177716
2020-06-14,False,99859.90678029864,100647.05783581514,-775.4937187255787,1.3516531865666612,10.305683604348378,-787.1510555164937,-0.0077050808578094385,-0.007820904777967458,1351.6531865666611,21742.75200190801,20879.372810761943,-781.4605999468879,5.966881221309161,17,17,0.02021131454720447,9.895447400657224,15.93766590324396,0.2005634436379568,0.02984037112794575
2020-06-15,False,99936.42313965312,99859.90678029864,85.60279920752805,1.6619563400357837,7.424483513013259,76.51635935447901,0.0008572289116578329,0.0007662370396842281,1661.9563400357838,21872.956291637467,20375.22364389555,78.11398307291554,7.488816134612506,17,17,0.02214145122755917,9.032831585630786,15.93766590324396,0.1985547320564097,0.02965453134036411
2020-06-16,False,100169.68919209806,99936.42313965312,239.87307620395737,1.7815714800805995,4.825452278942196,233.26605244493456,0.002400256769934161,0.0023341445002385565,1781.5714800805995,22990.989241908115,20370.39029915452,253.17083340054637,-13.297757196589007,17,17,0.024298724391809717,8.230884748312684,15.93766590324396,0.19656995060888396,0.03320634850065279
2020-06-17,False,100536.15543717108,100169.68919209806,378.25232238826425,1.405649432741933,10.380427882491832,366.46624507303045,0.003776115563889589,0.003658454448932635,1405.649432741933,23899.694552285022,20401.826117530803,380.4198825081444,-2.1675601198801404,17,17,0.026596934306786276,7.519663645932663,15.93766590324396,0.19748427282789247,0.03789810395303656
2020-06-18,False,100194.41192024092,100536.15543717108,-330.74726249735954,3.876038609001303,7.120215823797117,-341.74351693015797,-0.00328983400110278,-0.0033992101194254107,3876.038609001303,24029.26067932576,22769.086467654874,-340.62642916894004,9.879166671580455,16,16,0.025510786129357713,7.839821124518025,15.012633518059221,0.2144014776558233,0.030100141848165767
2020-06-19,False,99859.16428984143,100194.41192024092,-314.7926577763982,11.957663861220388,8.497308761868192,-335.24763039948675,-0.0031418185080719545,-0.0033459713368681515,11957.663861220388,23022.16296676981,21696.307064962428,-321.4402764268,6.64761865040181,19,19,0.020225824587688204,9.88834839009448,17.82007445034003,0.20814102477633592,0.03152082280813795
2020-06-20,False,100019.7309095536,99859.16428984143,170.71097227907498,2.102708894250308,8.041643672644296,160.5666197121804,0.001709517333667905,0.0016079307377952357,2102.708894250308,23290.641580882035,21804.58314483202,172.05139872692303,-1.3404264478480334,19,19,0.020144875795591103,9.928083053446867,17.82007445034003,0.20680415155354687,0.029995779609244492
2020-06-21,False,100132.10419579953,100019.7309095536,113.69136915223845,1.1628600372107973,0.15522286910508765,112.37328624592257,0.0011366894123625258,0.0011235111834837878,1162.8600372107974,23688.001454297984,22076.61330003786,105.96074969455712,7.730619457681324,19,19,0.02142990510455711,9.332752479499764,17.82007445034003,0.20931475934692795,0.033978209811638044
2020-06-22,False,101350.4839370639,100132.10419579953,1210.7372319987928,3.5168075954952362,-11.159316861063749,1218.3797412643612,0.012091399074479675,0.012167723339578749,3516.8075954952365,23788.827751520268,22130.524487895575,1238.953374522222,-28.216142523429152,18,18,0.0222392342222336,8.9931154104241,16.890988991428056,0.21099723056342798,0.032093068186293976
2020-06-23,False,102026.25770392742,101350.4839370639,684.2534361224989,4.360149673641326,4.119519585329404,675.7737668635282,0.0067513583511589655,0.006667691565075967,4360.1496736413255,25482.72300021128,23575.133416113786,682.2020433229325,2.05139279956633,19,19,0.02049191864211485,9.759945054093734,17.820074450340034,0.2180217197183643,0.034265187443363196
2020-06-24,False,101410.80969648094,102026.25770392742,-615.8114668191301,0.9730458717044359,-1.3365052443548935,-615.4480074464798,-0.0060358135315143,-0.006032251121397238,973.045871704436,25483.219794385906,23413.697604560693,-647.2732031138909,31.461736294760748,19,19,0.020033230737114372,9.983412192696006,17.82007445034003,0.21598105035269333,0.0315668945298031
2020-06-25,False,101559.63756770206,101410.80969648094,153.38806763400254,0.47921520658858807,4.0809812062897866,148.82787122112418,0.0015125415928843064,0.0014675740354165485,479.21520658858805,25283.700061565847,22588.94990953036,143.6395290371865,9.748538596816115,19,19,0.02071649806789389,9.654141319857382,17.820074450340034,0.2106766636921764,0.02867744318941822
2020-06-26,False,101486.13419441275,101559.63756770206,-90.10760909835831,10.120227714761473,-26.72446352381091,-73.50337328930887,-0.0008872383877728044,-0.000723745919635739,10120.227714761473,25385.910754489887,21643.322480224153,-99.45896478314182,9.351355684783517,20,20,0.019054825290282084,10.496029061048361,18.735860416831432,0.21255554903018625,0.032314890114319726
2020-06-27,False,100618.3594697628,101486.13419441275,-911.9398571925535,1.3124389583722815,-45.47757150098249,-867.7747246499432,-0.008985856683097105,-0.008550672774544583,1312.4389583722816,25727.036938088873,20974.244559895815,-1064.8454120223632,152.9055548298095,20,20,0.019917636691222155,10.04135194855429,18.735860416831432,0.20736286538345125,0.032040319890156495
2020-06-28,False,100684.47606331338,100618.3594697628,70.36305964461195,4.908482887538925,-0.6620167935185008,66.11659355059153,0.0006993063692889667,0.000657102678865088,4908.482887538926,28899.949420886365,19538.569189081863,186.02810874941605,-115.66504910480413,20,20,0.02248005788857447,8.896774242812354,18.735860416831432,0.20148080786766645,0.0400042157812229
2020-06-29,False,100764.97255210673,100684.47606331338,79.761418906013,3.813845344603062,-4.548915231939591,80.49648879334953,0.0007921918256381118,0.0007994925527817312,3813.8453446030617,33015.48792334365,19217.356483727548,201.2426095660883,-121.4811906600753,20,20,0.024454829807249733,8.178343565519691,18.735860416831432,0.20032013792752748,0.043644293429383516
2020-06-30,False,100629.54124586565,100764.97255210673,-129.87191960763298,2.2057325714278977,3.3536540620163438,-135.4313062410772,-0.0012888597725809402,-0.0013440315896582427,2205.7325714278977,35543.94429499771,19200.629336103528,-263.76966428980444,133.8977446821715,20,20,0.02564045050381177,7.80017496066489,18.735860416831436,0.20002690990753308,0.046292430382620556
2020-07-01,False,101740.82041379955,100629.54124586565,1111.4158527429568,3.13238427105428,-2.99569946199129,1111.2791679338939,0.011044628038474925,0.01104326974142447,3132.38427105428,38278.661157080016,18816.90143098228,1179.2219443787549,-67.80609163579803,20,20,0.02729387382500982,7.327651665801165,18.73586041683143,0.19928227407375718,0.0502031827033273
2020-07-02,False,101378.32437528565,101740.82041379955,-365.384392292311,1.874817619354097,-4.763171397767364,-362.49603851389776,-0.00359132539728127,-0.0035629360667582236,1874.8176193540971,41400.506812448664,18738.44264072928,-527.1411188497016,161.7567265573905,20,20,0.0284321550640721,7.034289154279665,18.735860416831432,0.2034233784542813,0.049766673679476854
2020-07-03,False,101809.91066397386,101378.32437528565,422.4134289022492,2.5360450188450536,-11.708904804812033,431.5862886882162,0.004166703597689632,0.004257185067397205,2536.0450188450536,43247.65398588662,17966.38074474951,404.26078489642356,18.152644005825657,20,20,0.029950716736519046,6.677636524008092,18.703431091932003,0.1989748896025023,0.055677479870501874
2020-07-04,False,103650.06468786267,101809.91066397386,1800.3685361293733,1.642288530521701,-41.42777628996356,1840.1540238888151,0.01768362750136904,0.018074409572583647,1642.288530521701,45276.050657298925,18037.439882671126,2019.7459031397,-219.37736701032657,20,20,0.030649102752610125,6.525476507887909,18.703431091932,0.20178038392306383,0.05286623035230259
2020-07-05,False,105047.25708144782,103650.06468786267,1362.140590620611,1.986446602823065,-37.0382495673598,1397.1923935851478,0.0131417244622339,0.013479898905926662,1986.446602823065,46742.06600470542,17994.37224530566,1276.677208747438,85.46338187317292,20,20,0.031085121968499652,6.433946123893982,18.703431091932003,0.20412144625351994,0.05553784339140967
2020-07-06,False,105678.39930730761,105047.25708144782,635.7223146350697,2.8821748788128274,1.6979138964633667,631.1422258597935,0.006051774527936182,0.006008174257900335,2882.1748788128275,46832.736975832624,18566.30445297088,1683.2851114140622,-1047.5627967789926,20,20,0.030849987018435204,6.4829848998148645,18.703431091932,0.21069321813135516,0.05842305945283077
2020-07-07,False,107288.6896053658,105678.39930730761,1632.8723849256214,3.306392136749217,19.27569473069031,1610.2902980581819,0.015451335330858943,0.015237648456195258,3306.392136749217,47406.076677337755,19471.433792599968,1837.3281086356465,-204.45572371002498,20,20,0.028383335584157433,7.046388166993061,18.703431091932003,0.21567138867190866,0.04349091120036828
2020-07-08,False,109386.24120627716,107288.6896053658,2133.336569915902,5.804259065454098,29.980709939079883,2097.551600911368,0.019884077042629927,0.019550537979601382,5804.259065454098,45545.533320462375,19999.06935514072,2921.792213905969,-788.4556439900667,20,20,0.02586620525812222,7.732096687711786,18.703431091932003,0.21011686304575444,0.036183297179287525
2020-07-09,False,108833.0008236061,109386.24120627716,-506.9355741792266,10.24643766639604,36.05837082544461,-553.2403826710672,-0.004634363230593721,-0.0050576779727514705,10246.43766639604,41099.703562404866,20273.531435180394,-655.0368812875607,148.1013071083341,20,20,0.021225552910026736,9.42260495393371,18.703431091932003,0.2032639820459937,0.02834601589077369
2020-07-10,False,108812.59036435973,108833.0008236061,3.7698730772622753,10.404076607432897,13.776255716198307,-20.41045924636893,3.46390621294399e-05,-0.00018753924905047606,10404.076607432897,37501.468407366614,20470.614541340754,-174.18595690183756,177.95582997909983,20,20,0.018815099932482864,10.629760177606867,18.572561727305903,0.2005726438273912,0.03204293741023093
2020-07-11,False,108957.55382082876,108812.59036435973,155.80542219448716,0.8423810955698599,9.999584629888368,144.96345646902893,0.0014318694341598855,0.001332230544127456,842.3810955698598,36306.94552491581,21005.04927795088,290.05786579702306,-134.2524436025359,20,20,0.01806842829999291,11.069031388860674,18.572561727305903,0.20211566076788423,0.03049145292543962
2020-07-12,False,109810.41416309419,108957.55382082876,875.2641095874054,1.9668487956661123,20.43691852630993,852.8603422654294,0.008033074154975076,0.007827454934128607,1966.8487956661122,34764.40703864926,21789.96228193369,884.3501801070638,-9.086070519658428,20,20,0.01736976950157956,11.514257571570685,18.572561727305903,0.20429751830440315,0.03252727786490694
2020-07-13,False,109679.98467432467,109810.41416309419,-83.310012556603,2.8018501934936344,44.31762601941495,-130.42948876951158,-0.0007586713263176306,-0.0011877697553876196,2801.8501934936344,33016.65167159919,22251.270540707614,-201.78207188571997,118.47205932911697,20,20,0.016674666748250414,11.994242704789587,18.572561727305903,0.20612879036493792,0.032678804151999565
2020-07-14,False,110320.20736950709,109679.98467432467,648.9558601706644,1.610182634368054,7.122982353888323,640.2226951824081,0.005916812097463581,0.0058371880437751355,1610.182634368054,32324.46967147856,22296.203044912945,657.7948730692137,-8.839012898549308,20,20,0.016187785759883607,12.35499425101349,18.572561727305903,0.20539894698828431,0.031591454432239374
2020-07-15,False,110590.41397076291,110320.20736950709,296.6633127763061,1.741620938122036,24.715090582360162,270.2066012558239,0.0026891112684610937,0.0024492938120646607,1741.620938122036,32174.93998048427,22666.133335046386,232.09417033162944,64.56914244467663,20,20,0.015762311847743248,12.688494044015174,18.572561727305903,0.20617023674014956,0.032548317367680386
2020-07-16,False,110174.48998960707,110590.41397076291,-401.81608303168645,1.0896646600606088,13.018233464086851,-415.9239811558339,-0.0036333717236822684,-0.0037609406296805516,1089.6646600606086,32041.82673784013,22776.94528482365,-514.4085966112158,112.59251357952928,20,20,0.01546540910943335,12.93208595936897,18.572561727305903,0.20589995722553153,0.0321174677212559
2020-07-17,False,110458.81711521483,110174.48998960707,309.13190941476773,9.093143039506288,15.711640767498794,284.32712560776264,0.0028058392595593463,0.0025806983597980227,9093.143039506287,28322.805526941054,23689.614618905543,301.3787614707694,7.753147943998336,20,20,0.012610305419079003,15.860044095157773,18.489147403531618,0.20378127701354065,0.027184704382890144
2020-07-18,False,110382.74711624217,110458.81711521483,-63.92717136226838,0.36584735909744226,11.776980251292125,-76.06999897265796,-0.0005787421324237856,-0.0006886729458030735,365.8473590974423,28479.3254112659,23882.020048654515,-39.17483647919869,-24.75233488306972,20,20,0.012581449885908242,15.896419078377326,18.48914740353162,0.20415029579393115,0.026245097704275324
2020-07-19,False,110296.47685605731,110382.74711624217,-71.07077529843409,0.5492810064702116,14.650203879950343,-86.27026018485464,-0.0006438576422055403,-0.0007815556546532124,549.2810064702117,28270.439114223638,23737.638169155765,-40.20726440346222,-30.863510894971885,20,20,0.012603133144503051,15.869069834212732,18.489147403531618,0.2030485202838279,0.025840091929860014
2020-07-20,False,108806.18410908892,110296.47685605731,-1460.1473097725202,0.33306050341572424,29.812376692463655,-1490.2927469683996,-0.01323838577072674,-0.01351169855509809,333.0605034157242,28082.433471248656,23604.803422097542,-1497.7483056146402,37.60099584211986,20,20,0.01259988388938597,15.873162146238364,18.489147403531618,0.201795525628299,0.024479553750410676
2020-07-21,False,109797.60123073729,108806.18410908892,1006.1414528669958,0.36361658077146014,14.360714637859603,991.4171216483647,0.009247098049668204,0.009111771814866436,363.6165807714601,26799.976645246406,22397.54858777953,1075.7089126626809,-69.56745979568515,20,20,0.01258272371354089,15.894809784686771,18.48914740353162,0.19417237363474996,0.024470854416908005
2020-07-22,False,110140.21146180182,109797.60123073729,360.93859770183855,0.3412913891776807,17.987075248121997,342.6102310645389,0.003287308590133348,0.003120379928378862,341.29138917768074,27603.961628527093,23172.113038051928,421.57945070467736,-60.64085300283884,20,20,0.012534123043116602,15.956441412934314,18.48914740353162,0.1986017699329876,0.02374475438546245
2020-07-23,False,110191.65069979608,110140.21146180182,83.31489871161904,0.346800629051728,31.52886008831401,51.439237994253304,0.0007564439690631411,0.00046703413141796225,346.800629051728,27739.381303182876,23522.41376393476,88.2187536060213,-4.9038548944022455,20,20,0.012439838212538877,16.077379511126416,18.48914740353162,0.2001590470943504,0.02333627153696429
2020-07-24,False,109496.44952085768,110191.65069979608,-666.5228874840318,1.0654029239590181,27.61288853040125,-695.2011789383921,-0.006048760348457737,-0.00630901864636173,1065.4029239590182,27422.68274342689,24030.48709816656,-700.4306142045078,33.907726720476134,22,22,0.011073727857440365,18.060765315414656,20.317883793539398,0.20116718908025022,0.024947588404005135
2020-07-25,False,110334.7145320619,109496.44952085768,872.8227028015876,0.753459998508941,33.80423159886313,838.2650112042156,0.00797124205050435,0.007655636460107656,753.459998508941,26988.53104604854,23845.63602731136,992.2779858553995,-119.45528305381194,22,22,0.010741843486608005,18.61877807560151,20.317883793539394,0.19931322110842797,0.02411500524303631
2020-07-26,False,109808.19336662043,110334.7145320619,-451.1168148691863,1.1680058308374814,74.23634474145382,-526.5211654414777,-0.004088620855026524,-0.004772035416727137,1168.0058308374814,26932.258484120277,24455.67853543963,-467.5401266931188,16.423311823932426,22,22,0.01063870074103699,18.799288077399698,20.317883793539398,0.20188269571624715,0.02431315234578364
2020-07-27,False,108919.7912100979,109808.19336662043,-843.7073619007521,0.3094922936612553,44.38530232812005,-888.4021565225333,-0.0076834645579117854,-0.008090490602612814,309.4922936612553,26224.913957204782,24161.0837128884,-762.7475620363932,-80.95979986435883,22,22,0.010558331422213272,18.942387011950355,20.317883793539398,0.19989659367635693,0.02212001416368856
2020-07-28,False,109344.08048036604,108919.7912100979,465.9249562168295,1.1115695274530153,40.524116421233856,424.2892702681427,0.004277688664662385,0.003895428604428017,1111.5695274530153,24754.113054647394,23579.574008746233,498.46368946510245,-32.53873324827291,22,22,0.010419626121723688,19.19454668176852,20.317883793539398,0.19636014875382019,0.02191472010799006
2020-07-29,False,108941.06474378105,109344.08048036604,-347.04678239787484,0.6351108294445341,55.33384335766188,-403.01573658498125,-0.0031738963908539246,-0.003685757242774082,635.1108294445341,24866.487143380153,24491.663931537107,-346.6848027409582,-0.3619796569166238,22,22,0.010257623059289242,19.49769443115588,20.317883793539398,0.20241700597191234,0.02257702518518978
2020-07-30,False,109312.28636989446,108941.06474378105,418.2659183328045,0.3283069439027905,46.715985275504124,371.2216261133976,0.0038393779179276967,0.003407545419043547,328.3069439027905,24472.92409304202,24472.92409304202,418.2659183328045,0.0,22,22,0.010159740757124558,19.6855416669711,20.317883793539398,0.19874848406085777,0.019870096063229366
2020-07-31,False,109722.71223081311,109312.28636989446,457.84465798630094,8.677197116895083,38.74159995076,410.42586091864587,0.0041884098594098685,0.0037546178435041927,8677.197116895084,24417.673282473275,24417.673282473275,457.84465798630094,0.0,24,24,0.00954626766153845,20.95059630538042,22.039976081941166,0.1980763923542437,0.023914891688782827
2020-08-01,False,111503.39390262518,109722.71223081311,1834.3815895641155,0.937374628309107,52.762543123736606,1780.68167181207,0.01671833982471472,0.016228925038475363,937.374628309107,25092.240673178956,25092.240673178956,1834.3815895641155,0.0,24,24,0.009402050098468591,21.27195642496907,22.039976081941166,0.1989437791950293,0.023995495516083057
2020-08-02,False,109826.83073015073,111503.39390262518,-1595.466303154591,1.4097723545917942,79.68709696526193,-1676.5631724744446,-0.01430867929049672,-0.015035983334628997,1409.7723545917943,25581.571662736,25581.571662736,-1595.466303154591,0.0,24,24,0.009294701018186493,21.517636727493404,22.039976081941166,0.20220656643400306,0.022518437454423296
2020-08-03,False,110486.50811286308,109826.83073015073,689.290839173154,0.12243685929769053,29.491019601499847,659.6773827123566,0.006276160703086948,0.00600652298101192,122.43685929769053,24087.930830706922,24087.930830706922,689.290839173154,0.0,24,24,0.00931793471612928,21.463983821844277,22.039976081941163,0.19552691541228695,0.019450755554375723
2020-08-04,False,111453.04129919609,110486.50811286308,1003.2159048699457,0.23496976994853058,36.44774876699323,966.533186333004,0.009079985620010278,0.008747974778474133,234.9697699485306,24552.73282167351,24552.73282167351,1003.2159048699457,0.0,24,24,0.009319319167824237,21.460795193120703,22.039976081941166,0.1980166927312877,0.018329489957269393
2020-08-05,False,111643.7354658751,111453.04129919609,239.91079238449288,0.550563468374416,48.666062237103986,190.69416667901447,0.002152572864660117,0.001710982172008167,550.5634683744161,25122.92254402358,25122.92254402358,239.91079238449288,0.0,24,24,0.009318396313947576,21.462920577937247,22.03997608194117,0.20134583600280542,0.021109843752414145
2020-08-06,False,112089.69571070638,111643.7354658751,508.2344276544569,0.2846094582778103,61.98957336490423,445.96024483127485,0.004552287914173234,0.003994494119802956,284.6094582778103,25083.725757337583,25083.725757337583,508.2344276544569,0.0,24,24,0.009324056586379189,21.44989127287847,22.039976081941166,0.20105036037307175,0.018416934319998336
2020-08-07,False,111390.93556612876,112089.69571070638,-643.4335237487884,0.23778822584869572,55.088832602991744,-698.7601445776288,-0.005740344994864056,-0.006233937385119388,237.78822584869573,25363.3322524747,25363.3322524747,-643.4335237487884,0.0,24,24,0.009354716922857604,21.37958867695011,21.97755879485106,0.2021636728680401,0.020116953343014266
2020-08-08,False,112845.54118517088,111390.93556612876,1483.2850528064093,0.13270961589795582,28.546724148395207,1454.6056190421161,0.013316030117422228,0.013058563622338638,132.70961589795584,24594.43830209061,24594.43830209061,1483.2850528064093,0.0,24,24,0.00936313163193001,21.360374697495764,21.97755879485106,0.19722367720205664,0.017950022890671942
2020-08-09,False,113477.79115222856,112845.54118517088,686.0014982472525,0.9120550872025218,52.8394761023666,632.2499670576834,0.006079119219443298,0.005602790862779502,912.0550872025219,25227.562740155296,25227.562740155296,686.0014982472525,0.0,24,24,0.009350153717068467,21.390022672558324,21.97755879485106,0.2017308564683835,0.02071332561619581
2020-08-10,False,114004.19998638002,113477.79115222856,607.2850673582719,0.8500226201476137,80.02621058666477,526.4088341514596,0.005351576385053259,0.00463887099675117,850.0226201476136,25070.072058679478,25070.072058679478,607.2850673582719,0.0,24,24,0.009330686680981557,21.434649649918445,21.977558794851056,0.20059517496254445,0.019038147184533175
2020-08-11,False,112229.03351684641,114004.19998638002,-1700.0558104480783,0.3875644132185082,74.72309467230544,-1775.1664695336024,-0.014912220871258975,-0.015571062028817183,387.5644132185082,25415.523276059685,25415.523276059685,-1700.0558104480783,0.0,24,24,0.009276652801499568,21.55950042322055,21.97755879485106,0.19718799875520127,0.01987605819386495
2020-08-12,False,113448.86204406257,112229.03351684641,1256.0157039408582,0.25972891957879946,35.92744780511945,1219.82852721616,0.01119153987682092,0.010869099456630843,259.7289195787995,23975.1963851904,23975.1963851904,1256.0157039408582,0.0,24,24,0.009284071444349378,21.542272827050166,21.97755879485106,0.19143291356306832,0.01858533356914756
2020-08-13,False,113564.81362675989,113448.86204406257,161.416955818179,0.7369993770554718,44.728373743803566,115.95158269731996,0.001422816878987169,0.0010220603416214555,736.9993770554718,24554.37774101261,24554.37774101261,161.416955818179,0.0,24,24,0.009277629657446947,21.557230390142212,21.977558794851056,0.19581757788370754,0.01950140417951882
2020-08-14,False,113959.15376491332,113564.81362675989,493.2185509495838,5.666461492269831,93.21195130387802,394.34013815343593,0.004343057811643906,0.003472379565113075,5666.461492269831,24802.74824771002,24802.74824771002,493.2185509495838,0.0,24,24,0.009306749336577972,21.48978045577605,21.880037920859554,0.19553148661905018,0.019552006655417977
2020-08-15,False,114138.68946787615,113959.15376491332,263.695036808638,0.1665401842370172,83.99279366157964,179.53570296282135,0.0023139434446188966,0.0015754390676960103,166.54018423701717,25163.335470846632,25163.335470846632,263.695036808638,0.0,24,24,0.009292571393799739,21.522568030356545,21.880037920859554,0.19828533116970445,0.017203028325652008
2020-08-16,False,115182.26747094317,114138.68946787615,1129.0864177746084,0.2916764810789447,85.21673822649993,1043.5780030670296,0.009892232187337188,0.00914306978582175,291.67648107894473,25171.338916539273,25171.338916539273,1129.0864177746084,0.0,24,24,0.009276207885023134,21.560534485531445,21.880037920859554,0.1979363592871972,0.017917537277350997
2020-08-17,False,115001.80673880942,115182.26747094317,-107.5075357166578,1.065873588196108,71.88732282889862,-180.46073213375251,-0.0009333688082132828,-0.0015667405764457365,1065.873588196108,25234.551746117773,25234.551746117773,-107.5075357166578,0.0,24,24,0.009262459027718287,21.59253815876452,21.880037920859554,0.19951727487176033,0.01635062711346131
2020-08-18,False,114501.4416335496,115001.80673880942,-425.3243586728723,0.20729137755558444,74.83345520938607,-500.36510525981396,-0.003698414579162772,-0.004350932558792198,207.29137755558446,25078.34397874002,25078.34397874002,-425.3243586728723,0.0,24,24,0.00924924591316576,21.623384422649174,21.880037920859554,0.1985827177765066,0.016378038383838577
2020-08-19,False,113149.35158004862,114501.4416335496,-1330.0595303550958,0.45524831923681724,21.575274826652585,-1352.090053500985,-0.0116160941851878,-0.011808498078375413,455.2483192368172,24378.624862257246,24378.624862257246,-1330.0595303550958,0.0,24,24,0.009250044380280879,21.621517884428464,21.880037920859554,0.19530196606572178,0.01664083727569606
2020-08-20,False,114862.16587480424,113149.35158004862,1738.4681874341659,0.2259594654240541,25.427933213116688,1712.8142947556253,0.015364367211634169,0.015137641275335793,225.9594654240541,23274.5247973262,23274.5247973262,1738.4681874341659,0.0,24,24,0.00927130058914666,21.571946468236362,21.880037920859554,0.19101042739466648,0.017049199378615324
2020-08-21,False,113328.36625269633,114862.16587480424,-1493.7911475945205,2.9222922420842887,37.08618227130337,-1533.7996221079081,-0.013005075572253276,-0.013353392828929382,2922.292242084289,24357.95133523875,24357.95133523875,-1493.7911475945205,0.0,24,24,0.0093423220956587,21.407953820489485,21.72821930571868,0.2002837886135142,0.015560952982897154
2020-08-22,False,114492.53623876433,113328.36625269633,1185.8271852007374,0.49230839845901503,21.164890734281364,1164.169986067997,0.0104636396377286,0.010272538328772552,492.30839845901505,22998.842894914014,22998.842894914014,1185.8271852007374,0.0,24,24,0.009373574353594883,21.336577964338385,21.72821930571868,0.19354383674630735,0.015274148767774703
2020-08-23,False,114856.81713909504,114492.53623876433,384.48549182146314,0.42248691690209506,19.782104573836282,364.28090033072476,0.0033581707983099595,0.003181699980608765,422.48691690209506,23762.183163212656,23762.183163212656,384.48549182146314,0.0,24,24,0.009394443727377294,21.289179626161353,21.72821930571868,0.19874178450844368,0.014588866813709954
2020-08-24,False,114943.73651109336,114856.81713909504,115.30374910103748,0.6870057905977658,27.697371312123646,86.91937199831607,0.0010038912097085294,0.0007567628475465596,687.0057905977658,23583.390634865696,23583.390634865696,115.30374910103748,0.0,24,24,0.009418950391904948,21.233788445460824,21.72821930571868,0.1971922859628082,0.014856233686616602
2020-08-25,False,113099.63311820211,114943.73651109336,-1820.879332704548,0.0,23.224060186704552,-1844.1033928912525,-0.01584148373781822,-0.01604353093840199,0.0,23698.694383966736,23698.694383966736,-1820.879332704548,0.0,24,24,0.009438114464237214,21.190673280964912,21.72821930571868,0.1975996071910892,0.010910614192178252
2020-08-26,False,113359.56913736287,113099.63311820211,278.194413181393,0.33107820948633504,17.927315811156973,259.93601916074965,0.0024597286968265214,0.002298292328579763,331.078209486335,22208.89326074852,22208.89326074852,278.194413181393,0.0,24,24,0.009510312572372885,21.029803014150428,21.72821930571868,0.19234908200786335,0.014789799318091646
2020-08-27,False,112259.56094627517,113359.56913736287,-1078.6312995332555,0.14325081886507224,21.233640735573022,-1100.0081910876936,-0.009515132315175171,-0.009703708292634425,143.25081886507223,22630.33849279499,22630.33849279499,-1078.6312995332555,0.0,24,24,0.009558987221745944,20.9227186270336,21.728219305718685,0.19394652023883382,0.014187254482531305
2020-08-28,False,112903.18118663444,112259.56094627517,660.8528538374412,2.555547849753226,14.677065628428341,643.6202403592597,0.0058868291330099725,0.0057333222661300216,2555.547849753226,22209.799283367982,22209.799283367982,660.8528538374412,0.0,24,24,0.009701244402685522,20.615911907614194,21.639496257870434,0.19200746596014814,0.015434106194640885
2020-08-29,False,113336.97467739723,112903.18118663444,452.71120418664333,0.06483419299008755,18.85287923085518,433.79349076279806,0.004009729393171745,0.0038421724366270635,64.83419299008756,22867.611800796334,22867.611800796334,452.71120418664333,0.0,24,24,0.009786553001165195,20.436204655120946,21.639496257870434,0.1967146282251972,0.013087238363900095
2020-08-30,False,113825.21248427237,113336.97467739723,511.0560524004866,0.1565166599807835,22.661728865358658,488.2378068751471,0.004509173231905637,0.004307842240053336,156.51665998078352,23296.5700625853,23296.5700625853,511.0560524004866,0.0,24,24,0.009862280274194267,20.27928576754423,21.63949625787043,0.19969970035751264,0.013952963049621622
2020-08-31,False,113604.0857551471,113825.21248427237,-190.1621352084991,0.013619937321944236,30.950973979448836,-221.1267291252699,-0.0016706503863085208,-0.0019426867237855915,13.619937321944235,23794.006177663843,23794.006177663843,-190.1621352084991,0.0,24,24,0.009895503147561126,20.2112006855652,21.63949625787043,0.20253018817139481,0.013683405982055537
2020-09-01,False,113963.95631644108,113604.0857551471,397.6828272618205,0.09157170982218384,37.72069425801368,359.8705612939846,0.0035006032099844835,0.003167760727106418,91.57170982218383,23569.570968665612,23569.570968665612,397.6828272618205,0.0,24,24,0.009952319477217265,20.095817910371316,21.63949625787043,0.2006648980633717,0.01537784122943357
2020-09-02,False,112309.93499789493,113963.95631644108,-1612.5382267332213,0.2699655138959166,41.21312629903089,-1654.021318546148,-0.014149545863919675,-0.014513547721645126,269.9655138959166,23833.586175992918,23833.586175992918,-1612.5382267332213,0.0,24,24,0.009978028535956468,20.04403968973301,21.63949625787043,0.20239647660658336,0.014962551831505185
2020-09-03,False,107683.99148969872,112309.93499789493,-4606.564430324958,0.39732624538070516,18.981751625873176,-4625.943508196213,-0.04101653545086017,-0.04118908543828218,397.32624538070513,22614.333049463356,22614.333049463356,-4606.564430324958,0.0,24,24,0.01011673805097876,19.769218002105994,21.639496257870434,0.19645612876443647,0.015004789546396034
2020-09-04,False,108654.01932652404,107683.99148969872,969.6047241333812,6.269375095377852,-6.692487787318154,970.0278368253214,0.009004167757155767,0.009008096964144539,6269.375095377853,19756.684923711688,19756.684923711688,969.6047241333812,0.0,24,24,0.010666902791599464,18.749584945829504,21.552763974288165,0.19719129282857048,0.016069671129214282
2020-09-05,False,106408.8144616059,108654.01932652404,-2240.5044270438966,1.126544824986694,3.573893049254073,-2245.204864918137,-0.020620538852877544,-0.020663799451089884,1126.544824986694,20517.148420484384,20517.148420484384,-2240.5044270438966,0.0,24,24,0.011221852661018035,17.822369090154872,21.552763974288165,0.20599153431114434,0.016579899737458152
2020-09-06,False,107537.18141590667,106408.8144616059,1133.3655987231082,1.9155869958114549,3.083057426526736,1128.36695430077,0.010651049957257495,0.01060407410805149,1915.586995811455,19146.67819387545,19024.558661328745,1134.884498381649,-1.5188996585410794,24,24,0.012337384641839628,16.21089119015892,21.552763974288165,0.1998219084491289,0.018062157354637027
2020-09-07,False,108035.17681890934,107537.18141590667,483.7863357846958,1.2252885195057668,-15.434355737486602,497.99540300267665,0.004498781997211015,0.0046309136658199065,1225.2885195057668,19769.85861701853,19532.946898949725,482.6362789008666,1.1500568838291627,24,24,0.01359747308279676,14.708615253891244,21.552763974288165,0.20451634474858912,0.020000975547064995
2020-09-08,False,108357.27268022885,108035.17681890934,314.92183208955254,1.8247704085571037,-8.99879963851261,322.095861319508,0.002914993443454354,0.0029813980113108096,1824.7704085571038,19921.0442546704,19354.11799115318,312.2739311476541,2.647900941898451,24,24,0.014665835505857011,13.637136453639286,21.552763974288165,0.20281727443669767,0.020046739981023586
2020-09-09,False,108609.96787718606,108357.27268022885,241.4300034525582,1.386680209481214,-12.651873714131902,252.69519695720888,0.002228092286569798,0.0023320557144598224,1386.6802094812142,20404.45490017152,19317.266201706832,243.42846175778277,-1.9984583052246074,24,24,0.015936548634369607,12.549768747837245,21.552763974288165,0.2033077254327179,0.023835008492151626
2020-09-10,False,109383.88138252734,108609.96787718606,769.0198483794578,1.5832597098438128,-6.476916671663357,773.9135053412774,0.007080564182184915,0.007125621344593372,1583.2597098438127,21361.759690509083,19109.427425288744,792.8990662714976,-23.879217892039705,24,24,0.01726364204299167,11.585040949177454,21.552763974288165,0.20174500654958777,0.026361980502135958
2020-09-11,False,109486.44497242567,109383.88138252734,94.30532153183488,2.5148735889866476,-10.77314195548567,102.5635898983339,0.0008621500749460417,0.0009376481123362031,2514.8735889866475,24411.946794872427,20840.311397457648,95.54864435879905,-1.243322826964164,24,24,0.02029076304648403,9.856701768278542,19.3121980766274,0.19775857566010135,0.0352835494576152
2020-09-12,False,110245.18506984843,109486.44497242567,750.0637939965984,1.5640384264470442,-10.240341852614383,758.7400974227658,0.006850745717294073,0.006929991174833155,1564.0384264470442,25417.190515746966,21013.76232865737,786.0861627831497,-36.02236878655138,24,24,0.021074168786321793,9.490291267374216,19.3121980766274,0.19953312950496868,0.03561999535381291
2020-09-13,False,108763.97074748017,110245.18506984843,-1492.949151770266,0.6744925186340255,-12.409321920634852,-1481.2143223682651,-0.013542080325996759,-0.01343563731540572,674.4925186340255,26376.092601715565,21472.63067458602,-1526.72158424602,33.77243247575399,24,24,0.02124983708117876,9.411836864252596,19.3121980766274,0.20366867160094587,0.03514679587801516
2020-09-14,False,108538.90438488276,108763.97074748017,-263.23461215989005,2.190222144977074,-40.358471707462044,-225.0663625974051,-0.002420237238037658,-0.0020693099107235327,2190.222144977074,26310.519855770584,20640.18406962709,-266.67784841799494,3.4432362581049247,24,24,0.022648622382058014,8.830559167185276,19.3121980766274,0.20102395228159198,0.04092505422757692
2020-09-15,False,107005.97927987651,108538.90438488276,-1553.412835192063,2.179492081379387,-22.66722226719025,-1532.9251050062521,-0.01431203718146635,-0.014123277857775734,2179.492081379387,26976.787755192243,20362.955333033435,-1661.4550869246195,108.04225173255637,24,24,0.024056809615640565,8.3136543538163,19.3121980766274,0.20017503574003317,0.043061028984030136
2020-09-16,False,107275.30624578067,107005.97927987651,225.0573309330141,4.118395838233554,-48.38803080937335,269.3269659041539,0.0021032220110277357,0.002516933798621881,4118.395838233554,27502.432351030056,19234.07858567575,195.65973614079547,29.39759479221862,24,24,0.026830908621917095,7.454089714897989,19.3121980766274,0.19673774835744376,0.04875398997658853
2020-09-17,False,107643.89862666444,107275.30624578067,371.19423838903106,3.5406342564508364,-0.9387767511840497,368.59238088376424,0.0034602020854508707,0.003435948064685778,3540.634256450836,29400.057174993653,18761.51523088062,396.37846676854616,-25.184228379515062,24,24,0.02974810148718087,6.723118115157182,19.3121980766274,0.19579176002349497,0.05509913907298685
2020-09-18,False,107919.6881846453,107643.89862666444,283.1405731031416,12.249657559726883,-4.898642437460565,275.7895579808753,0.002630344838077102,0.002562054714660433,12249.657559726884,29631.39609959487,21804.608239706056,180.0703624292444,103.07021067389717,24,24,0.022858092885164355,8.749636332513397,19.115941292737656,0.20596437031988502,0.036009439974544644
2020-09-19,False,107444.21050850824,107919.6881846453,-469.968018408019,1.0540266839263472,4.45563104511611,-475.47767613706145,-0.004354794072458093,-0.004405847386470784,1054.0266839263472,29200.263730353494,21579.616291812472,-538.3415944569363,68.37357604891722,24,24,0.024212505656895603,8.260194249785998,19.115941292737656,0.202827608477092,0.0325697041664894
2020-09-20,False,106749.08300613682,107444.21050850824,-693.3735348942217,1.8851053588806552,-0.13113788167966778,-695.1275023714227,-0.006453335471614966,-0.006469659920078963,1885.1053588806553,30022.491725378033,20643.809473134643,-856.4033068619405,163.02977196771886,24,24,0.025641947079774966,7.799719708405045,19.115941292737656,0.19623305028945565,0.03941832027297344
2020-09-21,False,104563.51874440756,106749.08300613682,-2182.836523073175,3.1231883173012593,-0.39544966121105407,-2185.5642617292656,-0.020448292965174114,-0.020473845771617743,3123.1883173012593,32062.471787252813,20086.880766796705,-2780.3199364555385,597.4834133823633,24,24,0.027916460016076516,7.164232137055491,19.115941292737652,0.1936376744504395,0.04642091190075351
2020-09-22,False,104573.97642285051,104563.51874440756,5.2901499316558045,7.387477440499677,-12.555005951791557,10.457678442947685,5.059269231926782e-05,0.0001000126867240397,7387.477440499677,36008.06069416157,18791.844996508447,553.5143785780044,-548.2242286463486,24,24,0.03336522547960414,5.994264900809923,19.115941292737652,0.19393585874739128,0.056938237509086734
2020-09-23,False,103997.12207112518,104573.97642285051,-586.9780907685235,4.238494810788644,-14.362233853979042,-576.8543517253331,-0.005613041703559651,-0.005516232350128788,4238.494810788644,41214.84924974672,19398.66575561711,-1299.9472351310828,712.9691443625593,24,24,0.03898447949408071,5.130246769881009,19.115941292737656,0.20425624031550557,0.0678235170271041
2020-09-24,False,106376.13655197243,103997.12207112518,2382.2375169155857,9.448597234792233,-6.22556116646518,2379.0144808472587,0.022906763855314555,0.0228757722662769,9448.597234792232,46056.45030906131,18805.250255352417,3382.634664311283,-1000.3971473956974,24,24,0.04281878189471711,4.670847491452707,19.115941292737656,0.2104128118601267,0.08349433640274032
2020-09-25,False,106976.41103601156,106376.13655197243,599.1341553015789,19.82774144084486,-20.96807017838471,600.2744840391186,0.005632223304226305,0.005642943083816934,19827.74144084486,45570.783492447896,21305.792311095913,946.3194876036197,-347.1853323020407,25,25,0.03388066233652328,5.903072319350748,19.524948105269758,0.2177238347712582,0.064558711826867
2020-09-26,False,107849.41426120301,106976.41103601156,846.4740062137514,0.7428514852437874,-27.272070462948953,873.0032251914565,0.007912716439223243,0.008160707736751205,742.8514852437875,46428.77402258979,21264.77087332768,841.6248043944765,4.849201819274825,25,25,0.03495796910272231,5.7211561521869205,19.524948105269758,0.21740610049037298,0.06515044856591899
2020-09-27,False,108537.38191294845,107849.41426120301,622.0821608335137,0.783603353263738,-66.66909426518096,687.967651745431,0.005768062488748232,0.006378965119636404,783.603353263738,46680.762209577544,21327.641526277694,549.9205017257035,72.16165910781021,25,25,0.03522397927534117,5.677950195139129,19.524948105269758,0.21691479707388792,0.060728758916543196
2020-09-28,False,108008.65822416134,108537.38191294845,-570.9372689688798,0.7932284406400824,-43.00680862241072,-528.7236887871092,-0.005260282300035536,-0.004871351044851697,793.2284406400823,47087.54983427447,21167.897618658215,-330.0277396434223,-240.9095293254574,25,25,0.036057324792531535,5.546723201201702,19.524948105269758,0.21594829990132228,0.06404808217496187
2020-09-29,False,109413.96822543634,108008.65822416134,1322.6749008478162,0.5933810979223566,-83.22848152512049,1405.3100012750144,0.012246008075600149,0.013011086558990779,593.3810979223566,46955.788340343555,20301.0113826916,1459.6263000246995,-136.95139917688363,25,25,0.03648044498483811,5.4823892658963835,19.52494810526976,0.21037583527381812,0.06400688473585606
2020-09-30,False,109210.45448686928,109413.96822543634,-344.09904799621563,0.8888599210091357,-141.47416935015735,-203.51373856706743,-0.0031449279610006884,-0.0018600343435835184,888.8599210091356,47727.48343134725,20781.060076498572,-291.2407225063715,-52.85832548984418,25,25,0.036184432712367404,5.527238787735435,19.524948105269758,0.21325986292212396,0.0627584999884719
2020-10-01,False,108533.6707962225,109210.45448686928,-773.3699919549477,0.358962059114075,-96.94526336729214,-676.7836906467697,-0.007081464824852757,-0.00619705955649275,358.96205911407503,47178.16661530195,20093.2308481681,-1137.0211016499497,363.65110969500216,25,25,0.035786561404253986,5.588690059957138,19.524948105269758,0.20604147923471744,0.05797930086028345
2020-10-02,False,108538.22803852642,108533.6707962225,-89.61026357979941,4.490820453921279,-98.65832633763794,4.557242303917263,-0.0008256448245268258,4.1989202709947204e-05,4490.820453921278,49224.1714498745,20080.341613595338,-608.7330460273122,519.1227824475128,24,24,0.036848078732832475,5.42769139878643,18.636143971995374,0.20434187142934523,0.060620108718864175
2020-10-03,False,110129.76165171353,108538.22803852642,1472.80237521065,2.080198881833838,-120.81143685829417,1591.5336131871104,0.013569434491669316,0.01466334619561123,2080.198881833838,49840.7051341821,19564.61791509912,1363.6454846024137,109.15689060823607,24,24,0.03810086596608458,5.249224523611344,18.636143971995374,0.20120244095707832,0.07289884309820863
2020-10-04,False,110650.12996837843,110129.76165171353,380.4486819059624,10.460783344434548,-150.38041810336642,520.3683166648943,0.003454549217214645,0.004725047152200005,10460.783344434549,41769.30235530733,23842.245425983296,431.6018670090092,-51.15318510304682,23,23,0.029838759360154073,6.70269154243306,17.82554555827035,0.21903136022131522,0.05144008463264947
2020-10-05,False,110399.97596581912,110650.12996837843,-368.34667081158113,0.6340792628473396,-118.82674751512144,-250.15400255930706,-0.003328931207914958,-0.002260765555637359,634.0792628473396,42754.897172324985,23588.61484504192,-346.67739100907227,-21.669279802508846,23,23,0.03023151168013223,6.6156136059659065,17.825545558270353,0.2164079816327351,0.05030244418902059
2020-10-06,False,109281.3673837632,110399.97596581912,-1200.9289677832012,0.5960451107780093,-82.91643083805965,-1118.6085820559197,-0.010877982148791591,-0.010132326318642058,596.0451107780093,43025.93417189643,22624.22306345233,-1663.2783128800152,462.34934509681386,23,23,0.03060083642906324,6.535769061856407,17.82554555827035,0.2097372603498601,0.048229084627514726
2020-10-07,False,109692.89254996086,109281.3673837632,358.46607262088474,2.4839592159884116,-55.54305279277017,411.5251661976665,0.003280212182576926,0.0037657395405066105,2483.9592159884114,43384.26572990801,21051.67477816131,678.2758639137587,-319.80979129287397,23,23,0.03182044918929985,6.28526639615299,17.82554555827035,0.20149455963802596,0.05370872770694908
2020-10-08,False,109738.4146225208,109692.89254996086,-3.645847243402457,0.46196061621240914,-49.62988041955664,45.522072559941776,-3.323685936845831e-05,0.00041499564376250026,461.96061621240915,44680.18215203856,21357.786155473503,106.590707699391,-110.23655494279346,23,23,0.031920854669073975,6.265496399561222,17.825545558270353,0.20410427583833274,0.05579547238589921
2020-10-09,False,110093.58940742063,109738.4146225208,337.5911811119662,4.718444883534158,-22.302048671398524,355.17478489983057,0.0030763263919313527,0.00323655837494613,4718.444883534158,49518.6601406327,20496.808321469205,796.3135703514868,-458.7223892395205,23,23,0.03752664967409727,5.329545849067624,17.759274948677106,0.20225707573824964,0.06887604085738054
2020-10-10,False,110854.50584341523,110093.58940742063,741.4520947270469,0.09057334335055692,-19.554914610905705,760.916435994602,0.0067347435824185314,0.006911541717281079,90.57334335055691,50864.26944357427,20924.972845931727,818.1308784173949,-76.67878369034813,23,23,0.03727378311243038,5.36570166212354,17.759274948677106,0.20468083766823264,0.06319587430096048
2020-10-11,False,110782.542412997,110854.50584341523,-99.84016222411589,0.2725513740202231,-28.149283179909872,-71.96343041822624,-0.0009006414440667176,-0.0006491700979649523,272.5513740202231,51920.485982152466,21711.21520678077,130.68580074411656,-230.52596296823242,23,23,0.03666334530529556,5.455039586120706,17.759274948677106,0.2089337139551917,0.061309009145049345
2020-10-12,False,111687.74524847454,110782.542412997,885.347991702263,0.10816404968690484,-19.963007824959828,905.2028354775359,0.00799176451829105,0.008170988097591607,108.16404968690483,52389.86179555172,21719.539094243562,1012.1789497648906,-126.83095806262753,23,23,0.035635109635847574,5.6124423930158915,17.759274948677106,0.20661982963083672,0.05746063771656187
2020-10-13,False,111639.8965437477,111687.74524847454,-104.09797985654411,1.925509132856303,-58.17478426255383,-47.84870472684659,-0.0009320447791738898,-0.000428414994146371,1925.509132856303,51984.47141429603,21834.642820386085,-15.116438391070474,-88.98154146547361,23,23,0.03427274886733825,5.83554008971247,17.759274948677106,0.20417812540145622,0.06167370378702367
2020-10-14,False,111744.2778482812,111639.8965437477,59.67686207362173,1.3620882440230395,-46.06653070389473,104.38130453349342,0.0005345478088134602,0.0009349820965893684,1362.0882440230396,51175.141291237764,21712.670946385948,-357.17684688304536,416.8537089566671,23,23,0.03331392591483586,6.003495370413038,17.759274948677106,0.20088276401164215,0.05815652452479008
2020-10-15,False,111515.74392402609,111744.2778482812,-267.0927422158123,2.3548644244223964,-40.91368238512881,-228.53392425510583,-0.0023902140436976352,-0.002045151023888612,2354.8644244223965,50337.811078941915,21783.541081179494,-395.6267710683393,128.534028852527,23,23,0.03166048898409423,6.317021828073379,17.759274948677106,0.20015013846784288,0.05303350692816873
2020-10-16,False,110602.18373935239,111515.74392402609,-928.4137640346357,5.436349416291242,-20.28992877723082,-913.5601846736962,-0.008325405286872761,-0.00819220813606454,5436.349416291242,51603.79334668044,20806.691494774164,-1301.2783079073586,372.8645438727227,24,24,0.03239795496187762,6.173229150893574,18.24855779687143,0.19071890819670004,0.05702147213022234
2020-10-17,False,110042.93185055252,110602.18373935239,-578.9299589679564,1.8517864125617678,-21.529856580649096,-559.251888799869,-0.005234344742525842,-0.005056427186987688,1851.786412561768,51078.08584687491,20594.338430126467,-260.2404010736742,-318.68955789428213,24,24,0.032903634735399,6.07835582932825,18.24855779687143,0.18970313436157143,0.0579321488310288
2020-10-18,False,110899.87405347971,110042.93185055252,840.6255276563841,1.5893185735761395,-17.90599384438586,856.9422029271938,0.007639068802692605,0.007787344343851114,1589.3185735761394,50206.23119522365,21127.033961586974,1003.3348186373856,-162.70929098100154,23,23,0.03293591686538403,6.0723981305102805,17.47827038439844,0.1905965168169757,0.054697719582808904
2020-10-19,False,110355.41972004689,110899.87405347971,-579.0660684960169,1.356208862639047,-35.9679439258392,-544.4543334328167,-0.005221521425865384,-0.0049094224685076035,1356.2088626390469,50480.54141098386,22539.214103207632,-658.8369375747343,79.77086907871733,22,22,0.03313745856371093,6.0354658645736174,16.770326529776955,0.19850687316752927,0.05174780355736685
2020-10-20,False,109733.45853394737,110355.41972004689,-623.8009205547926,0.565147098953722,-2.404881554231201,-621.9611860995151,-0.005652653237487297,-0.005635982244255206,565.147098953722,49465.190690023795,22231.111483049863,-1350.4453399557794,726.6444194009869,22,22,0.03322639713815896,6.019310464760243,16.770326529776955,0.19459939941465032,0.04826132575545332
2020-10-21,False,110737.23863663404,109733.45853394737,979.3133204583323,1.178408091354492,-25.645190319689306,1003.7801026866671,0.008924473296860228,0.009147438858642514,1178.4080913544922,48491.87069064038,21556.076602978614,1664.0006419971269,-684.6873215387945,22,22,0.03428558122835646,5.8333559716522085,16.770326529776955,0.18789597119562726,0.05757748103941697
2020-10-22,False,111528.91868625663,110737.23863663404,782.8771276822492,2.42060482352856,-11.223526763871366,791.680049622592,0.007069682586642162,0.0071491763689390826,2420.60482352856,48759.644478670874,23931.594750635883,1210.5486709908682,-427.671543308619,22,22,0.03228660732594312,6.194518921760319,16.770326529776955,0.20150371590084723,0.04787530640837659
2020-10-23,False,111303.56079481753,111528.91868625663,-216.66470476588285,10.148580181871287,-1.4553935086544074,-225.35789143909975,-0.001942677355057884,-0.0020206229388187364,10148.580181871288,42802.96288407517,25083.233453108547,-305.8327492973642,89.16804453148143,23,23,0.02720509826626753,7.351563226955383,17.395950207265003,0.1985531490930356,0.0434522746619208
2020-10-24,False,112214.34642270456,111303.56079481753,913.182511130752,0.8475218621339321,1.549361381580065,910.785627887038,0.00820443213684922,0.00818289748668531,847.5218621339321,42022.929875975766,25191.47677533126,971.7377776973409,-58.55526656658878,23,23,0.026670765885733375,7.498847271835686,17.395950207265,0.19731580464031076,0.04314149738262763
2020-10-25,False,111720.78806448788,112214.34642270456,-491.44524251655974,3.2449795789784184,-1.1318638788517719,-493.5583582166864,-0.004379522388922676,-0.004398353454356739,3244.9795789784184,40920.853248220345,25146.05370332172,-624.8770894585227,133.43184694196304,23,23,0.02494193792142145,8.01862311702049,17.395950207265006,0.1925651451098892,0.04154275864081077
2020-10-26,False,111392.67711008491,111720.78806448788,-325.5765068794105,3.820708800839099,-1.286261277294158,-328.11095440295543,-0.002914198087212561,-0.0029368836372113847,3820.708800839099,39242.785664217285,25829.27540618996,-558.2235176101611,232.64701073075054,22,22,0.02449924689618095,8.16351624388817,16.61136778916624,0.19774157369675407,0.03918985857007662
2020-10-27,False,111758.84233243242,111392.67711008491,360.9941927753604,0.5703815943344684,-5.741411166491119,366.165222347517,0.0032407354068580674,0.00328715703623543,570.3815943344684,38783.0996047725,25506.775399916973,350.03352088229167,10.96067189306871,22,22,0.024906504087741473,8.030031002963453,16.611367789166245,0.19472099348489305,0.03290932752597234
2020-10-28,False,110812.40092109502,111758.84233243242,-947.881735541147,0.3340100159389823,-1.7743342196821834,-946.4414113374038,-0.008481492074887676,-0.008468604287454636,334.0100159389823,39366.59673176338,25980.19419079096,-1248.812440337559,300.9307047964121,22,22,0.025167061343417205,7.946895240207009,16.611367789166245,0.19674493219369427,0.03235587614119959
2020-10-29,False,110303.00441885024,110812.40092109502,-518.0096194327903,1.9267792713020204,-10.539896459317545,-509.39650224477475,-0.004674653875622131,-0.004596926860266254,1926.7792713020203,38922.19820063052,25788.973234553087,-720.2543755612787,202.2447561284884,22,22,0.02474748316685769,8.081629903595363,16.61136778916624,0.19687070200687504,0.03113917267254425
2020-10-30,False,110130.70649004471,110303.00441885024,-173.01490381076812,14.664345461082053,-15.381320466329377,-172.2979288055208,-0.0015685420784531299,-0.0015620420288033055,14664.345461082054,49286.392809879515,22653.863802697644,-615.7876925845005,442.7727887737324,24,24,0.029509456152350032,6.7774885096983635,17.8314885346569,0.1916697598492222,0.052460996430007706
2020-10-31,False,110315.3662570452,110130.70649004471,189.39707702389984,3.0239208861152074,1.713389137300088,184.65976700048455,0.0017197481343772221,0.0016767327922042967,3023.9208861152074,50140.94349952262,22292.312783805544,138.10054872356,51.29652830033983,24,24,0.03045153412665302,6.567813600725881,17.8314885346569,0.1922789484608659,0.0538078668459184
2020-11-01,False,110205.6180715234,110315.3662570452,-106.04312881420807,2.3895173177090503,1.3155393898892687,-109.74818552180639,-0.0009612725081936237,-0.0009948585518547142,2389.51731770905,51879.425324310854,22916.701036696657,252.50760226113738,-358.5507310753454,24,24,0.03107029035791899,6.437017411040233,17.8314885346569,0.19308267958147873,0.05554603958253335
2020-11-02,False,109410.59857630583,110205.6180715234,-793.4781032427691,0.781281603183243,0.7601103716197102,-795.0194952175721,-0.007199978704604716,-0.007213965214564695,781.2816031832431,53123.55160033441,22810.87910760774,-1378.064618330876,584.586515088107,24,24,0.03146077341424992,6.357122800719562,17.8314885346569,0.19428801906566392,0.058742450478723264
2020-11-03,False,109426.32482341184,109410.59857630583,14.631212836060854,7.888348845690177,-8.983383115642273,15.726247106012949,0.0001337275641157987,0.0001437360485240838,7888.348845690178,59049.249312605614,23154.374302032506,-514.6653147137516,529.2965275498125,24,24,0.032494343429948024,6.154917406814639,17.8314885346569,0.1935622498130688,0.07872554184472413
2020-11-04,False,109239.21499584007,109426.32482341184,-204.74200745891233,4.394049020516952,-22.026228907656716,-187.10982757177254,-0.0018710489252866476,-0.0017099160359604828,4394.049020516952,62188.38923243704,22895.156681820856,-53.213490981624176,-151.52851647728815,24,24,0.03346763501088949,5.975922706666463,17.8314885346569,0.19373123336838596,0.08529527958595426
2020-11-05,False,110545.91167617534,109239.21499584007,1304.6901306312104,3.9279989411566394,-5.934548645213897,1306.6966803352677,0.011943422796299792,0.011961791197282294,3927.9989411566394,62767.286585449176,25149.938409673723,1814.1220546141265,-509.4319239829159,23,23,0.030157809583386257,6.631781378120337,17.134609376685297,0.1963781905757183,0.07662326987166004
2020-11-06,False,111496.03610334168,110545.91167617534,974.8048668957802,6.272648063421934,18.407791666017463,950.1244271663408,0.008818099666600953,0.008594840033067545,6272.648063421933,71363.48862746815,24319.455868076926,2905.2030127215044,-1930.398145825724,24,24,0.034866567985357595,5.736153902041379,17.483685287049756,0.19418153330596505,0.08796356424779035
2020-11-07,False,110074.76091420255,111496.03610334168,-1386.115033658155,0.897266455172795,34.26288902580484,-1421.2751891391326,-0.012431966929958072,-0.01274731585813332,897.266455172795,75308.6886073488,25553.2407038605,-2550.392840273362,1164.277806615207,24,24,0.03415189635990829,5.856190177327449,17.483685287049756,0.20312588731038006,0.06431860310594205
2020-11-08,False,110652.93110647654,110074.76091420255,583.9963305950573,0.07815227390141956,5.74798604717398,578.1701922739819,0.005305451728850464,0.005252522807881772,78.15227390141956,71672.17023436166,24245.27794410377,1593.1624728296251,-1009.1661422345679,24,24,0.034142126825516615,5.85786588580437,17.483685287049756,0.1947500890864756,0.0593737684029177
2020-11-09,False,110178.8043333379,110652.93110647654,-458.7806173409689,0.8450982427153338,14.501057554944435,-474.12677313862866,-0.004146122590277379,-0.004284809886169187,845.0982427153339,73479.14181484011,25674.372517414165,-770.3813832905519,311.60076594958304,24,24,0.03369163720115851,5.936191192071927,17.483685287049756,0.19766030113289654,0.05536850519998255
2020-11-10,False,109093.40648536981,110178.8043333379,-1057.1594704359936,0.2932070086621824,27.945170523445398,-1085.3978479681011,-0.009594944116816108,-0.00985124003237782,293.2070086621824,72237.05128348661,25508.798908735374,156.3272438823559,-1213.4867143183496,24,24,0.03346250401720809,5.9768390284585395,17.483685287049756,0.19610698373434055,0.06021005733721019
2020-11-11,False,108494.52059429162,109093.40648536981,-566.6152618574599,2.077951703786349,30.192677516934378,-598.8858910781806,-0.005193854331915532,-0.005489661661252602,2077.951703786349,71589.40392914585,26291.880566415162,-482.08125517697977,-84.5340066804801,24,24,0.03303012985658479,6.055077617568876,17.483685287049756,0.1987093843551829,0.06123029865661704
2020-11-12,False,108222.56844484844,108494.52059429162,-250.7257236229905,1.6579584692409692,19.568467350949234,-271.9521494431807,-0.002310952868860202,-0.00250659801023619,1657.958469240969,69857.10899006116,27151.49066066901,-309.15437770880044,58.42865408580988,24,24,0.03243073775975172,6.166988906685025,17.483685287049756,0.19726532627517826,0.05977074268642387
2020-11-13,False,108079.06300257938,108222.56844484844,-126.31763160055357,0.9103939459414673,16.277416722558193,-143.50544226905322,-0.0011672023073905015,-0.0013260214050656667,910.3939459414673,68659.71118102741,27811.15888298748,1392.8733907724295,-1519.191022372983,24,24,0.03195294915655528,6.25920314960878,17.489353913403807,0.19446637424050553,0.05591234949469028
2020-11-14,False,107286.97592619434,108079.06300257938,-776.2668822327332,5.049922136879212,10.770272015428366,-792.0870763850409,-0.00718239833569067,-0.007328774458066288,5049.922136879212,66565.87131222466,29922.52982960316,-804.6945072406347,28.42762500790147,24,24,0.030708305313910323,6.512896037587705,17.489353913403807,0.20189611882147734,0.05878489387951439
2020-11-15,False,107192.3770514314,107286.97592619434,-90.43827886845547,1.8570830321544443,2.303512862337568,-94.59887476294749,-0.0008429567343819109,-0.000881736799329908,1857.0830321544443,63983.93719963011,30759.39177633048,-470.98784317141497,380.5495643029595,24,24,0.029848767775190677,6.7004441022933445,17.489353913403807,0.1970484396754961,0.05139242694532878
2020-11-16,False,107797.21402208293,107192.3770514314,615.9944819648229,1.2269373154673624,9.930573997819693,604.8369706515358,0.005746625822741722,0.005642537158788188,1226.9373154673624,62018.52747248286,31730.546905707346,1086.5084957095746,-470.5140137447519,24,24,0.029335214115899885,6.817744680840719,17.489353913403807,0.19817561407383266,0.049989144341486894
2020-11-17,False,109154.33916648163,107797.21402208293,1381.0050814714723,2.7873138194032645,21.09262325336482,1357.1251443987044,0.012811138896303616,0.012589612419117704,2787.3138194032645,60914.20612394137,33528.01476385164,1903.7836658366637,-522.7785843651915,24,24,0.028193065718968287,7.093942957237179,17.489353913403807,0.20157127665816432,0.05199561146407873
2020-11-18,False,108794.02443541656,109154.33916648163,-318.0912820761313,4.614158291519303,37.60929069742214,-360.3147310650727,-0.00291414234656288,-0.003300965713470378,4614.158291519302,59382.15685914549,34512.06211994624,-687.0830583734987,368.9917762973674,24,24,0.027219734824336178,7.347610154570178,17.48935391340381,0.20284064286833992,0.05687292576787917
2020-11-19,False,108516.10566976113,108794.02443541656,-258.9047616695764,1.088713515835704,17.925290470018663,-277.9187656554307,-0.002379770056426859,-0.0025545407213096684,1088.713515835704,57427.065651359815,34445.447804735944,-329.56323300565623,70.65847133607986,24,24,0.026644337954376814,7.506285213108341,17.489353913403807,0.2009111696332753,0.05636295164335965
2020-11-20,False,109492.29344458555,108516.10566976113,991.4786680002459,13.760338236973332,1.530554938852795,976.1877748244198,0.009136695994394952,0.008995787019810481,13760.338236973332,61677.660559111,30973.25175361403,1516.294803602285,-524.8161356020389,25,25,0.029384794918812535,6.806241137723829,17.821694846230773,0.1856563822753908,0.06115776140447352
2020-11-21,False,112665.51452651608,109492.29344458555,3224.6991780015874,1.8023580252204494,49.67573804583772,3173.221081930529,0.029451380335124858,0.0289812276471906,1802.3580252204495,63065.40134464654,33488.60176375161,5305.269106440916,-2080.5699284393286,25,25,0.02826834607638418,7.075051347524118,17.821694846230773,0.18795701691405373,0.062236017979432595
2020-11-22,False,111412.2289641126,112665.51452651608,-1183.876331196724,15.062795119586108,54.346436087171725,-1253.285562403482,-0.010507885542191316,-0.011123950107275446,15062.795119586108,58292.170943489415,35333.56857153394,-2043.9026354346581,860.026304237934,25,25,0.025439586706209893,7.861762940951368,17.82169484623077,0.19985460631104388,0.06152811474156291
2020-11-23,False,113327.87641347184,111412.2289641126,2026.5314793813477,2.5450327376148487,108.33899728449025,1915.6474493592427,0.01818948869638109,0.01719422963861803,2545.032737614849,55325.78509926251,35053.04423987026,3137.5381148600777,-1111.00663547873,25,25,0.02410230822139633,8.297960434447274,17.821694846230773,0.19950652123220874,0.05837962440185092
2020-11-24,False,116169.85329079619,113327.87641347184,2963.7082826063843,8.967423775802905,112.76398150622302,2841.976877324358,0.026151626381786447,0.02507747402726871,8967.423775802905,53258.18072475176,36311.45584536088,3335.6170146735876,-371.90873206720306,25,25,0.02197581552889824,9.100913671986353,17.82169484623077,0.20073671277524865,0.05804086581280104
2020-11-25,False,114160.38192250072,116169.85329079619,-1921.7302262015228,9.189926243484026,78.55121585047115,-2009.471368295478,-0.016542417604600488,-0.017297700835219035,9189.926243484026,50118.14198307432,36753.134393203916,-2111.6649724169947,189.93474621547202,25,25,0.02001916364786779,9.990427348412315,17.821694846230773,0.20314345376611803,0.05303746829023695
2020-11-26,False,110415.46894354337,114160.38192250072,-3741.6163274133314,2.961700342866527,0.334951201146529,-3744.9129789573444,-0.032775085930891304,-0.03280396330050497,2961.7003428665275,46054.20251745878,35423.63037300034,-4536.813284977134,795.1969575638021,25,25,0.018837727381238387,10.616991951969318,17.821694846230773,0.20217896732352816,0.04914998840750291
2020-11-27,False,110125.07579039442,110415.46894354337,-291.4588565382939,12.89630723354529,-13.962010622892095,-290.39315314894714,-0.0026396560131200456,-0.0026300042550870145,12896.30723354529,43030.86646677206,32087.142288443727,-285.8559629156555,-5.602893622638436,32,32,0.015344200504061125,13.03424052279989,23.69491218489332,0.20432154249774895,0.03919340545709172
2020-11-28,False,111665.46340221289,110125.07579039442,1542.0205670713715,0.9064605009848241,0.7264947519093234,1540.3876118184774,0.014002447271921634,0.013987619084597593,906.4605009848242,42756.46044692785,31647.839563110225,1637.5687249590003,-95.54815788762875,32,32,0.015569310929440553,12.84578366418343,23.69491218489332,0.20145685569884958,0.03663176841532657
2020-11-29,False,112698.18656338072,111665.46340221289,1026.368172095224,0.5882211935890129,-6.943210266197871,1032.7231611678328,0.009191455807587545,0.009248366770735733,588.221193589013,44042.61704722195,32833.75192977189,1044.7495404923682,-18.381368397143888,32,32,0.015485067381706312,12.915668693587683,23.69491218489332,0.20461542552097647,0.03358682431482272
2020-11-30,False,114219.81505292958,112698.18656338072,1529.4562956102486,1.1497992121741074,6.67800684920671,1521.628489548868,0.013571259150209063,0.013501801013391764,1149.7992121741074,44120.87871946002,33467.483234126055,1731.4056417287215,-201.94934611847307,32,32,0.015328646090193255,13.047466737975848,23.69491218489332,0.20640377329302106,0.03693168086796782
2020-12-01,False,112282.78847944525,114219.81505292958,-1912.4975381142133,2.3942959523462006,22.134739417760795,-1937.0265734843204,-0.016744008359915134,-0.016958761249847062,2394.2959523462005,43798.90499845793,34031.047765924086,-2159.179946533007,246.68240841879333,32,32,0.014910462501321923,13.413400153232573,23.69491218489332,0.20774567802104293,0.041362756655232785
2020-12-02,False,113337.89304145702,112282.78847944525,1057.2765154327135,4.656019795195574,-2.4840663742471865,1055.1045620117652,0.009416193966595878,0.009396850365939345,4656.019795195574,45252.17963304599,30448.464103206574,1473.4597190700601,-416.18320363734676,32,32,0.016205160942888038,12.341747218979275,23.69491218489332,0.1924774536691535,0.035839598997304774
2020-12-03,False,114087.74596418592,113337.89304145702,769.3665932707911,1.2071673929255684,18.30650314897612,749.8529227288893,0.00678825565417358,0.006616083135184155,1207.1673929255683,46087.70339373026,31572.476221921774,1201.9772457942215,-432.6106525234303,32,32,0.01582483460074825,12.63836274096308,23.69491218489332,0.19759380531020027,0.03473465013059214
2020-12-04,False,112458.96572776126,114087.74596418592,-1617.287502649625,15.475766246501665,-3.98303247146114,-1628.7802364246654,-0.014175821329289115,-0.014276557246875288,15475.766246501664,51450.48087438673,29386.441120830415,-2384.8571598440053,767.5696571943804,35,36,0.016849812264494522,11.869568447444053,26.686916765481683,0.18578785291563593,0.047583018306354564
2020-12-05,False,113710.75246174478,112458.96572776126,1256.5164740048244,1.6166478609758363,3.1130921603308677,1251.7867339835177,0.0111731107064116,0.011131053232463666,1616.6478609758365,49316.32501576761,28243.128203586,2112.6060702093123,-856.0895962044879,36,36,0.016862012572166907,11.860980363051548,26.686916765481683,0.18391037956783968,0.04115401131255755
2020-12-06,False,113590.87408995433,113710.75246174478,-113.13517696122365,3.092450174173866,3.6507446550479656,-119.87837179044547,-0.00099493824912719,-0.0010542395437122417,3092.450174173866,49237.71601269688,30665.403047557782,-289.74302363586776,176.60784667464412,36,36,0.01607522261264809,12.44150733207506,26.686916765481683,0.19538845553787215,0.041456513322777194
2020-12-07,False,112959.54972728755,113590.87408995433,-623.294230520593,1.9972346926481448,6.032897453546861,-631.324362666788,-0.005487185792997744,-0.005557879255043259,1997.2346926481448,46919.309786964,30999.082233238478,-521.5004891839415,-101.79374133665156,36,36,0.015547466089685406,12.863832527197806,26.686916765481683,0.19597648578670052,0.041492751634868666
2020-12-08,False,111771.27915323875,112959.54972728755,-1183.2147199236733,2.7299615366141534,2.3258925885107744,-1188.2705740487982,-0.010474676313602948,-0.010519434407427959,2729.9615366141534,44641.1171599244,31305.650859029225,-1625.4218119168077,442.20709199313393,36,36,0.014880646211774732,13.440276527893282,26.686916765481687,0.19851277764019426,0.04013710969673988
2020-12-09,False,112272.98534995057,111771.27915323875,503.89185706087125,2.0220703027751004,0.16359004627251883,501.7061967118236,0.004508240944169871,0.00448868618586697,2022.0703027751001,43291.418359835145,30781.056500955274,517.380608547802,-13.488751486930706,36,36,0.014638501428031726,13.662600709729325,26.686916765481687,0.19973219285240282,0.033342034726414636
2020-12-10,False,111118.18420991096,112272.98534995057,-1154.8115048855882,1.605718933584931,-1.6160837795686676,-1154.8011400396044,-0.010285746845388365,-0.010285654527134322,1605.718933584931,44366.67385443756,31829.334492583825,-1279.1032908650127,124.2917859794245,36,36,0.014324377054560468,13.962212753700573,26.686916765481687,0.2055035312443223,0.03497456833262746
2020-12-11,False,110718.83422040558,111118.18420991096,-386.98651738989963,16.593177097404954,-4.229704981923166,-399.3499895053814,-0.0034826569579183525,-0.003593921124115725,16593.177097404954,42808.86859875177,29136.009984793684,-640.8804453811573,253.89392799125756,37,37,0.015140366822420424,13.209719575871338,27.172388844604257,0.2037722742184095,0.04126424941610564
2020-12-12,False,111463.65131926967,110718.83422040558,736.2285809233931,2.8525354814877057,-11.44105342218213,744.8170988640875,0.006649533352724784,0.006727103876305238,2852.5354814877055,44321.510818840245,28817.788196231726,1269.54096621081,-533.312385287417,37,37,0.01581136023296166,12.649133095017568,27.172388844604257,0.2030185573625566,0.039592045875682415
2020-12-13,False,112686.54678924821,111463.65131926967,1227.3161947025221,0.7937395992885284,3.62698512469953,1222.895469978534,0.011010909656880633,0.010971248972238914,793.7395992885284,46131.4864882608,29478.389155670295,1189.524687259115,37.79150744340739,37,37,0.01599978743998017,12.500166064721665,27.17238884460425,0.20662264741913564,0.03608836688132873
2020-12-14,False,113016.65238844312,112686.54678924821,326.39198744956707,0.5897997560252317,-4.30341150136721,330.1055991949091,0.002896459220282977,0.002929414456299636,589.7997560252318,47319.18460204575,30582.128556522017,372.2916651668464,-45.89967771727933,37,37,0.015979280341933622,12.51620822216568,27.172388844604257,0.21159997657990898,0.03451580938633043
2020-12-15,False,112070.5138266278,113016.65238844312,-943.0079472495459,0.24894278321536772,2.8816717825671803,-946.1385618153284,-0.008343973452765056,-0.008371673924329392,248.9427832153677,47650.412965578784,30781.361849530273,-383.093051073707,-559.9148961758387,37,37,0.0158799796166025,12.594474604419533,27.172388844604253,0.2117148398793578,0.03458566062545895
2020-12-16,False,114874.36002103717,112070.5138266278,2794.3462952462432,1.1334147790962406,-10.633313942232274,2803.846194409379,0.02493382246439126,0.02501858962426912,1133.4147790962406,47184.82141180959,30413.111841820926,2910.8904542512164,-116.54415900497321,37,37,0.015802957661321834,12.655858750384771,27.172388844604257,0.2095441236187174,0.03602459295917585
2020-12-17,False,114877.62824607361,114874.36002103717,28.12779222431334,2.4783187143823846,22.38124847348476,3.268225036446193,0.00024485700916342205,2.8450430851999318e-05,2478.3187143823843,47767.90694862404,30976.46323992475,-130.9160153278483,159.04380755216158,37,37,0.015340338996419386,13.037521533695072,27.172388844604257,0.211039414827594,0.03619507370418865
2020-12-18,False,115300.8068484533,114877.62824607361,435.7615269203775,2.3616832311967353,10.221241309489649,423.17860237969114,0.0037932670927620002,0.0036837338030101165,2361.6832311967355,46457.95221434997,30050.124313906785,580.1056743413516,-144.3441474209742,39,39,0.014327223854534579,13.959438480937802,28.609473944709187,0.20701013177152341,0.03897967308989868
2020-12-19,False,115270.37530524188,115300.8068484533,-22.95098690445092,2.2060242973451967,5.274532009620967,-30.431543211417083,-0.0001990531335536686,-0.00026393174552035066,2206.0242973451964,45101.958721941104,29724.287755664103,-6.841177484609709,-16.109809419841213,39,39,0.013909996896997024,14.378148426702902,28.609473944709187,0.2046958219574425,0.03814012365034253
2020-12-20,False,114933.92863064741,115270.37530524188,-325.22754850565417,1.6466152707387414,9.572510818080518,-336.4466745944734,-0.002821432199248375,-0.002918760988706294,1646.6152707387414,43997.90079390589,29747.00604511368,-489.3418841502004,164.11433564454632,39,39,0.01352739126636119,14.784816677650454,28.60947394470919,0.20339301331462026,0.040062693308857894
2020-12-21,False,113794.22697176029,114933.92863064741,-1149.4420095467156,0.39636559113681347,-10.136716250735105,-1139.7016588871172,-0.01000089375906197,-0.009916146367446218,396.36559113681346,43287.32630092705,29425.322690976867,-1567.7515100744006,418.3095005276849,39,39,0.013570487699425995,14.737863843202895,28.60947394470919,0.20110698780753955,0.03915552808445453
2020-12-22,False,115687.98905164214,113794.22697176029,1881.8224527716945,1.7076986151751452,-13.64732572533411,1893.7620798818537,0.016537064338410564,0.016641987298282,1707.6986151751453,42330.551590043164,28677.377551021254,1808.0759943760002,73.746458395694,39,39,0.014162559506373086,14.121741194450124,28.609473944709187,0.19968430873748735,0.03285794025425993
2020-12-23,False,113694.1970803037,115687.98905164214,-2025.4335667392072,2.9973477563412847,-34.638943157103476,-1993.791971338445,-0.017507725593147536,-0.017234217550868076,2997.3477563412844,44944.04659578087,28922.741663161327,-3886.420220849103,1860.986654109896,39,39,0.014784745300327957,13.527456573469925,28.609473944709187,0.2025857640647618,0.03443964418516468
2020-12-24,False,115909.62136936458,113694.1970803037,2186.628181671931,7.46463410564792,-36.2607414945987,2215.424289060882,0.019232539899353765,0.019485816743101663,7464.63410564792,46445.03838954818,26875.966945882228,3571.772400758242,-1385.144219086311,39,39,0.017012377107235813,11.756146641901957,28.609473944709187,0.19702301514350126,0.03058007754161647
2020-12-25,False,117116.14257166102,115909.62136936458,1209.0860485398102,28.714839967698744,-26.149993724331203,1206.5212022964427,0.010431282875878472,0.010409154891910737,28714.839967698746,35551.307131573616,29541.54923186307,1178.441732526146,30.64431601366397,40,40,0.010362286053364266,19.30076036986714,29.491720072689358,0.20913254841042592,0.03190951438014932
2020-12-26,False,120268.10348299117,117116.14257166102,3108.513859847398,0.9069432471996864,-44.35399472993574,3151.9609113301344,0.02654214689444165,0.026913120959405852,906.9432471996865,36348.60243387833,30349.517421442688,3041.987404868272,66.52645497912579,40,40,0.010556840701225229,18.945061847602567,29.491720072689358,0.2118752079030757,0.030162459644185416
2020-12-27,False,119091.97181984308,120268.10348299117,-1184.5951952285195,4.616870950881985,-13.080403031313308,-1176.1316631480881,-0.00984962064689122,-0.00977924843817315,4616.870950881986,35945.58177193413,29808.11012666207,-1162.4731144706702,-22.122080757849684,40,40,0.010863357282310651,18.4105147978213,29.491720072689358,0.21045230421050834,0.02642979106672448
2020-12-28,False,122400.86196811474,119091.97181984308,3312.287579822347,1.30630759577901,2.091123954904095,3308.890148271664,0.027812853622350173,0.027784325825734105,1306.3075957790102,35453.13294124038,29294.837428528823,3419.531063713976,-107.24348389162854,40,40,0.011077898096316444,18.05396639877946,29.491720072689354,0.21072787435299345,0.0276130986458047
2020-12-29,False,122213.32182099749,122400.86196811474,-187.21336780002298,2.731862170316217,-2.4050828530932655,-187.54014711724594,-0.0015295102076061508,-0.0015321799544687838,2731.862170316217,36437.36535186769,30218.55075216295,-314.42170110604536,127.20833330602244,40,40,0.010720398844514159,18.656022308567742,29.491720072689358,0.2157257302417828,0.027899094956439885
2020-12-30,False,122133.99309309173,122213.32182099749,-82.64702425164336,0.7393588684060624,-4.05765521429863,-79.32872790575078,-0.0006762521713687988,-0.0006491004967686043,739.3588684060624,35488.96896254251,29459.17422468262,-107.28857211406262,24.641547862419337,40,40,0.010530514362250918,18.992424597695493,29.49172007268936,0.21227709786638407,0.02645135719877045
2020-12-31,False,124185.79874719123,122133.99309309173,2036.6830540691658,1.4457806778360072,-16.568380708171013,2051.8056540995008,0.01667580828636943,0.016799628032595267,1445.780677836007,34832.18827397848,29151.374358411842,2070.387865593758,-33.70481152459217,39,39,0.01070276190856573,18.686765314281562,28.755915320696374,0.2112769799313172,0.02471159625342731
2021-01-01,False,123976.81601311064,124185.79874719123,-207.25117945756978,17.973509003138698,-16.241954380112773,-208.98273408059572,-0.0016688798682969962,-0.0016828231262257945,17973.509003138697,46318.45206326724,26638.301372044167,-117.95067777587383,-89.30050168169598,41,43,0.013221714362223446,15.126631427724078,30.80279514135321,0.2052763149954287,0.03503920354392675
2021-01-02,False,125860.27885427674,123976.81601311064,1900.5661158763191,1.3392306569065069,15.764044053317743,1883.462841166095,0.015330012311941718,0.015192056883981576,1339.230656906507,46780.235494997,26766.36649053448,1983.1658562820955,-82.59974040577632,41,43,0.013249375633010216,15.095050932189523,30.802795141353215,0.20871026986634827,0.032593357231855566
2021-01-03,False,126116.14587520073,125860.27885427674,296.1896079573803,2.8056595128655055,37.51692752052452,255.86702092399025,0.0023533207669141896,0.0020329449708294195,2805.6595128655053,47066.52570431854,26852.14289386634,1692.1268190376554,-1395.9372110802751,41,43,0.013319497954996621,15.01558096827312,30.802795141353215,0.2101981265319248,0.032819399744478714
2021-01-04,False,126056.01844181698,126116.14587520073,44.86442782173998,4.769568156793866,100.22229304869677,-60.127433383750656,0.0003557389699026796,-0.00047676237619289643,4769.568156793866,46161.89654928105,26575.478264444213,395.4975425408575,-350.63311471911754,41,43,0.013058312312150185,15.31591489153685,30.80279514135321,0.2090825777140476,0.037960325199340623
2021-01-05,False,126296.1728681622,126056.01844181698,253.14847004837588,2.801944251738633,10.19209945141362,240.15442634522364,0.002008222004609961,0.001905140502720784,2801.944251738633,44632.94448192089,26546.99800571375,749.2485368526509,-496.10006680427506,42,43,0.012761953692352923,15.671581704597612,30.802795141353215,0.2089420831642227,0.03751951332202177
2021-01-06,False,127777.39592079406,126296.1728681622,1568.926800470535,2.339758218360857,85.3639896203183,1481.2230526318558,0.012422599710193143,0.011728170529585817,2339.758218360857,43677.96115646121,26689.302737514467,2376.3913830621746,-807.4645825916398,43,43,0.012423520600233958,16.098496266527995,30.802795141353215,0.2102217940070605,0.037137550510945944
2021-01-07,False,126946.03947854099,127777.39592079406,-742.4420805428911,4.868147948148323,84.04621376203588,-831.3564422530753,-0.005810433646676536,-0.006506287252624963,4868.147948148323,42201.279220299475,27589.358848656506,-876.8831355824859,134.441055039595,43,43,0.011839867188840501,16.89208137305013,30.802795141353215,0.21111558590624394,0.036635535777830325
2021-01-08,False,126326.20576902347,126946.03947854099,-556.3810696602714,21.032195389463073,42.42044446778664,-619.833709517521,-0.004382815501340018,-0.004882654961616963,21032.195389463075,31584.525328702188,26806.611586757193,-457.8500684372255,-98.53100122304596,49,50,0.00905328886458474,22.091419261167438,34.03500486932034,0.2075436084058349,0.03266332287774402
2021-01-09,False,128027.41019067974,126326.20576902347,1745.4197400241537,0.8285645032766755,43.38675386459308,1701.2044216562838,0.013816766912286614,0.013466757837774285,828.5645032766755,30988.63086491192,26278.936594448984,1945.3742647101371,-199.95452468598336,49,50,0.008873876645563168,22.538064026391172,34.03500486932033,0.20487871689682782,0.029204945766119664
2021-01-10,False,127196.77302195223,128027.41019067974,-716.5332091885084,2.655982401582002,111.447977137417,-830.6371687275074,-0.0055967172039278765,-0.006487963534452382,2655.9824015820022,30676.10444002709,26599.20115801863,-750.4071905490721,33.87398136056375,50,50,0.00856687852251808,23.345726156183854,34.03500486932034,0.2056740141337589,0.02889868858775552
2021-01-11,False,124533.17092697724,127196.77302195223,-2657.297595060866,0.9136864581746987,5.390813455953456,-2663.602094974994,-0.02089123436018504,-0.020940799296184164,913.6864581746988,29263.47929293376,25972.08865900505,-2911.367029871756,254.06943481089053,50,50,0.008337259909134167,23.988696787644013,34.03500486932033,0.2025367492361527,0.028012761016541494
2021-01-12,False,124272.09325894619,124533.17092697724,-263.2335026246468,0.9201267468833586,-3.075961340478897,-261.07766803105125,-0.0021137621459827722,-0.00209645081778364,920.1267468833587,27018.16957513447,24125.344427923585,-290.05210673769193,26.81860411304508,50,50,0.008429583314376784,23.7259651564149,34.03500486932034,0.19626846111120094,0.02330252068626958
2021-01-13,False,128043.86097493467,124272.09325894619,3778.440784805455,0.4743748776124293,6.198693939370521,3771.7677159884724,0.030404579867599923,0.030350882624381542,474.37487761242926,27063.556652671592,24228.681491020514,3910.454247626474,-132.0134628210189,50,50,0.008465967907371802,23.623996947336476,34.03500486932034,0.19754672414422567,0.022754074295216704
2021-01-14,False,129826.92242516122,128043.86097493467,1814.2456904544083,7.681306919582975,23.50293330826941,1783.061450226556,0.014168939273157013,0.01392539584990803,7681.306919582975,28804.294918047155,26203.028133253138,1828.2202435196275,-13.974553065219188,50,50,0.0075868641182566445,26.36135258027492,34.03500486932034,0.20726844223941568,0.025008789883039458
2021-01-15,False,129101.1695205071,129826.92242516122,-676.4155437543305,9.932391693106485,39.40496920667947,-725.7529046541165,-0.005210133084254928,-0.005590157196189234,9932.391693106485,28047.26186696597,25792.23446767563,-595.0880707600078,-81.32747299432278,53,54,0.006909465982944714,28.945797040419453,37.04093469784857,0.2053752316235754,0.024618251064845643
2021-01-16,False,130770.86030211924,129101.1695205071,1707.3865396425185,0.7722689910470001,36.92348903932776,1669.6907816121438,0.013225182591171713,0.012933196405683385,772.2689910470001,27065.545293434276,25079.67234331454,1748.4970839391249,-41.11054429660646,54,54,0.0068296156591436145,29.284224761936105,37.04093469784858,0.20159394169530892,0.022648105530248416
2021-01-17,False,131161.3648736868,130770.86030211924,426.4318311483065,2.1610909731145833,33.76616860762558,390.50457156756636,0.003260908662397137,0.0029861742185176856,2161.090973114583,26982.160517680157,25378.22346882305,491.70223247103246,-65.27040132272603,54,54,0.006725720580893403,29.736590688611873,37.04093469784857,0.20339703919707494,0.022945084641157132
2021-01-18,False,131847.1021129187,131161.3648736868,756.5103394302505,1.0005858460064734,69.77251435234325,685.7372392319007,0.005767783372480133,0.0052281953599086954,1000.5858460064733,26845.61576412172,25654.72612492705,819.5948623919462,-63.08452296169575,54,54,0.006589593188559513,30.350887266793485,37.04093469784858,0.2052488666413456,0.022605409525158163
2021-01-19,False,130598.358400192,131847.1021129187,-1140.9771445393162,1.3487863356166927,106.41778185177982,-1248.7437127267128,-0.008653790081500171,-0.009471150239291893,1348.7863356166927,26832.599296041866,26007.908112578712,-1191.0490717555253,50.07192721620895,54,54,0.00643582059430725,31.07606824480289,37.04093469784857,0.20621977621596266,0.022022052837900555
2021-01-20,False,131248.0442977943,130598.358400192,671.2985799763126,0.4044469976920132,21.208235376314683,649.6858976023059,0.005140176248764591,0.00497468655472281,404.4469976920132,25816.550645663498,25167.735484048255,674.60214472991,-3.3035647535974997,54,54,0.006385526958481514,31.320829322371267,37.04093469784857,0.2015448399063204,0.020238423994853816
2021-01-21,False,127927.87214725427,131248.0442977943,-3301.9553154381274,0.4285064428132842,17.788328659083362,-3320.1721505400237,-0.025158129655221226,-0.02529692665748789,428.50644281328425,26269.09405651016,25741.550616262015,-3345.7547580547753,43.799442616648335,54,54,0.006325078400192673,31.62016141869604,37.04093469784857,0.20392983353901273,0.020180374192599385
2021-01-22,False,129646.02092261154,127927.87214725427,1724.68360285561,10.160916598281846,-3.626089099939892,1718.148775357268,0.013481687562741401,0.013430605438192187,10160.916598281847,24276.336035214816,24035.64412384411,1729.7335812003614,-5.049978344751255,57,57,0.005682653228370073,35.194827479797674,38.97933914148557,0.20498527393415436,0.019465978324266324
2021-01-23,False,130201.15480310509,129646.02092261154,561.5387994884072,0.8495728908717494,5.555346103977373,555.1338804935581,0.004331323055596142,0.004281919927376169,849.5728908717495,25210.22444587794,24915.06839394982,571.9888734706575,-10.45007398225022,57,57,0.00569949305018484,35.09084022718719,38.979339141485575,0.2097218496821115,0.0189880605507381
2021-01-24,False,131013.08361363018,130201.15480310509,835.5049808436788,0.6015678476781606,22.974602470911922,811.9288105250887,0.006417032030992043,0.006235957060080741,601.5678476781607,25342.280788014366,25023.101075097064,837.1145554958616,-1.6095746521827057,57,57,0.005700223639525492,35.086342685433436,38.97933914148557,0.20841756910783366,0.018963143602095972
2021-01-25,False,130916.19510325031,131013.08361363018,-69.36893566124559,0.8408349686497366,26.678739749977687,-96.888510379873,-0.0005294809781427712,-0.0007395330886616352,840.8349686497365,25555.829988502974,25220.583786305328,-72.88596453057733,3.5170288693317566,57,57,0.00569882970183513,35.09492482914453,38.97933914148557,0.20818071618894782,0.01895596340011435
2021-01-26,False,131236.35115875246,130916.19510325031,322.5255983000493,1.403213363449372,0.9663294344438582,320.15605550215605,0.0024636035140318696,0.002445503822118089,1403.213363449372,25276.63667895962,24904.97019109836,326.19642802721626,-3.6708297271669563,57,57,0.0057009792322944884,35.08169243400409,38.979339141485575,0.20404892291249926,0.01804494894736115
2021-01-27,False,129543.2302999565,131236.35115875246,-1687.4991835793824,0.3865950560050073,5.235080160569696,-1693.120858795957,-0.012858473804548772,-0.01290131007031613,386.59505600500734,25492.36486672359,25105.69612558724,-1684.168662926278,-3.3305206531041964,57,57,0.005709945305469511,35.0266052125616,38.97933914148557,0.20513079160255968,0.018426121884186887
2021-01-28,False,141026.640361584,129543.2302999565,11499.997137147715,1.2306664070373858,15.356409113175324,11483.410061627503,0.08877343193094342,0.0886453891495352,1230.6664070373859,24523.300680419612,24117.86384273986,11508.311324967446,-8.314187819731472,57,57,0.005748615383636779,34.79098646420017,38.97933914148557,0.20183295941603566,0.01647908139368474
2021-01-29,False,141712.31724722264,141026.640361584,751.6780022442206,17.436529325277924,48.56458728029321,685.6768856386495,0.005330042609800265,0.004862038008426028,17436.529325277923,25931.84340751666,25483.93671630197,766.213925095059,-14.535922850838558,61,61,0.005655907083195705,35.36125984003893,40.60146382381221,0.2032448183406302,0.017925531280103723
2021-01-30,False,141606.07430883308,141712.31724722264,-62.723911675928434,0.5679430436663386,42.951083669957455,-106.24293838955222,-0.0004426143958009249,-0.0007497085677048615,567.9430436663386,26283.447016786853,25833.7549511908,55.418629784345,-118.1425414602734,61,61,0.005601090595839476,35.70733173795853,40.60146382381221,0.2054641620376602,0.017232459612580634
2021-01-31,False,141542.15028778152,141606.07430883308,8.920849505265835,1.5649148477100931,71.2799557091123,-63.92402105155656,6.299764716173176e-05,-0.0004514214617103407,1564.914847710093,26049.54968633619,25835.668193371133,18.79942760848155,-9.87857810321568,61,61,0.005542351145066645,36.08576843385752,40.60146382381221,0.2056043804879622,0.01785118332436969
2021-02-01,False,142509.78838746427,141542.15028778152,1009.9205905698809,0.8679459996171816,41.414544887518566,967.6380996827452,0.007135122566080313,0.006836395361490248,867.9459996171815,25539.194929481506,25503.400584175903,1010.272483926628,-0.35189335674707506,61,61,0.005484478829120068,36.46654608968344,40.60146382381221,0.20329819502430255,0.016796762120128095
2021-02-02,False,143132.47238351867,142509.78838746427,686.2792652881022,0.5164539748339801,63.078815258862406,622.6839960544058,0.004815664054052235,0.004369412116179801,516.45397483398,26256.472581490292,26219.974449471192,687.2516021949034,-0.972336906801128,61,61,0.005439653086879409,36.76705054636764,40.60146382381221,0.20732788117690956,0.017462228444997875
2021-02-03,False,144785.73775653075,143132.47238351867,1783.8554693796586,0.8489347585495081,129.74116160901448,1653.2653730120946,0.012462968323497393,0.011550596070067353,848.9347585495082,26479.75304851944,26441.310242686737,1784.1672345466013,-0.31176516694258233,61,61,0.005402788077866719,37.0179242860419,40.60146382381222,0.20691240895322371,0.01803174729940521
2021-02-04,False,145176.19662450967,144785.73775653075,527.0383919725846,1.2944244759849006,135.28509951769786,390.4588679789018,0.003640126438826754,0.002696804768405372,1294.4244759849007,27076.59469462712,27037.52835846053,526.2420017441569,0.7963902284275909,61,61,0.005363076672248917,37.29202698795901,40.60146382381221,0.20913139771291414,0.018400018954699258
2021-02-05,False,148126.21985231194,145176.19662450967,3138.948364899795,4.125399063698773,184.79973803380767,2950.0232278022886,0.021621646233221787,0.020320295588348847,4125.399063698774,26683.03626560484,26645.562709895104,3141.025770418135,-2.0774055183401865,61,61,0.005375590619105552,37.20521411901677,40.15519961990711,0.2038336699296071,0.01792902637151927
2021-02-06,False,148344.66090697952,148126.21985231194,307.5004840972571,2.407831778091257,86.65159765159353,218.4410546675723,0.0020759355393248267,0.001474695397515492,2407.831778091257,27809.50540149271,27767.877034746292,307.1516775243411,0.3488065729159596,61,61,0.005336587176559329,37.477135364430886,40.15519961990711,0.20966081127485034,0.01821258105757629
2021-02-07,False,150587.6001757479,148344.66090697952,2331.5337079182113,1.0764920741186443,87.51794707569508,2242.9392687683976,0.015717004532978876,0.015119784258193473,1076.4920741186443,27319.76837461104,27278.83762101046,2332.52765231183,-0.9939443936189306,61,61,0.005303491365287486,37.71100699984993,40.1551996199071,0.20554378860075004,0.016480075483646408
2021-02-08,False,153678.81351764844,150587.6001757479,3204.826818007096,3.521160090031168,110.09231601652434,3091.2133419005404,0.021282142847530633,0.020527675175730568,3521.160090031168,26949.627115873085,26917.252785798293,3206.622028629051,-1.7952106219551232,61,61,0.005288200050421381,37.820051831069314,40.15519961990711,0.20353424175899337,0.01560521588057543
2021-02-09,False,155833.6683777672,153678.81351764844,2406.579446984546,2.3061075920771854,249.41847927371066,2154.854860118758,0.01565979975963424,0.014021808281798682,2306.1075920771855,27885.62003916722,27872.61829137488,2407.188877607468,-0.6094306229220015,61,61,0.005261258658824776,38.013717433287084,40.15519961990711,0.20816985308513303,0.01646838512362606
2021-02-10,False,157217.1366516912,155833.6683777672,1641.4440315696263,2.4160470739048887,255.55971057172303,1383.4682739239984,0.010533308037069936,0.008877852188977782,2416.0470739048887,28212.693970245135,28212.693970245135,1641.4440315696263,0.0,61,61,0.005230136430277067,38.2399202518327,40.15519961990711,0.20911994493177344,0.01692101377719924
2021-02-11,False,160011.99708565391,157217.1366516912,2953.719571636756,2.4558419328713224,156.40329574116362,2794.860433962721,0.018787516644452145,0.01777707248386435,2455.8419328713226,27884.966381242208,27884.966381242208,2953.719571636756,0.0,61,61,0.005205178713234416,38.4232724789046,40.15519961990711,0.20826512849907403,0.0163554370884991
2021-02-12,False,161936.1955171496,160011.99708565391,2157.7363589521856,13.698710272913889,219.83921718357425,1924.1984314956974,0.013484841125988549,0.012025338515496935,13698.71027291389,28046.116809661493,28046.116809661493,2157.7363589521856,0.0,64,64,0.005052273826580888,39.58613623587964,41.32443607409601,0.20698267906746093,0.017768429265017326
2021-02-13,False,162974.80704127386,161936.1955171496,1310.397431068638,1.4666256748458344,270.31928126952704,1038.6115241242653,0.00809206012827356,0.006413708317695241,1466.6256748458343,28777.15662862185,28777.15662862185,1310.397431068638,0.0,64,64,0.005021512918249474,39.82863397068011,41.32443607409601,0.21030386761245812,0.01705173038487523
2021-02-14,False,161019.56245848397,162974.80704127386,-1740.313874006094,2.136660584806518,212.79404819900134,-1955.2445827899019,-0.010678422669126733,-0.011997219805234868,2136.660584806518,28628.446629218015,28628.446629218015,-1740.313874006094,0.0,64,64,0.004997005695802944,40.02396878754468,41.32443607409601,0.20856257980477108,0.016247603160414948
2021-02-15,False,160708.75277518955,161019.56245848397,-257.4570084072043,0.750670983026329,52.60200390417957,-310.8096832944102,-0.0015989175754566158,-0.0019302603891657385,750.6709830263289,27571.26321920139,27571.26321920139,-257.4570084072043,0.0,64,64,0.004982470198377011,40.14073181313718,41.32443607409601,0.2037648518781133,0.015204238078150951
2021-02-16,False,160683.36422993088,160708.75277518955,32.95887831177118,1.2832740547582708,57.064149515670536,-25.388545258657626,0.00020508452553219875,-0.00015797860925579374,1283.274054758271,27437.28035370298,27437.28035370298,32.95887831177118,0.0,64,64,0.00497366719190057,40.21177780565866,41.32443607409601,0.2039681095247309,0.014924643167488313
2021-02-17,False,162599.766258607,160683.36422993088,1990.4680091535577,0.7111473929626989,73.35483308448605,1916.402028676109,0.012387517641871655,0.011926573966511065,711.1473929626989,27470.110172734094,27470.110172734094,1990.4680091535577,0.0,64,64,0.004971417341936262,40.22997592917923,41.32443607409601,0.20410730786034856,0.014792384734724532
2021-02-18,False,163312.3622554405,162599.766258607,894.8194569117926,1.6126815014529061,180.61077857683992,712.5959968334997,0.005503202602939944,0.0043825155055890455,1612.681501452906,28096.81451295416,28096.81451295416,894.8194569117926,0.0,64,64,0.004969538266437161,40.24518763659448,41.32443607409601,0.2068433623993449,0.014814577799726997
2021-02-19,False,164642.0277242752,163312.3622554405,1540.991679056415,10.840140762346769,200.48606945938502,1329.6654688346835,0.00943585444343837,0.008141854361000083,10840.14076234677,30353.605858281822,30353.605858281822,1540.991679056415,0.0,69,69,0.004786886679319868,41.78080940667191,42.99371718510401,0.20624083193978918,0.016506558452889567
2021-02-20,False,163201.34682940188,164642.0277242752,-1141.9681984276276,1.6384301337121367,297.07426631196984,-1440.6808948733096,-0.006936067383354106,-0.008750383573300054,1638.4301337121367,30803.980988284675,30803.980988284675,-1141.9681984276276,0.0,69,69,0.00478448470484484,41.801784797739465,42.99371718510401,0.20760761724044263,0.015925875735639684
2021-02-21,False,163935.77360716832,163201.34682940188,806.45889460111,0.7656632796489317,71.26645355502704,734.426777766434,0.004941496564021129,0.004500126941563462,765.6632796489316,29777.56230610762,29777.56230610762,806.45889460111,0.0,69,69,0.004789850398522407,41.754957537232656,42.993717185104025,0.20310060251065043,0.015590707224477382
2021-02-22,False,162832.72777730096,163935.77360716832,-1078.46089673192,0.5745172114935999,24.010415923939185,-1103.045829867353,-0.006578557400876917,-0.006728524260424881,574.5172114935999,30971.571296730166,30971.571296730166,-1078.46089673192,0.0,69,69,0.004771805586338416,41.912855916132884,42.99371718510402,0.2045281486683493,0.0157879499580843
2021-02-23,False,159894.14589282742,162832.72777730096,-2932.099636271381,2.3165513949065133,4.165696807240857,-2938.581884473528,-0.018006820104871563,-0.01804662935139486,2316.5513949065135,30026.342664959167,30026.342664959167,-2932.099636271381,0.0,69,69,0.00477920425978544,41.847970734981494,42.99371718510402,0.20111362001483674,0.014395115872779021
2021-02-24,False,161325.5017980537,159894.14589282742,1439.4135764661537,2.2589257696865808,5.79874547018653,1431.3559052262806,0.009002290661916743,0.008951896876735428,2258.9257696865807,28423.142580422806,28423.142580422806,1439.4135764661537,0.0,69,69,0.004794831405009854,41.711581306285574,42.99371718510402,0.19729532201883437,0.012144798211894734
2021-02-25,False,159344.32379846854,161325.5017980537,-1977.0319551989933,0.6598988326696122,3.486145553511813,-1981.1779995851746,-0.012254925186433513,-0.01228062505619974,659.8988326696123,29546.254028500058,29546.254028500058,-1977.0319551989933,0.0,69,69,0.004804705126798407,41.62586354873126,42.99371718510402,0.20139093593223947,0.01189489881533716
2021-02-26,False,159349.39391599494,159344.32379846854,11.23621935145195,14.873451648036065,-8.707349822969533,5.070117526385419,7.051534114050407e-05,3.181862651598354e-05,14873.451648036065,27379.741754957606,27379.741754957606,11.23621935145195,0.0,70,70,0.004783689428053467,41.80873424330603,43.96565150905842,0.19824884701165288,0.01181877010355281
2021-02-27,False,160170.8985395992,159349.39391599494,831.5424984513171,0.6502791859906045,9.387595661045431,821.504623604281,0.0052183599699769535,0.005155367105050666,650.2791859906044,27581.4688195697,27581.4688195697,831.5424984513171,0.0,70,70,0.0048159799731461875,41.52841189440077,43.96565150905842,0.1986731300068509,0.011110113195188084
2021-02-28,False,158934.14847653251,160170.8985395992,-1232.1646784785491,0.784214861778715,3.8011697263733986,-1236.7500630667014,-0.007692812425435198,-0.007721440501009229,784.214861778715,28032.409366003114,28032.409366003114,-1232.1646784785491,0.0,70,70,0.004842701491866378,41.299262474862964,43.96565150905842,0.20010670055445592,0.011420496034934963
2021-03-01,False,161479.21798551807,158934.14847653251,2552.529499108215,0.5305929129290239,6.929397209729009,2545.069508985557,0.016060296189179948,0.016013358572599962,530.5929129290239,27296.326567550987,27296.326567550987,2552.529499108215,0.0,70,70,0.004886977869771507,40.925088128003146,43.96565150905842,0.19714852798091087,0.010892451004716667
2021-03-02,False,161070.8850462711,161479.21798551807,-388.2662560246482,0.8503858248821337,19.21629739742997,-408.33293924696034,-0.0024044348298706093,-0.002528702729310844,850.3858248821336,28998.470241777068,28998.470241777068,-388.2662560246482,0.0,70,70,0.0049114100938975076,40.72150282227555,43.96565150905842,0.20565303143686064,0.012014911096631284
2021-03-03,False,162380.76975287602,161070.8850462711,1331.9151292535469,0.17479019979922739,21.855632448835657,1309.884706604912,0.008269124049768059,0.0081323493456227,174.7901997992274,28525.87142023514,28525.87142023514,1331.9151292535469,0.0,70,70,0.0049350771839225815,40.52621520319012,43.96565150905842,0.20202623564166172,0.010886641332706304
2021-03-04,False,161906.7733510145,162380.76975287602,-442.39291130754145,0.6962780591453375,30.90721249483032,-473.99640186151714,-0.0027244168874233704,-0.0029190427079689462,696.2780591453375,29247.426047756162,29247.426047756162,-442.39291130754145,0.0,70,70,0.004941555095505212,40.47308916618535,43.96565150905842,0.20467380743917635,0.012151443740633927
2021-03-05,False,161184.5810693998,161906.7733510145,-690.3032893296092,15.801334514026486,16.087657771072124,-722.1922816147079,-0.00426358499426722,-0.004460543970257453,15801.334514026486,29618.81108355309,29618.81108355309,-690.3032893296092,0.0,71,71,0.004929821158439484,40.569423022093815,44.01367007808131,0.20122826857704026,0.012718816330436436
2021-03-06,False,161257.79138702515,161184.5810693998,88.50384151941175,0.7246545693334673,14.568869324727794,73.21031762535048,0.0005490837953123161,0.00045420174274503946,724.6545693334673,29464.92844525802,29464.92844525802,88.50384151941175,0.0,71,71,0.004953352760267896,40.3766922485818,44.01367007808132,0.20111985015312311,0.012566770002775784
2021-03-07,False,162270.24519755197,161257.79138702515,1036.2411145873339,0.19192933254302977,23.595374727973493,1012.4538105268174,0.006425990990415549,0.006278479953237656,191.92933254302977,29696.043472483034,29696.043472483034,1036.2411145873339,0.0,71,71,0.0049707376635598054,40.23547681186006,44.01367007808131,0.20225350474110215,0.012564174030955564
2021-03-08,False,163217.56960106897,162270.24519755197,983.6704365552084,0.3325798790522083,36.01345315915393,947.3244035170022,0.006061927344459625,0.005837942762480609,332.57987905220836,30435.253120202513,30435.253120202513,983.6704365552084,0.0,71,71,0.004978597860682752,40.1719531475821,44.01367007808132,0.20486892589677638,0.012633102239502288
2021-03-09,False,165492.1103771505,163217.56960106897,2369.624748543646,0.8413218492559931,94.24265061287048,2274.5407760815197,0.014518196505041738,0.013935636841308675,841.321849255993,31065.196449167874,31065.196449167874,2369.624748543646,0.0,71,71,0.004974237735272029,40.20716552846111,44.01367007808132,0.20600928765936574,0.013098308055947935
2021-03-10,False,164890.86653192306,165492.1103771505,-513.091612824644,1.824359145847586,86.32787325693604,-601.2438452274276,-0.0031003992374943248,-0.003633066518139232,1824.359145847586,31772.89232216258,31772.89232216258,-513.091612824644,0.0,71,71,0.004972749462763433,40.21919895575373,44.01367007808132,0.20768136979822613,0.013895342277579006
2021-03-11,False,166133.59104032966,164890.86653192306,1295.3382413577963,1.3542693764838705,51.25946357470808,1242.7245084066044,0.007855730693895148,0.007536648539390212,1354.2693764838705,31151.409506626827,31151.409506626827,1295.3382413577963,0.0,71,71,0.004981236540184932,40.15067310828304,44.01367007808132,0.20408433789792363,0.012409809725357431
2021-03-12,False,165150.50926425675,166133.59104032966,-883.6957544493528,19.474792890413855,79.91122873313759,-983.0817760729042,-0.0053191877025931,-0.0059174172418524126,19474.792890413857,31649.9097045967,31649.9097045967,-883.6957544493528,0.0,72,72,0.0049672491754772265,40.26373409801514,44.38743225346434,0.20439360083215571,0.012981702050542191
2021-03-13,False,167186.11267883776,165150.50926425675,2106.229056457281,0.7411846982907523,69.8844571779902,2035.6034145809997,0.012753391229857554,0.012325747123939157,741.1846982907523,31313.770935136625,31313.770935136625,2106.229056457281,0.0,72,72,0.004975831955206985,40.1942834485616,44.38743225346434,0.2011221003063101,0.011421281602025298
2021-03-14,False,166382.51502254227,167186.11267883776,-681.0106810656761,1.1696782642329353,121.4172969655848,-803.5976562954938,-0.004073368715581589,-0.004806605306023198,1169.6782642329354,32572.579296527765,32572.579296527765,-681.0106810656761,0.0,72,72,0.004964103604061636,40.2892477579154,44.38743225346434,0.20568362769762905,0.012485246898152324
2021-03-15,False,165704.97518763866,166382.51502254227,-600.8850177973391,0.6914792202203073,75.9633378860523,-677.5398349036117,-0.0036114673330663884,-0.004072181712193829,691.4792202203073,31957.115159853267,31957.115159853267,-600.8850177973391,0.0,72,72,0.004963519846503141,40.2939861600236,44.38743225346434,0.20164217618846705,0.011852734615643309
2021-03-16,False,167591.13964551513,165704.97518763866,1924.5341729431884,0.3948709720599868,37.97484409466813,1886.1644578764603,0.011614220820852915,0.011382666427128287,394.8709720599868,31660.147483821645,31660.147483821645,1924.5341729431884,0.0,72,72,0.004969859223486347,40.2425885737062,44.38743225346434,0.2002808555920535,0.01138005398352415
2021-03-17,False,170149.38172097484,167591.13964551513,2612.0408592624344,1.256682526872104,52.54210127583643,2558.2420754597256,0.015585793287087625,0.015264781186349467,1256.682526872104,32599.97985456551,32599.97985456551,2612.0408592624344,0.0,72,72,0.004960392403214186,40.31939083496822,44.38743225346434,0.2039036983618007,0.012001614957270736
2021-03-18,False,169669.43927170258,170149.38172097484,-378.23035144373205,2.924512343167193,98.78758548534933,-479.94244927224855,-0.002222931095124317,-0.0028207122730501497,2924.512343167193,33240.81506576224,33240.81506576224,-378.23035144373205,0.0,72,72,0.004839655738362023,41.32525345029806,44.38743225346434,0.2063651872398268,0.012613250129612423
2021-03-19,False,170063.1201231041,169669.43927170258,478.00792300082765,16.827896085009268,67.49917551428416,393.6808514015342,0.0028172894603332947,0.002320281443089511,16827.896085009266,30954.87545731358,30954.87545731358,478.00792300082765,0.0,73,73,0.004806319641457921,41.61188079853407,44.65440832528151,0.20346035084421113,0.012950404562597467
2021-03-20,False,169608.2990950808,170063.1201231041,-332.8718627579654,0.6777989651711932,121.27136630016867,-454.82102802330525,-0.0019573430295587216,-0.0026744248117644355,677.7989651711932,31408.14901428605,31408.14901428605,-332.8718627579654,0.0,73,73,0.004796640063365754,41.69585321348086,44.65440832528151,0.20603046289083007,0.013419883491409462
2021-03-21,False,170468.55618378596,169608.2990950808,934.2088914441312,1.0933557682149342,72.85844697075126,860.257088705165,0.005508037616251447,0.005072022379181535,1093.3557682149342,31351.502671971582,31351.502671971582,934.2088914441312,0.0,73,73,0.004788590066344315,41.76594722644178,44.654408325281516,0.20495704585279084,0.012878092312289929
2021-03-22,False,169387.30426810755,170468.55618378596,-1009.7034821882633,1.3094201838699253,70.23901330628311,-1081.2519156784163,-0.005923106904828122,-0.006342823215518377,1309.4201838699253,31450.016175030272,31450.016175030272,-1009.7034821882633,0.0,73,73,0.004786205091459119,41.7867592755053,44.654408325281516,0.2048504864798916,0.012783578742697399
2021-03-23,False,171337.661614588,169387.30426810755,1971.5428673234305,1.0144167943014128,20.17110404868631,1950.3573464804426,0.011639259954233979,0.011514188474204665,1014.4167943014129,31270.959502675134,31270.959502675134,1971.5428673234305,0.0,73,73,0.004775006418687943,41.88476045126557,44.65440832528152,0.2014265026375369,0.01157706409585258
2021-03-24,False,169472.90794768473,171337.661614588,-1837.7465049045559,2.5987213597708068,24.408440638956208,-1864.7536669032827,-0.01072587595503922,-0.01088350132324039,2598.721359770807,31393.67920391642,31393.67920391642,-1837.7465049045559,0.0,73,73,0.0047751211469378675,41.883754117579535,44.654408325281516,0.2016450704766014,0.011083577800149513
2021-03-25,False,170399.32356093894,169472.90794768473,937.1712057795311,1.2746666987423538,9.480925826569917,926.4156132542188,0.005529917537432179,0.005466452570343561,1274.6666987423537,30316.39639030861,30316.39639030861,937.1712057795311,0.0,73,73,0.004805393390833892,41.619901584226696,44.65440832528151,0.19888830591204992,0.010610436762679561
2021-03-26,False,174585.69415428347,170399.32356093894,4219.329606065262,18.46692790873022,14.492084811993255,4186.370593344538,0.024761422274991174,0.024568000071006093,18466.92790873022,31917.632066668426,31917.632066668426,4219.329606065262,0.0,77,77,0.004494029269698898,44.50349296754805,46.31371643881613,0.20137832763465552,0.01199890823851464
2021-03-27,False,175360.7196113567,174585.69415428347,808.6458005742072,3.323847317025265,30.29649618395896,775.0254570732229,0.0046317987535656685,0.004439226597732136,3323.8473170252646,33108.816397757924,33108.816397757924,808.6458005742072,0.0,77,77,0.004498104392648839,44.46317438227,46.31371643881613,0.20563853887391836,0.013270612696699357
2021-03-28,False,175999.416994796,175360.7196113567,694.9075212059763,1.5297507896618798,54.68038697703183,638.6973834392826,0.003962731920501156,0.003642191848064926,1529.75078966188,32971.07534150248,32971.07534150248,694.9075212059763,0.0,77,77,0.004496810550996959,44.47596751783534,46.31371643881613,0.20439730271681905,0.013107434311807631
2021-03-29,False,177138.5022062773,175999.416994796,1214.8034294969366,0.6800919917952164,75.03812602383185,1139.0852114813094,0.006902315077173558,0.006472096504245751,680.0919917952164,33295.66073638928,33295.66073638928,1214.8034294969366,0.0,77,77,0.0044908142705095576,44.53535326841889,46.31371643881613,0.2038216184956822,0.013150652037232383
2021-03-30,False,177998.97111051678,177138.5022062773,993.181995527709,1.6298415813205123,131.08324970691186,860.4689042394766,0.005606810395015936,0.004857605170656027,1629.8415813205122,35111.17862354985,35111.17862354985,993.181995527709,0.0,77,77,0.0044761464159337,44.68129087289498,46.31371643881614,0.20587370305250355,0.013669266116464598
2021-03-31,False,179044.12244634263,177998.97111051678,1155.741732192793,1.158671192388181,109.43172517456145,1045.1513358258433,0.0064929686108983805,0.005871670658011417,1158.6711923881808,35263.6025270215,35263.6025270215,1155.741732192793,0.0,77,77,0.004469891692645545,44.74381344162463,46.31371643881614,0.20560174816613747,0.014390791877737522
2021-04-01,False,179815.64410316048,179044.12244634263,937.0067750245914,2.771720835437673,162.71339737130967,771.5216568178441,0.0052333847222792865,0.004309114682326753,2771.720835437673,36187.46987398358,36187.46987398358,937.0067750245914,0.0,77,77,0.004448549981821758,44.958469797409485,46.31371643881614,0.2056898559936737,0.014508387804917502
2021-04-02,False,181021.57261053543,179815.64410316048,1394.3631948702582,5.645966012002615,182.7887214832993,1205.9285073749563,0.007754404250112466,0.0067064715831015986,5645.966012002616,36537.40297393707,36537.40297393707,1394.3631948702582,0.0,77,77,0.004467745704228685,44.76530519870494,46.11734446926915,0.20417902466111876,0.01428244634619403
2021-04-03,False,178734.85621697697,181021.57261053543,-2056.0603200187397,1.7886998575157065,228.86737368220784,-2286.7163935584636,-0.011358095559374658,-0.012632286641760049,1788.6998575157065,37531.138885627886,37531.138885627886,-2056.0603200187397,0.0,77,77,0.004451688160611279,44.926776715765556,46.117344469269156,0.206508724684909,0.014815080042997461
2021-04-04,False,180859.5689474972,178734.85621697697,2195.2479029297533,1.0916812865872432,69.4434911229441,2124.712730520222,0.012282147698515001,0.011887511901656753,1091.6812865872432,36270.80666947803,36270.80666947803,2195.2479029297533,0.0,77,77,0.004455159367214532,44.891772328459844,46.117344469269156,0.20293116785092505,0.013908779287862012
2021-04-05,False,183585.75094673067,180859.5689474972,2862.4785215663014,0.6933761794981607,135.60314615334534,2726.181999233458,0.015827078092822765,0.015073473939467685,693.3761794981607,37772.67839290961,37772.67839290961,2862.4785215663014,0.0,77,77,0.0044494454137428315,44.94942209702532,46.11734446926915,0.2087018890981714,0.014846432772483568
2021-04-06,False,184875.7750535373,183585.75094673067,1510.4130841309268,3.6227666537204275,216.7662106705717,1290.0241068066348,0.0082272892985534,0.007026820437610917,3622.7666537204277,37674.63492419662,37674.63492419662,1510.4130841309268,0.0,77,77,0.004444681101860749,44.997603971243464,46.117344469269156,0.2066956305025821,0.015014412549115924
2021-04-07,False,182596.77960223323,184875.7750535373,-2180.058363623243,2.4841908580509826,96.45289682278334,-2278.9954513040775,-0.011792017439775062,-0.012327171857124676,2484.1908580509826,38080.58420278244,38080.58420278244,-2180.058363623243,0.0,77,77,0.0044308104839115795,45.138468622435255,46.11734446926915,0.20593232633041053,0.014811450049634965
2021-04-08,False,184789.91335050893,182596.77960223323,2259.6715912846967,2.140778723487979,64.3970642855044,2193.1337482757044,0.012375199585705399,0.012010801904903265,2140.778723487979,36816.26218514235,36816.26218514235,2259.6715912846967,0.0,77,77,0.004433913937111814,45.10687461161618,46.117344469269156,0.20259778487578792,0.012901911515318897
2021-04-09,False,185322.02724556671,184789.91335050893,650.0268677910959,11.10070430613225,106.81226842716421,532.1138950577995,0.0035176534043723858,0.002879561364631886,11100.704306132251,38468.33841726611,38468.33841726611,650.0268677910959,0.0,78,78,0.0043645291266210555,45.82395814020758,46.72082938636697,0.20559324733124573,0.014561896336477856
2021-04-10,False,187185.74816143367,185322.02724556671,2035.3676563064414,1.2857013880524828,170.36103905141795,1863.720915866971,0.010982869584139689,0.010056661604491243,1285.7013880524828,38972.49566444893,38972.49566444893,2035.3676563064414,0.0,78,78,0.0043604625324567,45.866693845278675,46.72082938636697,0.20553158310331468,0.01405187816125022
2021-04-11,False,188504.2665646207,187185.74816143367,1513.617968348322,2.6443544282016536,192.45521073310334,1318.518403187017,0.008086181684317868,0.007043903802173517,2644.3544282016537,39752.79353584316,39752.79353584316,1513.617968348322,0.0,78,78,0.004356477615288553,45.908648605957076,46.72082938636697,0.2052298284250411,0.01411934434263825
2021-04-12,False,187729.36696384632,188504.2665646207,-559.6265908596728,1.9006944574749156,213.37231545723594,-774.8996007743837,-0.002968774134710784,-0.004110780169045894,1900.6944574749155,39938.25604878632,39938.25604878632,-559.6265908596728,0.0,78,78,0.004353833442588564,45.93652987356594,46.72082938636697,0.20465538359728613,0.01371904622077412
2021-04-13,False,190612.5208391044,187729.36696384632,3110.43391465905,0.9912254006438881,226.28881400033367,2883.1538752580723,0.016568712529979768,0.015358033332170782,991.2254006438881,39678.91558979575,39678.91558979575,3110.43391465905,0.0,78,78,0.004351692485091545,45.95912985239183,46.72082938636698,0.20314340404505035,0.013516974889072199
2021-04-14,False,191404.8495637668,190612.5208391044,1061.120867092302,3.1861423873747734,265.60600004252206,792.3287246624052,0.005566900130280485,0.00415675067500528,3186.1423873747735,40479.39791784371,40479.39791784371,1061.120867092302,0.0,78,78,0.0043504863388929,45.97187174500943,46.72082938636699,0.20480050286669116,0.013652070780836092
2021-04-15,False,194478.27642396555,191404.8495637668,3268.2210112959883,2.5067677445916927,192.28738335265183,3073.4268601987446,0.017074912254024032,0.016057204753189017,2506.767744591693,40984.32481067298,40984.32481067298,3268.2210112959883,0.0,78,78,0.0043446553572137414,46.033570802785476,46.72082938636699,0.20429507674987057,0.014214206294961158
2021-04-16,False,197626.56966429204,194478.27642396555,3379.1146176540983,2.840765026552155,227.98061230107382,3148.293240326472,0.017375280570090912,0.016188405708939674,2840.7650265521547,41942.72286839621,41942.72286839621,3379.1146176540983,0.0,78,78,0.004381973625126739,45.64153441115598,46.324632932701824,0.2052453648999376,0.014552231358658187
2021-04-17,False,196144.76049212515,197626.56966429204,-1237.6152988593665,6.797531328755041,237.39634197876427,-1481.8091721668857,-0.006262393265043773,-0.007498026073538759,6797.531328755042,41619.9048354927,41619.9048354927,-1237.6152988593665,0.0,78,78,0.004387146898049441,45.587714441228655,46.32463293270181,0.20396050721191944,0.014166395433735693
2021-04-18,False,193048.56510139737,196144.76049212515,-3053.9707757216065,0.8303726490982813,41.394242357064755,-3096.1953907277693,-0.015569983965206237,-0.015785256679604634,830.3726490982814,41106.446084094976,41106.446084094976,-3053.9707757216065,0.0,78,78,0.004387088067282934,45.588325771601504,46.324632932701824,0.20368965489086358,0.013223110162204357
2021-04-19,False,191243.16399252607,193048.56510139737,-1786.7271765804774,2.629103874692164,16.04482841613223,-1805.4011088713019,-0.009255324822756449,-0.009352056607740274,2629.1038746921636,39391.52490616783,39391.52490616783,-1786.7271765804774,0.0,78,78,0.004396264022830804,45.493173058159,46.324632932701824,0.20123599307654613,0.012429088236461716
2021-04-20,False,192653.84763541186,191243.16399252607,1417.557833386416,2.8531885444319216,4.02100195619479,1410.6836428857891,0.007412332047810165,0.007376387283264774,2853.188544431922,38183.89583040864,38183.89583040864,1417.557833386416,0.0,78,78,0.004408423958936754,45.3676873782886,46.32463293270181,0.1994390861505365,0.011688047721013296
2021-04-21,False,190930.40749218478,192653.84763541186,-1706.0403437033006,1.6250692932867317,15.774730230488444,-1723.4401432270756,-0.008855469873261497,-0.008945786260592123,1625.0692932867316,39141.56750998793,39141.56750998793,-1706.0403437033006,0.0,78,78,0.004416343720870826,45.2863301954594,46.32463293270181,0.20262247746043063,0.011662570316026835
2021-04-22,False,187807.07477795763,190930.40749218478,-3104.26176100925,0.9463360514203952,18.124617166475534,-3123.3327142271464,-0.016258603340257968,-0.01635848765658237,946.3360514203953,38166.351434251184,38166.351434251184,-3104.26176100925,0.0,78,78,0.004418973960947406,45.25937508740626,46.324632932701824,0.1987799131588074,0.011309478688261852
2021-04-23,False,187369.67614407776,187807.07477795763,-418.3709463866679,7.41280345937445,11.614884033815848,-437.3986338798582,-0.0022276633980977743,-0.002328978471109196,7412.803459374449,37472.663774589695,37472.663774589695,-418.3709463866679,0.0,78,79,0.004524499716330594,44.203782194554236,46.27268903708396,0.19709962857534505,0.011567882314451841
2021-04-24,False,184915.21685989865,187369.67614407776,-2442.246416599572,1.3213318888379815,10.89153569071522,-2454.459284179125,-0.013034373901151478,-0.013099554499372517,1321.3318888379813,37696.26462297368,37696.26462297368,-2442.246416599572,0.0,78,79,0.0045313774292619164,44.136689808373916,46.272689037083964,0.19682046406598097,0.011243448941472766
2021-04-25,False,186095.5394836925,184915.21685989865,1192.0994745037806,2.2262392149321126,9.550611494994449,1180.322623793854,0.006446735399861532,0.006383047560050873,2226.2392149321126,37026.18051696904,37026.18051696904,1192.0994745037806,0.0,78,79,0.0045647500931477935,43.81400863548317,46.272689037083964,0.19396324211951865,0.012028964173561741
2021-04-26,False,192291.44751160775,186095.5394836925,6205.699693154522,1.1950204616867304,8.5966447775847,6195.90802791525,0.03334684813172712,0.033294231796771226,1195.0204616867304,37658.59587444065,37658.59587444065,6205.699693154522,0.0,78,79,0.004594806194777211,43.52740714664625,46.272689037083964,0.19574153493537105,0.011489059234598427
2021-04-27,False,194854.9223798842,192291.44751160775,2590.625020828117,4.329016797903812,22.821135753765347,2563.474868276448,0.013472388160538097,0.013331195440305284,4329.0167979038115,39943.75717007331,39943.75717007331,2590.625020828117,0.0,78,79,0.004601516450865421,43.4639324091486,46.27268903708395,0.20347772344939832,0.011965496031586156
2021-04-28,False,195467.62430243773,194854.9223798842,644.8955522886968,1.9662617923148056,30.227367942843284,612.7019225535387,0.0033096189945431547,0.0031444005369237254,1966.2617923148055,40694.71513494942,40694.71513494942,644.8955522886968,0.0,78,79,0.0045983178608203674,43.494165921865786,46.27268903708396,0.20499783794795753,0.01249095020465731
2021-04-29,False,194637.82927625944,195467.62430243773,-795.5836847723995,1.328335658288403,32.88300574762258,-829.7950261783105,-0.004070155800028709,-0.0042451788583382395,1328.335658288403,40182.878086328215,40182.878086328215,-795.5836847723995,0.0,78,79,0.004593345768386441,43.54124642139806,46.27268903708395,0.20185414508040844,0.011594610143915668
2021-04-30,False,196775.2296227487,194637.82927625944,2195.1212226884113,17.970225078288948,39.75065112086107,2137.400346489261,0.011277978339826033,0.010981423058595353,17970.22507828895,43061.22049906658,43061.22049906658,2195.1212226884113,0.0,79,80,0.004445605590605576,44.988246465822044,47.82361580774718,0.20113810447040822,0.012675461352470966
2021-05-01,False,197794.8825457419,196775.2296227487,1083.1200643054417,0.6491648034849099,62.81797650879071,1019.6529229931662,0.005504351672626506,0.005181815439616118,649.16480348491,44696.87648902355,44696.87648902355,1083.1200643054417,0.0,79,80,0.004436632585976983,45.07923433464986,47.82361580774717,0.2053275069916565,0.013145536460326858
2021-05-02,False,196859.92288466156,197794.8825457419,-874.3672144420157,1.0178293394150209,59.5746172988988,-934.9596610803295,-0.004420575513321535,-0.004726915322817371,1017.829339415021,45011.020646795616,45011.020646795616,-874.3672144420157,0.0,79,80,0.004429942395372756,45.14731392645368,47.823615807747174,0.20491376998691055,0.013217877857418799
2021-05-03,False,198688.72092856016,196859.92288466156,1917.2232153134335,0.866078590309921,87.55909282452782,1828.7980438985958,0.009739022484717304,0.009289844357858821,866.078590309921,44599.07146398038,44599.07146398038,1917.2232153134335,0.0,79,80,0.004421469091707504,45.23383424190421,47.823615807747174,0.20319528301316894,0.01314879094993615
2021-05-04,False,195306.40578160528,198688.72092856016,-3313.129161323486,1.1840896445000304,68.00189598687919,-3382.3151469548657,-0.01667497352562224,-0.017023186475547344,1184.0896445000303,45571.39176768627,45571.39176768627,-3313.129161323486,0.0,79,80,0.004414779787364412,45.302372855022604,47.823615807747174,0.20520275572331334,0.013427196491564757
2021-05-05,False,199920.70087799808,195306.40578160528,4664.234763873823,2.642688949711674,47.29697853131861,4614.295096392792,0.023881627155073675,0.023625928079146416,2642.688949711674,43223.11648518346,43223.11648518346,4664.234763873823,0.0,79,80,0.0044393102840311165,45.05204349410557,47.82361580774718,0.20035197689979672,0.01326354661279487
2021-05-06,False,199286.69588720705,199920.70087799808,-489.55834310548994,2.1667894216589594,142.2798582638819,-634.0049907910308,-0.0024487626391638336,-0.003171282353486412,2166.7894216589593,45725.62969668305,45725.62969668305,-489.55834310548994,0.0,79,80,0.004441572651547981,45.0290957033644,47.82361580774718,0.2089415781054445,0.014532134475228876
2021-05-07,False,199712.57279922778,199286.69588720705,536.4440782207719,24.629227860101285,85.93793833993244,425.87691202073813,0.002691820825432272,0.002137006236792532,24629.227860101284,42892.76714561687,42892.76714561687,536.4440782207719,0.0,79,80,0.004460565518105708,44.83736404906234,47.18354969940552,0.2065891109362922,0.01600777932315642
2021-05-08,False,200564.15444045395,199712.57279922778,945.9640373365182,0.8922246531881661,93.49017145715504,851.5816412261751,0.004736627364404851,0.004264036206084406,892.224653188166,43080.27689168041,43080.27689168041,945.9640373365182,0.0,79,80,0.004462314408166093,44.81979119041846,47.183549699405525,0.2062505679593183,0.014636923746192762
2021-05-09,False,199642.51221001148,200564.15444045395,-863.4638756511042,1.148453128470698,57.02990166289466,-921.6422304424696,-0.004305175458994895,-0.004595249001566222,1148.453128470698,43495.85802911132,43495.85802911132,-863.4638756511042,0.0,79,80,0.004466055202691164,44.782249865492844,47.183549699405525,0.20687563067403253,0.015225746699028942
2021-05-10,False,195706.32642881127,199642.51221001148,-3862.2933129141766,1.0373414635449458,72.85512682248486,-3936.1857812002063,-0.019346046441507832,-0.019716170356840552,1037.3414635449458,43148.18096378159,43148.18096378159,-3862.2933129141766,0.0,79,80,0.004466401927372899,44.77877344049025,47.183549699405525,0.20521164145038123,0.014640040349301326
2021-05-11,False,198542.9668755677,195706.32642881127,2853.0763689058504,2.2478244697446508,14.18809767965358,2836.640446756452,0.014578355339696517,0.01449437276003588,2247.8244697446507,41487.819426193266,41487.819426193266,2853.0763689058504,0.0,79,80,0.004494851404874066,44.495353012810774,47.1835496994055,0.20193571086079168,0.013473027601485717
2021-05-12,False,193116.02303616676,198542.9668755677,-5398.54960824951,0.8264664370774901,27.56776471437275,-5426.94383940096,-0.027190837798011392,-0.027333850827373673,826.4664370774901,43536.780888018635,43536.780888018635,-5398.54960824951,0.0,79,80,0.004495831942907538,44.48564860515144,47.183549699405525,0.20862376703874863,0.014377051795924875
2021-05-13,False,193642.47321381714,193116.02303616676,535.586188560596,1.8372336586854046,7.298777251544674,526.450177650366,0.0027733907323696876,0.0027260823279887676,1837.2336586854046,39972.83503052327,39972.83503052327,535.586188560596,0.0,79,80,0.004538067871729085,44.07161938805389,47.183549699405525,0.20006200076786793,0.011884359611817316
2021-05-14,False,195577.36225007017,193642.47321381714,1955.636180112446,10.734360455210062,10.012783404204733,1934.8890362530312,0.010099210920287418,0.009992069426403967,10734.360455210062,39531.975939648866,39531.975939648866,1955.636180112446,0.0,79,80,0.004472423514689961,44.71848413798184,48.052426982615906,0.20496417409846923,0.013543651693017682
2021-05-15,False,193054.6853860497,195577.36225007017,-2509.6386819119307,0.7347379943589948,12.303444114174354,-2522.676864020464,-0.012831948713486804,-0.012898613801708326,734.7379943589947,40752.87412540232,40752.87412540232,-2509.6386819119307,0.0,79,80,0.004504171562000588,44.403281990255124,48.052426982615906,0.2086876393496197,0.013823742216865668
2021-05-16,False,193707.44364708004,193054.6853860497,669.2011142116219,0.848609602403364,15.594243578876863,652.7582610303416,0.0034663811078888165,0.0033812091103876955,848.6096024033641,38880.827085380544,38880.827085380544,669.2011142116219,0.0,79,80,0.004559280086719525,43.866574589828105,48.05242698261591,0.2022801283214498,0.0128967467876546
2021-05-17,False,191913.75969335638,193707.44364708004,-1778.5643792593264,1.5325616549375012,13.58701280940075,-1793.6839537236647,-0.00918170384045609,-0.009259757497970072,1532.5616549375013,39503.05575652083,39503.05575652083,-1778.5643792593264,0.0,79,80,0.004598566833595054,43.491811087508886,48.052426982615906,0.2027069598240123,0.012687055390065396
2021-05-18,False,193964.08698688465,191913.75969335638,2068.6733685168565,0.7482207592125509,17.597854229369194,2050.327293528275,0.010779182127546373,0.010683586715222132,748.2207592125509,38472.71213647405,38460.75699347146,2068.8286437616644,-0.15527524480789456,80,80,0.0046970569801896,42.579853905014126,48.052426982615906,0.20012567165443512,0.0106587981841518
2021-05-19,False,180058.92096391387,193964.08698688465,-14142.48370934345,1.2438349080312876,-238.56152128070374,-13905.166022970778,-0.07291289809901629,-0.07168938456071515,1243.8349080312878,39664.84315605072,39644.78491279152,-14146.434049733693,3.950340390242812,80,80,0.0047886962768138325,41.76502088227453,48.052426982615906,0.20478497425731737,0.011864799693610652
2021-05-20,False,186963.80494251658,180058.92096391387,6887.636610556528,5.245721739232526,-22.4930897854261,6904.883978602721,0.03825212643552884,0.03834791379198895,5245.7217392325265,30000.387745696884,29967.95105556778,6891.176377242915,-3.5397666863867028,80,80,0.005408176817547987,36.981039405194224,48.05242698261591,0.19713071858958814,0.010318631967817732
2021-05-21,False,183579.00606522616,186963.80494251658,-3377.394116672101,13.167204453231006,-5.762443834905376,-3384.798877290427,-0.018064427591803163,-0.018104032908033234,13167.204453231008,31539.083684929286,28107.154086315328,-3676.005601038549,298.6114843664481,81,81,0.005794361508322208,34.516313784141374,54.51029482555567,0.2086575021563937,0.0119984263074409
2021-05-22,False,180899.38110583776,183579.00606522616,-2684.3555195664276,3.834705434196122,-8.565265612213775,-2679.62495938841,-0.014622344771888939,-0.014596576247048267,3834.705434196122,29806.610303863003,25938.205876610496,-2859.4517742982052,175.09625473177718,81,81,0.006411632285972354,31.19330477475582,54.51029482555567,0.2008584662524755,0.01271890962020277
2021-05-23,False,177597.17920454283,180899.38110583776,-3298.5599812725472,6.092227316746676,-2.4503072943662927,-3302.2019012949277,-0.01823422480004328,-0.018254357096793645,6092.2273167466765,29647.099587479104,25552.43011777691,-3594.7479260918217,296.1879448192746,81,81,0.006484824906941168,30.84123362928825,54.51029482555567,0.20039742887783835,0.013930999560662941
2021-05-24,False,183111.27967057616,177597.17920454283,5511.994874844608,7.109021982149489,-9.214613170864546,5514.100466033322,0.03103650012648182,0.03104835612103165,7109.021982149488,30257.57639983581,23891.126120828616,6534.548278123086,-1022.5534032784781,81,81,0.007340124679377784,27.24749356940812,54.51029482555566,0.19716451654732478,0.018066594797202424
2021-05-25,False,182716.62719074995,183111.27967057616,-389.5300393902862,5.1181183968565005,0.004322039072693018,-394.6524798262154,-0.0021272858782433552,-0.002155260345163933,5118.1183968565,35006.39553405016,25535.079530517272,-588.0739230779897,198.54388368770356,81,81,0.007896729444078612,25.32694090842515,54.51029482555567,0.21060817082113037,0.017765187003344302
2021-05-26,False,185285.08105677058,182716.62719074995,2567.2429704201313,2.8240265880986772,-4.03492218858484,2568.4538660206176,0.01405040696017236,0.014057034138109605,2824.026588098677,36828.73955784823,24436.327669596674,3485.859637679214,-918.6166672590825,81,81,0.008391642583210363,23.83323622483057,54.51029482555567,0.20498143068525712,0.019272148512699955
2021-05-27,False,184648.10055395885,185285.08105677058,-639.0435021655144,2.74451045386027,-4.807509807658533,-636.9805028117161,-0.003448974404850837,-0.0034378402145424105,2744.51045386027,39441.884373710185,25328.439641958284,-815.1651810474133,176.1216788818988,81,81,0.008606165192178862,23.239154203286343,54.51029482555567,0.21087176336309674,0.019756966773857656
2021-05-28,False,182742.10938390528,184648.10055395885,-1929.3266307072684,19.00198023119549,-42.337440884886945,-1905.991170053577,-0.010448667627336195,-0.010322289611078875,19001.98023119549,35327.60201474879,25887.091668613026,-2253.2533168715436,323.9266861642751,84,84,0.007073029102444212,28.276428260543483,57.28907219975773,0.21469595717991263,0.01879533704113369
2021-05-29,False,180750.04191753472,182742.10938390528,-2073.865601374612,2.950837145650098,-84.74897214969307,-1992.067466370569,-0.011348591785256391,-0.010900976644554467,2950.837145650098,35565.63280879856,24744.65782170414,-2272.608632042976,198.74303066836364,84,84,0.0073749635636066535,27.118778048876486,57.28907219975773,0.2110180669442042,0.018784401391465422
2021-05-30,False,181394.3671129751,180750.04191753472,630.1274119382851,3.7370538896764085,-17.93483739178211,644.3251954403909,0.0034861812769358806,0.0035647305450383095,3737.0538896764083,36522.67687058484,23827.253660299677,819.4455181314611,-189.31810619317588,84,84,0.007797675010133285,25.648670884602744,57.28907219975774,0.2107872087583595,0.02066581139116301
2021-05-31,False,183927.33772709963,181394.3671129751,2522.5824158436276,1.9061204229243112,-12.294318703836176,2532.9706141245397,0.01390661935093346,0.013963887933449267,1906.120422924311,38757.07169409875,24016.23400124556,3001.378992422362,-478.79657657873406,84,84,0.008144416901031825,24.5566996913753,57.28907219975773,0.21542096278994266,0.022204037718178
2021-06-01,False,183751.01794416914,183927.33772709963,-171.79528486854736,2.0450015592073068,2.4794965027192455,-176.3197829304739,-0.0009340388818297741,-0.0009586382595940504,2045.0015592073069,40663.22194646178,24954.844474627702,-366.69824767460574,194.90296280605847,84,84,0.008236263030627468,24.28285731724176,57.28907219975774,0.21968207080592783,0.021864294497080498
2021-06-02,False,185820.34344257077,183751.01794416914,2077.0443988275306,1.6459127429605618,6.072987682931608,2069.3254984016385,0.011303580366877853,0.01126157297822634,1645.912742960562,40520.030441400406,24312.89506587384,2200.375990530149,-123.33159170261818,84,84,0.008402984252289409,23.801068048593528,57.28907219975774,0.21596322862579964,0.02294225763379535
2021-06-03,False,185828.37264876903,185820.34344257077,15.449090126509645,1.5679949785117633,5.851888949728316,8.029206198269566,8.313992881669766e-05,4.3209511130577885e-05,1567.9949785117633,41877.15739219279,25035.634957753486,1321.4333877725762,-1305.9842976460666,84,84,0.008516369399034034,23.484185646372374,57.28907219975773,0.21966935223070225,0.024099825431148574
2021-06-04,False,183782.91354222753,185828.37264876903,-2029.142722947166,14.906067670220475,1.410315924126631,-2045.4591065415132,-0.010919445152664676,-0.011007248663838863,14906.067670220473,39786.84501213617,23837.21074114124,-2532.484705000241,503.34198205307524,86,86,0.007927027910723857,25.230136975982592,58.976915424842815,0.21952744587704562,0.023706766675432152
2021-06-05,False,182778.81781381695,183782.91354222753,-1003.2060245938654,1.8511169657130067,-0.9614131490011584,-1004.0957284105773,-0.005458646863618038,-0.005463487922014403,1851.1169657130067,38128.4944597423,23467.864108399932,-1093.3975380942393,90.19151350037407,86,86,0.007969090927332747,25.09696549126212,58.97691542484281,0.21602838752918369,0.022634375854529386
2021-06-06,False,183754.26363640858,182778.81781381695,971.3330577597993,2.433524716050406,-6.5462895478757455,975.4458225916246,0.005314253967597183,0.005336755288488834,2433.524716050406,38110.45545272839,24351.734939119306,1056.8722038892872,-85.53914612948796,86,86,0.007561433542857324,26.450010949170327,58.976915424842815,0.21933259255213017,0.021555342369074987
2021-06-07,False,181040.56795828344,183754.26363640858,-2708.352173523225,2.6183064633742172,2.725198138550695,-2713.6956781251497,-0.01473898956098344,-0.014768069183388816,2618.306463374217,38266.21200377414,24989.777465164807,-3251.8937877521334,543.5416142289087,86,86,0.0073071499867100355,27.370452278077273,58.97691542484282,0.22004943541606892,0.02218910020000361
2021-06-08,False,181739.29041815596,181040.56795828344,674.9300168119012,2.409584314453221,-26.202027375060467,698.7224598725084,0.0037280595417013,0.003859480047773119,2409.584314453221,36767.86019926481,24067.349977511985,355.47110176473007,319.45891504717144,86,86,0.007493709031174971,26.68905333366555,58.976915424842815,0.21655973589763491,0.02205292071819198
2021-06-09,False,182484.65852769904,181739.29041815596,697.6521582355451,1.6705767346292164,-49.38652804215241,745.3681095430684,0.003838752515377098,0.004101304169440101,1670.5767346292162,37963.29767503594,24245.446152943023,969.8041267843887,-272.15196854884357,86,86,0.007725498616124545,25.888296657326816,58.976915424842815,0.2190484721717978,0.023423187970768526
2021-06-10,False,180676.63367338202,182484.65852769904,-1809.937840467315,0.33795395826773444,-2.2509401085528187,-1808.0248543170298,-0.009918301379798388,-0.009907818382675675,337.9539582677345,39263.597308884375,24868.923533642825,-1981.8676109142539,171.92977044693876,86,86,0.007819885145292456,25.57582321019118,58.976915424842815,0.2216480441871382,0.023399746604853243
2021-06-11,False,179770.60586751843,180676.63367338202,-877.0251546449301,20.939680138406022,8.062971080261764,-906.0278058635979,-0.004854114983293144,-0.005014637407410792,20939.68013840602,40329.2483765951,25187.888800592544,-1114.4728949671287,237.44774032219868,86,86,0.00863866662126058,23.151721066279027,59.02532874985148,0.21679770236272078,0.026638814183789307
2021-06-12,False,178929.74630048146,179770.60586751843,-832.7038446564252,2.129243037732874,6.026479342805781,-840.8595670369639,-0.004632035591347367,-0.00467740297686171,2129.2430377328737,41006.719901080214,24947.466137528754,-1149.3242823069033,316.6204376504782,86,86,0.009103633984474719,21.969248801201672,59.025328749851475,0.21767929019385449,0.02750941996380767
2021-06-13,False,180658.66191871697,178929.74630048146,1739.0840346888303,3.3815568920521226,6.7868595612659615,1728.915618235512,0.0097193679119644,0.00966253881192062,3381.5568920521227,42342.794922079695,25193.479107022114,2284.6341486234724,-545.5501139346422,86,86,0.009599854559298923,20.833648964636605,59.02532874985148,0.2206010898034393,0.0295161014926043
2021-06-14,False,180967.91931856738,180658.66191871697,317.990333482853,1.1582838518882317,7.574649780569523,309.2573998503952,0.001760172084225472,0.001711832671436137,1158.2838518882318,44323.20344104102,26017.374308626735,533.9952879575775,-216.00495447472446,86,86,0.009924573781336987,20.15199890761022,59.02532874985148,0.22562143771197654,0.030314504360350533
2021-06-15,False,180449.41486687853,180967.91931856738,-509.9535951297597,0.7512849919645771,7.799571567107392,-518.5044516888316,-0.00281792262987818,-0.002865173306082394,751.2849919645771,44882.317176135795,26211.72002079971,-281.1653186769623,-228.78827645279745,86,86,0.010097842493295315,19.80621109239864,59.025328749851475,0.22507404516086826,0.030902718162118026
2021-06-16,False,180090.72173594724,180449.41486687853,-348.18818673705874,2.138932462195133,8.366011732033598,-358.6931309312875,-0.0019295611847449034,-0.0019877766364379914,2138.9324621951328,45477.23149298005,26661.14041261302,-747.9455740377683,399.7573873007095,86,86,0.010171650757092792,19.66249183895132,59.02532874985147,0.22288960000884978,0.030901433800136862
2021-06-17,False,180733.8438857975,180090.72173594724,652.5318533175245,1.8128391658196215,7.596864301441092,643.1221498502638,0.0036233507591483818,0.0035711009631757868,1812.8391658196215,45332.4702864225,26711.663411526395,654.1582269812698,-1.6263736637451673,86,86,0.010373932635008323,19.279091838814466,59.02532874985148,0.22326086247948232,0.03260098921867686
2021-06-18,False,178895.4105656418,180733.8438857975,-1819.6434569907897,12.155881428148692,6.633981736784051,-1838.4333201557224,-0.010068083640939933,-0.01017204791658941,12155.881428148692,43439.19592587042,25942.957114875484,-2297.8597866815935,478.2163296908038,86,86,0.008849818632446103,22.5993331961335,58.84292893462137,0.22480383903405607,0.02910796354670257
2021-06-19,False,178171.95539014216,178895.4105656418,-732.0358309455052,2.1448872249500925,-10.72554267080714,-723.4551754996481,-0.004091976583585416,-0.004044011935310056,2144.8872249500923,42624.774803720706,25633.16850340867,-959.9592442701489,227.92341332464395,86,86,0.009084675466731657,22.015095721625475,58.84292893462138,0.22214047364018602,0.028457184959406044
2021-06-20,False,178497.60755671404,178171.95539014216,309.03881231675797,1.9302317747167665,-18.54358602982251,325.6521665718637,0.0017344975062997842,0.0018277408802007302,1930.2317747167665,43089.678350184375,25648.73788092794,251.7552246533773,57.28358766338062,86,86,0.009366680533382436,21.352281556652738,58.84292893462138,0.2233101052951719,0.03046728831828586
2021-06-21,False,172484.68404718148,178497.60755671404,-6042.639096078639,1.3517746214186928,-31.067361167503368,-6012.923509532554,-0.0338527735961879,-0.033686297490693635,1351.7746214186927,44232.566096612376,25902.83886382491,-8250.906842305927,2208.267746227287,86,86,0.009621486289063494,20.786809230018346,58.84292893462136,0.2262410464542165,0.0313311642064901
2021-06-22,False,171607.9540358679,172484.68404718148,-899.120325247375,9.665062716791011,-32.05537665058975,-876.7300113135763,-0.00521275457130692,-0.0050829441243244265,9665.062716791012,43246.93663022771,23253.334391442804,-661.4199779367677,-237.70034731060727,86,86,0.010617344520341772,18.837101839995864,58.842928934621376,0.2251029117167846,0.0350708944959462
2021-06-23,False,175581.4815534802,171607.9540358679,3963.721876209199,4.124605813555155,-13.930247216665517,3973.527517612309,0.023097541710570935,0.023154681494435853,4124.605813555155,46482.11718551717,22556.4705719557,5702.957653129667,-1739.2357769204684,86,86,0.011632284198366698,17.193527650234184,58.842928934621355,0.22754389057686397,0.040076868335028375
2021-06-24,False,176880.2163853648,175581.4815534802,1296.8653125916678,12.022551774278801,-13.892071067198003,1298.734831884587,0.007386116697031382,0.00739676428512768,12022.551774278802,42287.3185339224,25774.13628137434,1592.9393108066054,-296.07399821493766,86,86,0.01141890921296308,17.514807786802802,58.842928934621376,0.23550241019909843,0.03814147888157665
2021-06-25,False,174661.9872097394,176880.2163853648,-2198.3974107074164,26.19335488144865,-6.361589963472992,-2218.229175625392,-0.012428735421251518,-0.012540855167163455,26193.35488144865,53344.17542351879,24667.144580123804,-3648.4535177022017,1450.0561069947853,92,92,0.013641632223318398,14.661002197239194,64.86372324731934,0.22963978666960044,0.05130840018147997
2021-06-26,False,174628.62417120088,174661.9872097394,-23.54301540314046,7.981833615142702,1.8381895202328438,-33.363038538516,-0.00013479186730464308,-0.0001910148800634717,7981.833615142702,55946.00643803034,21388.540031474415,194.26983503701607,-217.81285044015658,92,92,0.014419644175205236,13.869967772429682,64.86372324731934,0.22220798480124562,0.055692984045327285
2021-06-27,False,175856.17185438052,174628.62417120088,1222.5488143362904,4.040106761922744,-9.038975605273619,1227.5476831796414,0.007000850061887556,0.007029475774694239,4040.106761922744,58399.259941896424,19489.859513225143,2253.2892383426824,-1030.7404240063925,92,92,0.014731194000215105,13.57663200939989,64.86372324731933,0.21810726750023152,0.05720190518123459
2021-06-28,False,176062.98208191196,175856.17185438052,215.9361260787884,2.737064373530637,6.388834173823684,206.81022753143407,0.0012279132645830395,0.0011760191601502925,2737.0643735306367,59647.010551006635,17990.717217282276,1009.0246253800054,-793.0884993012169,92,92,0.014800827527056307,13.512757961296062,64.86372324731933,0.21453891133833566,0.058199418247415695
2021-06-29,False,175835.36669791225,176062.98208191196,-220.9791683321567,2.5902757790215647,4.045939888545098,-227.61538399972335,-0.0012551143103400795,-0.0012928065928920086,2590.2757790215646,59536.057337451064,15978.499563906531,1802.8856096282104,-2023.864777960367,92,92,0.014798930337290666,13.514490266640127,64.86372324731934,0.2074367051260279,0.05712758348609325
2021-06-30,False,175221.67555958658,175835.36669791225,-604.3465239388747,3.15629586822555,6.188318518569739,-613.6911383256701,-0.0034370020962685563,-0.0034901462080720114,3156.2958682255503,60269.426045739034,15435.764786487354,212.5639579109045,-816.910481849779,92,92,0.014959100971441411,13.369787421170715,64.86372324731934,0.20859123189734521,0.05702211854592029
2021-07-01,False,175466.58808105264,175221.67555958658,257.8724947935989,2.434324493091207,10.525648834452303,244.91252146605538,0.001471692893987341,0.0013977295941492664,2434.324493091207,59528.38991101974,16267.337978145099,-1106.4788128471148,1364.351307640714,92,92,0.015116302462883967,13.230748755595021,64.86372324731934,0.208981759327366,0.05711187170450248
2021-07-02,False,175747.00550701495,175466.58808105264,295.90454412733266,3.466697880467319,12.020420284563974,280.41742596230137,0.0016863868350289375,0.001598124343950708,3466.6978804673195,57506.488413645304,13769.753326186408,230.8627544101359,65.0417897171967,93,93,0.014661468669459391,13.641198198418587,66.1440547423719,0.20049702484157264,0.055379758595228035
2021-07-03,False,175556.45775217167,175747.00550701495,-179.4708328480312,0.929111777391507,10.147810217846763,-190.54775484326947,-0.0010211885677953562,-0.0010842162248714032,929.111777391507,57804.09651436731,14024.331632902133,957.1403867027302,-1136.6112195507617,93,93,0.01472494254737314,13.582395948680904,66.1440547423719,0.20032058207432898,0.055356701999454055
2021-07-04,False,175551.46677377692,175556.45775217167,1.1438907646900986,1.627651193440102,4.507217965988038,-4.9909783947380415,6.515799984440894e-06,-2.8429477665718633e-05,1627.651193440102,59100.531705058616,14572.197891739548,402.2075181814814,-401.06362741679135,93,93,0.014906475151336215,13.416988118889531,66.1440547423719,0.20332498645907798,0.05554041038189781
2021-07-05,False,174678.7312147595,175551.46677377692,-870.4425583140765,1.2808652604722135,1.0121354428816454,-872.7355590174303,-0.004958332586510176,-0.004971394287135604,1280.8652604722133,60512.63412775901,15477.407033516696,-1710.5428893436533,840.1003310295766,93,93,0.015073025559883954,13.268736207300627,66.1440547423719,0.20480216209548782,0.05470402521885431
2021-07-06,False,173969.51347440228,174678.7312147595,-705.8465097557637,2.2729526814985803,1.0982779199579087,-709.2177403572202,-0.004040826864536574,-0.004060126470035265,2272.95268149858,60177.08958526209,15506.90112490397,1037.6564199872137,-1743.5029297429774,93,93,0.015179101631300153,13.176010336974677,66.1440547423719,0.2037342840087672,0.055465563274456516
2021-07-07,False,173235.72987611365,173969.51347440228,-737.956603228225,1.626436009259566,-5.799440948839121,-733.7835982886455,-0.0042418731218490605,-0.004217886132081491,1626.436009259566,61685.37410617996,16298.135518630392,3.003754759972935,-740.960357988198,93,93,0.015353160901755461,13.026633491291832,66.1440547423719,0.207669913343005,0.054124533984830824
2021-07-08,False,171768.04332836828,173235.72987611365,-1458.9404216766925,2.9255741604826695,5.820551908195775,-1467.686547745371,-0.00842170620760525,-0.008472193056218599,2925.5741604826694,61691.0821951439,17476.85086197678,-2640.518004376485,1181.5775826997929,93,93,0.015513380208146504,12.892096842632304,66.14405474237189,0.20959886906993258,0.05449006603125347
2021-07-09,False,172598.3085718789,171768.04332836828,850.012682410453,11.856748627340764,7.890690272473455,830.2652435106388,0.004948607819822964,0.004833642087448269,11856.748627340763,60131.36164784884,6574.508540496581,1884.1771949373237,-1034.1645125268712,94,94,0.014817318311542834,13.497719074051211,67.54420188282522,0.1870414323733102,0.05176345149068346
2021-07-10,False,173261.14642750146,172598.3085718789,664.5248496343935,2.235854125217193,-0.5488601133794218,662.8378556225557,0.003850123765017377,0.0038403496598955113,2235.8541252171926,61854.77490503099,8073.107661668917,124.05686338604835,540.4679862483451,94,94,0.015197301565328235,13.160231054195071,67.5442018828252,0.1909333385366437,0.053638470366231684
2021-07-11,False,172936.2176500766,173261.14642750146,-327.6735852300036,2.4227478335844674,-5.167555638725608,-324.92877742486246,-0.0018912121499040971,-0.0018753701226421474,2422.747833584467,62416.90835326856,8276.81354905487,361.90055627044137,-689.5741415004449,94,94,0.015457321543543366,12.938852273765466,67.54420188282522,0.1915074644286542,0.055604427255102604
2021-07-12,False,172740.73138620704,172936.2176500766,-188.7201551686772,1.6605623809992682,5.105546319896435,-195.4862638695729,-0.0010912702829579527,-0.0011303951625976035,1660.562380999268,63412.90589055327,9137.618577061381,-1188.3221934030194,999.6020382343421,94,94,0.015730032750639018,12.714531696818954,67.54420188282522,0.19273069799395534,0.05635305836319311
2021-07-13,False,172743.90044250674,172740.73138620704,4.3747583829782,2.601792940123723,-1.396090856849781,3.169056299704258,2.532557520089043e-05,1.8345738577539102e-05,2601.792940123723,63415.82836798234,9720.861356377876,-830.9680872123876,835.3428455953657,94,94,0.015840805215103244,12.625620811832984,67.54420188282522,0.193142334396603,0.057496246591882814
2021-07-14,False,172596.59863797066,172743.90044250674,-142.8225066078557,2.852464749738507,1.6268331784863133,-147.30180453608054,-0.0008267875522203484,-0.0008527178335023532,2852.464749738507,63407.85914074839,9734.166457835236,123.01730943607339,-265.8398160439289,94,94,0.015879267983591884,12.595039028666868,67.54420188282522,0.19242441467892005,0.05749798803054408
2021-07-15,False,172062.401048335,172596.59863797066,-534.9861815490996,2.641747110519252,-3.430339023986649,-534.1975896356322,-0.0030996333981717556,-0.003095064409444918,2641.7471105192517,65182.419735589,9557.636275288447,-1974.6246646523273,1439.6384831032283,94,94,0.01603941554757714,12.469282275700584,67.54420188282523,0.19345475257348171,0.057857937847517485
2021-07-16,False,170485.5315439127,172062.401048335,-1541.9205394114138,25.322219620849726,9.626745390065196,-1576.8695044223286,-0.008961403130590188,-0.009164521097083617,25322.219620849726,61591.32806305929,18692.86451102191,-2717.097941932406,1175.177402520992,96,98,0.01567879987644464,12.756078371819392,70.27122619795514,0.21705781111356265,0.061161134391510816
2021-07-17,False,171586.41465197442,170485.5315439127,1120.0281345013423,4.590290334561559,14.554736105048981,1100.8831080617317,0.006569637460483571,0.006457340385968017,4590.29033456156,61925.25117008557,17400.80632898052,1068.4209501836688,51.607184317673145,96,98,0.01617111432424469,12.367731498883055,70.27122619795514,0.2151976375848665,0.06344971090900427
2021-07-18,False,171633.1088725577,171586.41465197442,52.09494112251204,3.833883735810452,1.566836803436459,46.69422058326513,0.00030360760919315936,0.0002721323869257025,3833.8837358104515,64021.338537589676,16389.946404106737,308.9518635290289,-256.85692240651684,96,98,0.01649868452483506,12.122178571203357,70.27122619795514,0.21349213094406458,0.06550040074514239
2021-07-19,False,169930.31004914624,171633.1088725577,-1697.7879254971172,7.246609936533199,-2.23571202220189,-1702.7988234114484,-0.009891960453607884,-0.009921155857380777,7246.609936533198,71525.526575032,14555.330188799384,-3312.1371724307714,1614.349246933654,96,98,0.01582639298355086,12.637118275015016,70.27122619795514,0.20636172397007044,0.07522016044029312
2021-07-20,False,170358.1862437635,169930.31004914624,458.70303325433935,6.465341011534761,24.36149762552822,427.8761946172764,0.002699359714707023,0.0025179510029348416,6465.341011534761,72874.90379377399,10725.79023071432,-1474.802023822493,1933.5050570768326,96,98,0.015569985181238383,12.845227382810695,70.27122619795514,0.1979081845668744,0.0782329940712147
2021-07-21,False,172676.8476086127,170358.1862437635,2337.1765925493096,5.394756452755771,13.120471247353228,2318.6613648492007,0.013719191569726336,0.013610507460624496,5394.756452755771,71510.34146349113,6789.429729771674,5713.287015659121,-3376.1104231098116,96,98,0.015073377941873937,13.268426013813318,70.27122619795513,0.18946713962882072,0.07935564003558705
2021-07-22,False,172508.94021807774,172676.8476086127,-165.9631035769463,7.632756313753007,-5.688469355738683,-167.90739053496065,-0.0009611196050620307,-0.0009723792903350747,7632.756313753007,73172.64564796774,4630.46092671661,818.8420951786101,-984.8051987555565,96,98,0.015060961653062699,13.279364532432052,70.27122619795513,0.18867645175915534,0.07716081808011153
2021-07-23,False,175866.7597669477,172508.94021807774,3361.0477248434454,4.620629323343514,-1.3924533498723108,3357.819548869974,0.01948332486765362,0.019464611773889372,4620.6293233435135,76016.6343488209,4245.904378612594,4729.220947539099,-1368.1732226956542,100,102,0.014418501050087882,13.871067408826177,73.33964348341829,0.1886060332009551,0.07743210987960175
2021-07-24,False,174967.54885931578,175866.7597669477,-899.0159954115052,5.32920890166079,-5.134296681222607,-899.2109076319433,-0.005111915387551626,-0.0051130236823805995,5329.20890166079,79421.64767925406,2963.594237409434,782.5788210440558,-1681.594816455561,100,102,0.014229216596548083,14.055587575251243,73.3396434834183,0.18669408630664713,0.08127532755442278
2021-07-25,False,177066.8604695282,174967.54885931578,2102.262461415751,2.398685737565886,0.552165465740365,2099.311610212445,0.012015156382547795,0.011998291248284077,2398.685737565886,80568.51739537713,3610.226077197518,2010.8449453170833,91.41751609866822,100,102,0.014822200248851142,13.493273376569169,73.3396434834183,0.19123845612685186,0.08220090950132188
2021-07-26,False,173529.4492364135,177066.8604695282,-3532.9078428557737,2.3090390714576214,2.194351187482673,-3537.4112331147144,-0.019952394442910217,-0.019977827718493234,2309.0390714576215,82656.40289511389,6097.849782285553,-2137.4436777638703,-1395.464165091903,101,102,0.015177182035926322,13.177676826078422,73.33964348341829,0.19625264923601732,0.08630965306825392
2021-07-27,False,172635.84252199598,173529.4492364135,-893.6032714860808,5.626575206943886,-5.62313227549854,-893.6067144175262,-0.00514957706267281,-0.005149596903290415,5626.575206943886,81832.16579288605,7738.463977843419,1558.259058829107,-2451.862330315188,101,102,0.015568037100773341,12.8468347490041,73.3396434834183,0.20148498120282374,0.08700296104954212
2021-07-28,False,173642.39795142398,172635.84252199598,1007.5024390045489,5.423274649233266,-4.476265072675925,1006.5554294279916,0.005835998042389027,0.005830512451663934,5423.274649233266,81370.67193606836,11738.286673632072,1921.3241895030458,-913.8217504984965,101,102,0.015975375575412454,12.519267484879547,73.33964348341829,0.21073997197129654,0.08765013649468925
2021-07-29,False,172447.33811869269,173642.39795142398,-1188.9710658939016,5.971232030902913,0.11753480649387482,-1195.0598327312985,-0.006847239383474267,-0.006882304361320865,5971.232030902913,78544.47998363907,17234.24414579547,-1024.9225603919144,-164.04850550198734,101,102,0.015761790297027727,12.688913900708027,73.33964348341829,0.22066802431618654,0.08317791913383472
2021-07-30,False,174321.20222268254,172447.33811869269,1917.1259925811753,38.542907343320536,4.718981248016798,1873.864103989838,0.011117167788705725,0.010866297644444288,38542.907343320534,81354.61501216583,13017.345420882768,3013.368279817231,-1096.2422872360553,104,105,0.014164700211900997,14.119606981301489,75.49037667698892,0.20508925848183987,0.07663097319379347
2021-07-31,False,172830.90077064093,174321.20222268254,-1472.8902096721597,8.852657768384809,8.558584601060431,-1490.301452041605,-0.008449288961365988,-0.008549169194793954,8852.657768384808,83135.99163568893,16343.118116248088,-820.4142929098318,-652.4759167623278,104,105,0.013850342983382237,14.440075616897124,75.49037667698892,0.21187857817510675,0.07118283309109368
2021-08-01,False,171482.94933037038,172830.90077064093,-1330.6692588281549,8.869351454315908,8.412829988092025,-1347.9514402705627,-0.0076992554739620835,-0.007799250216599817,8869.351454315907,78569.89070266181,20693.86015218433,-1333.3296949575683,2.660436129413995,104,105,0.012923825976333925,15.475293490197057,75.49037667698892,0.21580737859224677,0.0625381631157256
2021-08-02,False,172378.5354377861,171482.94933037038,908.9832344023584,7.125601393533131,6.271525593089286,895.586107415736,0.005300720788579145,0.0052225956627929525,7125.601393533132,72102.4695353288,23052.506476743598,1034.4132014806378,-125.42996707827942,104,105,0.011760960114480768,17.00541435845434,75.49037667698892,0.21489588334097626,0.05392341372916559
2021-08-03,False,172617.02285392865,172378.5354377861,253.2818874897024,7.626205767857112,7.168265579300257,238.48741614254504,0.0014693354183944525,0.00138350993374473,7626.205767857112,67886.35231271606,24177.80725944498,207.86894792313865,45.41293956656419,104,105,0.010694229806971042,18.70167404385025,75.49037667698892,0.21196727217668948,0.04519992463271015
2021-08-04,False,172630.84430658456,172617.02285392865,5.8390178533279595,4.775802206002419,-12.758237008599679,13.821452655925219,3.3826431233662465e-05,8.007004423672142e-05,4775.80220600242,64875.61361083185,25265.083054043025,1376.1162010852,-1370.2771832318717,104,105,0.009801403711873323,20.405240502207047,75.49037667698892,0.2109211675992794,0.038983250920990406
2021-08-05,False,171762.64071749008,172630.84430658456,-850.792371342455,7.416143970107699,9.995073781907337,-868.20358909447,-0.004928391416724385,-0.005029249509737551,7416.143970107699,61389.79921384594,25615.93018669048,-156.73341207367906,-694.058959268776,104,105,0.00906602835550133,22.060376623313626,75.49037667698892,0.2063998500459275,0.032863188598403405
2021-08-06,False,170960.38399954795,171762.64071749008,-770.1126728190471,13.508820141577793,18.635224981512685,-802.2567179421376,-0.004483586591368869,-0.004670728830151516,13508.820141577793,62606.680321616266,24255.23024989882,837.7399062347433,-1607.8525790537901,104,107,0.009329340791879371,21.43774190070192,77.85716364711178,0.2026905231151995,0.03382321955381335
2021-08-07,False,173327.0101249074,170960.38399954795,2410.915436997499,7.338181868469781,36.95112976958353,2366.6261253594457,0.014102187773536317,0.013843125933582973,7338.18186846978,58693.96707223011,25626.931034436264,2388.7040195095856,22.211417487913707,105,107,0.008481742472981032,23.580060422384776,77.85716364711179,0.20010608087617857,0.03155107321550917
2021-08-08,False,172738.13301454333,173327.0101249074,-548.2080144962458,8.486220930831543,32.1828749369895,-588.8771103640669,-0.0031628539262356283,-0.003397491885077202,8486.220930831543,53925.456038247976,26245.51168598033,-1475.5988614947025,927.3908469984568,105,107,0.007661130974203646,26.105806136644137,77.85716364711176,0.1950801316127606,0.02975633730543215
2021-08-09,False,172800.8024321248,172738.13301454333,77.75219866051475,3.1658195860403424,11.916961492998507,62.6694175814759,0.00045011600683427883,0.0003628001327083903,3165.819586040342,49254.83481206196,26052.82390995111,1279.5183968504684,-1201.7661981899537,105,107,0.007190060232016086,27.816178661401867,77.85716364711179,0.19064638862457225,0.028087525414888473
2021-08-10,False,178021.01829920194,172800.8024321248,5246.726982278429,7.667446914377027,18.84366828690335,5220.215867077149,0.03036286237350845,0.03020944228038305,7667.4469143770275,44452.21170757041,26680.738387536163,5494.02670215696,-247.29971987853025,105,107,0.006492483525646997,30.804852905663612,77.85716364711178,0.1900455704330862,0.02947952370890612
2021-08-11,False,177280.59796655393,178021.01829920194,-687.6703133810238,10.702458264079075,42.047561002891854,-740.4203326479947,-0.003862860239487275,-0.00415917367354658,10702.458264079076,39932.025114620934,26557.035438737697,-455.9296729275209,-231.74064045350275,105,107,0.005881375527238011,34.005650391435424,77.85716364711179,0.1876438021172614,0.029903590318979132
2021-08-12,False,176716.11152981344,177280.59796655393,-540.4539155323248,4.304425572045704,19.728095636139088,-564.4864367405096,-0.0030485790421030043,-0.003184141091666481,4304.425572045704,36954.045675688234,26403.085699891366,-655.5416141434064,115.08769861108156,105,107,0.00534622450364206,37.40957751844355,77.85716364711178,0.18607267856202026,0.03070890811592983
2021-08-13,False,178445.08739919812,176716.11152981344,1764.8942804942171,16.711503761020804,19.206907348524176,1728.975869384672,0.009987172449731416,0.009783917575013979,16711.503761020802,32390.478230515717,25636.00183725822,2089.5766971399303,-324.6824166457134,108,109,0.004359475845882497,45.87707492149521,79.30968334817385,0.18517808678315914,0.02752696259236288
2021-08-14,False,178419.7106360377,178445.08739919812,8.788147433516201,4.0344855818052165,30.130425012146887,-25.376763160435903,4.924846944010459e-05,-0.00014221048912187615,4034.4855818052165,32369.63073921392,26528.807941575255,24.321163637843824,-15.53301620432763,109,109,0.0040806338426092725,49.011993654425595,79.30968334817385,0.18942346789358855,0.02598729593335071
2021-08-15,False,180037.4133065318,178419.7106360377,1662.2743089474006,1.9762615909229928,42.59537686239765,1617.70267049408,0.009316651747845902,0.009066838325918302,1976.2615909229926,31756.87378183809,26777.213706297945,1714.7854101184193,-52.51110117101874,109,109,0.0038482086638589844,51.97223369884521,79.30968334817382,0.18964208623721251,0.024586384982250978
2021-08-16,False,179222.8440086201,180037.4133065318,-757.250812173708,3.170800617466076,54.14768512050375,-814.5692979116778,-0.004206074716727975,-0.004524444574888397,3170.800617466076,31312.519022657936,26987.449848723714,-784.5807136873925,27.329901513684476,109,109,0.0036721314275168864,54.46428156174165,79.30968334817385,0.18913747291387514,0.023721032053354366
2021-08-17,False,178955.5592025212,179222.8440086201,-240.71845266290572,0.8944779510410433,25.671875484963124,-267.2848060989099,-0.0013431237183767035,-0.0014913545624019573,894.4779510410434,30569.581739712376,26781.781043443414,-295.25954467476504,54.54109201185932,109,109,0.003567759384572702,56.05759201834552,79.30968334817385,0.18786033830420457,0.023065345621889652
2021-08-18,False,178629.4918734158,178955.5592025212,-313.5803612036455,1.7792809979349427,10.70768690381365,-326.0673291053941,-0.0017522806366063852,-0.0018220575575212438,1779.2809979349424,30196.497484250096,26740.565681892702,-308.6546772131126,-4.925683990532855,109,109,0.0035243061877224128,56.748758293685675,79.30968334817382,0.1869216488309045,0.022444671410785707
2021-08-19,False,180254.24873286273,178629.4918734158,1633.7423356318416,0.343820106596635,8.641656078319109,1624.7568594469258,0.009145983222017888,0.00909568091140457,343.82010659663496,29905.304869403415,26685.46170637422,1747.1114792616468,-113.36914362980505,109,109,0.003502092111012853,57.10872063332374,79.30968334817385,0.18629933848156136,0.021927884596649194
2021-08-20,False,181682.44745536888,180254.24873286273,1455.3326659246618,3.1129292224890164,24.021014196018527,1428.1987225061541,0.008073777323726048,0.00792324581831493,3112.9292224890164,29802.265171012354,26830.447074270953,1547.121768958662,-91.78910303400028,110,110,0.0036041205546423643,55.49203944978637,80.88393744618918,0.1873841495886295,0.022945898284845053
2021-08-21,False,181858.8276766539,181682.44745536888,221.82814183113425,2.938176813890857,42.50974373223583,176.38022128500756,0.0012209662790106752,0.0009708159690458605,2938.176813890857,31797.394032892,29205.3286591782,225.47037973285683,-3.642237901722567,110,110,0.0033923688318901815,58.95585353806082,80.88393744618918,0.1863610681198121,0.023964986803044427
2021-08-22,False,182479.57188764517,181858.8276766539,663.6856390771485,1.3481636799611192,41.593264405897635,620.7442109912897,0.003649455171113198,0.0034133301029245426,1348.1636799611192,31611.415934978344,29388.598884366096,745.608346088494,-81.92270701134565,110,110,0.0033124321504966747,60.37859521741796,80.88393744618915,0.1865742064866602,0.02387214118592781
2021-08-23,False,183908.34759751457,182479.57188764517,1478.5451333840306,1.6862819036876266,48.08314161094102,1428.775709869402,0.00810252412414902,0.007829784425125219,1686.2819036876265,32222.11591533297,30408.140676022245,1498.0633656753398,-19.518232291309157,110,110,0.003209761473297205,62.30992603775987,80.88393744618918,0.18747234885681288,0.023306602503474185
2021-08-24,False,180661.48835381522,183908.34759751457,-3186.180891794178,1.578445481428689,59.099906423749374,-3246.8592436993563,-0.017324830185344114,-0.017654768182709918,1578.445481428689,32580.38535974327,31106.148781859338,-3236.247196596153,50.06630480197465,110,110,0.003136175725553072,63.77193674781394,80.88393744618918,0.18954379874401273,0.023015619903350323
2021-08-25,False,182413.64206605245,180661.48835381522,1764.7159312304798,1.776106889823977,10.786112103441244,1752.1537122372147,0.009768080332507747,0.009698545762037129,1776.106889823977,30975.415818190195,29696.07477988914,1793.4557424301079,-28.739811199628008,110,110,0.003130166073701645,63.89437342648268,80.88393744618918,0.18416971742342914,0.022983513031050985
2021-08-26,False,179796.36466018995,182413.64206605245,-2603.068127022149,0.9671678564049722,13.24211098395028,-2617.277405862504,-0.014270139544056532,-0.01434803546609075,967.1678564049721,31895.45339124937,30737.369128013168,-2650.274992611699,47.20686558955035,110,110,0.003103711630227915,64.43897624126679,80.88393744618918,0.18911658665816586,0.022060160337472066
2021-08-27,False,181875.58423182712,179796.36466018995,2089.767479939223,1.2521495252592079,9.295758776795473,2079.2195716371684,0.011622968483755634,0.011564302624064923,1252.1495252592078,30425.66248322183,29386.450526250224,2125.893907314374,-36.12642737515095,110,110,0.003141277374606095,63.66836676594957,80.84180501212505,0.18478632067676762,0.02188249503824811
2021-08-28,False,182386.09554965416,181875.58423182712,532.9775470714412,1.0838888823131991,21.3823403620775,510.5113178270505,0.002930451326507263,0.0028069260642282195,1083.888882313199,31538.169291666054,30497.12218764176,534.3705479747975,-1.3930009033563147,110,110,0.0031331521911002053,63.833477533617696,80.84180501212505,0.19004333975384402,0.022111733713142918
2021-08-29,False,182478.1681282079,182386.09554965416,119.07311983344673,0.9216045403012431,26.078936739390507,92.07257855375497,0.0006528629250744028,0.0005048223565303992,921.6045403012431,31571.199742353794,30591.31504839604,122.2720263082524,-3.1989064748055536,110,110,0.003108111803475541,64.34774958106615,80.84180501212506,0.18901582614259702,0.02211992736357269
2021-08-30,False,181151.43540784583,182478.1681282079,-1287.5490020317102,0.7949170748141154,38.388801255554206,-1326.7327203620785,-0.007055907099676095,-0.007270638093154931,794.9170748141154,31416.532660930498,30499.85642101554,-1304.7323622409142,17.18336020920401,110,110,0.003097001791730206,64.57858711417333,80.84180501212505,0.18807276874449064,0.02162331477652519
2021-08-31,False,183437.51559575368,181151.43540784583,2305.4671139596467,0.958400742219571,18.42852530957216,2286.080187907855,0.012726739419806964,0.01261971887090464,958.4007422195709,30905.641492526192,30040.793338807176,2325.9762615721106,-20.509147612463995,110,110,0.003109911508513361,64.3105115539466,80.84180501212505,0.18619219330103695,0.02183648226549978
2021-09-01,False,184299.0837312892,183437.51559575368,891.9491874901937,3.12302791147714,27.258024043210586,861.5681355355059,0.004862414237313412,0.0046967935252359575,3123.02791147714,30913.73283259586,30054.5354891037,922.8653545578784,-30.916167067684672,110,110,0.003119315493564773,64.11663084821176,80.84180501212505,0.18725834438840486,0.02193934582044598
2021-09-02,False,184121.14872510245,184299.0837312892,-113.68471553839454,0.8046691608126313,63.44562148752925,-177.93500618673642,-0.0006168490544649075,-0.0009654687510338808,804.6691608126313,31484.519924168246,30660.38793169185,-105.68149323882913,-8.003222299565392,110,110,0.003106880212708571,64.37325751469525,80.84180501212505,0.19003857647886993,0.021448312251770574
2021-09-03,False,184521.8018331566,184121.14872510245,464.1680765187432,10.352278091450588,53.16269037314255,400.65310805415004,0.002520992725348232,0.0021760298087882086,10352.278091450587,31568.9887435357,30856.777385373498,478.72273859651733,-14.5546620777741,110,110,0.003025625622401955,66.10203143415539,80.3496204110186,0.1901238165003898,0.021654557154860952
2021-09-04,False,185175.09191452427,184521.8018331566,738.4099764652578,0.30025144613219684,84.81964365146953,653.2900813676562,0.004001749219492899,0.0035404492850029546,300.25144613219686,31915.9511877755,31320.814685911395,761.7504244954287,-23.340448030170858,110,110,0.003002448062066103,66.61230964387511,80.3496204110186,0.19134882573870515,0.021349149548029592
2021-09-05,False,185818.17675215763,185175.09191452427,723.9003341957402,0.8023609114894418,80.01313565089592,643.0848376333548,0.003909274874451735,0.00347284740611982,802.3609114894418,32120.17152148498,31640.19426999039,734.8677164488156,-10.967382253075357,110,110,0.002969473149329535,67.35201496775856,80.34962041101862,0.19180633817687834,0.020854047983285946
2021-09-06,False,185595.87891135082,185818.17675215763,-141.7229728582993,1.0115896940241336,79.5632782544674,-222.29784080679084,-0.0007626970371543789,-0.0011963191367617896,1011.5896940241337,32540.520348846716,32181.517419136275,-141.32573164636142,-0.39724121193789896,110,110,0.002931752910046182,68.21857303003395,80.3496204110186,0.1913233286326961,0.02072706873462984
2021-09-07,False,179254.50202009483,185595.87891135082,-6401.726152957348,0.9226644990375066,-61.27192620040178,-6341.3768912559835,-0.03449282489734111,-0.03416766001730522,922.6644990375066,32710.495705674337,32455.91223140364,-6428.4967912782395,26.77063832089206,110,110,0.0028986123098072784,68.99853399618576,80.3496204110186,0.18938041039181044,0.020727064304734845
2021-09-08,False,179596.35855587776,179254.50202009483,355.31533005186685,3.0864453190690115,10.372348949876999,341.85653578292084,0.001982183577247255,0.0019071015340222694,3086.445319069012,29332.929205771125,29132.054127053714,356.063076674989,-0.7477466231222005,110,110,0.0030372220393993896,65.84964727819175,80.3496204110186,0.18712445844507095,0.01811643689110616
2021-09-09,False,180153.8112335842,179596.35855587776,565.3677614800966,0.5087747108576343,7.406309062813467,557.4526777064256,0.0031479912289212367,0.003103919713010136,508.7747108576343,29868.617945940612,29666.394477441016,567.949851529793,-2.5820900496963297,110,110,0.003113245152266749,64.24164825387436,80.3496204110186,0.18988254520607784,0.017196610012834873
2021-09-10,False,179812.17977782153,180153.8112335842,-314.7166185441098,18.253886812724346,8.660950405837962,-341.6314557626721,-0.0017469328924496295,-0.0018963321032365997,18253.886812724348,28946.023645352507,28738.635996753514,-320.2987585758548,5.582140031745069,110,112,0.003023641821422229,66.14540074919526,84.03272163062012,0.1936576886575518,0.01698264478222771
2021-09-11,False,179836.06855411248,179812.17977782153,33.74468250610698,2.3015579480042563,7.554348267145848,23.88877629095688,0.000187666277934022,0.00013285404982284397,2301.5579480042566,28386.628161627534,28190.404793092028,35.17444241068233,-1.42975990457538,110,112,0.0030989512534747143,64.5379625690301,84.03272163062012,0.19133520218717906,0.015920293033405506
2021-09-12,False,180335.1700685254,179836.06855411248,508.8437166446894,1.1223623629466408,8.619839868849343,499.1015144128934,0.0028294864358179564,0.0027753137533848738,1122.3623629466408,28727.44752582252,28528.364637477865,513.0061134528993,-4.162396808209886,110,112,0.0031452273758849486,63.58840748158233,84.0327216306201,0.19299059739495542,0.01577559500416173
2021-09-13,False,178458.75561173543,180335.1700685254,-1868.7753245403187,0.6747386204568465,6.964393629197791,-1876.4144567899732,-0.010362789043480562,-0.010405149789012073,674.7386204568465,29199.208017582332,28991.800335621258,-1870.1452308293187,1.3699062890000637,110,112,0.003182964367039679,62.83450800487922,84.0327216306201,0.19468526480767778,0.015831064655412803
2021-09-14,False,179176.36956090282,178458.75561173543,726.779012022292,1.4500330424485264,7.71502981243278,717.6139491674106,0.004072532107102169,0.0040211753506154135,1450.0330424485264,28595.25391789753,28386.850396832597,734.0101145987567,-7.231102576464641,111,112,0.0032639165635075847,61.27607618286326,84.0327216306201,0.19278892253068633,0.015403586242263676
2021-09-15,False,180188.86073211234,179176.36956090282,1023.2568955095571,0.6785078907706172,10.087216409272902,1012.4911712095137,0.005710891999972953,0.005650807490355829,678.5078907706172,29385.311779489144,29157.399723529663,1029.1133955653731,-5.856500055816097,111,112,0.003306102646581677,60.494189497349296,84.0327216306201,0.1956754301194873,0.015707806606355453
2021-09-16,False,179502.62642661447,180188.86073211234,-670.4824544752285,0.8153088032737703,14.936542219363163,-686.2343054978654,-0.0037209983555644872,-0.0038084169171705533,815.3088032737703,29673.61260010528,29434.591537082306,-670.5884242857436,0.10596981051508769,111,112,0.0033261543658202313,60.129500318810344,84.0327216306201,0.19619829822436596,0.016098835949639713
2021-09-17,False,178308.1110952252,179502.62642661447,-1175.162848799915,7.519686540248207,11.832796049089357,-1194.5153313892527,-0.006546772446699288,-0.006654584142687198,7519.686540248207,29629.858953312272,29401.361128683642,-1182.3978205618278,7.234971761912821,111,113,0.002960818236484736,67.54889494245084,84.78268935612644,0.19850993085140323,0.015263895443019324
2021-09-18,False,179789.93828331048,178308.1110952252,1492.1077701168824,0.8078027722521236,9.472779259352812,1481.8271880852774,0.008368142991094916,0.008310486713046438,807.8027722521235,29155.37773031245,28937.802188790403,1491.6365924611769,0.471177655705608,112,113,0.002988696005889091,66.91881663638891,84.78268935612644,0.19575281247807405,0.014518595703123128
2021-09-19,False,179178.4733490405,179789.93828331048,-599.785747301718,0.9446433999477011,10.734543568311919,-611.4649342699776,-0.0033360362266579343,-0.0034009964078548136,944.643399947701,29795.2229984252,29575.720226472382,-602.4347245263285,2.6489772246105456,112,113,0.003009108711038171,66.46486358779578,84.78268935612644,0.19782373548671495,0.014695430994038895
2021-09-20,False,174595.67416318544,179178.4733490405,-4578.1360757752955,1.420554039194042,3.242556040549496,-4582.799185855039,-0.02555070366548478,-0.025576728611409277,1420.5540391940422,29568.57278529212,29349.29646916066,-4593.7688678136055,15.63279203830881,112,113,0.0030402686521461015,65.78366022319166,84.78268935612644,0.1961651512199652,0.014154460043089248
2021-09-21,False,172460.18217052074,174595.67416318544,-2130.961119968664,3.111565801521808,1.4193068945117207,-2135.491992664698,-0.012205119801404509,-0.012231070459791377,3111.565801521808,27731.198255874973,27532.698318105722,-2138.5477011789217,7.586581210257393,112,113,0.003208397736935693,62.3364110058929,84.78268935612644,0.19554288562382144,0.012718253926018407
2021-09-22,False,176736.00261202527,172460.18217052074,4278.944182467505,2.7178784328620704,0.40586253009814244,4275.820441504546,0.024811200641297482,0.024793087817087018,2717.8784328620704,27626.423970400614,27432.058731602305,4290.21172672304,-11.26754425553436,112,113,0.0033998517552569964,58.82609431153916,84.78268935612643,0.19712306014893313,0.012561845019922274
2021-09-23,False,178717.1583370911,176736.00261202527,1987.5970394184685,2.9495378974812403,3.491776455168231,1981.155725065819,0.011246135535732834,0.011209689569673562,2949.53789748124,28978.365343897945,28761.46501658857,1991.0106741048853,-3.413634686416545,112,113,0.00351289077130879,56.93316787230661,84.78268935612641,0.20464101197547654,0.013658698687598841
2021-09-24,False,176520.45994214495,178717.1583370911,-2168.270953237624,25.402475563614257,3.0249661449078338,-2196.698394946146,-0.012132416234751755,-0.012291480098417844,25402.475563614258,32015.38571578394,29221.262549483406,-2268.9531068131014,100.68215357547798,112,113,0.004379512880604888,45.667179307936294,85.18006519803986,0.19850997817269322,0.016256259531969696
2021-09-25,False,176579.00898715865,176520.45994214495,57.17917773194634,2.9993088044265,-4.3691760861786175,58.54904501369846,0.00032392379756254297,0.0003316841856909282,2999.3088044265,32616.801968339365,28718.008982640218,35.93883890997765,21.24033882196869,112,113,0.004664079754978182,42.88091338629684,85.18006519803984,0.19951787948409436,0.017144187628723533
2021-09-26,False,176085.99554907708,176579.00898715865,-491.50947774859173,1.977551006078909,-0.4735906730995021,-493.0134380815711,-0.002783510229034844,-0.002792027438082544,1977.551006078909,34129.93496365253,29070.761314320633,-559.2512664691316,67.74178872053973,112,113,0.004940827653126415,40.479048054518906,85.18006519803986,0.20242168206956584,0.018390600446885792
2021-09-27,False,175444.43599070088,176085.99554907708,-634.0929701591205,2.339092380304031,5.1274958367845285,-641.559558376209,-0.0036010414580777486,-0.00364344453615222,2339.0923803040305,35428.04552241772,29020.219005720122,-758.1855564855994,124.09258632647885,112,113,0.005303271051009738,37.71257363168722,85.18006519803984,0.20330179741020796,0.02079033546713545
2021-09-28,False,174717.03998180866,175444.43599070088,-721.6405092860164,3.275963300993115,2.479536305213517,-727.396008892223,-0.0041132139939978815,-0.004146019249825496,3275.963300993115,37193.52176617902,28860.32688491129,-929.5616101728187,207.9211008868025,112,113,0.005769944382619579,34.662379173436534,85.18006519803984,0.20452285147238625,0.023967586512055744
2021-09-29,False,175099.07622357947,174717.03998180866,389.3420402330217,4.2201137741240276,3.085684688088343,382.03624177080934,0.0022284148144540426,0.0021865997833444666,4220.113774124027,40081.98020478041,29021.027840577462,530.9317917653431,-141.58975153232143,112,113,0.006286863615754388,31.8123649921108,85.18006519803984,0.2063288475869166,0.026875384183696806
2021-09-30,False,176624.58144978178,175099.07622357947,1534.2174083088346,2.2817745008576185,6.430407605678819,1525.5052262022982,0.008761996016185901,0.008712240287632473,2281.7745008576185,42765.09964061968,29245.535405875453,1777.8662336334692,-243.64882532463497,112,113,0.006793822600118017,29.438507858083575,85.18006519803986,0.20924300695990097,0.030090217573907327
2021-10-01,False,180146.34252902892,176624.58144978178,3555.740963132543,26.772496192170284,7.207387693225208,3521.7610792471473,0.020131631361535698,0.019939246566585415,26772.49619217028,38513.33630716818,30069.406118624967,4131.513520472983,-575.7725573404394,113,113,0.005737494435147608,34.858421609058105,86.14350558765256,0.21268499901121712,0.026673836428011126
2021-10-02,False,180776.8020686811,180146.34252902892,644.597273516933,5.966219896315753,8.171513968435049,630.4595396521821,0.0035781868478015986,0.0034997076865470604,5966.2198963157525,37275.98605157624,30527.24597668481,532.8499968929467,111.7472766239863,113,113,0.005523523300860841,36.208772753584654,86.14350558765254,0.21347981240445302,0.025229538399669526
2021-10-03,False,183087.06488484849,180776.8020686811,2319.360738329444,3.7602737114549063,5.33764845061445,2310.2628161673747,0.012829968844388936,0.01277964202115742,3760.2737114549063,36371.43130450429,30815.24344598336,2383.435587132488,-64.07484880304344,113,113,0.005146758368723534,38.859411239390035,86.14350558765256,0.21323354395985042,0.023348155315056424
2021-10-04,False,183154.81073383774,183087.06488484849,76.10573493613123,4.531654283700438,3.8282316631768936,67.7458489892539,0.00041568056696958617,0.0003700198538431005,4531.654283700438,36011.299784415976,31145.4458093372,13.639224175443076,62.46651076068811,113,113,0.004875295560198987,41.02315388481533,86.14350558765254,0.2129800954848683,0.021441107529870912
2021-10-05,False,184121.85901836967,183154.81073383774,975.9398916581772,1.4295838127329887,7.462023313514177,967.0482845319301,0.005328497175410926,0.005279950227118269,1429.5838127329887,35069.12265456424,30720.074805032607,1195.3706769468122,-219.43078528863506,113,113,0.004590998910623908,43.563504129174454,86.14350558765254,0.21220428276276954,0.020115861095412507
2021-10-06,False,184887.36086664282,184121.85901836967,777.6858785210933,2.5684272036918294,9.61560304423866,765.5018482731628,0.0042237563897478585,0.004157582659410306,2568.427203691829,34295.82690982695,30674.316311293005,728.862741571732,48.82313694936147,113,113,0.004358514227282504,45.88719677638824,86.14350558765254,0.21157286130771621,0.0190515928262338
2021-10-07,False,184541.09156713047,184887.36086664282,-321.4960719726465,1.839407949168788,22.933819590533236,-346.26929951234854,-0.0017388753372088968,-0.001872866256996922,1839.407949168788,33620.211077161875,30102.36053001212,-367.7338224999403,46.237750527293784,113,113,0.00424463081136363,47.11834995509257,86.14350558765256,0.20785071422893697,0.017438784136484708
2021-10-08,False,184717.7680627844,184541.09156713047,205.91667858830255,1.1870978136700259,28.05308512070821,176.67649565392432,0.0011158310425046787,0.0009573829554901856,1187.097813670026,33369.60408469035,30005.799629674097,157.34400447500872,48.57267411329389,113,113,0.004179475215489231,47.85289771758795,86.15098569755874,0.20675451344550827,0.017417936093048595
2021-10-09,False,184617.54367321247,184717.7680627844,-77.99709335846559,0.6259129039732707,21.601383309496043,-100.2243895719349,-0.00042225008550317083,-0.0005425812071195515,625.9129039732708,33238.47807615801,29973.842678774014,-65.28886628494621,-12.708227073519366,113,113,0.0041299667991930925,48.42653941893086,86.15098569755874,0.20639784721957632,0.016500895500364814
2021-10-10,False,182970.66736911127,184617.54367321247,-1621.4628923746295,0.743963629453508,24.669448097102098,-1646.876304101185,-0.008782821286176063,-0.00892047565650795,743.963629453508,33713.35178298128,30419.851182638144,-1769.8886656585532,148.425773283924,113,113,0.004072298470039811,49.11231371458016,86.15098569755874,0.2055004525526513,0.016045112160340765
2021-10-11,False,183263.86344831745,182970.66736911127,302.73493354612543,1.3048213830470292,8.234032956883224,293.1960792061952,0.001654554458914503,0.0016024212154985666,1304.8213830470293,33075.14443818679,29642.459682252902,306.4117343614326,-3.676800815307085,113,113,0.004105333598029836,48.71711280563916,86.15098569755874,0.2020236261122453,0.015994039907068366
2021-10-12,False,183259.4911607391,183263.86344831745,0.9044005639890429,0.7332381478862534,4.54344999446484,-4.372287578362051,4.934963974739594e-06,-2.385788172361152e-05,733.2381478862534,33577.35296083817,29885.970930300537,-66.70272788773329,67.60712845172235,113,113,0.004137576511520946,48.33747471330297,86.15098569755874,0.20312352208742693,0.015944089344154193
2021-10-13,False,183793.06600058466,183259.4911607391,543.7246252298062,2.187236637217874,7.962548747035418,533.5748398455529,0.0029669657041276995,0.0029115809307663524,2187.236637217874,35630.279741716586,29755.59251350655,553.9353195918665,-10.210694362060318,113,113,0.0042917564124030205,46.600967245486544,86.15098569755874,0.2020685106681446,0.016251734282265836
2021-10-14,False,184825.996139457,183793.06600058466,1051.1742181157265,0.4681288673302465,17.775950376034018,1032.9301388723622,0.005719335560310978,0.005620071319062039,468.1288673302465,36227.12440686264,30096.359425027043,1050.5995820403953,0.5746360753313544,113,113,0.004297666295371634,46.53688449831244,86.15098569755874,0.20349368817652577,0.015511249163750958
2021-10-15,False,184241.7744232202,184825.996139457,-552.8183643934096,14.009664613706773,17.393687229703097,-584.2217162368195,-0.002991020613660271,-0.0031609282700470654,14009.664613706773,36924.979649779336,28577.93169700681,-447.7087750962838,-105.10958929712586,114,114,0.004932980983090393,40.54343624789424,87.01496492129222,0.20089400914427133,0.017759415704310895
2021-10-16,False,184246.11435959165,184241.7744232202,44.166508641109516,1.7455060672382097,38.08106620240298,4.339936371468326,0.0002397203825211486,2.3555658780723072e-05,1745.5060672382097,36569.28207244085,28461.764987922274,243.40109584342625,-199.2345872023167,114,114,0.004779585352857014,41.84463404978202,87.01496492129222,0.20182436058279946,0.016656098502237426
2021-10-17,False,184068.8525343959,184246.11435959165,-138.42139876182435,1.4339857503842925,37.40644068353737,-177.261825195746,-0.0007512853079314792,-0.0009620926108096127,1433.9857503842925,36459.64122656052,28872.421295340257,30.053036070802676,-168.47443483262703,114,114,0.0046451220144844065,43.05591960261982,87.0149649212922,0.20402239829372631,0.016430496393415164
2021-10-18,False,183990.66139212225,184068.8525343959,-55.37608783765178,1.9263489260937454,20.88870550990278,-78.19114227364831,-0.00030084442356864244,-0.0004247929032916483,1926.3489260937454,35224.60800865066,29010.221776370003,-104.20379513136959,48.827707293717815,114,114,0.004517869353617489,44.26865505525489,87.01496492129222,0.20431141602942626,0.016096469878245773
2021-10-19,False,184225.41460769324,183990.66139212225,249.10305584428102,1.0355588946159937,13.314281378673666,234.75321557099136,0.0013538896700490183,0.00127589744933132,1035.5588946159937,34296.40863248225,28836.69948959171,289.7036558051544,-40.60059996087331,114,114,0.004436259503343499,45.08302542925294,87.0149649212922,0.20321861613822712,0.016560389999492796
2021-10-20,False,185274.85799898472,184225.41460769324,1072.6352904839596,1.6742046382177591,21.517694554256273,1049.4433912914856,0.005822406711734801,0.005696518005000929,1674.204638217759,34176.40022857544,29203.391134718477,1247.2367322179807,-174.60144173402142,114,114,0.004325749696353671,46.23476022401091,87.01496492129222,0.2039910847857784,0.016450330954185396
2021-10-21,False,184480.08397306074,185274.85799898472,-737.5277571004058,1.7527749660845882,55.4934938574972,-794.7740259239877,-0.003980722290470989,-0.0042897025236329845,1752.7749660845884,34622.4571936773,29743.85577728578,-854.024128125043,116.4963710246373,114,114,0.004179856925428764,47.8485277290883,87.01496492129222,0.2039891267137832,0.01637261908775104
2021-10-22,False,183979.77447634283,184480.08397306074,-385.0320057924925,48.55150173587285,66.72598918952748,-500.3094967178928,-0.0020871196364411777,-0.002711997338373675,48551.501735872844,46840.85922833036,46216.053797453846,-382.6000346538907,-2.4319711386018525,116,116,0.003590829958778889,55.697429924532756,77.86525984607346,0.20373606314930373,0.016421047534968224
2021-10-23,False,184572.8440652253,183979.77447634283,657.5841952132192,0.6252832761282563,63.889323054631305,593.0695888824597,0.0035742200308967937,0.0032235586252374712,625.2832761282564,46592.22310513462,45973.19289681823,661.4280976265055,-3.843902413286448,116,116,0.0035334792118898116,56.6014367162596,77.86525984607346,0.2046364068560681,0.015605472656365055
2021-10-24,False,184367.693718576,184572.8440652253,-118.12657798802164,1.4570311669507467,85.56673749435646,-205.15034664932884,-0.0006399997712896348,-0.001111487162092121,1457.0311669507469,46386.63455595276,45777.34253998974,-128.8346591425096,10.708081154487926,116,116,0.0034858256562886004,57.375216009208664,77.86525984607346,0.20499805846817976,0.0163675484681037
2021-10-25,False,187767.92039438785,184367.693718576,3464.524709468607,1.8929240518333075,62.405109604918124,3400.226675811856,0.01879138714376367,0.01844263822599016,1892.9240518333074,45882.74124519398,45299.94574869314,3485.6693431341137,-21.14463366550674,116,116,0.003463494329409735,57.74515012244439,77.86525984607346,0.20327086830417124,0.016391940677577526
2021-10-26,False,186982.2192827833,187767.92039438785,-692.2886014049285,3.170163131871304,90.24234706775708,-785.7011116045569,-0.003686937576721546,-0.004184426764456196,3170.1631318713044,46389.42665455515,45805.43251921197,-693.5007231216211,1.2121217166927918,116,116,0.003419496403864966,58.48814456244063,77.86525984607346,0.20444207110640475,0.016617641093434755
2021-10-27,False,187468.85235655744,186982.2192827833,540.7693144326765,1.3884561961064592,52.74778446242699,486.63307377414316,0.002892089507264014,0.0026025633647987763,1388.4561961064592,45244.417926621,44673.63887347526,506.315867777186,34.453446655490716,116,116,0.0034261128947951375,58.37519256993395,77.86525984607347,0.20250440150582585,0.01656538867732316
2021-10-28,False,187356.90634160914,187468.85235655744,-88.00315243152306,6.019293217619483,17.923569299165713,-111.94601494830826,-0.00046942812806121504,-0.0005971446111772845,6019.293217619483,44591.138068298336,44050.56920407324,-74.1432033503786,-13.859949081144487,116,116,0.003551881488351981,56.30818501571036,77.86525984607346,0.20192280292508744,0.01573800787664689
2021-10-29,False,188636.6054681067,187356.90634160914,1332.239295980197,16.211641451077348,36.32852803156533,1279.6991264975543,0.0071107028931782,0.006830274642581203,16211.641451077347,49169.91971949623,44679.12966819893,1447.874572312815,-115.6352763326179,116,116,0.0038495574508566016,51.95402395033645,77.30832682880717,0.20270123845755852,0.016678914638368313
2021-10-30,False,188647.10563474896,188636.6054681067,55.289420896976026,1.1518134681017391,43.637440786606405,10.500166642267885,0.0002931001687597902,5.56634626466663e-05,1151.813468101739,49588.5068161009,44867.155748950376,-32.96040565610838,88.24982655308438,116,116,0.0038463318514340037,51.99759347998932,77.30832682880718,0.20446934297745795,0.01711012258972722
2021-10-31,False,188095.3629082197,188647.10563474896,-491.67362873271213,1.7896670151058829,58.279430781447076,-551.742726529265,-0.00260631419219689,-0.0029247346503027054,1789.667015105883,49507.292399480124,44953.02986925626,-413.112858340407,-78.56077039230517,116,116,0.003849317493403436,51.957262642725475,77.30832682880717,0.203560403318067,0.017126849013077275
2021-11-01,False,188092.45422276363,188095.3629082197,85.76215336105025,1.1891698737661234,87.48166894333491,-2.908685456050776,0.00045595038620328734,-1.5463887100024132e-05,1189.1698737661234,48865.3933183551,44154.00924734662,188.87714740553878,-103.11499404448858,116,116,0.0038443559444835,52.02431899860682,77.30832682880717,0.20206362378989148,0.01677457673143534
2021-11-02,False,189181.83244540077,188092.45422276363,1162.6463010514808,2.59981545495674,70.66826295937948,1089.3782226371445,0.006181249034448364,0.005791716776404866,2599.81545495674,46899.72215910329,42364.6641474701,1182.3389773135825,-19.69267626210172,116,116,0.003778561993566836,52.930188876220264,77.30832682880717,0.2017105010343666,0.01654411319410387
2021-11-03,False,187977.98373854716,189181.83244540077,-1109.8976868781294,2.9104380481159167,91.04058192736989,-1203.8487068536153,-0.00586683019469353,-0.00636344775442988,2910.4380481159164,45278.52479457886,40850.58792948302,-1134.3945201473327,24.496833269203705,116,116,0.0037305487366686655,53.61141593839559,77.30832682880717,0.20093728947788192,0.016993071937918193
2021-11-04,False,187629.53472910338,187977.98373854716,-271.8257342109505,3.705418357466085,72.91785687535857,-348.44900944377514,-0.001446050908754424,-0.0018536692569722539,3705.4183574660847,42232.72263609391,37853.77943753649,-306.9270866126854,35.101352401734815,116,116,0.003708392204141508,53.93172808869605,77.30832682880717,0.19920901590464296,0.017381737188459895
2021-11-05,False,188992.351046784,187629.53472910338,1422.3629519835276,9.761517644064126,49.78511665884951,1362.816317680614,0.00758069860396506,0.007263335805038514,9761.517644064126,36178.69346293493,35524.6831995261,1427.2815577964377,-4.918605812909852,116,116,0.0035157753622029253,56.886455872619635,76.69704781325476,0.19972814693035723,0.01719315022420555
2021-11-06,False,189798.01769463933,188992.351046784,843.0324178223423,4.8165934203457565,32.54917654664884,805.6666478553477,0.004460669509390115,0.004262959021319913,4816.593420345756,33908.85061209163,33262.480590691404,840.0327298620775,2.999687960264867,116,116,0.0035662972171088252,56.08057540480004,76.69704781325474,0.19851330534334155,0.017036903139126026
2021-11-07,False,191619.5464598942,189798.01769463933,1869.0390454646238,3.943458196769329,43.56682201299278,1821.5287652548616,0.009847516155156414,0.00959719594219086,3943.4581967693284,32785.500893805896,32145.130248326204,1883.1159541098546,-14.076908645231132,116,116,0.0035388784413957312,56.51508050135798,76.69704781325474,0.19592864944490906,0.017865569620987898
2021-11-08,False,191462.6559007416,191619.5464598942,-91.18669057487784,3.9229761370585887,61.78089244065228,-156.8905591525887,-0.00047587363742123843,-0.0008187607269252449,3922.976137058589,31732.55042144782,30602.58421303972,-79.12628031139889,-12.060410263478945,116,116,0.003521904449219316,56.78745771888646,76.69704781325476,0.1957109140874699,0.01742735006125266
2021-11-09,False,192414.6006974855,191462.6559007416,1016.5839682923734,0.7800129257182752,63.85915862277339,951.9447967438816,0.005309567881578915,0.004971960679566623,780.0129257182751,32073.636168103432,30492.673385282436,1014.0919834241633,2.4919848682099492,116,116,0.003489423318866135,57.31606105761587,76.69704781325476,0.19626667466091505,0.01792720093953637
2021-11-10,False,191219.54224481873,192414.6006974855,-1136.7342287119445,1.8126311843913923,56.51159277043406,-1195.05845266677,-0.005907733740534169,-0.006210851194944622,1812.6311843913923,32466.45862982954,30576.346696174205,-1158.7893504061067,22.055121694161897,116,116,0.003437763704201453,58.177355167131054,76.69704781325476,0.19575803837763872,0.01771191934347262
2021-11-11,False,192465.8113543742,191219.54224481873,1252.7808217938064,1.6510243279721075,4.860687910359602,1246.2691095554746,0.006551531329312925,0.006517477737499622,1651.0243279721076,31812.563400644016,29969.448119059707,1253.2292477169904,-0.44842592318423824,116,116,0.003486811128811388,57.359000132644866,76.69704781325474,0.19385322275376649,0.016983758818510684
2021-11-12,False,191902.73391507432,192465.8113543742,-547.9982860517334,11.456215529695442,3.6229377184534473,-563.0774392998824,-0.0028472500242795926,-0.0029255972026279837,11456.21552969544,35730.614151549074,29132.59492465474,-594.2421835601202,46.243897508387,116,116,0.003598525170466201,55.57832459848804,76.80817802973185,0.19524091836012342,0.01791631653298557
2021-11-13,False,193787.99053219106,191902.73391507432,1900.9453619496726,1.921139711849342,13.76760512106834,1885.256617116755,0.009905775301726172,0.009824021673141285,1921.1397118493421,36322.28220298326,28967.806017559644,1985.5761345327405,-84.6307725830676,116,116,0.0035403977932456795,56.49082721200345,76.80817802973189,0.19460336615856422,0.01784372413078278
2021-11-14,False,194525.0753589916,193787.99053219106,756.0141804278062,4.292284469783919,14.637069157472508,737.0848268005498,0.0039012437166596296,0.0038035629802255938,4292.284469783919,36382.12335576474,28109.695507311713,787.6744811522487,-31.660300724442724,116,116,0.0035301458431456,56.6548830803507,76.80817802973185,0.1934617273535285,0.01802200634504415
2021-11-15,False,192744.13206660285,194525.0753589916,-1743.8224882283525,1.783875355729028,35.33692880466187,-1780.9432923887434,-0.008964512595664944,-0.00915534045727551,1783.8753557290277,36552.0922006942,28537.062367678638,-1825.417033450713,81.59454522236018,116,116,0.0035150391162501087,56.898371080821065,76.80817802973186,0.19482271559846087,0.018159141606569985
2021-11-16,False,189932.78011752325,192744.13206660285,-2797.2853626463693,1.0856636848995511,12.980922748322197,-2811.3519490795907,-0.01451294694501914,-0.014585927565920016,1085.663684899551,35729.08287385242,27877.24213128159,-2941.4347541372917,144.14939149092177,116,116,0.003527054518173859,56.70453886364946,76.80817802973185,0.19338781934756338,0.017849398920648695
2021-11-17,False,189864.365528728,189932.78011752325,-56.94130126026755,3.7724253078191863,7.70086222714971,-68.41458879523644,-0.00029979712414589216,-0.0003602042193712116,3772.4253078191864,34381.72476414811,27869.473820571973,-44.6917019528363,-12.249599307431206,116,116,0.0036290338222974864,55.11108735640911,76.80817802973185,0.19299491512645398,0.01740054658396333
2021-11-18,False,186778.254843389,189864.365528728,-3075.4296315168735,1.954239027107592,8.726814795023525,-3086.1106853390047,-0.016198034965395,-0.01625429119753412,1954.2390271075922,34334.24314674278,28516.544354195146,-3251.2742760504066,175.8446445335332,116,116,0.0037105072557611658,53.900986095490715,76.80817802973186,0.19382265544934682,0.01725112591602537
2021-11-19,False,190705.80883950548,186778.254843389,3949.40545367774,12.024211910631493,9.827245650632175,3927.5539961164764,0.021144888932543363,0.02102789748951063,12024.211910631493,30532.850635669347,29965.326868900822,3964.0066954547538,-14.601241777014195,117,117,0.0035399897524436893,56.49733868916939,72.98339313910351,0.1946415091147898,0.01655585034591152
2021-11-20,False,191066.58071114947,190705.80883950548,373.93388276424764,3.426051001551869,9.735960118700074,360.7718716439957,0.001960789160223974,0.0018917718020200146,3426.051001551869,31170.403215079343,30573.676964756785,385.68877376585397,-11.75489100160626,117,117,0.003575047111139762,55.94331872629168,72.9833931391035,0.19793770000452202,0.01741613127928918
2021-11-21,False,189633.59564943894,191066.58071114947,-1418.896437425757,1.3108341077719752,12.77779017700685,-1432.985061710536,-0.007426188463438384,-0.007499925190354945,1310.8341077719751,32109.955356790488,30079.549329023757,-1417.6349168394022,-1.261520586354642,117,117,0.003597413950626509,55.595492413423514,72.98339313910351,0.1971675568794716,0.017575308439503775
2021-11-22,False,189247.96466695148,189633.59564943894,-373.7444359572248,1.7254304859997094,10.161116044244073,-385.6309824874686,-0.0019708767039788534,-0.0020335583532379727,1725.4304859997094,32401.47229609564,29441.380900562497,-382.3484594965013,8.6040235392765,117,117,0.0036264270695759242,55.15070237532395,72.98339313910351,0.19532664313313933,0.01823904424081109
2021-11-23,False,192478.48333629756,189247.96466695148,3260.3455894550198,8.936457411064707,20.890462697878164,3230.518669346077,0.01722790305931558,0.017070295445614506,8936.457411064706,37622.84758299106,37029.153128699676,3267.6068376005405,-7.261248145520022,117,117,0.003645576868569654,54.86100203353283,72.9833931391035,0.19699519973642546,0.018409406423898357
2021-11-24,False,192278.57073312125,192478.48333629756,-172.55954822251175,4.378345054224041,22.974709899586493,-199.91260317632228,-0.0008965134451990483,-0.001038623121458391,4378.345054224041,37310.68856881767,36702.47161823525,-183.79411425662272,11.23456603411107,117,117,0.003582710969978781,55.82364909586455,72.98339313910351,0.19896795997353714,0.018481584314608123
2021-11-25,False,193268.8477159988,192278.57073312125,1018.2663117095374,2.054443961934199,25.93488487005899,990.2769828775441,0.005295786773466662,0.005150220220078651,2054.443961934199,36530.334784359235,35944.58696584503,1032.9423547214567,-14.67604301191937,117,117,0.0036003512318553968,55.55013583964487,72.98339313910351,0.19854803578253885,0.018662618887205124
2021-11-26,False,190507.71285322026,193268.8477159988,-2716.519353878445,15.370649991848172,29.244858908248656,-2761.134862778542,-0.014055650385365088,-0.01428649725710542,15370.649991848171,34024.35247331694,33409.2525687789,-2743.214893905239,26.695540026793918,117,117,0.003773255385554617,53.00462851406034,70.45774831787983,0.19445272183511472,0.02105633850687821
2021-11-27,False,191180.78893263888,190507.71285322026,683.5496398293681,2.597486031728647,7.876074379009719,673.0760794186297,0.0035880418151679762,0.0035330647213071735,2597.4860317286466,32516.09516742561,31954.38634294115,697.0670001021157,-13.517360272747798,117,117,0.00379045718001062,52.764083724443935,70.45774831787983,0.19467253098901913,0.020601037879022916
2021-11-28,False,191398.57503745737,191180.78893263888,228.17189405357888,1.5401811161750656,8.845608118920882,217.78610481848293,0.0011934875639307751,0.0011391631242573135,1540.1811161750657,32907.163493183194,32311.648318181076,228.95766242525093,-0.7857683716720214,117,117,0.003797272769308619,52.669379354703196,70.45774831787983,0.19756330398511873,0.020849651375225087
2021-11-29,False,191971.28312095677,191398.57503745737,585.232486353387,0.4248112881913366,12.099591565787268,572.7080834994084,0.003057663758671427,0.0029922275199140195,424.81128819133664,33311.744369141496,32713.33026888282,590.3192593027215,-5.086772949334602,117,117,0.0038151531808483436,52.42253469768354,70.45774831787983,0.19979717565361468,0.02037537438000812
2021-11-30,False,191511.04848220173,191971.28312095677,-448.9973136514171,1.000032896752013,10.237292206863295,-460.2346387550324,-0.0023388774943412446,-0.0023974139843877013,1000.0328967520128,33019.211836909875,32405.862233749154,-453.454375405674,4.457061754256969,117,117,0.003812692904244379,52.45636221510401,70.45774831787982,0.19938960661094723,0.021196573210796703
2021-12-01,False,191811.20141604875,191511.04848220173,312.32002835105067,3.175578516905428,8.991515987125826,300.1529338470194,0.0016308198969527152,0.0015672878208638414,3175.578516905428,30724.448426580046,30112.75847784323,310.28660978864383,2.033418562406654,117,117,0.003823426046262294,52.30910643492531,70.45774831787983,0.19770947781709983,0.02236319232410105
2021-12-02,False,191120.8756259606,191811.20141604875,-679.1838500029819,2.5724788906066354,8.5694611945823,-690.3257900881708,-0.0035408977420969064,-0.0035989857995353323,2572.4788906066356,31950.296350605662,28280.112075202647,-690.80432890816,11.620478905178029,117,117,0.003829986341628921,52.219507371647325,70.45774831787983,0.19852880979026627,0.02235899956527601
2021-12-03,False,189294.99923920957,191120.8756259606,-1807.0257731729546,13.41159893825475,5.439014639789679,-1825.876386750999,-0.009454884335657053,-0.009553516227732185,13411.598938254749,34498.290359391554,26984.203829813672,-1777.5511735134733,-29.474599659481644,117,117,0.0038072856343108084,52.530862984805665,69.79854498940388,0.2022135930757692,0.022698738644135796
2021-12-04,False,186419.097772007,189294.99923920957,-2881.398810652678,3.352610944770012,-8.849954394872002,-2875.901467202576,-0.01522173761712264,-0.015192696472495491,3352.6109447700114,35357.266043098054,25420.82071425883,-3077.914511139309,196.5157004866307,117,117,0.0038328492847453715,52.180502060436915,69.79854498940388,0.20206973762121436,0.022568174627342716
2021-12-05,False,184442.5640327973,186419.097772007,-1978.2868194011428,4.8156911703205845,-6.568771361750134,-1976.5337392097133,-0.010612039447914364,-0.010602635474757205,4815.691170320584,36833.51220277166,22239.10308159929,-1948.0203452331684,-30.266474167974213,117,117,0.003934534255624786,50.83193765922389,69.79854498940388,0.20295135727494323,0.0219000291552673
2021-12-06,False,185804.91353231255,184442.5640327973,1371.6259579471637,5.07196273615622,4.204495695753899,1362.3494995152537,0.007436602094206754,0.007386307529714252,5071.96273615622,39844.40737845423,19334.22739982453,1313.901875639976,57.724082307187814,117,117,0.004045306740315887,49.44000859237254,69.79854498940388,0.2049792537132262,0.02265007053125492
2021-12-07,False,186258.80795785744,185804.91353231255,452.3583957045396,3.8072095823465606,-5.343239422709281,453.89442554490233,0.002434587907848152,0.002442854803546234,3807.2095823465606,43223.371680838856,17559.893396927007,557.7508787391436,-105.39248303460397,117,117,0.004137651980618381,48.33659305732852,69.79854498940388,0.20881689325595487,0.022850057581151696
2021-12-08,False,187946.72896365644,186258.80795785744,1676.8377648046655,2.1682601797264747,-13.251501174055687,1687.9210057989947,0.009002730035639783,0.009062234555806351,2168.2601797264747,45224.15910376202,16250.421634649461,1260.1283848361531,416.7093799685123,117,117,0.0042334427612688375,47.24287330155292,69.79854498940388,0.21043245492188664,0.023697498728670396
2021-12-09,False,185508.64439966076,187946.72896365644,-2453.4389424319616,3.7198881146507783,-19.07426655093127,-2438.0845639956815,-0.013053906050721356,-0.012972210676074803,3719.8881146507783,48148.1354684648,14486.75748152072,-2252.5416442409946,-200.89729819096655,117,117,0.004303155472100614,46.477521274026536,69.79854498940388,0.21387432877836038,0.02445302699329509
2021-12-10,False,184094.43204702486,185508.64439966076,-1385.6028888662331,33.77550433540915,-5.166040565750319,-1414.2123526358919,-0.007469209283213149,-0.007623431011598067,33775.504335409154,55078.83511847044,9709.081159669751,-514.8601165546806,-870.7427723115525,118,118,0.005065087414418333,39.48599177788676,67.38790695431449,0.2131649135521209,0.02996516450376689
2021-12-11,False,185444.31441996543,184094.43204702486,1343.2038865821473,3.4281915341919635,-10.106677892615627,1349.882372940571,0.00729627654484977,0.007332554048108086,3428.191534191964,55267.3412043611,9808.002095578424,1405.4408636701414,-62.23697708799387,118,118,0.0051931696832646064,38.512125002292066,67.3879069543145,0.2167257479456188,0.03247364132928134
2021-12-12,False,185091.8368095407,185444.31441996543,-357.48402868463273,1.4010507218946642,-6.407468981777562,-352.4776104247498,-0.0019277163055808684,-0.0019007194236568144,1401.050721894664,56204.58400470988,10495.655434729055,-289.3669190638992,-68.11710962073349,118,118,0.00526655640852649,37.97547856436181,67.3879069543145,0.2201554205968292,0.03334012000547866
2021-12-13,False,179946.92852631785,185091.8368095407,-5139.878242581648,5.630491260543526,-0.6004506193546932,-5144.908283222837,-0.02776934051322089,-0.02779651643155361,5630.491260543527,56881.35891599841,13017.416991266924,-4704.414539175499,-435.46370340614806,118,118,0.005181768524725911,38.59686109976882,67.3879069543145,0.22167119980569466,0.03472698163163209
2021-12-14,False,181698.52864730163,179946.92852631785,1760.8316254630772,6.430357990178013,2.8011464891270794,1751.600120983772,0.009785283026965085,0.009733981765226933,6430.357990178013,53831.21144195123,12852.185741401032,1933.7400065755317,-172.90838111245492,118,118,0.005469577377349862,36.56589644900584,67.3879069543145,0.2211322288309219,0.037351204131295175
2021-12-15,False,183090.74036459756,181698.52864730163,1395.2788506385627,2.401544219475805,0.6655891231661224,1392.2117172959206,0.007679087227761565,0.0076622068855514425,2401.5442194758048,54359.59240472113,14105.35640232652,875.4377419124958,519.841108726067,118,118,0.0056652867770247955,35.3027142087647,67.38790695431452,0.22434781717696112,0.039749009282938084
2021-12-16,False,182100.58158344572,183090.74036459756,-1004.5362658346473,0.6277040443060964,-15.005188727099382,-990.1587811518541,-0.005486548712590626,-0.0054080221598323455,627.7040443060964,54503.09575913299,15100.503504849408,-1073.6502994723164,69.11403363766897,118,118,0.005795895602072486,34.507177791208726,67.3879069543145,0.2259605344142787,0.03934489279639763
2021-12-17,False,181187.8709670474,182100.58158344572,-931.743153765563,2.099275121258654,-21.131812488506007,-912.7106163983156,-0.005116640186778323,-0.005012123566338394,2099.2751212586536,54977.572646632805,14540.103043820996,-1119.4804031042406,187.73724933867783,119,119,0.005929616242474805,33.72899557434552,68.27070780185035,0.22674519368800922,0.04263239607098826
2021-12-18,False,182971.59820533282,181187.8709670474,1771.9528170627211,3.328631722665675,-15.10305294535479,1783.7272382854103,0.009779643679266951,0.009844628278731837,3328.6317226656747,56840.61093913106,12436.854223162298,1596.4780324635392,175.47478459918173,119,119,0.006145209983071804,32.54567387460145,68.27070780185035,0.2267262506552158,0.04369846950093348
2021-12-19,False,183488.2560385541,182971.59820533282,493.32849782253857,4.188710600733605,-27.518045999469308,516.6578332212742,0.002696202594617552,0.00282370509023742,4188.710600733604,60191.91055502849,10379.496261099459,593.5285492620598,-100.20005143952126,119,119,0.006313909680550477,31.67609454663011,68.27070780185035,0.2291048349933376,0.04510650839522202
2021-12-20,False,183143.02321100704,183488.2560385541,-368.1671780227492,2.841723389128654,-25.776073864802946,-345.232827547075,-0.002006489058053889,-0.0018814982222869648,2841.723389128654,62954.066517028186,8476.399068512612,-135.19620820880317,-232.97096981394606,119,118,0.006539584748256323,30.58298159578509,67.69277287030734,0.2298515491885201,0.04703469483452871
2021-12-21,False,185610.93341776606,183143.02321100704,2441.342908702787,2.1905706436338326,-28.75786869988229,2467.9102067590356,0.013330253404684763,0.01347531652306323,2190.5706436338323,64344.95361633423,6883.942611146216,2977.709884363224,-536.3669756604369,119,118,0.006720466817717794,29.7598374375901,67.69277287030732,0.22940365132456905,0.04905770726009652
2021-12-22,False,186728.4026026309,185610.93341776606,1094.585841916435,2.6154386130242377,-25.49878156141643,1117.4691848648272,0.0058972056320237476,0.006020492243038668,2615.4386130242374,65292.832182077436,7827.117931539284,880.0009171639963,214.58492475243872,119,118,0.006835281315657213,29.259951531456462,67.69277287030732,0.23317684961557378,0.049823353144033314
2021-12-23,False,190782.7776741237,186728.4026026309,4035.9760210195846,2.254578086481884,-20.653628559688983,4054.3750714927914,0.021614151702504414,0.021712685456431294,2254.578086481884,64998.06772086359,7961.0267654213785,4247.174266218549,-211.19824519896426,119,118,0.006850015522453999,29.19701413002792,67.69277287030732,0.23109158998601892,0.048476723562602526
2021-12-24,False,189822.9832845539,190782.7776741237,-948.3595190216661,20.519647716561337,-9.084777168414687,-959.7943895698128,-0.0049708864216326705,-0.005030823019094725,20519.64771656134,68748.96139380168,11350.250463586148,-307.68940387061735,-640.6701151510488,121,120,0.007128420252274248,28.05670722572678,66.63662207431811,0.23321419873976904,0.05075562225879273
2021-12-25,False,191165.39396900954,189822.9832845539,1337.179121747354,5.177514865450747,-10.40907757375291,1342.410684455656,0.00704434783717869,0.007071908054691761,5177.514865450747,64651.57884321174,14692.112475423346,809.7377526243101,527.441369123044,121,120,0.006993805127895518,28.59673616044566,66.63662207431813,0.23086616301220172,0.04937222662852416
2021-12-26,False,192726.9356954733,191165.39396900954,1557.8254603110981,1.2726647399370066,-4.988930892606701,1561.5417264637679,0.008149097637220062,0.008168537694206906,1272.6647399370065,64272.14468263573,15681.294620640376,1728.3761381274426,-170.55067781634435,121,120,0.00684175700264489,29.23225714135768,66.63662207431811,0.23030619784451953,0.04465654426267178
2021-12-27,False,191065.6224348422,192726.9356954733,-1663.0971821396042,3.4654225189073884,-5.249344027406417,-1661.3132606311053,-0.008629292922331595,-0.008620036709638432,3465.4225189073886,65837.8588651243,17517.77784448609,-1666.2539820380587,3.156799898454718,121,120,0.006534613032042087,30.606249982869972,66.63662207431811,0.23005665808916573,0.04475941940940362
2021-12-28,False,188007.5448929189,191065.6224348422,-3053.026935100063,1.3359242462324452,3.71468257698969,-3058.077541923285,-0.01597894428204224,-0.016005378167734806,1335.924246232445,64891.27350325897,16770.611728499338,-3192.4904599253464,139.46352482528334,121,120,0.006336251985999287,31.564401233082922,66.63662207431811,0.22448101812914334,0.0419378671424473
2021-12-29,False,187528.58464661613,188007.5448929189,-477.8221128956051,2.956362639516664,-1.8182292323429015,-478.96024630277884,-0.002541504986769293,-0.002547558644923395,2956.362639516664,62590.861455513324,16641.542737672917,-188.19344455789786,-289.628668337707,121,120,0.006441784210069624,31.047298928046267,66.63662207431811,0.223228683787008,0.042986381359128745
2021-12-30,False,187910.28795420588,187528.58464661613,387.6830654929606,4.58255655277249,1.3972013504418737,381.70330758974626,0.0020673278488371302,0.0020354406679335747,4582.55655277249,60684.20645192939,19717.926326586978,353.60419124524844,34.0788742477122,121,120,0.006580809614311339,30.391397369262656,66.63662207431813,0.22608225039057325,0.045325408980937086
2021-12-31,False,187909.42730333513,187910.28795420588,2.2058412838136974,22.17023355858303,-19.103741404028852,-0.8606508707404785,1.1738799976461456e-05,-4.5801157568883135e-06,22170.23355858303,60149.4651562477,17557.74057206195,-128.7683411405613,130.97418242437504,123,122,0.007551567339274698,26.484568171672997,68.49025538983975,0.22763438365152824,0.05492306952987173
2022-01-01,False,189449.18969075015,187909.42730333513,1532.668506828686,1.7415041515623555,-8.835384737880734,1539.7623874150045,0.008156421574073326,0.00819417316902054,1741.5041515623554,61043.91828192834,18561.860629283547,1743.2880455884683,-210.61953875978236,123,122,0.007642854056010682,26.168234868060978,68.49025538983973,0.2294325812504646,0.055982719743532534
2022-01-02,False,189831.4555204801,189449.18969075015,385.20603230880465,3.7273212707293184,-0.78711869187772,382.26582972995305,0.002033294694675658,0.00201777495250283,3727.3212707293183,60403.40046911254,21264.83238903359,90.69281850885798,294.51321379994675,123,122,0.0075569371330071345,26.46574881858438,68.49025538983973,0.2324464147939889,0.054637058429012175
2022-01-03,False,190416.1982234677,189831.4555204801,564.2394929055729,2.597701863147094,-23.100911945164178,584.74270298759,0.002972318214378857,0.0030803256572223066,2597.701863147094,60879.352340166806,20592.53563017687,592.8899062943253,-28.650413388752327,123,122,0.007375703164618932,27.116058704666305,68.49025538983973,0.22865057998519073,0.05190227980979698
2022-01-04,False,190461.67946059303,190416.1982234677,53.360296780629426,3.3668694835225366,4.512190171787967,45.48123712531893,0.00028022981909347393,0.0002388517234859572,3366.869483522537,62181.1265246119,18934.865477755488,-165.036996225861,218.39729300649037,123,122,0.007433952091103742,26.903590115860617,68.49025538983973,0.22791440930567639,0.05190842600968316
2022-01-05,False,187268.3223849322,190461.67946059303,-3184.601258821796,4.045576303618308,4.710240535436919,-3193.357075660851,-0.016720430418554075,-0.016766401959201267,4045.576303618308,64611.76393900142,15805.589463922031,-3155.943233563469,-28.6580252583274,123,122,0.00749910001246885,26.669867006368424,68.49025538983975,0.22549680676165698,0.05266312916277752
2022-01-06,False,187353.18089472115,187268.3223849322,110.99944369883775,6.120865001574193,20.02006890829778,84.85850978896579,0.0005927294177959106,0.0004531386232773429,6120.865001574193,65998.18934093667,12727.342310897595,333.98880494824857,-222.98936124941085,123,122,0.008075679923902132,24.765716556948547,68.49025538983975,0.2275835860633079,0.057947746363829454
2022-01-07,False,183478.93565545682,187353.18089472115,-3803.3876546229712,37.6419764287787,33.21560821256877,-3874.245239264319,-0.020300630266641688,-0.020678833531208432,37641.9764287787,74718.59983961683,11888.418389976798,-3469.6005563743247,-333.7870982486462,123,122,0.00971094763668882,20.595312371408767,67.81899220660713,0.23200894279345907,0.07285022206127818
2022-01-08,False,179835.611445522,183478.93565545682,-3624.5003771302686,12.824172008164854,5.999660796386269,-3643.32420993482,-0.019754313290417613,-0.01985690726251204,12824.172008164855,78470.52147662712,10449.174790198273,-3126.843425425131,-497.65695170513754,123,122,0.01101982089659203,18.14911529658814,67.81899220660713,0.23463217719274268,0.08462070693748011
2022-01-09,False,181747.86873933786,179835.611445522,1942.6774143164598,25.40230701149284,5.017813489100534,1912.2572938158664,0.010802517914561986,0.010633362760829775,25402.30701149284,73287.50063369545,16936.79796689645,2003.0060053039792,-60.32859098751959,123,122,0.012584056163065667,15.893126779503897,67.81899220660713,0.2333601807788575,0.0990936977815547
2022-01-10,False,182107.82844237186,181747.86873933786,380.29206737315485,20.150944033924194,0.1814203052450969,359.9597030339856,0.0020924155535411992,0.001980544286603099,20150.944033924192,74994.05504979874,16324.924279146158,-770.82707560104,1151.1191429741946,123,122,0.012967334783174751,15.4233698245766,67.81899220660712,0.2274080589927537,0.10362466195571056
2022-01-11,False,184702.17951937544,182107.82844237186,2622.625583780923,24.81135673501916,3.4631500423392136,2594.3510770035646,0.014401498311264827,0.01424623586582687,24811.35673501916,78082.60021235474,21108.337665004925,4187.297596903427,-1564.6720131225043,123,122,0.012688949881481148,15.76174560291151,67.81899220660713,0.21371497590405175,0.10320873530453634
2022-01-12,False,185536.64552923347,184702.17951937544,837.0162210450485,12.500032315305349,-9.949821128278614,834.4660098580217,0.004531707331354174,0.004517900178706258,12500.032315305349,84682.20669296905,20375.571146479186,2597.180324707579,-1760.1641036625306,123,122,0.012281425216062425,16.28475494345944,67.81899220660713,0.20896489584305805,0.09856887708502887
2022-01-13,False,187489.32478388777,185536.64552923347,1956.0284082984408,4.047453958076726,-0.6983003139303667,1952.6792546542945,0.010542544858019682,0.010524493687402724,4047.4539580767264,85226.16189063991,18445.145427730506,54.46556405562967,1901.562844242811,123,122,0.012145293026423927,16.467284862116514,67.81899220660713,0.20683856343612927,0.09198799070176121
2022-01-14,False,187843.26174008165,187489.32478388777,379.1423166430567,19.304077035391146,5.901283413771546,353.936956193894,0.0020222074887734564,0.0018877712456528627,19304.077035391143,84657.91266344686,33750.19955649049,512.8732317139745,-133.73091507091786,124,123,0.012383205494877038,16.15090697499452,68.63576788416917,0.2198962117078615,0.09899606249960886
2022-01-15,False,187581.49586751126,187843.26174008165,-256.76004583622057,4.142699974502215,0.8631267596802168,-261.76587257040296,-0.0013668845156207888,-0.0013935334711798599,4142.699974502216,86474.44156071644,30312.390445739475,769.03826440437,-1025.7983102405904,124,123,0.012244352378949979,16.334061109171632,68.63576788416917,0.21896768777942902,0.09605065965776564
2022-01-16,False,188525.4346101776,187581.49586751126,992.9633263698988,41.19135836097013,7.833225342591949,943.9387426663368,0.005293503614403569,0.005032152762727942,41191.35836097013,80288.2764350345,36473.08309863706,818.3321208428827,174.63120552701633,124,123,0.009011781059393932,22.193171214642287,68.63576788416917,0.22147762260112336,0.06544342763226746
2022-01-17,False,186056.2576507658,188525.4346101776,-2459.6335321812426,5.221971125632671,4.321456104910487,-2469.1769594117854,-0.013046693340169915,-0.013097314770908298,5221.971125632672,77150.98695285044,32968.62824784062,-3795.8677562039666,1336.2342240227235,124,123,0.009059505573954052,22.076259942374463,68.63576788416917,0.22082785002508376,0.06462212629156287
2022-01-18,False,185580.1476293557,186056.2576507658,-463.8324326535111,6.080697465227743,6.196891291368629,-476.11002141010744,-0.0024929687316625547,-0.0025589573144257412,6080.697465227744,75765.08698518212,30399.854755230597,-366.98388457571957,-96.8485480777916,124,123,0.009100184509178126,21.977576366532684,68.63576788416917,0.21764982802120753,0.06921697495153122
2022-01-19,False,184390.04692496292,185580.1476293557,-1199.2375304118127,5.262455160192629,-14.399281179232254,-1190.100704392773,-0.006462100314775875,-0.006412866460100385,5262.45516019263,78965.60964073514,33155.42181601124,-2126.7334297638226,927.4958993520097,124,123,0.00908597186823364,22.011954571336467,68.63576788416917,0.21741512166776322,0.07082456189964761
2022-01-20,False,183825.01104003604,184390.04692496292,-573.4873127152142,8.369112597930522,-16.82054038626959,-565.0358849268752,-0.003110185838547964,-0.003064351326711333,8369.112597930522,84043.63076804097,37030.14955515794,-1936.0169076867865,1362.529594971572,124,123,0.009076314840689012,22.035374875208426,68.63576788416917,0.21601328180609095,0.07307859872474758
2022-01-21,False,183685.80395987353,183825.01104003604,-126.08331713647453,30.594597115391334,-17.470834089371543,-139.20708016249432,-0.0006858877169277814,-0.0007572804123600777,30594.597115391338,83975.43022749742,22472.00396673561,-4969.414984970753,4843.331667834278,126,125,0.008851026350933933,22.59624952747956,68.87798027465993,0.18875171583672165,0.07578545631793482
2022-01-22,False,185452.6493482032,183685.80395987353,1759.7886991123605,12.123712201942988,-19.180401419266754,1766.8453883296843,0.009580428433635456,0.00961884560613979,12123.712201942988,83881.4945843873,22396.82973043344,-2158.639774468848,3918.428473581209,126,125,0.00770861880402201,25.94498509845227,68.87798027465993,0.18329913748932358,0.06463160323033428
2022-01-23,False,185673.7148225423,185452.6493482032,208.57883626920125,11.550485730892884,-24.03712380077019,221.06547433907855,0.0011247013024741246,0.0011920319020302008,11550.485730892884,84345.69348634899,21128.614421469912,1705.3164510891722,-1496.7376148199708,126,125,0.006465872211580473,30.931635122914592,68.87798027465993,0.18054956529171126,0.05487414426790077
2022-01-24,False,188300.25020975823,185673.7148225423,2626.862861476713,9.684032239144384,-9.356557978367906,2626.5353872159367,0.014147736872649625,0.014145973164409666,9684.032239144384,84891.83975251886,18504.89652821557,605.3727239895267,2021.4901374871865,126,125,0.005802772487527418,34.46628321718343,68.87798027465993,0.181020794971408,0.04759069614251851
2022-01-25,False,187813.33184665444,188300.25020975823,-519.3606042004999,4.142334080245969,-36.58457517694615,-486.9183631037997,-0.002758151429018044,-0.002585861476877455,4142.334080245969,85249.21813887656,16989.42530944632,616.6975972050453,-1136.0582014055453,126,125,0.005298991331463824,37.74303211489702,68.87798027465993,0.17977581051458166,0.04385249092917755
2022-01-26,False,186056.67416289463,187813.33184665444,-1765.2136607620382,4.74262270136875,-13.298599703582138,-1756.6576837598247,-0.009398766548709638,-0.009353210799721599,4742.622701368749,86135.50778545163,13753.104040765229,-510.25505000916394,-1254.9586107528744,126,125,0.004978492502559524,40.17280329279933,68.87798027465993,0.18141749590758843,0.04119039832549771
2022-01-27,False,187075.2213184899,186056.67416289463,1000.652002529696,2.768973808648898,-20.664126874207582,1018.5471555952547,0.005378210736227685,0.005474391930189538,2768.973808648898,85337.05311343927,13373.921643372083,131.2019233911823,869.4500791385137,126,124,0.004906837410912883,40.75945120072593,68.32284789359933,0.1817637238731266,0.04137876866149331
2022-01-28,False,185409.72491458055,187075.2213184899,-1652.7762184777682,17.94145140874811,-5.221265977161967,-1665.4964039093545,-0.008834821666007636,-0.00890281669678689,17941.45140874811,86621.3910346864,11587.648984424171,-331.9198413741341,-1320.8563771036343,128,126,0.004734673465664198,42.241561419261096,70.51758038425756,0.17901297447306086,0.04032603865612851
2022-01-29,False,184318.76920026838,185409.72491458055,-1086.7596749976392,1.985570276331459,2.210469038205969,-1090.9557143121765,-0.005861395218068072,-0.00588402638974189,1985.5702763314594,86416.98503085507,11078.500475188954,-20.582199260802113,-1066.177475736837,128,126,0.00468831917718165,42.65921163674454,70.51758038425756,0.18065876884299148,0.03934167177041402
2022-01-30,False,185246.57937481639,184318.76920026838,933.0419826144309,3.1269742331966586,2.1048338332266683,927.8101745480077,0.005062110530917502,0.005033725966018749,3126.9742331966586,86422.039813963,11345.932791354648,-363.9332240026455,1296.9752066170765,128,126,0.0046639404016115766,42.88219462043127,70.51758038425756,0.1808711138267102,0.03825379443945284
2022-01-31,False,184550.23752384662,185246.57937481639,-690.2548715760857,0.9195734990701956,5.167405894607837,-696.3418509697638,-0.0037261409841175368,-0.003758999779212274,919.5734990701957,85334.57828171417,11359.401274898883,31.422731084223614,-721.6776026603093,128,126,0.004634344888411147,43.156045744486796,70.51758038425754,0.17794653113037373,0.03808289974041954
2022-02-01,False,182818.62619531088,184550.23752384662,-1724.413524979997,2.0328764254827565,5.16492713025682,-1731.6113285357364,-0.009343870526079259,-0.00938287239165426,2032.8764254827565,84637.71501903623,10046.581008551138,-651.4230014286054,-1072.9905235513916,128,126,0.004620751630444812,43.28300155374229,70.51758038425756,0.17957825493292856,0.03799910874144278
2022-02-02,False,184051.30475293993,182818.62619531088,1248.0258511803668,1.9450971831647967,13.40219636815782,1232.6785576290442,0.006826579310617188,0.006742631116329115,1945.0971831647967,83127.53226356009,8257.338588228185,-808.8014202777214,2056.827271458088,128,126,0.004615850345761697,43.32896108376678,70.51758038425756,0.1801025120615091,0.037578631434513315
2022-02-03,False,183704.73844451786,184051.30475293993,-327.23557921769475,3.1610551887688523,16.16967401560996,-346.5663084220736,-0.0017779584863957215,-0.0018829875120270655,3161.055188768852,82809.31357734419,7830.450798453199,185.23703977169123,-512.4726189893859,128,126,0.004578193291180198,43.6853551782744,70.51758038425756,0.17620918340976438,0.040704737934322464
2022-02-04,False,182086.81162755413,183704.73844451786,-1599.3094497473267,1.5274484727630415,17.089918743647953,-1617.9268169637378,-0.008705869338423988,-0.008807213306870584,1527.4484727630415,82332.52012012577,6582.392751649591,1595.4283623559095,-3194.737812103236,128,126,0.0045341190069121155,44.110002338956384,70.78026381814621,0.17731462234809944,0.039800194911187296
2022-02-05,False,178498.48120517135,182086.81162755413,-3579.4779093252737,5.530250648639331,3.322262408873251,-3588.330422382786,-0.019658084390245936,-0.01970670138220919,5530.250648639331,81592.43564594559,5472.9938059123215,-439.0402539807035,-3140.43765534457,128,126,0.004556772988107439,43.89070961445148,70.78026381814621,0.18078430843413715,0.036143189104773044
2022-02-06,False,177446.75863837876,178498.48120517135,-1040.4358069595933,4.965890592638775,6.320869240353675,-1051.7225667925857,-0.005828821623214183,-0.005892053308754516,4965.890592638775,79327.94245467067,5609.738586927316,1531.2379940982,-2571.673801057793,128,126,0.004672595644279422,42.80276215316353,70.78026381814621,0.18001407434008626,0.034953366636732604
2022-02-07,False,175609.1762235461,177446.75863837876,-1819.4684888885179,5.553812751712395,12.560113192447488,-1837.5824148326778,-0.010253602279636103,-0.010355683185949385,5553.812751712396,80517.4903332147,6888.5616491926985,542.7179094081453,-2362.1863982966634,128,126,0.004804211260787045,41.630142627665215,70.78026381814621,0.18081233115018222,0.036217512275315555
2022-02-08,False,174657.7851500455,175609.1762235461,-940.1665180527145,3.7400667566933037,7.4844886911816655,-951.3910735005895,-0.005353743683962768,-0.005417661502434773,3740.066756693304,82481.26710650822,8609.86336148123,198.3142064393793,-1138.480724492094,128,126,0.00501036087428918,39.91728440685902,70.78026381814621,0.18122015455251939,0.0368903795579061
2022-02-09,False,172750.6896006101,174657.7851500455,-1893.3760673253553,7.608268174892814,6.111213935154483,-1907.0955494354025,-0.010840490538104491,-0.010919041185579272,7608.2681748928135,84253.05160074936,13014.855421537737,-397.17569019264397,-1496.2003771327113,128,126,0.0052953973828261,37.76864804304111,70.78026381814621,0.17835625844082933,0.040098605091961184
2022-02-10,False,175302.07606730683,172750.6896006101,2562.5925965898473,4.91377278438409,6.29235710873146,2551.386466696732,0.014834051328619398,0.014769182528853543,4913.772784384089,86293.93374017096,15906.600663850608,226.25921689306819,2336.333379696779,128,126,0.005651601647095722,35.38819833538289,70.78026381814621,0.17933375014742323,0.04220843892906879
2022-02-11,False,177905.7543496691,175302.07606730683,2638.1400325853983,25.79398219646414,8.667768026659003,2603.6782823622752,0.01504910889687633,0.01485252394479686,25793.982196464138,74621.87900077108,1827.6717344868648,573.3744976724352,2064.7655349129627,129,127,0.004577983974040984,43.68735258447401,72.77054329410927,0.18360081551278146,0.03046469997244509
2022-02-12,False,178475.9043589201,177905.7543496691,550.6120005436293,5.405252410402693,-24.943261117756464,570.1500092509831,0.0030949645364557227,0.0032047867778934695,5405.252410402693,74034.72075259936,240.55047544419358,-163.74270651237734,714.3547070560065,129,127,0.00442841185581263,45.16291765805041,72.7705432941093,0.18149549582581964,0.03163823903908716
2022-02-13,False,179809.47004522078,178475.9043589201,1347.6381702437704,1.2031502062598038,12.869333736824915,1333.5656863006857,0.007550812951946903,0.007471964863216759,1203.1502062598038,73767.90045525134,518.718479359939,147.92124082564098,1199.7169294181294,129,127,0.004462811423479032,44.81479969056991,72.77054329410927,0.17970315318898042,0.03256243394937444
2022-02-14,False,178905.73594299098,179809.47004522078,-908.2497296881543,1.6694911105007977,-6.185118568873292,-903.7341022297818,-0.005051178502777057,-0.005026065101034441,1669.4911105007977,74293.52917399666,1163.6774078359467,9.10436154095008,-917.3540912291044,129,127,0.004439910456127699,45.04595351106056,72.77054329410927,0.17919447113621273,0.03351143331610966
2022-02-15,False,175771.7169388971,178905.73594299098,-3141.0843095982195,1.5810219431181558,-8.646327447441815,-3134.019004093896,-0.017557202920532065,-0.017517711143104787,1581.0219431181558,74286.18121862903,891.2293989026803,-486.6112543296531,-2654.4730552685664,129,127,0.004445369951490058,44.99063119211515,72.77054329410927,0.1807848287484747,0.033660966997901956
2022-02-16,False,176275.31991462226,175771.7169388971,507.8252098841393,3.9813815181681456,0.24085264081793323,503.60297572515327,0.0028891178781662173,0.0028650967544466724,3981.3815181681457,73846.36943891567,882.5076046026861,33.72442156212995,474.1007883220094,129,126,0.004595433021387589,43.52146991789037,72.20829925094152,0.1834753656299388,0.0320314410178604
2022-02-17,False,179580.53849190814,176275.31991462226,3312.344107840966,1.8425569638671466,5.282973591230468,3305.2185772858684,0.018790742285677186,0.018750319550613938,1842.5569638671466,74657.67353437445,2145.65960992868,-536.1082195397455,3848.452327380712,129,126,0.0046916158311719955,42.62923632219877,72.20829925094154,0.1812745040578906,0.03239304563049693
2022-02-18,False,180776.93915018346,179580.53849190814,1226.2743327251164,18.20030607555232,11.673368374242408,1196.4006582753216,0.006828548032115251,0.006662195515853357,18200.30607555232,76414.61246897695,-218.82885674467434,239.1674744893182,987.1068582357984,129,127,0.004333676480418642,46.15019162221348,74.03207301017753,0.18172027712714983,0.03088458650072572
2022-02-19,False,180800.0594837178,180776.93915018346,12.986370371577053,1.7116567852891174,-11.845619948048299,23.120333534336233,7.183643241568776e-05,0.00012789426374305756,1711.6567852891176,75994.33306533503,-604.9509918612057,-129.9556013559513,142.9419717275283,129,127,0.004280258358613133,46.72615137764791,74.03207301017753,0.180581993412023,0.03130841437691953
2022-02-20,False,183318.9031664685,180800.0594837178,2495.126761778982,0.7300798174848359,-24.44700078919148,2518.843682750689,0.01380047533670023,0.01393165295378416,730.0798174848359,75568.261385044,-1177.111812880281,-301.9667117981196,2797.093473577102,129,127,0.004236217657586244,47.21192728183804,74.03207301017751,0.1812504133382295,0.031219860238493467
2022-02-21,False,186197.7966436389,183318.9031664685,2875.4981151149,3.196368857815923,-6.59173091332716,2878.893477170411,0.015685769800311937,0.01570429141481466,3196.3688578159226,74301.37832839921,-1789.9474261726646,-263.09495059131694,3138.593065706217,129,127,0.004134580717369613,48.37249860905809,74.03207301017751,0.1795342474160883,0.032210758264820935
2022-02-22,False,184662.207283984,186197.7966436389,-1582.7325107401412,4.344287249642585,-51.487438334879414,-1535.5893596549042,-0.008500275187301537,-0.008247086632254007,4344.287249642585,73557.87297396208,-2905.529377667539,455.62251863687345,-2038.3550293770147,129,127,0.003997286203471629,50.03394548689076,74.03207301017753,0.17806032407013128,0.03357247194464712
2022-02-23,False,186228.37768739852,184662.207283984,1566.3780068477938,3.4973298021660377,-3.289726368894422,1566.1704034145223,0.008482396208114902,0.00848127197464924,3497.3298021660376,73239.98588218895,-4291.165204094812,-246.1154422320404,1812.4934490798346,129,127,0.00391033219197968,51.14654975099345,74.03207301017753,0.18106638353450902,0.03132150745875723
2022-02-24,False,188048.76211449603,186228.37768739852,1749.6070875633366,1.7129868535861512,-72.49032638774648,1820.3844270974969,0.009394954245373996,0.009775010928534103,1712.9868535861513,72482.39894673025,-4437.774050833172,726.5062625435557,1023.1008250197808,129,127,0.003822468194504277,52.32221429273065,74.03207301017753,0.17862674547488475,0.030225018424148004
2022-02-25,False,184925.90751404894,188048.76211449603,-3120.8051196081037,27.523854197186722,-25.47437335821958,-3122.854600447071,-0.016595722750400024,-0.01660662141740491,27523.854197186723,78503.6456708021,3989.9753607527728,-469.69275192929024,-2651.1123676788134,130,128,0.0044187401227901435,45.261770197454645,75.1038272421177,0.17415545755741788,0.040547656228118116
2022-02-26,False,185008.43636508164,184925.90751404894,89.33727061256019,8.004795524088358,-1.196375944219911,82.52885103269173,0.00048309764604385235,0.00044628063283356855,8004.795524088358,88652.63888831832,1729.3278952979617,-137.9075074505802,227.24477806314036,131,84,0.0058238242512671234,34.3416956575372,49.073888119195885,0.2069547035784623,0.1343143572369043
2022-02-27,False,186772.05447713126,185008.43636508164,1768.9380524692397,0.8389326196240873,4.481007800000352,1763.6181120496153,0.009561391292333023,0.009532636168922724,838.9326196240872,89121.88518372814,1010.8475753361072,331.2276563082451,1437.7103961609944,131,84,0.005747002081127296,34.80075301465164,49.073888119195885,0.20703664420356993,0.1340136787169419
2022-02-28,False,185042.25754536354,186772.05447713126,-1750.4513873622132,1.8998639583472705,-22.55431955284563,-1729.7969317677148,-0.009372126854108905,-0.009261540419471664,1899.8639583472705,89589.40655634648,879.9216694580809,2658.064640207959,-4408.516027570173,131,84,0.005659982589061611,35.3357977437098,49.073888119195885,0.20707143934287753,0.13264254780387189
2022-03-01,False,185071.80488022545,185042.25754536354,-46.23445693276534,24.0417771548815,-99.82356894957277,29.547334861925933,-0.00024985891085678555,0.00015967884986856223,24041.7771548815,72614.2100692431,6096.091313688046,656.5408213237445,-702.7752782565098,87,84,0.005722576295592186,34.94929375673855,49.07388811919588,0.178730814176326,0.035323284845345845
2022-03-02,False,185794.34292510737,185071.80488022545,719.1234716324022,23.50903776579801,-26.923611015304374,722.5380448819086,0.003885645747594042,0.0039040957392160298,23509.03776579801,80432.18791625468,276.17856449384635,-52.88373664483049,772.0072082772327,123,128,0.004456258331710978,44.880701501703584,75.10382724211769,0.18971326194573693,0.026007938391249888
2022-03-03,False,186864.1652634462,185794.34292510737,1027.75406200151,1.7129988401197471,-43.78127517743811,1069.8223383388283,0.005531675754066375,0.0057580996358434205,1712.998840119747,81313.04867899446,977.8537416967611,-125.75331162282049,1153.5073736243305,124,128,0.0045107583807468534,44.33844225699487,75.1038272421177,0.18685254288716488,0.026014620820817635
2022-03-04,False,189458.5755230552,186864.1652634462,2592.5696446797715,26.245818415937833,-28.086433345164224,2594.410259608998,0.013874086778621767,0.013883936794148453,26245.818415937836,67687.30180627698,-12107.512317754774,-241.4129101330361,2833.9825548128074,124,128,0.003431741311938461,58.27945110671164,76.06480350576456,0.19778118329047428,0.022586115037302006
2022-03-05,False,188209.22656408825,189458.5755230552,-1252.7776762622343,2.1841292354953907,-5.612846530792657,-1249.348958966937,-0.006612409455753476,-0.00659431200470999,2184.1292354953907,66618.63148574029,-11691.997638714649,-385.3320219748843,-867.4456542873502,124,128,0.0033956236407672834,58.89934255340722,76.06480350576457,0.19292373951401767,0.02033128511476633
2022-03-06,False,190188.85020375048,188209.22656408825,1991.9147584177472,0.5646131641563489,11.726505591350193,1979.6236396622407,0.010583512799992664,0.010518207187829589,564.6131641563488,66592.79198284584,-12705.324874508224,398.5967429832017,1593.3180154345457,124,128,0.003377932840340412,59.20780828189733,76.06480350576454,0.19631525519323917,0.020872869891682844
2022-03-07,False,191111.91100604043,190188.85020375048,933.5137993687621,2.032592800099366,8.42040427872197,923.0608022899407,0.0049083518743011645,0.004853390728747032,2032.5928000993658,66368.41939255138,-12497.064477574193,218.61645024384728,714.8973491249147,124,128,0.0033349215222131232,59.97142621433438,76.06480350576457,0.19248738340744787,0.020663479018695766
2022-03-08,False,189455.86778682465,191111.91100604043,-1651.6176863046385,1.3500129458372638,3.075519965326058,-1656.0432192158019,-0.00864214939618513,-0.008665306157518668,1350.0129458372637,66096.64598427794,-12788.827130983922,-134.64910886055029,-1516.9685774440882,124,128,0.0032992056436093203,60.620652849393366,76.06480350576456,0.19222951123645446,0.02056388607704991
2022-03-09,False,188205.02212705577,189455.86778682465,-1269.400295311797,1.5602475378486758,-20.11488308076261,-1250.845659768883,-0.006700242701060722,-0.006602306248842775,1560.2475378486756,66046.72931255377,-13440.234450253382,715.6545496822696,-1985.0548449940666,124,128,0.003281508355562581,60.94758212666872,76.06480350576457,0.1954125991132493,0.0213166091596723
2022-03-10,False,189321.94311015203,188205.02212705577,1121.5853557895707,2.6852366048224523,1.9791360884720604,1116.9209830962761,0.005959380589920693,0.005934597124311865,2685.236604822452,66184.45142129193,-13574.877652138097,-342.1904883863929,1463.7758441759638,124,128,0.003291216921561089,60.76779646147907,76.06480350576456,0.19787028151951752,0.022699766719578983
2022-03-11,False,190858.78548926124,189321.94311015203,1544.0069363195048,1.7924568771982,5.372100333092312,1536.8423791092143,0.008155456842216989,0.00811761359440011,1792.4568771981997,65939.92344729239,-13513.229364180048,-259.2299582457619,1803.2368945652665,125,129,0.003297285468919355,60.65595529572014,76.3842919556953,0.19395397837666517,0.02194187335227117
2022-03-12,False,190860.3644243426,190858.78548926124,8.604721653559618,2.2934048228519743,4.732381749323,1.5789350813846443,4.5084231420113315e-05,8.272792249710108e-06,2293.404822851974,65868.65664222304,-13358.004345365076,-41.239497011806684,49.84421866536631,125,129,0.003274300874796771,61.08174161374635,76.3842919556953,0.1924822702582567,0.021434776418557008
2022-03-13,False,191765.19649508275,190860.3644243426,916.0711486905839,0.970692585910851,10.268385364538315,904.8320707401348,0.0047996929663922765,0.004740806575892355,970.6925859108509,66678.08467381398,-13369.007128656984,-90.16107518156606,1006.2322238721499,125,129,0.0032543236187321466,61.45670296856282,76.3842919556953,0.1926976000760366,0.021295104756675915
2022-03-14,False,190941.90927570633,191765.19649508275,-808.500785209352,1.5339437282358521,13.252490438840677,-823.2872193764285,-0.004216097602622505,-0.0042932045773881565,1533.9437282358522,67106.99251766031,-13389.320551221143,563.5916280079036,-1372.0924132172556,125,129,0.0032322708937272543,61.87600191188568,76.3842919556953,0.19136459555823543,0.02124037014446178
2022-03-15,False,189936.2186056573,190941.90927570633,-998.8622467418586,1.390768292184782,5.437655014982887,-1005.6906700490263,-0.0052312362986774875,-0.005266998082630888,1390.768292184782,67850.86311410062,-13950.943857780667,-401.72402227807964,-597.1382244637791,125,129,0.0032309574721142527,61.90115522292076,76.3842919556953,0.19474473237654227,0.021310097307785422
2022-03-16,False,187432.84176093218,189936.2186056573,-2501.4818930169286,1.2110853129255466,0.6838663952850017,-2503.376844725139,-0.013170115270171126,-0.013180092049334792,1211.0853129255465,67273.4204021337,-14185.971117469207,-141.21635797112114,-2360.265535045807,126,129,0.00323584034735568,61.807746529719694,76.3842919556953,0.1948762917911347,0.020637292324601996
2022-03-17,False,187664.74624116797,187432.84176093218,238.5853172433128,2.5006105912064407,4.180226416298016,231.90448023580834,0.0012729109530741941,0.0012372670555334112,2500.6105912064404,67015.97217553727,-14217.941211031635,-322.1463619949977,560.7316792383106,126,129,0.0032654121340755303,61.24801151834451,76.3842919556953,0.19740222952908593,0.021819162289052674
2022-03-18,False,186226.84492747052,187664.74624116797,-1398.3557583588884,35.16880868080547,4.376746657757613,-1437.9013136974515,-0.007451350274184483,-0.0076620747503082145,35168.80868080547,83408.92077524899,-2462.8634870788173,387.8113509363525,-1786.167109295241,126,129,0.004235333254028004,47.22178586768596,77.6442923217993,0.18761131493338035,0.026305021987207303
2022-03-19,False,182430.67000585207,186226.84492747052,-3781.8533979908216,1.8404149676656776,12.481108659969475,-3796.1749216184567,-0.020307777858040468,-0.020384681505488358,1840.4149676656778,84628.59264100122,-2954.3120562694967,-254.21738072022885,-3527.6360172705927,126,129,0.004291744252769338,46.601099278212075,77.6442923217993,0.19124133196416196,0.02652521243901883
2022-03-20,False,185045.33087220864,182430.67000585207,2615.8718889990273,5.106241659040554,-3.89521901658183,2614.6608663565685,0.014338991842298856,0.014332353579980245,5106.241659040554,84771.47276156442,-1629.923795219769,96.90919861689072,2518.9626903821363,126,129,0.0044489063489753,44.95486852539957,77.64429232179928,0.19414935477387948,0.027773614139220606
2022-03-21,False,183732.60431964925,185045.33087220864,-1312.9370075124577,3.4887860068592564,-3.6992409599363114,-1312.7265525593807,-0.007095218243680871,-0.007094080928018351,3488.7860068592563,85764.91480309494,183.76496580234016,-811.4440441139919,-501.4929633984657,126,129,0.004526003627143751,44.18909406093761,77.64429232179928,0.18989241454637285,0.027670626477256467
2022-03-22,False,181721.44130567298,183732.60431964925,-2011.3628348737366,1.088878892970265,-1.288699790425487,-2011.1630139762815,-0.010947228676813742,-0.010946141113187268,1088.878892970265,86173.34832800759,-313.62210308824797,324.9685514527275,-2336.3313863264643,126,129,0.004596355999141616,43.51273052769425,77.64429232179927,0.19194308618016667,0.027455074014970184
2022-03-23,False,178017.2471758269,181721.44130567298,-3704.218762002113,4.163798848724902,-4.188431004741333,-3704.194129846097,-0.02038404898941595,-0.020383913440435934,4163.798848724902,87808.67641297446,927.833426582396,-669.3167344101084,-3034.9020275920047,126,129,0.004711576189726417,42.44863967945581,77.6442923217993,0.1909233524187988,0.029301014590269014
2022-03-24,False,177769.6400634542,178017.2471758269,-247.73762863830666,7.827187050638086,-7.957703316257447,-247.6071123726873,-0.0013916495877144828,-0.0013909164213067894,7827.187050638086,91031.7187169905,2485.2410624231024,-212.6582556846952,-35.07937295361148,126,129,0.0049739541844706645,40.20945762315748,77.64429232179928,0.1923913120197931,0.03132154256801816
2022-03-25,False,179770.71889775092,177769.6400634542,2071.432757957089,66.31621798252537,4.037705677823721,2001.07883429674,0.011652342645334147,0.011256583709020633,66316.21798252538,123392.12019961714,38305.49762827279,673.0354292079646,1398.397328749124,126,129,0.007184833890851087,27.836412509782992,75.573254041886,0.1876926509315647,0.05173496976376101
2022-03-26,False,177887.68740977344,179770.71889775092,-1874.3283176614414,7.609103732797748,1.0940665832457643,-1883.031487977485,-0.010426215844013575,-0.0104746284574214,7609.103732797747,129770.64770643928,44987.95740530947,-548.1774590564133,-1326.150858605028,126,129,0.007340219513019538,27.24714153919441,75.573254041886,0.18882853382560716,0.05324629207033723
2022-03-27,False,176022.0531305164,177887.68740977344,-1856.9184802529303,3.140209750934752,5.575589253180262,-1865.6342792570451,-0.010438712804081955,-0.010487708882062538,3140.2097509347523,130846.07499546475,46253.838838582786,843.6715502931986,-2700.590030546129,126,129,0.007568773860027903,26.424359308214644,75.573254041886,0.1926908987564156,0.05023412743502509
2022-03-28,False,179622.15891535542,176022.0531305164,3618.452946574722,5.252194622981148,13.0949671127267,3600.1057848390137,0.02055681593426092,0.02045258375761369,5252.194622981147,131812.88611031655,49649.11498131101,2470.5454668048014,1147.9074797699209,126,129,0.007860014343083295,25.445246187877164,75.57325404188599,0.19592915569362937,0.04766646031447215
2022-03-29,False,178683.61751781128,179622.15891535542,-916.6362774177313,6.1356478584771885,15.769472267952349,-938.5413975441609,-0.005103135843332582,-0.00522508694479302,6135.6478584771885,134770.88224173425,55584.859289512555,364.7295880737688,-1281.3658654915005,126,129,0.008040860872074972,24.8729586522978,75.573254041886,0.19640096137870935,0.04871524614591896
2022-03-30,False,172730.3159442811,178683.61751781128,-5933.474397436916,5.841189936634251,13.98598615663041,-5953.301573530181,-0.0332065943138042,-0.03331755678685402,5841.189936634251,134737.2455325522,57938.95128429392,-1143.5021048563076,-4789.972292580608,126,129,0.00822192339960833,24.325208382448256,75.57325404188599,0.19896481129814295,0.04884915554162136
2022-03-31,False,172346.31141095888,172730.3159442811,-339.63350183932573,10.394996894655746,33.976034588224145,-384.0045333222056,-0.00196626457829721,-0.0022231449715293568,10394.996894655746,129141.47032345145,62394.33494188436,-1449.0511808723693,1109.4176790330434,126,129,0.00850780595650527,23.507823406230283,75.57325404188602,0.19942214463193045,0.04908260685613753
2022-04-01,False,169481.1403014592,172346.31141095888,-2830.767249016677,19.592497511733676,14.811362971257442,-2865.171109499668,-0.016424878640232267,-0.016624499161271185,19592.497511733676,124741.99619408131,50577.52857266158,-1479.0587325912488,-1351.708516425428,126,86,0.011292763176632194,17.710457296567995,51.89146852145207,0.20418356491503425,0.21719888959259828
2022-04-02,False,171314.89275770297,169481.1403014592,1974.0544323592385,7.48546237646177,132.8165137390093,1833.7524562437675,0.011647634827379329,0.010819802445169053,7485.46237646177,129401.15800921449,54784.82947191074,1806.3932418401153,167.66119051912335,126,86,0.01288239805152002,15.525059790898295,51.891468521452076,0.20825676806651494,0.22699810890616792
2022-04-03,False,168602.13779676106,171314.89275770297,-2577.188369301265,43.517673892320765,92.04891774831464,-2712.7549609419,-0.015043574600056975,-0.015834904469039072,43517.67389232076,108044.71361965664,39375.31776556521,-976.8037853228814,-1600.3845839783835,88,86,0.014461802894429443,13.829534357506574,51.89146852145206,0.20563945285998161,0.05704494018420275
2022-04-04,False,170350.9252399555,168602.13779676106,1776.898673399326,13.16045482770747,14.950775377180562,1748.7874431944379,0.01053900440776891,0.010372273246632778,13160.454827707472,115468.5340807896,49033.58058949402,227.9168069037236,1548.9818664956024,88,86,0.01685965721906331,11.862637383508538,51.891468521452076,0.211435980056785,0.07036724750381972
2022-04-05,False,171385.16657466558,170350.9252399555,1059.6535155993333,8.067084786006857,17.34509610324599,1034.2413347100803,0.006220415381405827,0.006071239902297289,8067.084786006857,120491.92628590431,57006.53580029635,59.08873549367993,1000.5647801056534,88,86,0.018468817451231516,10.829063665181435,51.89146852145207,0.2082933440278019,0.07611708995349414
2022-04-06,False,175900.76407065283,171385.16657466558,4536.997259397264,3.4631602249192257,17.936603185079814,4515.597495987266,0.026472520055699677,0.026347656487645928,3463.1602249192256,122795.42879438683,59893.16521913375,727.1339284465769,3809.863330950687,88,86,0.019377242161955542,10.321386208026627,51.89146852145207,0.2063876130294084,0.08125195105469674
2022-04-07,False,173279.65786711092,175900.76407065283,-2608.2492046559983,13.39838615163647,-0.5413872657293628,-2621.106203541905,-0.014827958357294918,-0.014901050699751955,13398.38615163647,116856.06680068349,51046.54756774905,-1215.4657255475563,-1392.7834791084422,88,86,0.01819064316603151,10.994663474762241,51.891468521452076,0.2053936283123048,0.0704808467221197
2022-04-08,False,174145.0466487154,173279.65786711092,943.6421672493304,62.17023903394979,16.08314661089798,865.3887816044827,0.005445775798870832,0.004994174112856074,62170.239033949794,106456.46513813022,63660.714307053655,-319.00185670796304,1262.6440239572935,104,130,0.009363188132038248,21.36024580299259,76.4342736243396,0.1934232785687439,0.06459288695511536
2022-04-09,False,171933.883794449,174145.0466487154,-2181.8046728576965,6.883003863478027,22.475177545195162,-2211.1628542663693,-0.01252866340355246,-0.012697248051658437,6883.003863478028,106306.51662807612,62413.21405604594,-1150.4984564798974,-1031.3062163777993,106,130,0.009857432547688325,20.289258793548854,76.43427362433961,0.19748510567554653,0.06405463404346268
2022-04-10,False,173444.315343113,171933.883794449,1532.093854005536,2.244446474746846,19.417858866804597,1510.4315486639846,0.008910947744524809,0.008784955677903146,2244.4464747468464,106036.1422760291,60195.87466211981,572.3809291879415,959.7129248175945,107,130,0.01015342030604851,19.69779581377693,76.4342736243396,0.19734883354956825,0.06288875962863986
2022-04-11,False,175302.3687938941,173444.315343113,1864.7798787459296,4.629468183566502,2.0969597812785796,1858.0534507810844,0.010751461499657474,0.010712680015516361,4629.4681835665015,107190.73818959601,59453.82146117196,-362.9197741735369,2227.6996529194666,108,130,0.010515512939721831,19.019519175760784,76.4342736243396,0.20017714608546397,0.06657624939131561
2022-04-12,False,172308.5605785421,175302.3687938941,-2971.8973409020937,11.04627513124075,10.864599318678271,-2993.8082153520127,-0.01695297879514796,-0.017077967833234942,11046.275131240749,113509.16849245955,57411.123343670115,-1613.0184191068759,-1358.878921795218,111,130,0.010834285447166542,18.459916066943336,76.4342736243396,0.2008313674001433,0.06595942444506248
2022-04-13,False,171925.6973493264,172308.5605785421,-359.89762641912023,3.1550881279217267,19.81051466865661,-382.86322921569854,-0.0020886810568826663,-0.0022219629014960107,3155.0881279217265,115446.86301715851,53562.188793472706,399.3486711911715,-759.2462976102918,111,129,0.011016447415246808,18.154672959560376,75.85040905165573,0.1991990899439998,0.06655018957601459
2022-04-14,False,174421.25005080557,171925.6973493264,2495.992394724956,2.606650320797753,-2.1669570750063496,2495.5527014791646,0.014517855289855162,0.014515297828971943,2606.650320797753,117370.3633269716,51307.825652804124,1698.7706104046913,797.2217843202643,111,129,0.011096199182576863,18.024189788701516,75.85040905165573,0.2009921751352559,0.06889548263583463
2022-04-15,False,174165.59464061787,174421.25005080557,-211.69736738796007,51.83758335473799,-7.879540555008726,-255.65541018768934,-0.0012137131646877699,-0.0014657354543280811,51837.58335473799,103574.98735635562,31160.752402666734,571.613046234463,-783.3104136224232,111,129,0.008877829712432695,22.528028412159777,76.88593590790796,0.19554383599339495,0.05613067445065091
2022-04-16,False,173277.88460301812,174165.59464061787,-898.5297902806177,3.955652893823837,-14.775405574689607,-887.710037599752,-0.005159054474189863,-0.005096931109910071,3955.652893823837,102368.27963205994,27467.41560482518,-1100.8353243114343,202.30553403081666,112,129,0.00878978094734276,22.753695592432486,76.88593590790795,0.19729528734636156,0.05584169581491626
2022-04-17,False,173854.1994442787,173277.88460301812,564.6017200916773,2.8776983098332423,-14.590819478738686,576.3148412605827,0.0032583599539271106,0.003325957277127012,2877.6983098332425,100892.28353760885,24366.412447864066,-1022.1994362340752,1586.8011563257526,113,129,0.00865495432099652,23.108151999694467,76.88593590790796,0.1945021408230297,0.055747372766198545
2022-04-18,False,173487.3306432636,173854.1994442787,-374.7458457736552,5.523340845050747,-13.400385603584063,-366.8688010151219,-0.0021555179395811113,-0.0021102096019987456,5523.340845050747,97679.29444708087,20569.81201394627,913.5150123271994,-1288.2608581008546,115,129,0.008408646679270337,23.785040283956263,76.88593590790798,0.1914937763049671,0.05458389081189912
2022-04-19,False,172132.16723471397,173487.3306432636,-1360.3317466921403,2.9482603940331202,-8.11659853655743,-1355.163408549616,-0.007841101374078703,-0.0078113105062190095,2948.26039403312,97168.66124358747,17394.724312542996,295.11553260390974,-1655.44727929605,116,129,0.008275072430267788,24.16897274136945,76.88593590790794,0.19275385485845647,0.05356814296458314
2022-04-20,False,172517.72841788002,172132.16723471397,390.8787727627449,16.678365205816824,-11.360775609130464,385.5611831660586,0.0022708060848949576,0.0022399136045287782,16678.365205816823,91200.42127244126,7503.100333982027,272.65199045144027,118.2267823113047,116,129,0.007216762010742305,27.71325972815727,76.88593590790795,0.1969142266555276,0.04790774667749431
2022-04-21,False,175419.8777503404,172517.72841788002,2884.503069973657,0.6672828250610477,-18.31354531181175,2902.1493324604075,0.016720038551555044,0.01682232521303952,667.2828250610478,91023.36696445616,7756.470081932479,835.4775729379003,2049.0254970357564,116,129,0.007213120991972006,27.72724874885562,76.88593590790795,0.19630867426931836,0.047144434344372675
2022-04-22,False,174810.5463541314,175419.8777503404,-566.8114495910147,34.86829357651653,7.651653041488508,-609.3313962090198,-0.003231170018244496,-0.0034735595761628975,34868.29357651653,101020.84593062964,25090.371745785964,-592.5264716973098,25.715022106295105,117,129,0.00815133065192852,24.53587132460172,75.59616380884395,0.19592919926198282,0.05586698742227721
2022-04-23,False,176751.47639896153,174810.5463541314,1935.5936108033413,1.7001124562735317,-7.036546483068442,1940.9300448301362,0.01107252194545639,0.011103048902428336,1700.1124562735317,101368.99860674923,23532.065878537316,1426.5365222530238,509.057088550318,118,129,0.008130669676541859,24.59821982155154,75.59616380884395,0.19579340561943817,0.05346422020416876
2022-04-24,False,175824.63921695383,176751.47639896153,-920.2578787571767,3.4166764498447346,3.1626268006883524,-926.8371820077099,-0.005206507450494957,-0.005243730920332812,3416.6764498447346,102125.92688221736,22327.364485094462,-1524.0335440038632,603.7756652466868,119,129,0.00810063581829765,24.6894200018524,75.59616380884395,0.19547377068132307,0.055554461247883845
2022-04-25,False,176467.98762929652,175824.63921695383,681.8823057669105,44.04645686112281,-5.512563436912098,643.3484123426997,0.0038781953928853003,0.003659034451643937,44046.45686112282,68664.32818805058,-17460.67565722872,779.9193918092345,-98.03708604232413,120,128,0.0077016559289374,25.96844131254174,82.95086410652961,0.19371524958807143,0.05660836752643483
2022-04-26,False,179550.50306686253,176467.98762929652,3126.0965793426467,43.665551876415705,-0.08441009978657998,3082.5154375660177,0.017714808341950314,0.017467844899106622,43665.55187641571,104029.24691513684,20605.928628615726,-91.11225487155326,3217.2088342142006,121,129,0.007984466186040382,25.048637609571124,75.59616380884395,0.1952526587828329,0.05547219349388079
2022-04-27,False,179319.56872444443,179550.50306686253,-225.52222106079353,7.908005792021102,-2.49588443471944,-230.93434241809518,-0.0012560378122516965,-0.0012861804254154494,7908.005792021102,105925.21773535517,23079.455176004514,1244.5837335668675,-1470.105954627661,121,129,0.007762503281294686,25.764884439010835,75.59616380884395,0.19028858412906752,0.05581765276974826
2022-04-28,False,179561.1064656328,179319.56872444443,214.45058172737703,4.356744274813344,-31.443903735792638,241.53774118835634,0.0011959128791845216,0.0013469681134439984,4356.7442748133435,107445.6412013079,22253.948833055125,-233.84787170114203,448.298453428519,121,129,0.007608408179185181,26.286707454412483,75.59616380884394,0.1914057569863808,0.05515065371563578
2022-04-29,False,181994.99778526262,179561.1064656328,2477.561361187961,39.87498830106444,3.795053257082501,2433.891319629814,0.013797873102670792,0.013554668756152102,39874.98830106444,95359.42639222511,15249.252535430125,-335.0765212256076,2812.637882413569,123,131,0.006165777590730123,32.43710903563697,78.37729934249472,0.19306276562456803,0.04432874810651378
2022-04-30,False,186215.85453351497,181994.99778526262,4225.576896256854,5.086205968451232,-0.3660579639515902,4220.856748252354,0.02321809361619184,0.023192158024214364,5086.205968451232,97219.65499140797,17061.586059288995,-615.9630780504466,4841.539974307299,125,131,0.0059585587840925835,33.5651635314793,78.37729934249472,0.18839276026719068,0.04440535769813207
2022-05-01,False,182158.5739773387,186215.85453351497,-4044.795106255354,6.719846869591123,5.765603051312443,-4057.2805561762575,-0.021721002845798906,-0.021788051110578403,6719.846869591123,98474.9186636488,19304.001564691982,-1534.1905027266614,-2510.604603528692,128,131,0.0056822868542183505,35.19709672022741,78.37729934249471,0.18551175798532737,0.04336053308466392
2022-05-02,False,182161.1445277196,182158.5739773387,7.3965186216805705,3.8817410767108296,0.9442271640904476,2.5705503808792933,4.060483380047062e-05,1.4111607950988245e-05,3881.7410767108295,96920.02726050478,17087.24318890632,-1180.814062856236,1188.2105814779165,128,131,0.005518905128321829,36.239071944477395,78.37729934249471,0.1897541203546841,0.04073027548273284
2022-05-03,False,181367.41282617152,182161.1445277196,-789.163524095998,1.8862313871157255,2.6819460649628004,-793.7317015480764,-0.004332227523833495,-0.004357305195934876,1886.2313871157255,95291.08816243646,16596.65961775791,-1696.3199330632226,907.1564089672247,130,131,0.005343855864246273,37.42615914065435,78.37729934249472,0.18672891654528856,0.0404919469707444
2022-05-04,False,176952.2525485453,181367.41282617152,-4412.331084805179,2.6591491990226706,0.17004362200353818,-4415.160277626205,-0.024328135997805193,-0.024343735232402745,2659.1491990226705,93401.8336035012,14950.021678481044,1007.0166568443519,-5419.34774164953,130,131,0.005164460629962297,38.72621253798969,78.37729934249471,0.1853395923082319,0.039065473860943174
2022-05-05,False,178918.0308337125,176952.2525485453,1960.005632156602,7.990501163041717,-13.763154173609681,1965.77828516717,0.011076466130991417,0.01110908879008407,7990.5011630417175,91837.69683895337,14036.571115929373,-2472.407520237769,4432.4131523943715,130,131,0.005200955174778165,38.45447485682869,78.37729934249471,0.19165457241563438,0.03682204751075251
2022-05-06,False,178531.96477638822,178918.0308337125,-311.3794973805615,60.09915840257466,14.587401541117762,-386.06605732425385,-0.0017403472189449676,-0.002157781725661099,60099.158402574656,121103.29534475338,42761.71507572715,-390.1208798729912,78.74138249242964,132,132,0.007359698964009713,27.175024546253447,83.14243086384775,0.18008261730956637,0.05992047794888558
2022-05-07,False,178384.00656041055,178531.96477638822,-146.36380927322057,2.7605317515184464,-1.166125047073808,-147.9582159776652,-0.0008198185095679737,-0.0008287491607622381,2760.5317515184465,119793.37103371609,40426.304140002634,-2066.9168524507027,1920.5530431774816,132,132,0.007158912359709809,27.937204696846873,83.14243086384774,0.180093738652994,0.05874410620475426
2022-05-08,False,177773.65267091815,178384.00656041055,-599.5429889641924,5.9513461318945815,4.859554396297028,-610.353889492384,-0.003360968287037294,-0.0034215729384107366,5951.346131894582,115102.25081424005,36736.932146438354,-1570.0879062417525,970.54491727756,132,132,0.006873612799881532,29.09678008098551,83.14243086384775,0.17707760262353867,0.05765630257212177
2022-05-09,False,181775.96178773642,177773.65267091815,4004.141798308164,2.43054317148098,-0.597861681596924,4002.30911681828,0.02252382025203895,0.022513511179449455,2430.54317148098,112730.11993518738,34029.95300850332,-3533.2554030258043,7537.39720133397,133,132,0.0065368986348935355,30.595548618791966,83.14243086384774,0.17643681469254893,0.05566951330897252
2022-05-10,False,177785.46879357425,181775.96178773642,-3981.526556121254,10.890015922212493,-1.923577881311008,-3990.492994162156,-0.021903482269952534,-0.02195280913337671,10890.015922212493,95204.58333406161,27144.078884598974,-1788.3867087593533,-2193.139847361901,133,132,0.005814310215979622,34.3978894435895,83.14243086384774,0.17108757661680207,0.048039355181612634
2022-05-11,False,189017.14100780746,177785.46879357425,11257.946153345412,12.06930692082587,14.204632191394772,11231.672214233191,0.06332320762624842,0.06317542311219049,12069.30692082587,83574.26826283571,18350.01019211371,1994.5932677443775,9263.352885601036,133,132,0.005280506410900928,37.875155228885944,83.14243086384774,0.177148517455901,0.041881094608713365
2022-05-12,False,192566.97262947157,189017.14100780746,3703.805366037247,21.80627130292722,132.1674730702194,3549.8316216641006,0.019595076649076282,0.018780474631755608,21806.27130292722,63027.07936960224,7801.685042531892,1375.031572949312,2328.7737930879352,134,132,0.004685719917323159,42.68287553009683,83.14243086384775,0.17059983663059866,0.03576747182543954
2022-05-13,False,189305.47212136962,192566.97262947157,-3151.7134028037076,38.436968943905775,71.35013635434676,-3261.5005081019603,-0.01636684297295408,-0.016936967246079047,38436.96894390577,50694.21695727688,6277.136994427133,-829.5876337417512,-2322.125769061957,135,133,0.0038218256463646984,52.3310110157011,84.95624693682575,0.17677643526767337,0.028370946276404994
2022-05-14,False,187803.1640340674,189305.47212136962,-1458.7100676004188,4.926503609082225,38.671516092726456,-1502.3080873022275,-0.0077055884927890225,-0.007935893613994693,4926.503609082225,50034.61348588191,3439.100766377991,21.476763442409258,-1480.186831042828,136,132,0.0034205008904454434,58.47096855278249,85.67141968338468,0.1956392325077251,0.02874553660726978
2022-05-15,False,187118.4130732173,187803.1640340674,-641.1446345469554,3.3952751522742473,40.21105115086768,-684.7509608500974,-0.00341391817248964,-0.003646109821269486,3395.2751522742474,50282.17878352786,2527.7888664124785,-252.3141833038835,-388.83045124307193,136,132,0.0032498482781984444,61.541334511428374,85.67141968338468,0.2002192905008845,0.025706641262174725
2022-05-16,False,190019.5868015074,187118.4130732173,2940.257767648508,1.4698917906841182,37.61414756772453,2901.1737282900995,0.015713353482203908,0.015504480187927328,1469.8917906841184,50435.38466751061,1285.8352544480222,389.1803704976603,2551.077397150847,136,132,0.0031347680466473505,63.800573766183746,85.67141968338468,0.20332025738687937,0.023492001084699652
2022-05-17,False,186869.4398733335,190019.5868015074,-3120.8687404860552,2.9510170860136933,26.327170601821077,-3150.1469281738896,-0.016423931832596207,-0.01657801167342029,2951.017086013693,50160.32242883227,1275.0759360828342,-459.5188477937145,-2661.3498926923407,136,132,0.0030130019664333842,66.37898090612543,85.67141968338468,0.19973026532593294,0.02332795456458279
2022-05-18,False,190213.9314163368,186869.4398733335,3390.6665960750297,2.7211966408852537,43.45385643083247,3344.491543003312,0.018144575155645243,0.017897477218695165,2721.196640885254,49761.524790458134,568.6697728219242,879.0629144340921,2511.603681640938,136,132,0.002983271403708301,67.04049780767303,85.67141968338467,0.20526299708877732,0.022043326301705038
2022-05-19,False,187365.80998255848,190213.9314163368,-2808.6950701830056,3.268808238363535,36.15755535693917,-2848.121433778308,-0.014765979806365417,-0.014973253602252674,3268.808238363535,49287.25966440491,873.8504866950861,12.397703942439552,-2821.092774125445,136,132,0.0029389845401981063,68.05071522646347,85.67141968338468,0.20014037101975346,0.022944550764456874
2022-05-20,False,188151.8182354596,187365.80998255848,841.2244154973794,20.099458178246614,35.11670441800666,786.0082529011261,0.004489743435985932,0.004195046326617936,20099.458178246616,55406.072363313084,-4381.519102320253,-165.22219431633994,1006.4466098137193,137,132,0.0032865383766178665,60.854302333088036,86.94299591794717,0.18822927961393823,0.022171418630125634
2022-05-21,False,186702.41671115026,188151.8182354596,-1416.2497281565152,1.4728992612326701,31.678896891574883,-1449.4015243093227,-0.007527164719631739,-0.007703361774030226,1472.8992612326701,55134.42379123177,-4069.145327750357,-140.14016971023432,-1276.109558446281,137,132,0.003276357756184771,61.04339479486347,86.94299591794716,0.18591978513742272,0.022602554821490126
2022-05-22,False,185984.9309422521,186702.41671115026,-695.5873898302085,1.4771185521546792,20.42126051579615,-717.4857688981593,-0.003725647488036327,-0.0038429377698318222,1477.1185521546793,55065.16482135214,-4105.845819089791,-32.90018605280125,-662.6872037774074,137,132,0.0032788892204076024,60.99626628286569,86.94299591794717,0.18804005221349632,0.022069560329426627
2022-05-23,False,187644.71803072796,185984.9309422521,1676.4990840758373,1.4240693080847706,15.287926291901634,1659.7870884758509,0.009014166231544782,0.008924309512963774,1424.0693080847707,55531.64489159999,-3742.9323337981914,-156.65692133325675,1833.1560054090942,137,132,0.0033128676700088936,60.37065766634231,86.94299591794716,0.18929336761109403,0.021982617361132793
2022-05-24,False,187474.5586706169,187644.71803072796,-141.3314941165105,1.9236041542447175,26.904261840300066,-170.15936011105526,-0.0007531866369580763,-0.0009068166793972354,1923.6041542447176,55369.57917823895,-3100.6906386587398,248.07050337915447,-389.4019974956649,137,132,0.0033016541668927602,60.57569626931073,86.94299591794717,0.18589413292746945,0.022418256170053434
2022-05-25,False,188276.25826245776,187474.5586706169,824.2315148550604,0.8814127210442039,21.650510293165496,801.6995918408506,0.004396497960574973,0.0042763113967340775,881.4127210442039,55985.96674685303,-3046.276400132854,389.1487411861221,435.0827736689381,137,132,0.0032980515660912435,60.64186565676846,86.94299591794713,0.18787157212294905,0.02158360926905209
2022-05-26,False,192667.99894391187,188276.25826245776,4422.55478771085,1.839629333605833,28.974476923127558,4391.740681454117,0.023489710431496856,0.02332604610896832,1839.6293336058332,56743.92942096172,-2839.10558250963,1661.4786819757956,2761.0761057350555,137,132,0.0032669658725422773,61.21888253591233,86.94299591794716,0.1870111737894499,0.02193378026066222
2022-05-27,False,194318.32612365446,192667.99894391187,1702.9213497474555,18.108488692007963,34.48568131285039,1650.327179742597,0.008838631008168604,0.008565652774662535,18108.488692007966,59041.77228809401,773.259548409289,228.50535956064851,1474.4159901868068,137,132,0.0034912654016312676,57.285819607570225,89.17516830468918,0.18089281925346626,0.02529780589557941
2022-05-28,False,192612.04787896352,194318.32612365446,-1657.9423551371992,2.8187629689203644,45.51712658483394,-1706.2782446909534,-0.00853209467274933,-0.008780840586312807,2818.7629689203645,59572.730043149604,-4.9561539485584944,-442.40988652411994,-1215.5324686130791,137,130,0.0034609862650690063,57.7869961572969,87.81855896088551,0.1806541754723934,0.025694564277734224
2022-05-29,False,192121.85634620843,192612.04787896352,-441.73198385071055,1.1377821422159702,47.32176676218057,-490.1915327551071,-0.002293376705741132,-0.002544968179057735,1137.7821422159702,59529.31312447813,-890.5065769878456,21.90644903219382,-463.63843288290434,137,130,0.0034172416451828495,58.526736112423336,87.81855896088551,0.18337286326132315,0.024857334705141454
2022-05-30,False,184456.83229438314,192121.85634620843,-7626.865826787507,2.413295694024807,35.744929343752034,-7665.024051825284,-0.03969806440472708,-0.03989667910564385,2413.295694024807,60146.13595715436,-2541.0449082922205,-252.57479236241852,-7374.291034425089,137,130,0.0033323899090993868,60.01698644383787,87.81855896088551,0.18686397480567982,0.023451742498517655
2022-05-31,False,184191.04884204577,184456.83229438314,-230.32589531305013,9.291624938947564,26.165932085386917,-265.78345233738463,-0.0012486709895649863,-0.0014408978460239879,9291.624938947563,57980.717345796336,-1074.362672764517,461.6295923835,-691.9554876965501,137,130,0.0034158547858433486,58.55049834930894,87.81855896088551,0.191694728986207,0.022249162450073093
2022-06-01,False,186410.6584111203,184191.04884204577,2307.994868452425,1.5816237115696132,86.80367566632341,2219.6095690745324,0.012530439904447589,0.012050583255964697,1581.6237115696133,58538.97713652828,-255.03288752843582,191.11705294773174,2116.8778155046934,137,130,0.003458015268940618,57.83664456209041,87.81855896088551,0.1898644663445698,0.021458131671719335
2022-06-02,False,185736.02806294803,186410.6584111203,-590.5955959432499,2.3228811935798652,81.71187103543107,-674.6303481722608,-0.003168250147160137,-0.003619054585840226,2322.881193579865,58763.06030123262,438.72405668555075,125.145987743066,-715.741583686316,137,130,0.0034607235031551657,57.79138374321399,87.81855896088551,0.18532492142841775,0.023301623222865657
2022-06-03,False,186617.3006564217,185736.02806294803,980.3323898174374,9.649861167665911,89.40993517609667,881.2725934736748,0.005278094939583783,0.004744758476126138,9649.861167665911,57967.728409987525,1577.2685853892071,166.97440419050452,813.357985626933,137,130,0.0034253805284739183,58.38767352633501,87.58486112772897,0.1875723098551041,0.022382718141628954
2022-06-04,False,186354.48294054548,186617.3006564217,-176.7790453750443,1.2792960950621985,84.7593744061187,-262.8177158762252,-0.0009472811189167801,-0.0014083244959163508,1279.2960950621987,58203.20667150464,1624.0121666296109,-263.53814967947955,86.75910430443525,137,130,0.0034192415018810523,58.492504811366075,87.58486112772897,0.18567045909973484,0.02280355041330319
2022-06-05,False,186970.66096753898,186354.48294054548,682.0226949487757,0.5606221316025853,65.28404582368609,616.178026993487,0.0036598137280462856,0.003306483521462011,560.6221316025853,58196.1397584971,1104.9244257259925,121.5805473301672,560.4421476186085,137,130,0.003419901895326311,58.481209730993456,87.58486112772897,0.18667448380336163,0.02183557179023336
2022-06-06,False,186530.95347642945,186970.66096753898,-396.6633944643928,0.8758218539296707,42.16827479121659,-439.7074911095391,-0.002121527476084923,-0.0023517459308007643,875.8218539296709,58633.100012138326,1269.686856690445,464.9437071619035,-861.6071016262963,137,130,0.0034198187005416198,58.482632418006446,87.58486112772897,0.18482684542928296,0.02300614369019707
2022-06-07,False,187740.24411973846,186530.95347642945,1266.1702289141458,0.3499919209838586,56.529593684159394,1209.2906433090025,0.006787989903638929,0.006483056140394477,349.9919209838586,59633.46641739812,1223.0153832099058,415.9359880867487,850.2342408273971,137,130,0.0034373056770245964,58.185107404565834,87.58486112772896,0.18871564377677105,0.022124713263856316
2022-06-08,False,187294.55526281433,187740.24411973846,-376.00145205635005,1.5925948280522535,68.09481003972893,-445.68885692413124,-0.0020027749181818514,-0.0023739654702903032,1592.5948280522534,59869.39521024505,1546.2074214980785,-561.7480403472069,185.74658829085683,137,130,0.0034326784638217395,58.26354029597399,87.58486112772897,0.18672803784272027,0.022762509495274537
2022-06-09,False,187183.21816737982,187294.55526281433,-48.834455918406746,0.26159104705711345,62.24104846903878,-111.33709543450264,-0.0002607361215059432,-0.000594449183417387,261.5910470571134,59383.4916286641,908.614922384615,-139.33372536120496,90.49926944279817,137,130,0.003420418388968435,58.47237888939022,87.58486112772897,0.1865246740135901,0.021815226855547303
2022-06-10,False,189769.44044982753,187183.21816737982,2654.7319965597962,10.07320665572117,58.43650745636782,2586.222282447707,0.014182532080338135,0.013816528574346334,10073.206655721171,61669.6017080999,3506.9118110404634,731.3606311072781,1923.371365452518,137,130,0.003783803937188695,52.85686132791457,85.71200059978034,0.1812278840786745,0.026104441551732527
2022-06-11,False,193253.64498968236,189769.44044982753,3529.3764664309538,2.886774179580349,42.28515239654992,3484.2045398548235,0.018598234036338812,0.018360198204705146,2886.7741795803495,62530.1356403041,3778.3276947157756,1460.4925915679357,2068.8838748630183,137,130,0.0037868041205298577,52.81498425432567,85.71200059978034,0.18052445760772703,0.027216856820534204
2022-06-12,False,196344.96049619443,193253.64498968236,3173.2085054170298,4.603010566649562,77.28998833831932,3091.315506512061,0.01641991542041261,0.01599615627781356,4603.010566649562,61813.29504993796,2958.6211592733307,72.99496023783091,3100.2135451791987,137,130,0.003748116744435773,53.3601308702318,85.71200059978034,0.17743526594857473,0.027690017333770783
2022-06-13,False,198067.50337331445,196344.96049619443,1800.537435504646,3.5792062851638433,74.41535209946993,1722.5428771200125,0.009170275778682612,0.008773043488189752,3579.206285163843,61568.1030277291,2666.9929238567092,-1462.9328229151465,3263.470258419793,137,130,0.00366807691529416,54.52448370591517,85.71200059978034,0.1759677512951158,0.028177849288917766
2022-06-14,False,196252.27903195843,198067.50337331445,-1607.0146647901743,3.9662688428122173,204.2434077230246,-1815.224341356011,-0.008113469586988728,-0.009164675226580231,3966.2688428122174,58267.0337216217,653.5882734086481,-951.1953758245132,-655.8192889656611,137,130,0.003511679312774441,56.95280866691321,85.71200059978034,0.17661701980971614,0.02726022164604137
2022-06-15,False,193313.5341431344,196252.27903195843,-2835.9599180678397,3.094105952966254,99.69086480322366,-2938.7448888240297,-0.0144505833616639,-0.014974322353451365,3094.105952966254,54886.63696488278,-1943.4649771146578,-500.4944329657877,-2335.465485102052,137,130,0.0033693911262915946,59.35790548012845,85.71200059978034,0.18027207280403487,0.025510228680655965
2022-06-16,False,197339.08902616266,193313.5341431344,4131.04327755697,3.952495251192112,101.53589927752462,4025.5548830282532,0.0213696536865248,0.02082396817621485,3952.495251192112,52799.43559924331,-3298.1953320889406,742.8098945216568,3388.2333830353127,137,130,0.0033182912837340164,60.271984252974754,85.71200059978034,0.18408099751657966,0.023782865598486906
2022-06-17,False,196035.17269240122,197339.08902616266,-1192.8398031960414,14.074067752469995,97.0024628129214,-1303.9163337614327,-0.006044619994358533,-0.0066074914006953945,14074.067752469993,48589.18702773875,1024.5387293127533,-412.22230942177214,-780.6174937742692,139,132,0.0033689985448155896,59.36482231723478,88.57450765955237,0.17721494857869305,0.02585236314219468
2022-06-18,False,197285.97842843574,196035.17269240122,1325.13341513996,1.7776949664121071,72.5499841390288,1250.8057360345192,0.006759671731048116,0.006380516918752934,1777.694966412107,48522.94976168296,-613.9132884875107,-70.0063456599128,1395.1397607998729,139,132,0.0032787715656692916,60.99845505985235,88.57450765955238,0.1811389983769964,0.024874761248851344
2022-06-19,False,195280.70042161827,197285.97842843574,-1957.822586795603,2.112377883659297,45.34304213821822,-2005.2780068174804,-0.00992377969479362,-0.010164320965896126,2112.377883659297,48021.85607561786,-1294.4149097399459,-613.9166010242656,-1343.9059857713378,139,132,0.003181819859859932,62.85710970727434,88.57450765955237,0.17920173023355856,0.024942941425761204
2022-06-20,False,194417.22089782875,195280.70042161827,-815.9115658331837,1.6603778578010635,45.90758009853509,-863.4795237895198,-0.004178147477306259,-0.0044217350814762316,1660.3778578010636,47760.23575242029,-2963.9255088221507,-103.87048905380333,-712.0410767793803,139,132,0.0031213855167716896,64.07411033509604,88.57450765955237,0.1842448938378891,0.022673500724068287
2022-06-21,False,191012.4053206918,194417.22089782875,-3341.4223071499455,1.6926774284547885,61.70059255856711,-3404.8155771369675,-0.01718686385763095,-0.017512932040759318,1692.6774284547887,47670.222954490535,-3788.2654974920115,1.4312635333889956,-3342.8535706833345,139,132,0.003076979140739317,64.99881567346124,88.57450765955237,0.18587278727324852,0.021626852143494583
2022-06-22,False,192425.32769770347,191012.4053206918,1448.3865575423306,4.151675491325933,31.312505039312818,1412.9223770116919,0.007582683203798342,0.007397018924710825,4151.675491325933,46865.450369461665,-3370.695095196148,429.82194595034525,1018.5646115919856,139,132,0.0030972223209811156,64.57398897236588,88.57450765955235,0.18710457906701974,0.020759298134821087
2022-06-23,False,190510.50883504548,192425.32769770347,-1899.428903767232,1.915441305854664,13.474517584914782,-1914.8188626580015,-0.009870992173915892,-0.009950971036755336,1915.441305854664,46749.454836566685,-3231.935160195135,-484.4307834711544,-1414.998120296078,139,132,0.0030896634698449484,64.731969016042,88.57450765955237,0.18466249806678736,0.021523643751668986
2022-06-24,False,188042.65676640836,190510.50883504548,-2438.6233205235776,10.202055756843308,19.026692356683547,-2467.852068637105,-0.012800466155045927,-0.01295388944015633,10202.055756843307,47390.85907535022,-883.1664830773952,-1270.8003907573593,-1167.8229297662187,140,133,0.00335581356380351,59.59806651872465,87.533725367796,0.18428365527694815,0.022771635446215934
2022-06-25,False,187627.50611018998,188042.65676640836,-362.4590824124141,1.2951879737236196,51.3963858322289,-415.15065621836663,-0.0019275364890354134,-0.0022077472386176607,1295.1879737236195,46672.14048543824,-2026.6018298773524,64.97526930563734,-427.4343517180514,139,132,0.003448798431104827,57.99121172063679,86.8743375068334,0.18774991122879872,0.022719995789139164
2022-06-26,False,189114.35349767387,187627.50611018998,1509.3389268391056,0.9260274308372236,21.56551192436539,1486.847387483903,0.008044337198367389,0.007924463839596666,926.0274308372236,46827.64558816647,-1681.4877917499325,244.1461842882983,1265.1927425508072,139,132,0.0035067334294090324,57.033134689597645,86.8743375068334,0.18675891062974834,0.023323436375259
2022-06-27,False,188923.14292924173,189114.35349767387,-153.01493771714607,1.5195619227476336,36.67606879225903,-191.21056843215274,-0.000809113295141969,-0.0010110843777624984,1519.5619227476336,46852.512595478984,-915.5984423579321,-122.65031553992183,-30.36462217722425,138,131,0.00358171913130714,55.83910760948206,86.22552147274288,0.18263363518130607,0.024245993477880833
2022-06-28,False,190862.63891487822,188923.14292924173,2006.909933296763,0.5604164865028133,66.85353117377474,1939.4959856364853,0.010622890886631186,0.01026605822645505,560.4164865028133,47089.165361511325,-768.2557738655887,545.2703185047382,1461.6396147920248,138,131,0.003634831042305328,55.02319025897653,86.22552147274288,0.18289554449210843,0.024589539124021616
2022-06-29,False,191746.13075483596,190862.63891487822,910.2223185426662,1.36596119832987,25.364517386596013,883.4918399577404,0.004768991583253815,0.004628940713492723,1365.96119832987,47505.381241751325,-80.36157401754826,466.1498566334568,444.0724619092095,138,131,0.0036547790310769595,54.72287060295016,86.22552147274287,0.18055306269579377,0.025089447351540325
2022-06-30,False,192663.24600435726,191746.13075483596,955.753852745256,1.1468509512160576,37.491752272743014,917.115249521297,0.004984475300663408,0.004782966132932863,1146.8509512160576,47777.43104186339,-263.7604515901985,208.63282942254247,747.1210233227135,138,131,0.0036434031589626225,54.893732939767645,86.22552147274287,0.1803235362882474,0.025467898354668745
2022-07-01,False,192124.98900811656,192663.24600435726,-508.8802324289082,1.082368752974142,28.294395058808337,-538.2569962406907,-0.0026412937754479613,-0.0027937710352316887,1082.368752974142,47881.860234933716,-388.58486926921614,-346.9435272584576,-161.93670517045052,138,131,0.0036117300872749334,55.37512360202445,86.0093978270163,0.1797883667641019,0.0254949268863462
2022-07-02,False,192035.2316063203,192124.98900811656,-50.51039151692231,0.6292475830782024,38.61776269625741,-89.75740179625792,-0.0002629038095340551,-0.00046718233926595573,629.2475830782024,47590.20640575119,-790.8180946036009,-240.1310998405009,189.62070832357864,138,131,0.003595766415577742,55.62096557038604,86.00939782701631,0.18050222593557858,0.02489155495147905
2022-07-03,False,191984.35926534643,192035.2316063203,13.874965421728731,0.34966041128341524,64.39764598432592,-50.872340973880604,7.225218677671059e-05,-0.0002649114985221612,349.66041128341527,47413.17844374124,-1094.740461090183,-53.56633961859413,67.44130504032285,137,130,0.0036135003152549558,55.34799572471844,85.34684154379646,0.17995204431984754,0.024465629106423702
2022-07-04,False,190581.3792324204,191984.35926534643,-1374.2663229116883,1.2058076535351832,27.507902360789245,-1402.9800329260129,-0.007158220222576987,-0.007307782979273425,1205.8076535351831,48069.032719859984,-2219.2969169754397,-277.8379703690216,-1096.4283525426667,137,130,0.0035585993972741927,56.201886661700534,85.34684154379646,0.18021831441616437,0.025039028259936657
2022-07-05,False,190699.8108775676,190581.3792324204,128.24464063512386,0.41174904694787745,9.401246441002936,118.43164514717304,0.0006729127533426295,0.0006214229618033232,411.74904694787745,48507.29850951121,-3268.470988163779,312.35022183875856,-184.10558120363476,137,130,0.0035624285801050754,56.14147638409664,85.34684154379644,0.18367919528237114,0.024505056546296915
2022-07-06,False,190121.51684290057,190699.8108775676,-569.3530930862848,1.2950847409493127,7.645856839802097,-578.2940346670363,-0.002985598624698264,-0.003032483524791278,1295.0847409493128,48439.69255546124,-3023.8643430695884,-392.2716039687575,-177.08148911752744,137,130,0.003592772652497108,55.66731306001027,85.34684154379646,0.18195956007604355,0.025186689000396313
2022-07-07,False,189572.6771175077,190121.51684290057,-534.9549216285861,0.02060896250023782,13.864194801789228,-548.8397253928756,-0.0028137526488946807,-0.002886783855434878,20.608962500237823,48222.37732996806,-3595.3425467978122,273.77616134799155,-808.7310829765777,137,130,0.0036253186761657894,55.167563975789314,85.34684154379647,0.18257970266175447,0.02437186183228578
2022-07-08,False,190525.6546134883,189572.6771175077,959.3471810229053,0.5657392864817322,5.803945755822187,952.9774959806014,0.005060577270996962,0.0050269770436901775,565.7392864817323,48788.7036245706,-3569.34079836453,339.15981344882675,620.1873675740786,137,130,0.003675558715941087,54.41349613940045,85.3277605824464,0.18526080223660987,0.024095068394074756
2022-07-09,False,189870.0492144955,190525.6546134883,-649.920707016664,0.9339929329623649,4.750699043179904,-655.6053989928063,-0.0034111978690488263,-0.0034410347536808442,933.9929329623648,49423.96011913348,-3508.0470349657007,-208.24109238332886,-441.6796146333352,137,130,0.003670167519551463,54.49342541847854,85.3277605824464,0.18096228328622277,0.026609230384473725
2022-07-10,False,191182.67279754052,189870.0492144955,1319.8292671458426,0.31676321347803466,6.8889208873195384,1312.623583045045,0.006951224127270522,0.006913273517732009,316.76321347803463,49714.146039608444,-3852.8820071051523,148.61566952191976,1171.2135976239229,137,130,0.0037149417701118873,53.836644657279884,85.32776058244639,0.18283715659245206,0.025842054913292754
2022-07-11,False,193332.68877917243,191182.67279754052,2171.3575017518915,4.569048330713859,16.77247178927009,2150.0159816319074,0.01135750154540064,0.011245872600121774,4569.048330713859,53157.04189383342,-2846.7124821349353,370.42903250499353,1800.9284692468982,137,130,0.0036187479894350663,55.26773364265761,85.32776058244637,0.1788462800778943,0.02953196503877745
2022-07-12,False,194186.91144466153,193332.68877917243,879.6225186986624,2.953069375441921,22.446783834134088,854.2226654890864,0.004549786816979413,0.004418407827890878,2953.069375441921,54614.6791167573,-2153.633729067704,219.3595298926188,660.2629888060435,137,130,0.003555926483437659,56.24413241711675,85.32776058244639,0.1769659947608103,0.029943467188093802
2022-07-13,False,192413.40539245887,194186.91144466153,-1736.7356474678793,1.5540053711417061,35.21639936364872,-1773.5060522026697,-0.008943628767497063,-0.009132984499359913,1554.0053711417063,55658.29332510856,-2380.7411343212843,-424.0617319465968,-1312.6739155212827,137,130,0.003485306769287956,57.38375794130162,85.32776058244639,0.17703264466669663,0.030335478476304734
2022-07-14,False,190718.5074235097,192413.40539245887,-1666.4915947245972,0.9870215886338028,27.41935263593986,-1694.897968949171,-0.008660995273824674,-0.008808627265299665,987.0215886338028,55676.9619620297,-3251.8565000725066,-875.9176582357743,-790.5739364888228,137,130,0.0034671835835241665,57.68370643838623,85.32776058244637,0.18041484067982674,0.028425416937468487
2022-07-15,False,190018.05314848694,190718.5074235097,-674.8072596491962,6.041319109672885,19.6056962638835,-700.4542750227527,-0.003538236895650188,-0.003672712651149913,6041.319109672885,54769.00386692653,-3552.2916079096904,-216.3279691185379,-458.4792905306583,138,131,0.0035081243094529746,57.01052253509974,85.51122914553777,0.18141405203062838,0.029134543663385602
2022-07-16,False,188233.45354077482,190018.05314848694,-1771.6102854998726,0.6508001168173873,12.338522095425105,-1784.5996077121151,-0.009323378785043506,-0.009391737143615322,650.8001168173872,54710.616413453216,-3630.969897562176,-1337.6626095444285,-433.9476759554442,138,131,0.003537117848921784,56.543210755888666,85.51122914553775,0.1808277561130012,0.029371121244749332
2022-07-17,False,188748.96120398564,188233.45354077482,531.9664790411609,1.5551934730446224,14.90362235728782,515.5076632108285,0.002826099553690265,0.002738661239614137,1555.1934730446224,54261.121399501266,-5973.989182991016,-163.3323498893242,695.298828930485,138,131,0.0035755970428564647,55.93471456733963,85.51122914553777,0.1825195564870033,0.02943604415364117
2022-07-18,False,185177.15228843296,188748.96120398564,-3531.829216703478,0.5995479570948906,39.380150892109754,-3571.8089155526823,-0.018711780950606362,-0.01892359509037266,599.5479570948906,53992.85344238277,-6032.385925651171,-1131.4096776379843,-2400.4195390654936,138,131,0.0035980682858151973,55.58538196411327,85.51122914553777,0.1798683723184556,0.0299435372598214
2022-07-19,False,184316.29392963758,185177.15228843296,-797.476749146006,2.4951241270628626,60.886485522320584,-860.8583587953894,-0.004306561253862743,-0.004648836793075377,2495.1241270628625,53002.26954450193,-8209.872742344309,986.668792264211,-1784.1455414102172,138,131,0.003780733317269229,52.89979038893365,85.51122914553777,0.18327635001064335,0.030479890102826052
2022-07-20,False,186546.35765205475,184316.29392963758,2252.8964869447673,3.774777553229459,19.057986974372263,2230.0637224171655,0.012222991461649107,0.012099113295260203,3774.777553229459,52055.529977111175,-9122.339170976735,357.6385655627181,1895.2579213820493,138,131,0.003956649538951275,50.54781780167742,85.51122914553777,0.18344545594821046,0.031431644761087944
2022-07-21,False,185365.4106536244,186546.35765205475,-1159.815424835539,2.250463755749006,18.88110983906547,-1180.9469984303535,-0.00621730404942465,-0.006330581916978778,2250.463755749006,51212.57993059805,-8877.311275612836,-631.7346424620958,-528.0807823734433,138,131,0.004027638912617254,49.65688442761502,85.51122914553777,0.1785670662551255,0.032871464420238965
2022-07-22,False,186535.13169539458,185365.4106536244,1205.8842487051825,1.1067279352462243,35.05647899976119,1169.7210417701751,0.0065054437311312064,0.0063103522801021775,1106.7279352462242,50475.33147553919,-10679.296833915292,141.02988683148635,1064.8543618736962,138,132,0.004125709293574054,48.47651295051435,86.1141301531097,0.17932741458091053,0.0334252844746956
2022-07-23,False,185985.6031007928,186535.13169539458,-519.8084681353647,2.600918234223793,27.1192082321877,-549.5285946017761,-0.002786651840920744,-0.0029459790743286756,2600.9182342237928,49776.21207378156,-12032.855230998244,-328.4714188010197,-191.33704933434504,138,132,0.004157454665803336,48.10635739340154,86.1141301531097,0.17736053256340897,0.03412820705160745
2022-07-24,False,185813.6897949587,185985.6031007928,-125.06830211696285,1.5044181513934982,45.3405855657507,-171.91330583410706,-0.0006724622768203381,-0.0009243366312657039,1504.4181513934982,48469.98875442328,-14031.755910721358,-254.08505034554355,129.01674822858064,138,132,0.004213956854761787,47.461330738115954,86.11413015310967,0.1780639339884522,0.03429515024563111
2022-07-25,False,188579.99239216425,185813.6897949587,2790.103837769935,2.169298673135273,21.631941891249316,2766.3025972055502,0.015015598909040305,0.014887506944499645,2169.298673135273,46768.07670250056,-16183.306024654517,471.1621937331899,2318.941644036745,138,132,0.004286663034074182,46.656338137666395,86.1141301531097,0.17773215865607625,0.03521749073051462
2022-07-26,False,187907.79660578148,188579.99239216425,-635.0071224941012,3.471880157145364,33.71678373152376,-672.1957863827703,-0.0033673090895749054,-0.0035645127452592945,3471.8801571453637,46865.753284132734,-16836.028041394016,-114.59137924034592,-520.4157432537552,138,132,0.0042070751130135736,47.538965820065386,86.11413015310968,0.17561717239515845,0.035819904981046244
2022-07-27,False,185154.47118672758,187907.79660578148,-2720.97775329586,2.0814520077819734,30.26621375026807,-2753.32541905391,-0.014480387735077843,-0.0146525342151194,2081.4520077819734,45829.29024576959,-18920.225614730694,-368.80590000349986,-2352.17185329236,138,132,0.004158651253283867,48.09251553423014,86.11413015310968,0.17784712635013572,0.035394746173720536
2022-07-28,False,183419.88758233676,185154.47118672758,-1723.2643931982734,4.177038425267697,7.142172767289445,-1734.5836043908305,-0.00930717136968498,-0.009368305249520599,4177.038425267698,43638.72423911364,-21517.10736315572,-77.26376828414716,-1646.0006249141263,138,132,0.004284313072862864,46.681929307830906,86.1141301531097,0.18135728389666686,0.034386985028723484
2022-07-29,False,183232.71045446655,183419.88758233676,-175.47616060205607,7.9690742011686675,3.731893066980156,-187.17712787020488,-0.0009566910268837954,-0.0010204843669756449,7969.074201168667,43632.294289060475,-19607.447741149615,280.68648402067,-456.162644622726,138,132,0.00572076024671838,34.960388370536364,85.51597040208357,0.16921637559114303,0.04818118769563877
2022-07-30,False,183442.76897188232,183232.71045446655,220.52073184520432,5.66209908401664,4.800115345409136,210.05851741577857,0.0012035008994750634,0.001146402936979848,5662.09908401664,42595.85480000922,-24486.59900524908,160.68228564639804,59.83844619880627,139,132,0.005916519174230882,33.803659569141686,85.51597040208357,0.16908955324226294,0.0503730962036223
2022-07-31,False,183357.08600387344,183442.76897188232,-80.21871143646175,5.229473381581172,0.23478319084690558,-85.68296800888983,-0.00043729557663162773,-0.00046708283182327623,5229.473381581171,40972.91006566488,-27769.547492558086,-179.15930003617234,98.94058859971061,139,132,0.006308534369900395,31.703084785310885,85.51597040208358,0.1675266586233664,0.05318736330414221
2022-08-01,False,183309.93174086485,183357.08600387344,-46.11278049439153,5.336250393496039,-4.294767879303469,-47.154263008584095,-0.0002514916739755419,-0.0002571717517783194,5336.250393496039,38788.67167558805,-31424.62660134966,620.8552013098522,-666.9679818042437,139,132,0.00659446445435718,30.328467365966834,85.51597040208358,0.1660185761020969,0.056102652774142
2022-08-02,False,184219.82067455683,183309.93174086485,914.4446866059252,3.7598380283369908,0.7959148856161571,909.888933691972,0.004988516868243807,0.004963664134566543,3759.8380283369906,41523.36674245203,-33560.47841739252,-472.5871566425846,1387.0318432485096,139,132,0.007024403051225923,28.472170309916272,85.51597040208357,0.16604464325834237,0.058728350095032196
2022-08-03,False,184362.86293764174,184219.82067455683,143.51748915694301,4.894457418364049,-4.419231346320791,143.04226308489976,0.0007790556338152199,0.0007764759652958221,4894.457418364049,44475.445433101006,-35667.08407443296,-138.257150503813,281.774639660756,139,132,0.007155959361296589,27.94873334268936,85.51597040208357,0.1637202638474863,0.06000833636881371
2022-08-04,False,183340.83860828524,184362.86293764174,-1017.0190262107658,3.9116207187666165,1.0936824269626206,-1022.024329356495,-0.005516398530623593,-0.005543547724696491,3911.620718766617,47911.76957849716,-38493.58928448953,43.12814650068535,-1060.147172711451,139,132,0.007237310005085027,27.634576915936645,85.51597040208357,0.16458333022010369,0.059392926674469056
2022-08-05,False,182980.45861402198,183340.83860828524,-317.7541333643687,69.9690630930484,-27.343202194146308,-360.3799942632708,-0.0017331334130267762,-0.0019656285909831392,69969.0630930484,93198.81167906636,-5157.416644464887,1057.9702973808392,-1375.7244307452079,140,133,0.011398232492075593,17.546580150830074,83.09186261966275,0.1746844301820357,0.10209340178527505
2022-08-06,False,182616.7509351756,182980.45861402198,-400.35096839904736,11.080858044780856,-47.724147597460785,-363.70767884636746,-0.0021879438461980556,-0.001987685907015735,11080.858044780856,104618.20571831682,-9657.258409065682,-963.8997568567413,563.5487884576943,140,133,0.011728087159022802,17.053079269293583,83.09186261966273,0.1842810196451909,0.09975349019622158
2022-08-07,False,181806.3077347141,182616.7509351756,-845.0656620895325,10.167707647475943,-44.7901692754938,-810.4432004615146,-0.004627536399382714,-0.0044379455680339085,10167.707647475943,112526.34951609223,-12716.251452852906,-721.1174819361672,-123.9481801533652,140,133,0.012027730448552161,16.628240951648117,83.09186261966273,0.18985006480289243,0.10102213745953136
2022-08-08,False,182958.31038605943,181806.3077347141,1126.0541472572443,9.163841583802915,-35.11234567188959,1152.002651345331,0.006193702304874626,0.006336428398437618,9163.841583802914,119484.15049813103,-15574.114860389687,1553.957579783388,-427.9034325261431,140,133,0.012217134665659962,16.370450639474566,83.09186261966273,0.19647008814596095,0.09945853154282747
2022-08-09,False,182457.01749758978,182958.31038605943,-558.2194417365089,7.33317642073904,-64.25972968761239,-501.29288846963556,-0.0030510745347320533,-0.0027399295905819196,7333.176420739041,123929.40631886083,-17809.60123996977,-1635.264689187329,1077.04524745082,140,133,0.01212403807128697,16.496154072103632,83.09186261966273,0.20151583091887962,0.09616393055649185
2022-08-10,False,182431.93840682882,182457.01749758978,-62.58128624893641,14.420415380494553,-51.922610868473114,-25.07909076095784,-0.00034299193918240547,-0.00013745204818602896,14420.415380494553,135416.17978419946,-27731.90663020035,385.18593980887437,-447.7672260578106,140,132,0.01212950817735742,16.488714717497537,83.65960995731095,0.2144766599188651,0.31063471593039227
2022-08-11,False,184118.76319808737,182431.93840682882,1657.8148128496646,14.47301872651552,-43.482997135409924,1686.8247912585591,0.00908730580471434,0.00924632389476062,14473.01872651552,146808.2459395138,-37404.80736821675,1609.6889040945073,48.12590875515758,140,132,0.012446078556597531,16.069318467701795,83.65960995731093,0.22671967297865595,0.3107952994918899
2022-08-12,False,186934.84387106603,184118.76319808737,2779.8992406203106,37.84657916552371,-74.0280115238566,2816.0806729786436,0.015098402750128772,0.015294914130771747,37846.57916552371,140154.876333822,-38155.0107346515,3001.626736768593,-221.7274961482833,141,133,0.010234087367967118,19.542533966047984,85.46393633339578,0.18492259776575845,0.2749496068676443
2022-08-13,False,186813.81458013598,186934.84387106603,-137.86141936315096,48.77189271004469,-65.60402114313366,-121.02929093006198,-0.0007374838018868097,-0.0006474410464297342,48771.89271004469,110980.92713732162,-80767.89635585886,-623.39271222482,485.53129286166916,140,133,0.010660267322612585,18.761255599637686,85.46393633339578,0.18478667048789985,0.07523978596089564
2022-08-14,False,185988.03135819428,186813.81458013598,-876.5081564899159,8.100147074621598,-58.82508162283659,-825.783221941701,-0.004691880835792941,-0.004420354157414154,8100.147074621597,116637.64202123968,-85238.06048359929,-884.7903416811992,8.282185191283247,140,133,0.011010003622776588,18.165298291660548,85.46393633339578,0.188227973407586,0.0763768826296539
2022-08-15,False,186802.84852854657,185988.03135819428,733.0301504280379,5.195686154094894,-86.98270607834286,814.8171703522859,0.003941275925526065,0.004381019382817326,5195.686154094894,119067.93244300081,-87368.29882439035,972.6075026846015,-239.57735225656347,140,133,0.01120815178107474,17.844155210112813,85.46393633339581,0.18864113869807106,0.0801482911041176
2022-08-16,False,188003.06751463134,186802.84852854657,1111.2455516174039,7.256051164204442,-96.2294856315709,1200.2189860847704,0.005948761276237108,0.006425057195534987,7256.051164204443,126928.5464189052,-90012.03949919209,196.29178438333577,914.9537672340682,140,133,0.01131192319625138,17.68045950544266,85.46393633339578,0.18899069798951296,0.08497620469842297
2022-08-17,False,186369.01071299933,188003.06751463134,-1694.0036451035785,6.465295858963731,-66.41213933052066,-1634.0568016320217,-0.009010510666118481,-0.008691649680156687,6465.295858963731,132591.0502056686,-91336.45030158246,-2236.569423502814,542.5657783992352,140,133,0.011539880695840572,17.331201705758353,85.46393633339578,0.19126556216366736,0.08803566391545498
2022-08-18,False,185125.2865835206,186369.01071299933,-1275.1765239062456,2.468793601236761,-33.92118802874414,-1243.7241294787382,-0.006842213300525405,-0.006673449221630642,2468.7936012367613,130064.84141333483,-92366.26258763633,-1840.0399280258953,564.8634041196495,140,133,0.011334666257722116,17.64498357979825,85.46393633339578,0.190350882965596,0.0880447641137013
2022-08-19,False,183190.71887498227,185125.2865835206,-1802.280332591593,86.8906044843503,45.39677146238824,-1934.5677085383313,-0.009735462755264832,-0.01045004571898684,86890.6044843503,146962.5933591328,-44182.269156808106,-4055.8815511626494,2253.601218571057,143,136,0.009470761561175408,21.117625938328256,84.62792714129107,0.1994869736602701,0.07687146691311518
2022-08-20,False,183520.1298998957,183190.71887498227,380.89902907715236,13.111660666855629,38.376343496882036,329.4110249134147,0.0020792485089656497,0.0017981862123605718,13111.660666855627,140292.3990066392,-48105.494048667155,2237.788386559206,-1856.8893574820543,143,136,0.00912454812007228,21.91889366663954,84.62792714129107,0.19359967371231174,0.07410520221577843
2022-08-21,False,184999.0691025991,183520.1298998957,1525.7605329405264,18.001241961035564,28.82008827607013,1478.9392027034207,0.008313859268586937,0.008058730143173582,18001.241961035565,134021.3757375699,-50481.13194896283,1363.2859441727212,162.47458876780502,143,136,0.008577142433467501,23.317789293041454,84.62792714129108,0.1888203874330906,0.06992187161972592
2022-08-22,False,184945.0034404419,184999.0691025991,-28.083126599026855,7.1511106080027735,18.831424950161896,-54.065662157191525,-0.00015180144816540758,-0.00029224829302901576,7151.110608002773,131576.11597325926,-51694.00483936006,-517.471934925188,489.38880832616115,143,136,0.008166694890252181,24.489711283168088,84.62792714129107,0.18566660671188973,0.06811987532013423
2022-08-23,False,182502.5188806185,184945.0034404419,-2428.215084491788,8.306005244640014,5.963470086985103,-2442.484559823413,-0.013129390031203244,-0.0132065452669013,8306.005244640013,127254.57820087744,-52561.004758445255,-1986.2801354001215,-441.9349490916668,143,136,0.007778074315204573,25.71330536261915,84.62792714129107,0.1827651792761109,0.06788204401332634
2022-08-24,False,182513.63441904957,182502.5188806185,1.28569620614212,4.7912073343667565,-14.621049559282394,11.115538431057757,7.044813485468332e-06,6.090621926335621e-05,4791.207334366756,124849.38328442539,-56087.643137943516,-398.1248735080182,399.4105697141604,143,136,0.0075385767366183114,26.53020682650992,84.62792714129107,0.18298410271738746,0.06652304978332044
2022-08-25,False,182766.72976896496,182513.63441904957,234.24444976327277,5.26491432729219,-24.11581447939595,253.09534991537652,0.0012834353472215107,0.001386720234469015,5264.91432729219,123199.06537581238,-58057.745088591786,29.767893297400406,204.4765564658723,143,136,0.00727546122921361,27.48966611174115,84.62792714129107,0.18142098039037557,0.0650118837195205
2022-08-26,False,182495.56205215273,182766.72976896496,-280.7119658745497,32.62520479853437,-42.16945386086484,-271.1677168122192,-0.001535902985348576,-0.001483682052827677,32625.204798534374,138304.81655090774,-43947.498868981296,-2235.683708339114,1954.971742464565,143,136,0.00808764404623495,24.72908041657771,84.72458159951941,0.19518016115622527,0.07609352268513014
2022-08-27,False,184917.2341531661,182495.56205215273,2367.4666180339095,10.134140017420929,-64.33962299686172,2421.67210101335,0.012972735289624993,0.0132697588575951,10134.14001742093,133469.40550189602,-44490.677415333776,1735.1046553536826,632.361962680227,143,136,0.008057603542780555,24.82127582203965,84.72458159951942,0.1915305147783992,0.07685305239267008
2022-08-28,False,186507.38200348144,184917.2341531661,1502.7140359092707,6.339248747258579,-93.77306315333061,1590.1478503153428,0.008126414191684155,0.008599240939317914,6339.248747258579,133443.10293133766,-47582.89565003923,262.2692637288171,1240.4447721804536,143,136,0.007886764813760185,25.35894054442403,84.72458159951944,0.1881179265933967,0.07832806185054669
2022-08-29,False,184271.89626580453,186507.38200348144,-2312.906378226283,6.691747482821466,-84.11238803218374,-2235.4857376769205,-0.012401151918925702,-0.011986044271615972,6691.747482821466,130995.85916415519,-47579.88058085482,-1399.4665081565845,-913.4398700696988,143,136,0.007646981921960209,26.15410916895858,84.72458159951942,0.18384526345295626,0.07788798143516618
2022-08-30,False,182200.09537966643,184271.89626580453,-2109.3380663196494,4.500307608956472,-42.037487790482025,-2071.800886138124,-0.011446878819095762,-0.011243173419942657,4500.307608956472,126685.15478097256,-50205.474459048004,-3570.9910189865323,1461.6529526668837,143,136,0.007535910532631986,26.539593209600934,84.72458159951942,0.18337109339599383,0.07410046815199701
2022-08-31,False,180197.51286649497,182200.09537966643,-2069.132437415089,5.160224192704934,-71.71014843633662,-2002.5825131714573,-0.011356374062831609,-0.010991116711539033,5160.2241927049345,120731.3785223552,-52283.07020583614,-1553.5642490326734,-515.5681883824154,143,136,0.00734320444833158,27.236065862968204,84.72458159951942,0.18028807007887798,0.07199308950197852
2022-09-01,False,181555.37247219624,180197.51286649497,1229.9203692856386,4.439710919141507,-132.37894733476122,1357.8596057012583,0.006825401470423534,0.007535395933612422,4439.710919141507,116141.87689063241,-53313.76900871899,1280.3143602545963,-50.39399096895778,143,136,0.007166925936716591,27.905967183976053,84.72458159951944,0.17854185522333163,0.07110415717817047
2022-09-02,False,181530.11278995106,181555.37247219624,-212.13134073426232,22.369584646409535,-209.24124313548398,-25.25968224518786,-0.001168411255727222,-0.00013912935707290173,22369.584646409534,122321.03589619139,-51448.200208702736,-704.6230355298417,492.4916947955793,143,136,0.007976592864100929,25.07336194882284,84.55221870181914,0.17664800365478633,0.08315531322823606
2022-09-03,False,182205.97832276498,181530.11278995106,471.58238118979466,1.3929520824566708,-205.67610370658258,675.8655328139206,0.0025978190281601586,0.003723159328369758,1392.9520824566707,121526.136338554,-52103.78723310318,423.28300640033535,48.29937478945945,143,136,0.007848751079227358,25.481761108378567,84.55221870181914,0.1755064168147691,0.08286747544330975
2022-09-04,False,181194.87850950946,182205.97832276498,-1130.8493965538528,2.066174255390937,-121.81575755372617,-1011.0998132555176,-0.006206434097077941,-0.005549213162832813,2066.174255390937,121363.66628328894,-52529.105332922736,-295.6437248530101,-835.2056717008427,143,136,0.007676729780724959,26.05276018730893,84.55221870181911,0.1753913622965274,0.08121176965552483
2022-09-05,False,182132.2087134582,181194.87850950946,814.0490644209497,6.917726531793137,-130.19886605959329,937.3302039487498,0.004492671487832515,0.005173050207926031,6917.726531793136,124064.9687844449,-49609.429544997314,-992.2712061261515,1806.3202705471015,143,136,0.007512588370901323,26.621983013825766,84.55221870181913,0.1782304050549593,0.07766914022524093
2022-09-06,False,185746.21519058073,182132.2087134582,3474.439032977391,2.152758125760556,-141.72020227089715,3614.0064771225275,0.019076466801342073,0.019842764235118396,2152.758125760556,122400.51494822255,-50944.862720810415,335.9218179879647,3138.5172149894256,143,136,0.007335443430312646,27.264882062007224,84.55221870181911,0.17583457232222094,0.07525047917041802
2022-09-07,False,185667.04500580157,185746.21519058073,-135.44057099264745,4.9891784434514035,-61.25956465694063,-79.17018477915823,-0.0007291700175623051,-0.0004262277145078162,4989.178443451403,119708.44856232568,-52338.95638890197,357.08059141535807,-492.5211624080056,143,136,0.007016593814240861,28.503858894337096,84.55221870181913,0.17323493295977735,0.07416641578128183
2022-09-08,False,186484.71256762312,185667.04500580157,786.0063971653041,3.536108299241353,-35.19727295549122,817.6675618215539,0.004233419006268687,0.004403945577934975,3536.108299241353,118426.22915447077,-53786.30908463635,850.6476228580707,-64.64122569276664,143,136,0.006829217825941488,29.285930702089978,84.55221870181911,0.17647424533766212,0.0697498801599682
2022-09-09,False,181273.17672260496,186484.71256762312,-5238.718773008672,8.919846706438664,-36.10277469695698,-5211.535845018154,-0.028091947596557046,-0.027946182683089082,8919.846706438664,119736.9838854955,-52495.312041269215,1829.7366489176497,-7068.455421926321,144,137,0.006948817178549247,28.781876808817614,84.91750361098737,0.1753334615891305,0.07144907581211365
2022-09-10,False,182534.03600066758,181273.17672260496,1220.5037522613175,14.332851033813734,-54.68837683511174,1260.8592780626154,0.006732952852307571,0.006955575562026243,14332.851033813735,115743.19597305042,-48870.68971827427,113.13199903320401,1107.3717532281134,144,137,0.006985274573593421,28.631659055474238,84.91750361098735,0.17993460345597675,0.06999610850553603
2022-09-11,False,183501.30946922128,182534.03600066758,922.6273028885497,1.950850404856867,-46.59701607001179,967.2734685537047,0.005054549404063883,0.005299140312386272,1950.8504048568668,115380.34928770794,-48341.45674785831,1167.388412279218,-244.76110939066837,144,137,0.006986886968515563,28.625051600411403,84.91750361098735,0.1786596886954583,0.0685108964168182
2022-09-12,False,181749.81678505344,183501.30946922128,-1778.0728780665108,4.156682239313792,-30.73687613798212,-1751.4926841678425,-0.009689701306271864,-0.009544851147024762,4156.682239313792,115302.18470015367,-48643.840645044154,-79.2746642743237,-1698.7982137921872,144,137,0.006873555645323073,29.09702202470488,84.91750361098738,0.1791348326215516,0.06757144043709125
2022-09-13,False,185886.6135620316,181749.81678505344,4155.603102868382,5.785996282995293,13.020329607219264,4136.796776978167,0.02286441426118745,0.022760940561885424,5785.996282995293,112967.0752662884,-46538.84849827856,29.41376281407986,4126.189340054302,144,137,0.006842878610991955,29.2274657157783,84.91750361098737,0.1803741041384663,0.06646367501510266
2022-09-14,False,186539.1075761617,185886.6135620316,611.1626699127162,4.705218667119793,-46.036562884515845,652.4940141301123,0.003287825078962812,0.003510172150790034,4705.218667119792,108924.16598536252,-45386.29704123045,12.010016350145253,599.1526535625708,144,137,0.006580643370972822,30.39216513117833,84.91750361098735,0.17683725782390955,0.06423947173363305
2022-09-15,False,185923.60558086995,186539.1075761617,-735.8941357639912,3.5181864455907226,-123.91032691781896,-615.501995291763,-0.003944985828044312,-0.0032995868978329965,3518.1864455907225,108004.29549997576,-47311.74742343967,190.75486034547131,-926.6489961094627,144,137,0.00639169936103661,31.290583098946612,84.91750361098737,0.17792235164420556,0.062342476736271454
2022-09-16,False,181942.2484266426,185923.60558086995,-3953.392966258532,40.10949041759975,-12.14530244877993,-3981.3571542273517,-0.021263534309735356,-0.021413941181856046,40109.49041759975,122425.11626470143,-34732.23496794711,-3187.33579350222,-766.0571727563117,144,137,0.008500375538441025,23.528372257854404,85.52416141266328,0.18029427291437036,0.09010007149363053
2022-09-17,False,179775.04364447758,181942.2484266426,-2155.6571380504924,4.094181687744711,7.453462426770008,-2167.204782165007,-0.011848029562631425,-0.011911498296333322,4094.181687744711,117140.53357175266,-37374.53439055958,-1548.4254506121986,-607.2316874382939,144,137,0.008209944061585645,24.360701912184844,85.52416141266329,0.17845846688987974,0.08800475372500867
2022-09-18,False,179884.43021126883,179775.04364447758,119.148269939736,1.9008015199806847,7.860901628514932,109.38656679124037,0.000662763126206567,0.0006084635807824517,1900.8015199806848,115693.83117747646,-38690.48567075042,-579.995544229721,699.1438141694568,144,137,0.008129994380000394,24.600263007806692,85.52416141266328,0.17920939175641792,0.08651547108376144
2022-09-19,False,182315.8926558226,179884.43021126883,2471.700685079649,21.28607968268406,18.95216084319459,2431.46244455377,0.013740492616157557,0.013516803214697854,21286.07968268406,98377.49823652674,-35070.07514862315,3016.355021967753,-544.6543368881046,143,136,0.007575874640058938,26.399592060626293,84.8872353060386,0.17104869935293487,0.08088940379654817
2022-09-20,False,183499.8042859997,182315.8926558226,1196.9160128828835,12.916913386404936,0.0874693193603342,1183.9116301771182,0.006565066793943363,0.006493737945337087,12916.913386404934,92308.83910285837,-36891.32342173324,193.383808743897,1003.5322041389866,143,136,0.007101733359040555,28.16213871862686,84.88723530603862,0.1709623220513914,0.07444793551199581
2022-09-21,False,183395.83016507438,183499.8042859997,-96.30302218563838,10.20883529330767,-2.5377365536251837,-103.97412092532088,-0.0005248126697483672,-0.0005666170671401292,10208.835293307671,87823.47940821681,-36956.92740349226,-163.50595108449014,67.20292889885167,143,136,0.006527551817983181,30.639358457332637,84.88723530603862,0.1695667142758275,0.06792488009695995
2022-09-22,False,180778.30759249805,183395.83016507438,-2604.551969817962,12.941795242344517,0.028807516014135892,-2617.5225725763207,-0.01420180582881087,-0.014272530461681117,12941.795242344517,82049.97780834459,-36336.573835573756,-595.7524980438992,-2008.7994717740628,143,136,0.005909945886762017,33.84125740440196,84.88723530603862,0.17044157586272146,0.06100343227772234
2022-09-23,False,181656.4208080529,180778.30759249805,862.1694089663517,7.333816057420956,-23.27762264591318,878.113215554844,0.004769208321773946,0.00485740367441787,7333.816057420956,78090.07418777187,-35230.53423318398,379.66888220237564,482.5005267639759,143,136,0.0056542999158975685,35.371310856306394,85.03992614760959,0.175480411152051,0.053773708527244723
2022-09-24,False,181884.2680609007,181656.4208080529,183.3889570882705,3.814455943835798,-48.27275170338045,227.84725284781513,0.0010095374348592296,0.0012542758017266547,3814.4559438357983,77297.41279564073,-35920.92436547,-667.3787128548722,850.7676699431428,143,136,0.005440797010950883,36.7593202976426,85.03992614760959,0.17648329738829427,0.052218943328567094
2022-09-25,False,182995.27378481673,181884.2680609007,1073.6356229031467,2.9947474932056886,-40.364848506078346,1111.0057239160192,0.005902850391346979,0.006108311267162582,2994.7474932056884,75466.90267379076,-35938.09201519966,526.391368472296,547.2442544308508,143,136,0.005240322304377202,38.16559142420334,85.03992614760959,0.17673492945539346,0.05008161883042946
2022-09-26,False,182598.0459365208,182995.27378481673,-412.81313185641926,3.7027779014318503,-19.28806146192105,-397.22784829593,-0.002255867724441038,-0.0021707000409367312,3702.7779014318503,74426.24123557517,-36349.04262971385,120.09817434497363,-532.9113062013928,143,136,0.005039762370165418,39.684410753960904,85.03992614760959,0.17730494085664672,0.04941653249452678
2022-09-27,False,181415.46402652757,182598.0459365208,-1195.7790299319015,2.661320933346069,-15.858440872026817,-1182.5819099932207,-0.0065486956544299904,-0.006476421496889068,2661.3209333460686,73900.4693170827,-35593.65504397759,-918.7915253499563,-276.98750458194513,143,136,0.004904582343636896,40.778191900371674,85.03992614760958,0.17801951876105182,0.048494817776745365
2022-09-28,False,181980.38484345868,181415.46402652757,550.9642951592757,3.324316193356434,-17.280837965188443,564.9208169311077,0.0030370304875372185,0.003113961756030356,3324.3161933564343,72142.53847564117,-35111.6496261777,470.54221087474383,80.42208428453202,143,136,0.004794223186742662,41.71687303858833,85.03992614760956,0.17851656208307587,0.04686155695264795
2022-09-29,False,181953.19724487775,181980.38484345868,-43.94744441660225,4.9489634478406455,-21.708809283524275,-27.187598580918625,-0.00024149550213560807,-0.0001493985112972789,4948.963447840646,71563.00967092018,-35569.94439354679,379.2176781127978,-423.1651225293999,143,136,0.004618905969365661,43.30029693751637,85.03992614760958,0.17941564411369992,0.04522192399514161
2022-09-30,False,180770.620294671,181953.19724487775,-1176.8022356925694,20.374784787276184,-14.600070273117922,-1182.5769502067278,-0.006467609547463987,-0.006499346909607653,20374.784787276185,68267.42949672486,-31719.82727070643,-423.37175693898996,-753.4304787535793,144,137,0.004736316986705508,42.226903427575735,85.48535432943855,0.17821660292360775,0.04638862159883949
2022-10-01,False,181103.31839945944,180770.620294671,316.15826502598,2.5715587284763783,-19.11139849093652,332.6981047884401,0.0017489471713413162,0.0018404434539534952,2571.5587284763783,68246.98126416985,-32331.036052575342,122.20955479557415,193.94871023040588,143,136,0.004753536637803426,42.0739367841327,84.85471659196148,0.17994792037433416,0.04670531516996777
2022-10-02,False,181432.9203715014,181103.31839945944,313.54519035083877,3.425231953313698,-19.48201364441728,329.60197204194236,0.0017313056056722958,0.0018199664973280033,3425.231953313698,67682.10257396784,-31584.826813146705,-6.7514099195371164,320.29660027037585,143,136,0.004759152022487692,42.024293204959754,84.85471659196148,0.17791595890062667,0.047373773125730434
2022-10-03,False,179759.87368190492,181432.9203715014,-1678.4443725956226,4.034807623002288,-9.432490622161124,-1673.0466895964637,-0.009251046442722996,-0.009221296147197208,4034.8076230022875,66790.48582137283,-30706.712880390765,9.83532423118318,-1688.2796968268053,143,136,0.004729744439710347,42.28558277289251,84.85471659196146,0.17846436054222672,0.04715087863195478
2022-10-04,False,180054.61881372443,179759.87368190492,290.39017071571095,3.214914927319842,-7.569876031115085,294.7451318195062,0.0016154337715522235,0.001639660318971263,3214.9149273198423,66022.40282995679,-29420.999480562692,-68.04793677213621,358.4381074878472,143,136,0.004802166524038611,41.647868519103426,84.85471659196146,0.18036881624565457,0.04699383948559728
2022-10-05,False,180548.2330775299,180054.61881372443,478.794236699178,2.290828374554489,-17.110855480851985,493.61426380547545,0.002659161091526981,0.002741469599933697,2290.828374554489,65507.813210490734,-28056.67750850063,230.9387960376227,247.85544066155532,143,136,0.004844405529681415,41.284735304385784,84.85471659196146,0.1785355240855578,0.04695022488038373
2022-10-06,False,181191.22893545797,180548.2330775299,634.9841009893435,1.713457760704341,-9.725214699412607,642.9958579280517,0.003516977652817419,0.0035613522601018223,1713.4577607043411,65199.334692080236,-26564.203697089124,-10.588774291741803,645.5728752810853,143,136,0.004899077701020391,40.82401060067767,84.85471659196148,0.1775935861875259,0.04852302220321958
2022-10-07,False,181381.71333381592,181191.22893545797,192.0486659938537,14.934051505734871,-13.369783869840735,190.48439835795958,0.0010599225311411914,0.0010512892896477452,14934.051505734871,64440.24615083299,-25426.65466195233,11.78596311490218,180.2627028789515,143,136,0.004858702173064446,41.163255716465834,84.27694980808899,0.17783274386412215,0.04833625757804284
2022-10-08,False,182043.89132504593,181381.71333381592,652.2186486106209,1.5948428887641175,-11.554185508168064,662.1779912300249,0.003595834644092671,0.00365074283983275,1594.8428887641176,65026.38407427696,-25041.177049980535,-75.34533049188752,727.5639791025084,143,136,0.004940909270027113,40.47837939734168,84.27694980808901,0.1777972923847763,0.04972573261599733
2022-10-09,False,181409.43597874243,182043.89132504593,-646.515346039575,1.343242786709502,-13.403242522782394,-634.4553463035021,-0.003551425655284409,-0.003485177896854881,1343.242786709502,64907.15326276273,-24973.955981871994,-699.4073924765389,52.89204643696385,143,136,0.00491259858094858,40.71165121767017,84.27694980808899,0.17703864061670727,0.04945060825097313
2022-10-10,False,183946.28833229467,181409.43597874243,2526.2041678432784,0.8453050859439609,-11.493490794898264,2536.8523535522327,0.013925428708897476,0.013984125687097672,845.3050859439609,64694.4676335364,-25133.022527426518,62.86408375876508,2463.3400840845134,143,136,0.004929476163802356,40.572262316353275,84.276949808089,0.17783852676109052,0.04926627267405019
2022-10-11,False,184371.61375710298,183946.28833229467,416.4548170608809,3.072038932856544,-11.942646680292182,425.3254248083165,0.002264002284778723,0.0023122261865919035,3072.0389328565443,63143.618488056905,-24210.859588414787,324.52025563636994,91.93456142451092,143,136,0.0048113190863695865,41.56864186509637,84.27694980808899,0.17562756756075307,0.05022603730994442
2022-10-12,False,184912.6420238641,184371.61375710298,534.9961034927616,3.4245269559796614,-9.456690224329602,541.0282667611115,0.0029017270749584173,0.002934444493575238,3424.5269559796616,61450.30905273237,-23676.597958582628,122.00454137157074,412.99156212119084,143,136,0.004704163649018382,42.51552771590631,84.27694980808901,0.17623956354894357,0.04966374624269834
2022-10-13,False,185666.37560192324,184912.6420238641,751.774073836406,2.0522316807772776,-4.011735903527783,753.7335780591566,0.0040655634228588065,0.004076160341497272,2052.2316807772777,60311.993738266145,-23037.43970467594,-102.52899647225365,854.3030703086597,142,135,0.004629890105066256,43.19756958834726,83.65520394078051,0.17682795386431943,0.04793146652933903
2022-10-14,False,185642.87882879423,185666.37560192324,-9.872415262898272,19.24933577479362,-5.6249779086888605,-23.49677312900303,-5.317287651515942e-05,-0.0001265537340987424,19249.33577479362,61801.12617723305,-22366.443558035076,-194.32530308773937,184.45288782484118,143,136,0.004611797710888347,43.36703657400338,85.14096084139527,0.17564266785989147,0.04990783584010899
2022-10-15,False,183494.56827393896,185642.87882879423,-2140.691345375787,2.2480880068307916,5.371121472657169,-2148.310554855275,-0.011531233295245333,-0.011572275588532082,2248.0880068307915,62658.655194575054,-22067.558137821754,-385.49835625532273,-1755.1929891204645,143,136,0.004482516611600289,44.61779338026784,85.14096084139528,0.1770957795181379,0.04825226104583261
2022-10-16,False,182470.57259543467,183494.56827393896,-975.979261523401,4.611677858970817,43.40473912191963,-1023.9956785042914,-0.005318845515178204,-0.005580523108322033,4611.677858970817,63022.62724720928,-20871.473230859032,-340.67961201392654,-635.2996495094743,143,136,0.0044935705987822795,44.508035559561115,85.14096084139528,0.1783949168394662,0.048649411560069154
2022-10-17,False,181653.10773862345,182470.57259543467,-815.8166019533608,1.369153266991353,0.2791015908612935,-817.4648568112134,-0.004470948878766067,-0.004479981868767731,1369.1532669913531,63627.08314833323,-20966.764129968622,93.40147835148964,-909.2180803048504,143,136,0.004480247248169818,44.64039346973542,85.14096084139528,0.1789586623755322,0.048675854117604465
2022-10-18,False,182894.53183406955,181653.10773862345,1235.2634532239374,1.1467285927154254,-7.30737081488477,1241.4240954461068,0.0068001228748661435,0.006834037198154429,1146.7285927154253,64368.37723515356,-20987.36136490053,50.094181724872215,1185.169271499065,143,136,0.004515146624869794,44.2953499889425,85.14096084139528,0.17979123122860158,0.049077166869467066
2022-10-19,False,184528.67702672194,182894.53183406955,1627.654768049189,1.7350793100382353,-8.225503913229385,1634.1451926523803,0.008899417340294641,0.008934904593730298,1735.0793100382352,64907.55354565405,-20128.32688427765,-317.39089261157153,1945.0456606607609,143,136,0.004470056628373718,44.74216248861335,85.14096084139528,0.17572416687560938,0.05137677992431308
2022-10-20,False,184916.68425068527,184528.67702672194,385.5826047316523,3.075829447845702,-5.500448679530139,388.00722396333674,0.002089553834907814,0.0021026933602691397,3075.829447845702,65675.8227685836,-19430.309151448902,29.489177949730497,356.09342678192183,143,136,0.004365073176119766,45.818246780867376,85.14096084139528,0.17543555984716125,0.05067352596119709
2022-10-21,False,183871.14311643844,184916.68425068527,-1024.9668222628884,18.17653626203774,2.397775721914536,-1045.5411342468406,-0.005542857457217737,-0.005654120062143424,18176.53626203774,64755.67533672831,-18366.107307355822,-68.69214326481585,-956.2746789980724,144,137,0.0041432227020186665,48.271602659098136,84.42581087625163,0.1772161665097652,0.04796900947836864
2022-10-22,False,183175.21290311514,183871.14311643844,-698.7265477210115,2.5678897370422846,-5.364224134753154,-695.9302133233006,-0.003800088126272947,-0.0037848800063346264,2567.8897370422847,64514.266357518034,-18447.36018523165,-328.6820225693363,-370.0445251516752,144,137,0.0041016930364408035,48.760352913573385,84.42581087625163,0.17868612942308362,0.04695682371429212
2022-10-23,False,181551.68881452264,183175.21290311514,-1620.5342236600736,0.9171208476497366,2.0727440847755134,-1623.5240885924989,-0.008846907821077325,-0.008863230252944823,917.1208476497366,64314.4891603638,-18928.60173877004,170.2706381179882,-1790.8048617780619,144,137,0.004067226637737869,49.173556778049885,84.42581087625165,0.17939855053202547,0.04635650397029326
2022-10-24,False,182060.23340015826,181551.68881452264,508.7742796974059,3.068362831698166,-2.838668769901609,508.5445856356094,0.002802365998463288,0.002801100826746647,3068.362831698166,63446.05934590018,-19251.0131963804,-107.13127313657648,615.9055528339823,144,137,0.004101322094952378,48.76476301291872,84.42581087625165,0.18057337284880112,0.04512444779020551
2022-10-25,False,179921.96957284398,182060.23340015826,-2137.827869477666,1.415398035218073,-0.9794401985969996,-2138.263827314287,-0.011742420788722374,-0.011744815368958153,1415.398035218073,62199.414520571765,-19337.483760573326,69.4732738194759,-2207.3011432971416,144,137,0.004112520954989137,48.63197104378725,84.42581087625163,0.17793181372711825,0.045804310826923565
2022-10-26,False,178135.27597820404,179921.96957284398,-1786.641715272707,3.558183228480617,-3.5063038612452115,-1786.6935946399424,-0.009930092025528654,-0.009930380369233197,3558.1832284806173,61541.72274887509,-20794.084122338798,-185.0626811568303,-1601.5790341158768,144,137,0.004208013575463501,47.52836377861984,84.42581087625165,0.17819967798309178,0.0487300473610108
2022-10-27,False,178380.5805360299,178135.27597820404,243.63473486719585,4.311467865447498,-5.981290824140048,245.3045578258884,0.0013676950482115965,0.0013770689521142513,4311.467865447497,59211.57401477925,-21934.273067475322,-234.31318737995926,477.9479222471551,144,137,0.004443183525046638,45.012770431962004,84.42581087625163,0.17681205666457048,0.05063739760442578
2022-10-28,False,176427.1648173959,178380.5805360299,-1941.5085144642608,17.89598810707687,-5.988783937332263,-1953.4157186340053,-0.010884080030629278,-0.010950831714775408,17895.988107076868,59337.59105107932,-28752.922265996953,-594.9727125682066,-1346.5358018960542,144,137,0.004185612763794583,47.78272890650412,85.562101351261,0.18154367339441807,0.04726032747620991
2022-10-29,False,175739.44486037322,176427.1648173959,-691.4730121011828,6.721750150512374,-10.474805228996349,-687.7199570226987,-0.003919311478007738,-0.0038980389314451466,6721.750150512375,54699.06796524283,-33919.57473878884,640.9415295367595,-1332.4145416379424,144,137,0.004201744940888518,47.59927192479876,85.56210135126099,0.18294893427616615,0.04732330839503601
2022-10-30,False,176358.7160263926,175739.44486037322,607.5066557172053,6.677528793212143,-18.442039095390154,619.2711660193833,0.0034568599906519308,0.0035238029032776366,6677.528793212143,57461.16429018495,-38678.935616656425,-164.28352799458244,771.7901837117877,144,137,0.004268472023124594,46.85517415049065,85.56210135126099,0.18429303954502482,0.04705796145986544
2022-10-31,False,175692.3670199142,176358.7160263926,-688.4014902855672,4.760280211803604,-26.81276401898302,-666.3490064783878,-0.003903416319852011,-0.0037783729746516566,4760.280211803603,59493.38375943342,-42221.58504634182,106.71474624903416,-795.1162365346013,144,137,0.004328746218613375,46.20275476996336,85.56210135126099,0.1821998760256214,0.047639092179241276
2022-11-01,False,176637.0539929736,175692.3670199142,920.6097323765116,5.238338333720495,-29.315579016607344,944.6869730593984,0.005239896006820622,0.00537693804849428,5238.338333720496,62565.001571729255,-45249.169952530414,-134.05538982876203,1054.6651222052737,144,137,0.004481018270121101,44.63271246483781,85.56210135126099,0.18197615989306745,0.0502077611175796
2022-11-02,False,177753.43892271075,176637.0539929736,1096.4090072452384,4.921114231595611,-24.897036723479243,1116.384929737122,0.006207129152464534,0.006320219367910939,4921.114231595611,64014.46174186422,-48340.012235687376,29.42705303277112,1066.9819542124674,144,137,0.004555098040707282,43.90684859308659,85.56210135126099,0.1800164763762728,0.05147701944324993
2022-11-03,False,173634.97675733632,177753.43892271075,-4131.5377092949475,5.424171109498373,-18.499715030017153,-4118.462165374429,-0.02324308173352071,-0.023169521728157304,5424.171109498373,64630.0143278357,-50088.89937264746,168.84707413629718,-4300.3847834312455,144,137,0.004624357522393013,43.24925117305895,85.56210135126099,0.17858716930841867,0.05226351593485966
2022-11-04,False,171557.16865994618,173634.97675733632,-2121.096296251323,8.030645427430185,-51.31884428861143,-2077.808097390142,-0.012215835402884654,-0.011966529648539557,8030.645427430185,69642.96564938086,-51703.191006912224,43.75457835546972,-2164.8508746067932,145,138,0.005074528005941874,39.412532508602915,85.03276266698164,0.18332245968652353,0.05576419955116522
2022-11-05,False,171774.55965442245,171557.16865994618,177.34509420155655,9.323725881357888,-49.36962615606234,217.390994476261,0.0010337375907216268,0.0012671635710377385,9323.725881357888,78172.20035465085,-53939.32697580554,-478.61068080551263,655.9557750070693,145,138,0.005630060791891553,35.52359510718627,85.03276266698164,0.18327905957957824,0.058209821945611306
2022-11-06,False,173004.02052174878,171774.55965442245,1208.6727340810316,6.641341548838046,-27.429474794139246,1229.4608673263328,0.00703638965230154,0.007157409512792656,6641.341548838046,83424.73574260827,-57064.25241549955,-443.86605030969224,1652.5387843907238,145,138,0.005910758311644367,33.836605974227396,85.03276266698167,0.17969458646754552,0.06406072527780372
2022-11-07,False,172323.28368144817,173004.02052174878,-696.7525170556287,4.593017785196446,-20.608694540217773,-680.7368403006074,-0.004027377600557197,-0.003934803585764241,4593.017785196446,84020.51598299299,-59118.72945609271,233.50255945923658,-930.2550765148651,145,138,0.005989137573295327,33.393789598651104,85.03276266698164,0.17766427078636898,0.06627982725334926
2022-11-08,False,178705.23390645714,172323.28368144817,6357.233509992011,5.324782060250851,-30.041497077198215,6381.950225008958,0.036891320628173546,0.03703475287069417,5324.782060250852,86197.60645219314,-60926.518201264975,-969.8848263911108,7327.118336383122,145,138,0.00627135813308211,31.891018780282668,85.03276266698167,0.17939451792968367,0.0698848588730767
2022-11-09,False,183784.3638378043,178705.23390645714,5012.763256709577,5.172172916037732,-71.53884755361281,5079.129931347152,0.028050455754046334,0.028421830856984364,5172.172916037732,81120.0590832641,-57205.144852595346,-850.7416622371749,5863.504918946752,145,138,0.005953516490015583,33.593591339742225,85.03276266698164,0.17446397209938583,0.06258018355540372
2022-11-10,False,180324.07763677157,183784.3638378043,-3557.5855797903887,15.733654489885847,-113.03303324755632,-3460.286201032718,-0.019357389853524615,-0.018827968434172854,15733.654489885848,65290.06699948764,-50479.45741418555,588.4196814881989,-4146.005261278588,145,138,0.005144859197385928,38.87375578745067,85.03276266698167,0.17354637838427983,0.04905933084579039
2022-11-11,False,181285.1285834575,180324.07763677157,956.0836252638599,19.06331787939713,-24.030639301465115,961.0509466859279,0.005302029755503354,0.005329576389802928,19063.317879397127,61845.859613121036,-47535.8226604109,-64.83348222870015,1020.91710749256,145,138,0.004774043695912054,41.893206836639806,84.13129626742881,0.18487525376652136,0.038280276551690064
2022-11-12,False,182894.19742340175,181285.1285834575,1588.8713613692546,0.8417189285634369,-21.039197503566573,1609.0688399442577,0.008764488150707808,0.008875900922030111,841.718928563437,60542.32990812629,-46983.60003880148,-124.51069859751712,1713.3820599667715,145,138,0.004503532528701226,44.409582638826414,84.13129626742878,0.18273692378307588,0.03628416501724167
2022-11-13,False,182301.2012081663,182894.19742340175,-603.6164947212313,3.589883490815737,-14.210162976601001,-592.996215235446,-0.0033003589136502433,-0.003242291027214244,3589.883490815737,58409.91770272348,-46586.81195785542,-100.42868259701083,-503.1878121242205,145,138,0.004192256542777207,47.707004082223406,84.13129626742878,0.17983963111441023,0.03694025155781559
2022-11-14,False,181659.08617215272,182301.2012081663,-610.9245380123849,3.2518177337751273,27.938680267433263,-642.1150360135933,-0.003351182186203928,-0.0035222753978476217,3251.817733775127,56588.40334986034,-47508.92672242126,139.61062250406647,-750.5351605164515,145,138,0.003966279791550168,50.42508610362878,84.13129626742878,0.1839952391721217,0.035335493046039376
2022-11-15,False,181060.08879773447,181659.08617215272,-604.8401160408448,1.303004567481408,-7.145746190078165,-598.997374418248,-0.003329534067278399,-0.0032973708446964035,1303.0045674814078,56735.58907573084,-47381.97052856113,74.88750346856197,-679.7276195094067,145,138,0.0038515353406373865,51.92734385423093,84.13129626742878,0.18479503883166415,0.033852433724212545
2022-11-16,False,181774.08693674154,181060.08879773447,702.833532075378,2.8788752404183606,-14.043482172118646,713.9981390070783,0.0038817695094611722,0.0039434319498467645,2878.8752404183606,58024.66893469377,-45622.0751019599,-127.56913741793662,830.4026694933145,145,138,0.003798605252409029,52.65090387403704,84.13129626742878,0.18495121290218233,0.033467588673615975
2022-11-17,False,182073.4801250427,181774.08693674154,284.920171185561,2.188205765551152,-16.661222881137416,299.39318830114723,0.0015674410802278705,0.0016470619841723526,2188.205765551152,56682.85087419339,-44043.71485875294,222.93459889339877,61.985572292162274,145,138,0.003718537060589842,53.78459236554593,84.13129626742878,0.18265975039313156,0.03281480019501796
2022-11-18,False,182201.8851487182,182073.4801250427,118.22626510036785,3.727147671586158,-13.905906246706277,128.40502367548797,0.0006493327035830454,0.0007052373777186177,3727.147671586158,59247.62777042201,-43581.83965430805,184.7117887442108,-66.4855236438429,145,138,0.0036985705230530197,54.074945645462,82.34298218753496,0.18090053111815552,0.03529806805999421
2022-11-19,False,181807.688707593,182201.8851487182,-404.219065410912,4.5391685902379315,-14.561792875958627,-394.19644112519126,-0.0022185229591942875,-0.0021635146134928148,4539.168590237931,62473.64242755819,-39918.27123952258,-95.6886002953986,-308.5304651155134,145,138,0.0036857698265995607,54.26274819350757,82.34298218753496,0.1813846150811492,0.0354828392742828
2022-11-20,False,183647.7831117468,181807.688707593,1832.9383502731266,2.4350191119698463,-9.591072992623126,1840.0944041537798,0.01008174276513189,0.010121103333056838,2435.019111969846,63395.782497027525,-38230.39674546745,9.935001770902739,1823.003348502224,145,138,0.003663615612338909,54.59087992921749,82.34298218753496,0.18312752619393083,0.0351515536100765
2022-11-21,False,184319.33395543846,183647.7831117468,675.6325918636296,5.280093621177592,-1.1983454492124674,671.5508436916645,0.003678958604430949,0.003656732645027554,5280.093621177592,61716.06060611068,-34534.8034612071,337.46098591687183,338.1716059467577,145,138,0.0036065111640055294,55.45525603693747,82.34298218753496,0.18035100174447444,0.03572688842125784
2022-11-22,False,181233.82108012363,184319.33395543846,-3092.279898473543,3.870481928323363,-10.637505087037766,-3085.5128753148288,-0.01677675278069929,-0.016740039197737068,3870.481928323363,61910.9863823817,-32301.132740249595,-1305.0118477562614,-1787.2680507172818,145,138,0.003538587011727515,56.51973494990062,82.34298218753496,0.1811418531032607,0.03572479980522137
2022-11-23,False,181027.95114740616,181233.82108012363,-201.49902714898428,4.603711738553297,-0.23280617008290383,-205.86993271745467,-0.0011118180146955099,-0.0011359355085629377,4603.7117385532965,57791.85732464453,-33587.72340520571,1001.5594075162666,-1203.0584346652508,145,138,0.00349819380217955,57.172361312683705,82.34298218753496,0.1850483412031539,0.03428669068103941
2022-11-24,False,182479.2321616984,181027.95114740616,1438.6289720330126,1.920662805318347,-14.572705064532336,1451.2810142922265,0.007946999139716143,0.008016889132830584,1920.6628053183472,58077.3352813596,-33577.76054743392,1142.3393802400185,296.2895917929941,145,138,0.0035026642438422,57.09939237013843,82.34298218753497,0.18611344347994577,0.03303871777701554
2022-11-25,False,181069.17736077195,182479.2321616984,-1405.4061229736244,20.2051820618888,-15.55650410905645,-1410.0548009264567,-0.007701731897514051,-0.0077272070044495786,20205.182061888798,61190.285955992804,-33716.922261061285,-1220.6311698046673,-184.77495316895718,145,138,0.0035724135100640335,55.984560420166794,81.66953505828637,0.18203612395193813,0.035215161176997696
2022-11-26,False,180198.80083454176,181069.17736077195,-884.7431453930388,1.217034867756275,-15.583654030599398,-870.3765262301957,-0.004886216187033473,-0.004806872925125246,1217.034867756275,61171.37796742335,-35518.68000487972,-598.8015808554734,-285.94156453756545,145,138,0.003569487955917813,56.030445394393986,81.66953505828637,0.18382646196856953,0.034919556018805156
2022-11-27,False,179635.77066665204,180198.80083454176,-582.0855552074352,2.0256451693813946,-21.081032487107127,-563.0301678897094,-0.0032302410033344512,-0.003124494532051203,2025.6451693813945,61589.11162018249,-36987.733510904785,-263.4238005338062,-318.6617546736291,145,138,0.0035703450761475583,56.016994361733296,81.66953505828637,0.1838140036797138,0.03462277522829535
2022-11-28,False,178141.20176659236,179635.77066665204,-1515.1674858128706,1.7785713072162372,-22.377157060409722,-1494.5689000596772,-0.008434664656097638,-0.00831999603705395,1778.5713072162373,61771.43395129327,-38535.495534356065,-36.44555702774208,-1478.7219287851285,145,138,0.003574335952845591,55.954449340660474,81.66953505828637,0.18473940384517715,0.0345973376208798
2022-11-29,False,177486.9560199028,178141.20176659236,-664.1001953853576,3.322906591452804,-13.177355287249233,-654.2457466895611,-0.0037279427151024154,-0.0036726245259464437,3322.9065914528046,60312.56699760851,-38993.646426553845,-321.2643796762385,-342.83581570911906,145,138,0.003611517318661364,55.37838596718443,81.66953505828636,0.1840865973264816,0.03548941729282199
2022-11-30,False,176330.98013161865,177486.9560199028,-1169.939173363023,3.1313642355340563,-17.09464931439922,-1155.9758882841577,-0.00659169101548978,-0.006513018839280394,3131.364235534056,58953.8913161934,-41557.02831829876,-26.25976506480568,-1143.6794082982171,145,138,0.0036338340704711834,55.038286317257985,81.66953505828636,0.1847241020245985,0.035188586643277335
2022-12-01,False,176306.62754599302,176330.98013161865,-34.55358661647989,4.688921721518731,-14.88992271236752,-24.3525856256311,-0.00019595868287403652,-0.00013810724359073834,4688.921721518731,57328.14173858714,-44433.76669081126,-457.4111226892997,422.8575360728198,143,136,0.0037192810454434668,53.77383358674179,80.48882937408543,0.18573901346018312,0.0352456744924686
2022-12-02,False,175863.4834571104,176306.62754599302,-430.2005754288078,25.704975072110315,-12.761461618294117,-443.144088882624,-0.0024400703559290847,-0.002513485142621886,25704.975072110316,48696.686291241815,-46509.26244879271,-12.244945334022889,-417.9556300947849,141,134,0.003972323071976502,50.3483720674528,79.48184361430762,0.1805669150229541,0.038636469989097075
2022-12-03,False,177578.74860786193,175863.4834571104,1726.9909358181626,6.804021929586605,4.921763137038216,1715.265150751538,0.009820065552376833,0.009753390055928565,6804.0219295866045,51822.10958457123,-51614.2199067491,-2.309917535780893,1729.3008533539437,141,134,0.0038715303001147765,51.65915916868086,79.48184361430764,0.18553022447042664,0.0372061735948702
2022-12-04,False,179519.3596279374,177578.74860786193,1948.815469236245,6.935896943442027,1.2685522173224388,1940.6110200754806,0.010974373254198984,0.01092817150300362,6935.896943442027,52817.68171060154,-52612.932384391344,2.090776005831479,1946.7246932304138,141,134,0.0036559413792906213,54.70547233960488,79.4818436143076,0.18692820055174786,0.034874028030154304
2022-12-05,False,180136.29463573536,179519.3596279374,610.405994841317,3.3313577727992363,-9.860370729434095,616.9350077979518,0.0034002237759003435,0.003436593184582318,3331.3577727992365,52432.37553840327,-52221.588229963614,-1.7622777067426056,612.1682725480596,141,134,0.0036048543770914685,55.480743208652854,79.48184361430762,0.18780740388880676,0.032969678542866095
2022-12-06,False,180320.0374679765,180136.29463573536,175.2963986240088,1.6339835544740795,-10.080417171601912,183.74283224113663,0.0009731320330446808,0.0010200211601592798,1633.9835544740795,52325.8886991731,-52115.509156591856,-1.1384432245169407,176.43484184852568,140,133,0.003661375318677069,54.62428256938821,78.88414856311358,0.18660130228106186,0.03374722176762233
2022-12-07,False,181441.0889338997,180320.0374679765,1115.9077114383304,1.1469805284591,-6.290735013318938,1121.05146592319,0.006188484247828016,0.006217009943347424,1146.9805284590998,52487.59333205612,-52276.22450356682,-4.573409865808876,1120.4811213041392,140,133,0.0037160528780003717,53.820547383497164,78.8841485631136,0.1865629026465129,0.0350357422339899
2022-12-08,False,181768.5589003792,181441.0889338997,326.75936962583467,2.3897889921850153,-3.10038584583889,327.46996647948856,0.001800911643254497,0.001804828048616861,2389.7889921850156,51967.69612770192,-51764.14029816184,2.401775430022636,324.35759419581194,140,133,0.0037635391207306284,53.141469660390655,78.8841485631136,0.1836254354360382,0.036009022580998924
2022-12-09,False,180944.50664656644,181768.5589003792,-805.5669317238057,13.392300947291949,5.093021141657518,-824.0522538127552,-0.0044318276856962265,-0.004533524712953182,13392.300947291948,52452.23564782404,-52240.38657457591,-2.3018735120879508,-803.2650582117178,139,132,0.004196156374945765,47.662666051759096,78.63055446437534,0.180424706858589,0.04027864381620766
2022-12-10,False,181094.14659324984,180944.50664656644,157.11250561697253,0.6913053127741616,6.7812536208090535,149.63994668338933,0.0008682911049842245,0.0008269935874631254,691.3053127741616,52595.72164309,-52388.20291894153,-0.1235548107915849,157.2360604277641,139,132,0.0042489611899261545,47.070328736863786,78.63055446437535,0.18217010805681308,0.040763889317267585
2022-12-11,False,181975.93780585958,181094.14659324984,878.9739833387264,1.12020922109454,-3.9374384921074506,881.7912126097393,0.004853685223261046,0.004869241934088042,1120.20922109454,52316.16289574736,-52108.89128122048,-3.4812129148395794,882.4551962535658,139,132,0.004300991557782491,46.50090503853865,78.63055446437535,0.18187990913686405,0.04114185657840481
2022-12-12,False,181001.44696970933,181975.93780585958,-978.5606538147008,1.544353701558122,-5.614171366004278,-974.4908361502546,-0.005377417836739905,-0.005355053244401394,1544.3537015581219,51101.0942986595,-50900.78510996231,-1.6320050263002615,-976.9286487884004,139,132,0.004301512874818969,46.495269413419365,78.63055446437534,0.17924417102985196,0.041146649632565896
2022-12-13,False,180171.28443266317,181001.44696970933,-825.3789994288111,3.1018300423732406,1.6817075749776222,-830.1625370461619,-0.004560068514628718,-0.004586496687980014,3101.8300423732408,50105.1327845186,-49908.087605874,1.285517304123023,-826.6645167329341,139,132,0.004321727175987133,46.27779400589249,78.63055446437534,0.1802082848132212,0.041711777894372686
2022-12-14,False,179639.22432581507,180171.28443266317,-532.4817861250024,2.843022087590944,-3.264701364493438,-532.0601068480998,-0.0029554198262043857,-0.002953079390667001,2843.0220875909445,48622.03015482248,-48425.74373600163,-2.393264941681986,-530.0885211833204,138,131,0.004414565809509653,45.304568700543385,78.03083360000062,0.18077274861932602,0.04221074756990865
2022-12-15,False,180079.69957767334,179639.22432581507,437.31670829693434,4.010337392310999,-7.168880953653644,440.475251858277,0.0024344165921344925,0.0024519992975441636,4010.3373923109993,46094.35135921339,-45906.245400231855,-2.631019974237916,439.9477282711722,138,131,0.0044487779888669554,44.956165603340736,78.03083360000063,0.17990594117791175,0.042589133283426214
2022-12-16,False,183128.4994148464,180079.69957767334,3062.1097202217434,9.830395420849717,3.4794876278324307,3048.7998371730614,0.01700419162961215,0.01693028056090259,9830.395420849718,44131.24387760146,-43954.279680876396,-9.940720134386382,3072.0504403561295,138,132,0.004044948377789249,49.444388733907466,78.81835884407263,0.18320046290276137,0.03916491789206949
2022-12-17,False,182398.36489349618,183128.4994148464,-690.9843162149377,5.900180820461945,33.250024314819484,-730.1345213502192,-0.003773221090233643,-0.003987006521012461,5900.180820461946,45266.81214098129,-38962.29386867015,-38.65299245438508,-652.3313237605528,139,132,0.003951890059764296,50.608695326895976,78.81835884407262,0.17867816403761935,0.038180056751445104
2022-12-18,False,182272.83980789632,182398.36489349618,-104.7004703751945,3.9991485368469673,16.82546668782451,-125.52508559986597,-0.0005740208824587321,-0.0006881919455427193,3999.1485368469675,47813.47189127095,-36500.21835092228,-6.010730584195299,-98.68973979099917,139,132,0.003915674655281864,51.07676648523887,78.81835884407262,0.18025559605661054,0.037832622612674414
2022-12-19,False,181010.33534210487,182272.83980789632,-1256.6471714613128,3.059615302701552,2.7976790274313825,-1262.5044657914457,-0.0068943193774000395,-0.006926454139421117,3059.615302701552,49674.38400628093,-34188.29938395605,58.09023787573214,-1314.7374093370447,139,132,0.0038695849850752355,51.68512922481052,78.81835884407262,0.1795607320354107,0.0374059250786812
2022-12-20,False,180354.85482803377,181010.33534210487,-643.3134636868742,6.1032850787470965,6.0637653054881095,-655.4805140711095,-0.0035540150924035824,-0.0036212325270392337,6103.285078747097,50245.0428029804,-30871.439897129683,-111.52631510656792,-531.7871485803064,139,132,0.0038307966488891868,52.20846166762568,78.81835884407262,0.17829313499808516,0.03763403717648189
2022-12-21,False,180198.38751167012,180354.85482803377,-156.5650281975619,3.1184140917902203,-3.2161259257085795,-156.46731636364353,-0.0008680943373930511,-0.0008675525619359306,3118.41409179022,51395.585944283295,-29498.298798104293,31.08687073899837,-187.65189893656023,138,131,0.0038700730333377257,51.67861130194512,78.2167528235802,0.18014074429080684,0.03711676439879699
2022-12-22,False,180188.1049049634,180198.38751167012,-12.204179465694892,2.54410076381386,-4.4656735227809925,-10.28260670672776,-6.772635223999726e-05,-5.7062700997043226e-05,2544.10076381386,52488.852854479745,-27685.99746946161,-43.339205714051516,31.13502624835664,137,130,0.003915108155536768,51.08415707932841,77.61385014166056,0.17864769835411307,0.03758911292573313
2022-12-23,False,180105.10198528826,180188.1049049634,-80.5612800927405,1.8721663990441608,0.5694731833646225,-83.00291967514929,-0.0004470954402635564,-0.00046064594396465577,1872.1663990441607,54282.47516624801,-26415.40686950012,-78.05872729736365,-2.5025527953768574,138,131,0.003916217080464435,51.06969197332683,78.31600568525407,0.17756033075508548,0.0372523048251033
2022-12-24,False,180405.53305069314,180105.10198528826,323.469047376804,24.043006341573275,-1.0050243696333179,300.431065404864,0.0017960015780298455,0.0016680874783292063,24043.006341573273,50804.761651718356,-14201.219552641905,124.89888033123202,198.5701670455719,137,130,0.004292587902452316,46.591940466901534,77.73981371480187,0.17118761886979308,0.04314962749986292
2022-12-25,False,180520.95574738132,180405.53305069314,115.07161995786822,2.388858550899586,-2.7399352812074094,115.42269668817605,0.0006378497267350089,0.0006397957686571775,2388.8585508995857,53007.42406237139,-12569.714938982677,105.41045682631685,9.661163131551397,136,129,0.0043559799984239376,45.913893101520934,77.13525639919884,0.17118687373375946,0.043698561297927985
2022-12-26,False,180398.51204069814,180520.95574738132,-133.49713089771012,2.162575804184968,-13.216000018709929,-122.44370668318516,-0.000739510437140186,-0.0006782797386389384,2162.575804184968,55034.923850169565,-11088.022529423723,-106.1728776356574,-27.32425326205272,135,128,0.004435296423489668,45.09281475321126,76.52912173660258,0.1710267008565487,0.04416497821405837
2022-12-27,False,180095.68748449913,180398.51204069814,-284.9590681186211,22.4118068263626,-4.5463187459683265,-302.8245561990153,-0.0015796087500673727,-0.0016786422059329275,22411.8068263626,37617.84506592223,-32347.725467135584,34.27323378297529,-319.23230190159643,133,126,0.004058457883439443,49.27980177300866,86.17808939148928,0.17323525607899437,0.040254686377877144
2022-12-28,False,181639.89542441306,180095.68748449913,1535.025273325029,1.4256392355556056,-10.608305824473641,1544.2079399139473,0.008523387176925872,0.008574374886388424,1425.6392355556056,38543.93940465908,-32226.504805610366,-97.75087223671345,1632.7761455617424,132,125,0.004143926494691134,48.26340434759738,85.4871406876644,0.17380057593904655,0.04102169378517147
2022-12-29,False,181281.26346496496,181639.89542441306,-357.1297987651909,2.210989908149289,-0.7088292252383361,-358.6319594481019,-0.0019661418430721657,-0.0019744118361780362,2210.989908149289,39024.40229500992,-32155.81588513964,-28.71411542582802,-328.4156833393629,132,125,0.004120455284207482,48.53832555022315,85.4871406876644,0.17242040689610924,0.04121835678986602
2022-12-30,False,181285.65958612695,181281.26346496496,51.29258102411629,36.46539368646691,10.43106617564915,4.396121162000227,0.00028294474588119403,2.4250278699375003e-05,36465.39368646691,46666.48326621263,-40935.12721825429,-104.91094352946776,156.20352455358406,133,126,0.0037554483962735307,53.25595745063538,87.34297517576097,0.1892246257577058,0.023320845609539325
2022-12-31,False,181570.43647485127,181285.65958612695,310.56974197001693,0.5754417654803619,25.217411480208796,284.77688872432776,0.0017131511818366883,0.0015708737766377667,575.4417654803618,46432.59923826941,-40922.649531674,-28.95283082680123,339.52257279681817,133,126,0.0037187105841379325,53.78208265335169,87.34297517576096,0.18900817482836227,0.022598041842442098
2023-01-01,False,181411.6818792996,181570.43647485127,-73.2219826297999,0.4285292031568127,85.10408371872558,-158.75459555168229,-0.00040327040046489964,-0.0008743416529357238,428.5292031568127,46217.37008109889,-40888.50119548041,-102.51673907685236,29.294756447052464,133,126,0.003685425348497178,54.267820153121505,87.34297517576096,0.18865730376739986,0.022694244396358008
2023-01-02,False,180364.36831417424,181411.6818792996,-1029.7680725285713,0.5456437124599993,16.9998488843243,-1047.3135651253558,-0.005676415442825324,-0.005773131885862649,545.6437124599993,46018.79958657353,-41097.30729096147,5.944432348192172,-1035.7125048767634,132,125,0.003680215601750302,54.34464217392059,86.6437583633824,0.1895746196606386,0.02237798059458324
2023-01-03,False,180511.1095074629,180364.36831417424,179.04765841591498,4.157261876276018,28.149203250954727,146.74119328868426,0.0009926997227303472,0.0008135819433751891,4157.2618762760185,47555.15372139549,-43070.762314141044,26.093883257172074,152.95377515874293,132,125,0.0035570134925347885,56.226944435197126,86.64375836338239,0.1915389709301967,0.021043442743269747
2023-01-04,False,179740.32962683667,180511.1095074629,-761.923903504425,0.8871835334980622,7.968793588326575,-770.7798806262496,-0.004220925269272275,-0.004269985834829645,887.1835334980623,47923.31263667118,-43640.30350550436,16.166098917445172,-778.0900024218702,132,125,0.003528330764590907,56.68402804156856,86.64375836338239,0.1907107370507017,0.02118994421526964
2023-01-05,False,179613.74594579768,179740.32962683667,-112.49515029005434,0.6212596389915618,13.467271109954671,-126.58368103900057,-0.0006258759540700092,-0.000704258645245639,621.2596389915618,48184.26875904742,-44121.1649965995,-45.954392555205885,-66.54075773484848,132,125,0.0035319109286496508,56.62656959372009,86.6437583633824,0.19349526435161124,0.01993633169706874
2023-01-06,False,180131.96824617137,179613.74594579768,670.1032220514703,0.815062949687239,151.06585872808913,518.222300373694,0.0037308014401842516,0.0028852040117802497,815.0629496872391,47927.35185355505,-44191.760802047116,133.1133980154564,536.989824036014,134,127,0.0034721361877915148,57.60142724332824,88.12653329548412,0.19332792473154892,0.020329092137127528
2023-01-07,False,179973.83922797727,180131.96824617137,-156.26424724398845,1.7006226427392959,0.16414830738442987,-158.12901819411218,-0.000867498694237522,-0.0008778509430264506,1700.6226427392958,48131.70196819023,-44216.96834562168,70.86092208957372,-227.12516933356216,134,127,0.0034984934956104998,57.16746372429636,88.12653329548411,0.19330628847629677,0.020497040656007104
2023-01-08,False,178684.34827615702,179973.83922797727,-1299.2624608453607,3.2164901427989614,-12.987999167921137,-1289.4909518202385,-0.007219174000058715,-0.007164879947839578,3216.4901427989616,51363.98354721372,-46981.436960261366,58.521413922215764,-1357.7838747675764,132,125,0.003504659246848411,57.066888936449786,86.72606208157656,0.19057038893985234,0.022903874493342573
2023-01-09,False,176794.20405361743,178684.34827615702,-1901.3739201121166,3.3819326565405152,-14.611630229071476,-1890.1442225395856,-0.010640965134638091,-0.010578118569279297,3381.9326565405154,55525.526347114064,-49804.140331066505,92.67756961269335,-1994.05148972481,132,125,0.0035101311397518673,56.97792818479657,86.72606208157654,0.1897642505938433,0.028078101360855763
2023-01-10,False,175169.93683661128,176794.20405361743,-1633.0924623827618,4.371787663585128,-13.197033040185534,-1624.2672170061614,-0.009237251136849962,-0.009187332954159291,4371.787663585128,59843.53837941925,-52546.495353914856,200.77198115445228,-1833.864443537214,132,125,0.0035482193000530384,56.36630182272286,86.72606208157654,0.18819656042404198,0.033122397038824816
2023-01-11,False,174797.5113314034,175169.93683661128,-391.9130893157913,1.478786662837475,-20.966370770740824,-372.42550520788797,-0.0022373307680149815,-0.002126081175420333,1478.7866628374752,61727.512824741556,-52939.7840517625,-67.06772968481401,-324.8453596309773,133,126,0.0036440479870864665,54.88401928535152,87.42859235005945,0.1897302333344767,0.03435510655383157
2023-01-12,False,172994.02549066354,174797.5113314034,-1819.3882242830173,1.6893416830421006,-17.591725226211334,-1803.485840739848,-0.01040854764135394,-0.010317571611878214,1689.3416830421006,63217.44215799714,-52987.97970682362,203.06693752298193,-2022.4551618059993,133,126,0.0037575805699825377,53.22573828428367,87.42859235005945,0.18792186221045545,0.03578036670554042
2023-01-13,False,169838.0618224384,172994.02549066354,-3137.4266223342465,34.362269029716614,-15.82522313883381,-3155.9636682251294,-0.018136040325297666,-0.018243194580124134,34362.26902971661,71753.80418259659,-36024.02385961538,769.8138121496333,-3907.2404344838797,138,131,0.0038498795186215,51.94967765422764,79.18360134394993,0.1879592607161247,0.03854013871877961
2023-01-14,False,166936.124784478,169838.0618224384,-2920.8775856919906,9.374448426299995,-28.314996157861803,-2901.937037960429,-0.017198015299689992,-0.017086494080427825,9374.448426299996,73503.03335429789,-30721.18320527949,-35.68218830016204,-2885.195397391829,138,131,0.004387159798450838,45.58758039099067,79.18360134394993,0.1883681879754434,0.044305562197358726
2023-01-15,False,165417.70504519448,166936.124784478,-1505.4869816210332,30.013355207393143,-17.080597544933553,-1518.4197392834926,-0.009018341497771584,-0.009095812792131364,30013.355207393142,75316.43484797372,-12693.210215075524,36.18048102210614,-1541.6674626431395,138,131,0.006148355275649587,32.52902459818729,79.18360134394993,0.17798283777033605,0.06697159451964987
2023-01-16,False,164707.88323168212,165417.70504519448,-642.0878010499766,60.29326745713709,7.440745005250124,-709.8218135123639,-0.0038816147332871595,-0.004291087301195664,60293.267457137095,125842.34192302873,29397.340598237835,-117.21684071042762,-524.8709603395491,138,131,0.008700711596571683,22.986625608738194,79.18360134394993,0.17921900467894303,0.10512836992114237
2023-01-17,False,164069.96672394554,164707.88323168212,-606.2260487232222,18.936797808718758,12.753661204636842,-637.9165077365778,-0.0036806134401623624,-0.0038730174610966794,18936.79780871876,143147.52167224622,47582.86455232619,212.7884750603417,-819.0145237835641,138,131,0.008984994533870791,22.259334632431745,79.18360134394993,0.19375039750704365,0.10615970184781777
2023-01-18,False,162800.01057513297,164069.96672394554,-1243.796435254419,9.708955453576815,16.45075810456938,-1269.9561488125653,-0.007580890397492173,-0.007740332823674662,9708.955453576815,146981.15389656113,56673.47976464026,-3889.5508844884075,2645.7544492339885,138,131,0.00894716053439379,22.353460545519418,79.18360134394993,0.19952835275900432,0.10289373070265878
2023-01-19,False,164110.1281582661,162800.01057513297,1336.7518781889994,7.202569584037147,19.4317254718407,1310.1175831331216,0.008211006089413503,0.008047404779058636,7202.569584037147,146262.51921878464,60741.0789843261,1615.9897361493388,-279.23785796033917,138,131,0.009083344185717025,22.018322317290053,79.18360134394993,0.20017694462982705,0.10349549543514652
2023-01-20,False,161908.96005288482,164110.1281582661,-2112.1690906525605,75.95667074057089,13.04234398813508,-2201.1681053812667,-0.012870437153126872,-0.013412749902056521,75956.67074057089,127689.51060986801,6321.876375581167,1967.2675089189738,-4079.4365995715343,143,137,0.007323810886679771,27.308187376021863,82.06025436166517,0.18272275690293044,0.07969969820936464
2023-01-21,False,165128.16856156077,161908.96005288482,3210.655722093753,9.902147334841791,-18.45493391704656,3219.208508675958,0.019830006449581584,0.01988283111462428,9902.14733484179,135178.46200319103,13828.183426812317,2441.2314796711316,769.4242424226212,143,137,0.008047680425631022,24.851881464256568,82.06025436166519,0.18897528294588636,0.08212300319123315
2023-01-22,False,169990.48029514405,165128.16856156077,4879.9327346958635,11.624836862053176,5.996164250522106,4862.311733583288,0.02955239422325813,0.02944568316804524,11624.836862053176,145443.21483006823,23580.533123537352,5820.689086475978,-940.7563517801148,143,137,0.008508428841471523,23.506102445749576,82.06025436166516,0.1887352089135544,0.0891003852834927
2023-01-23,False,167508.5135860295,169990.48029514405,-2467.017591740171,25.038344812336547,-10.089227437968052,-2481.9667091145398,-0.014512680871639634,-0.014600621780732974,25038.344812336545,154859.92268048713,31052.705292836486,-87.00626364487044,-2380.011328095301,143,137,0.009008695867299403,22.2007716706231,82.06025436166516,0.19159644116859043,0.09461402533158696
2023-01-24,False,167601.04608827396,167508.5135860295,117.83254227419684,15.186322456004666,10.113717573728577,92.5325022444636,0.0007034421102046259,0.0005524047719338188,15186.322456004666,165926.20243972784,43772.01015710098,-1410.3558160730795,1528.1883583472766,143,137,0.00965309460251191,20.718744427093505,82.06025436166519,0.19711033845007458,0.09942078751035036
2023-01-25,False,167174.6441418471,167601.04608827396,-397.4521739727768,7.226505923887668,21.723266530185423,-426.40194642684986,-0.002371418217541687,-0.002544148478657274,7226.505923887667,168508.28286968978,50884.65414403731,1383.5001760279083,-1780.9523500006849,143,137,0.009935410139562756,20.130019515107982,82.06025436166516,0.19785162804400014,0.10109132272763371
2023-01-26,False,168223.8048013703,167174.6441418471,1049.337343927545,11.571495713734636,-11.394811309397326,1049.1606595232074,0.006276892942192752,0.006275836057009927,11571.495713734637,173237.41140232538,60082.232997819396,863.7991927008699,185.53815122667504,143,137,0.010273115606994884,19.468290599574445,82.06025436166517,0.20125090716224497,0.10373798322902142
2023-01-27,False,167585.21262544973,168223.8048013703,-577.6507895591951,33.90797811891615,27.033408242478547,-638.5921759205899,-0.0034338231158262907,-0.0037960868657952746,33907.978118916144,156319.8823044463,71849.52050000484,458.8305026916124,-1036.4812922508077,147,142,0.008212890152536166,24.351963350957444,85.85311166474905,0.19639532035712268,0.08765951687203753
2023-01-28,False,167388.8567614336,167585.21262544973,-162.63484824285956,13.589928695677719,20.131087077598835,-196.3558640161361,-0.0009704606134095247,-0.0011716777449510914,13589.928695677718,150504.9600228112,75097.68556093048,-1008.3781241239463,845.7432758810868,147,142,0.007751086433919497,25.802834441992655,85.85311166474906,0.19242963869339072,0.08300072903021985
2023-01-29,False,166624.30588025763,167388.8567614336,-730.3209493208251,5.5250421929867155,28.704889662143895,-764.5508811759556,-0.0043630201164567076,-0.004567513608540926,5525.042192986715,146309.09501749207,76960.38376831956,286.87337919668244,-1017.1943285175075,147,142,0.007465297085220996,26.790628385833273,85.85311166474906,0.18923833992237674,0.08066444359376831
2023-01-30,False,164942.46860139855,166624.30588025763,-1675.4770846228619,11.919945344010404,-5.5597511077856225,-1681.8372788590866,-0.010055418240283153,-0.010093589107388192,11919.945344010404,137818.21872696545,76798.16138281369,-3293.304697637632,1617.8276130147706,147,142,0.007019201265409417,28.49327045024323,85.85311166474906,0.1845584258594212,0.07688586689789836
2023-01-31,False,165999.0106261814,164942.46860139855,1079.470498494052,2.6876561320588497,20.24081757914209,1056.542024782851,0.00654452735943167,0.006405518443743557,2687.65613205885,134176.88044081812,76366.70875723532,1610.5148852417892,-531.0443867477375,147,142,0.007137593264492742,28.02064962078134,85.85311166474905,0.18256040531726755,0.07466114114939795
2023-02-01,False,171007.45387300372,165999.0106261814,5018.204504426587,7.892746653343801,1.868510950947293,5008.443246822296,0.030230327792297784,0.030171524685174013,7892.746653343802,128868.36966937581,73950.43260470682,5639.618999307179,-621.4144948805899,147,141,0.005925529654707427,33.75225703935406,89.11548072519211,0.17566413790908883,0.1187454610472158
2023-02-02,False,169525.46482449936,171007.45387300372,-1476.8829523314573,10.484247615910476,-5.378151443003816,-1481.9890485043638,-0.008636365952961581,-0.008666224862952127,10484.247615910475,125318.19210243577,73097.7355767799,-1407.384805357162,-69.49814697429544,147,141,0.005688024686666232,35.161591416583775,89.1154807251921,0.1710690446333139,0.11542173332214606
2023-02-03,False,170672.19504019915,169525.46482449936,1216.2748117520932,72.46853180009413,-2.923935747788491,1146.7302156997875,0.007174584732808357,0.006764353761760429,72468.53180009413,89795.00928038525,58462.893361692666,1482.7615858207287,-266.4867740686355,147,141,0.003762516403571803,53.155914432728466,90.03677676356956,0.1765427670849183,0.09911659793999127
2023-02-04,False,169609.18531099038,170672.19504019915,-1065.9917437146846,5.692514558244859,-8.674529064170198,-1063.0097292087594,-0.006245843052898025,-0.006228370877625287,5692.514558244859,86594.38042280155,56324.40737117131,-1016.936118171232,-49.055625543452855,147,141,0.003543349151068895,56.44377437082866,90.03677676356956,0.17605500856121684,0.09806720048909359
2023-02-05,False,169401.73878318738,169609.18531099038,-189.53090598707524,3.9264975196145753,13.989124296297943,-207.44652780298776,-0.0011174566143900579,-0.0012230854562659444,3926.497519614575,83236.36456225516,54228.25930568309,-297.7654458281005,108.23453984102534,147,141,0.0033968535284780253,58.878017059985176,90.03677676356956,0.17558585522107473,0.09770980950015243
2023-02-06,False,169886.09918809464,169401.73878318738,496.90953064439765,3.600681502162805,8.948444234979547,484.3604049072553,0.0029333201312672385,0.002859241046676474,3600.681502162805,81496.5379312417,53358.239882598915,461.9460852238744,34.96344542052328,147,141,0.003336374072905787,59.94531657111569,90.03677676356956,0.17512598075546654,0.09698314350881228
2023-02-07,False,172767.25006819496,169886.09918809464,2894.7235001543454,2.462012859169431,11.110607194855858,2881.15088010032,0.01703920164150313,0.016959309171672515,2462.012859169431,80781.97597449104,53226.96264942897,3281.4643777612996,-386.74087760695335,147,141,0.003291069245906521,60.77052321179898,90.03677676356956,0.175635737773782,0.09618055306090205
2023-02-08,False,172126.91133671658,172767.25006819496,-610.3637308469205,5.390512401231941,24.584488230229404,-640.3387314783819,-0.003532867083350558,-0.003706366404660758,5390.512401231941,79403.19914547203,52865.175964261114,-687.4683872574121,77.10465641049177,148,141,0.003187083646223691,62.753294924334924,90.03677676356956,0.17820212904506705,0.09439471760697259
2023-02-09,False,167910.29130901425,172126.91133671658,-4198.073422715495,3.4002595920093706,15.146345394817525,-4216.620027702322,-0.024389407734756695,-0.02449715732976654,3400.2595920093704,76831.95649704695,51117.54539902316,-4573.6080561102945,375.5346333947996,149,141,0.0031484920881400796,63.52247183766841,90.03677676356956,0.1763634161839089,0.09344396610292997
2023-02-10,False,167652.4262290456,167910.29130901425,-193.91875334623387,35.971870889464164,27.974455732948176,-257.8650799686462,-0.0011548949849021157,-0.0015357312405234495,35971.87088946416,85010.52057441304,55857.74283065727,-236.64196566612105,42.7232123198874,149,141,0.004460420958391512,44.83881720260832,91.82125705945575,0.1747589581762387,0.10022587721963029
2023-02-11,False,168183.14665464312,167652.4262290456,682.1542580267228,9.071416891224318,142.36241553797714,530.7204255975214,0.004068860041994074,0.0031655994341081278,9071.416891224319,88455.30446037234,57841.39589286763,841.0767596402206,-158.92250161349773,149,141,0.004869494698755483,41.07202335616359,91.82125705945575,0.17629490442042928,0.10182362419092529
2023-02-12,False,169095.73905465743,168183.14665464312,932.2018966646636,3.099354159157154,16.51014249118039,912.592400014326,0.005542778305717518,0.0054261822196031055,3099.354159157154,90709.39334252452,58554.43854786843,870.0757541438022,62.12614252086139,149,141,0.005023551103828255,39.812474456085,91.82125705945575,0.17637320791993497,0.10223565002731938
2023-02-13,False,168508.72385547592,169095.73905465743,-576.710045955505,4.700911144056822,5.604242081930993,-587.0151991814929,-0.003410553389338172,-0.003471496103114401,4700.911144056822,94509.76714275473,59699.60883013769,-689.4898166217496,112.77977066624462,149,141,0.005170190616481677,38.683293293371904,91.82125705945575,0.1773292918456643,0.10221961488301712
2023-02-14,False,170585.93209663793,168508.72385547592,2087.7379760476197,3.5771553095790836,6.952579576031202,2077.2082411620095,0.012389494907327173,0.012327007134322368,3577.1553095790837,96719.53923701623,60187.557298969,2315.848233134954,-228.11025708733524,149,141,0.005319716235998756,37.595990298616144,91.82125705945575,0.17761078699841784,0.10174752985139324
2023-02-15,False,175695.12418688132,170585.93209663793,5115.598682979176,8.578093727320633,-2.1715009915296193,5109.192090243386,0.029988397167951455,0.029950840772432503,8578.093727320633,104010.75901199556,65591.71975495074,5933.448446156838,-817.8497631776626,149,141,0.005308589134303809,37.6747936109071,91.82125705945575,0.17854533730148656,0.1032621229896887
2023-02-16,False,175943.54189134127,175695.12418688132,260.27101154554305,7.855365174869623,3.9979419107316314,248.41770445994177,0.0014813786822490363,0.0014139134800104512,7855.365174869623,103733.5308035287,67202.98217609842,-258.47070297232847,518.7417145178713,149,141,0.005097366158158099,39.23594927154865,91.82125705945573,0.17805021124915485,0.10215291410712111
2023-02-17,False,177267.13380409032,175943.54189134127,1379.3053762266659,47.51395089022012,8.199512587399393,1323.5919127490465,0.007839477149314713,0.007522821801362091,47513.95089022012,85680.67940783378,59759.58364664691,1630.0754659409417,-250.77008971427585,150,143,0.003836212488557788,52.13475546428592,91.74580720013978,0.178096706477745,0.09168353876606249
2023-02-18,False,177792.98662751226,177267.13380409032,537.597170554099,3.4997808272322386,8.244566304926517,525.8528234219402,0.0030326951139641786,0.002966442860203827,3499.7808272322386,86062.25607233284,60066.86478651001,579.3379401247038,-41.740769570604726,150,143,0.0036812899548717432,54.32878215293097,91.7458072001398,0.1793838844819053,0.09264538092298184
2023-02-19,False,177041.8436388863,177792.98662751226,-724.7228074554473,3.7361929984839595,22.683988172047574,-751.1429886259788,-0.0040762170724641025,-0.004224817878782089,3736.1929984839594,85641.95338233022,60086.76679152489,-703.2847803646289,-21.438027090818657,150,143,0.003529107307561098,56.67155531697799,91.7458072001398,0.17926101170484954,0.09251724871317736
2023-02-20,False,178432.34922301778,177041.8436388863,1408.7386358847552,3.5916114667073664,14.641440286554614,1390.5055841314934,0.007957094249188746,0.007854107004035268,3591.611466707366,83919.03485460722,58897.47695136385,1566.2642835404251,-157.52564765566996,150,143,0.0034194118916860998,58.489590121118965,91.74580720013978,0.17888262845164157,0.09239704655275163
2023-02-21,False,186065.7110691255,178432.34922301778,7653.910435098757,4.146774911407,16.401814079623257,7633.361846107727,0.04289530720425779,0.04278014541279728,4146.774911407,83242.64907185454,58925.795666691425,-680.8080672407109,8334.718502339469,150,143,0.0032987908095045014,60.628276101581974,91.7458072001398,0.17958972758971536,0.09099609254920403
2023-02-22,False,185033.84286375655,186065.7110691255,-1007.4158838272492,2.876601284495356,21.575720257216574,-1031.868205368961,-0.005414301635904226,-0.005545719302282463,2876.601284495356,76185.543835123,68865.08243825579,-1063.742056898179,56.32617307092959,149,143,0.003238830251799592,61.75068912267754,91.7458072001398,0.17651778297678322,0.04253063048172198
2023-02-23,False,183873.5862616402,185033.84286375655,-1137.3903260126217,2.0789780350059064,20.787298068732,-1160.2566021163598,-0.006146931331097635,-0.006270510216721142,2078.9780350059063,75837.08201258534,68504.33576049603,-1150.4558944638186,13.065568451197077,149,143,0.003226709873094072,61.98264110067672,91.74580720013978,0.1771950955549189,0.04214524552430953
2023-02-24,False,181541.13780953325,183873.5862616402,-2291.928716018653,42.27820561845508,-1.758469530170558,-2332.4484521069376,-0.012464697962421787,-0.012685065318669614,42278.20561845508,87965.16984150358,74402.8045594513,-2522.9284152944233,230.9996992757702,149,143,0.004010304608463122,49.871523369554325,92.5238039593519,0.17289737247534012,0.0496475270897815
2023-02-25,False,181680.07260267748,181541.13780953325,150.52228149561066,3.3884450113055338,8.199043340083058,138.93479314422208,0.0008291359375170022,0.0007653074935003862,3388.4450113055336,88212.04630744053,74073.56481110635,53.2469500886785,97.27533140693214,149,143,0.0041156274778727095,48.595263073560844,92.52380395935194,0.17338929106015363,0.04941102788381727
2023-02-26,False,183309.30422587923,181680.07260267748,1654.3330604772632,2.9400118601754386,22.16142541532905,1629.2316232017588,0.009105748565475214,0.008967585711861655,2940.011860175439,90492.02637720083,75118.50738636148,1765.688184033346,-111.35512355608239,149,143,0.004226024244212451,47.32580516401449,92.5238039593519,0.17390254112881356,0.048981697879450295
2023-02-27,False,182770.7978636974,183309.30422587923,-523.9772482323067,3.781234224392439,10.74787972513542,-538.5063621818344,-0.0028584323662406473,-0.002937692467144334,3781.2342243924386,93261.88371942859,76434.22914049846,-556.2366663542996,32.25941812199299,149,143,0.004290630549809368,46.61319535164498,92.52380395935191,0.1763702872318343,0.04950239334624289
2023-02-28,False,181344.88266246047,182770.7978636974,-1411.2875940034646,2.7324990774221085,11.895108156046499,-1425.9152012369332,-0.007721625174804687,-0.007801657693152489,2732.4990774221087,94220.60339376208,76447.09565417978,-1572.3973824885668,161.10978848510234,149,143,0.004393811269790247,45.51856866841431,92.5238039593519,0.17584094591028937,0.04931769084962429
2023-03-01,False,181369.3853066549,181344.88266246047,21.373108924395297,3.7198455031089717,-6.849380773152303,24.50264419443863,0.00011785890294008095,0.00013511627036118639,3719.845503108972,95675.97192547582,76710.76422599636,387.9231240441154,-366.55001511972023,149,143,0.004550352129832481,43.95264240953654,92.52380395935192,0.17544654678789406,0.049365140988213964
2023-03-02,False,179706.47563025693,181369.3853066549,-1659.7368508354082,1.7924617059563586,1.3803638566115133,-1662.909676397976,-0.00915114118090639,-0.009168634902667665,1792.4617059563584,96879.33875015075,77139.6492938806,-1773.6490773494663,113.91222651405806,149,143,0.004618142091434283,43.30745915569801,92.52380395935191,0.17701192265501062,0.049384725933756285
2023-03-03,False,176698.19477365955,179706.47563025693,-2975.014179421345,28.022369567196648,5.2443076088271265,-3008.2808565973687,-0.016554852400212816,-0.01673996914160654,28022.369567196645,80333.54821358551,70146.56112880155,-3361.080248853903,386.06606943255804,149,143,0.003720745295215734,53.752671610488115,92.2349539888631,0.1818579660976111,0.04056378224412559
2023-03-04,False,175203.05103281196,176698.19477365955,-1506.4804229726735,5.27113019650425,-16.6078123215956,-1495.143740847582,-0.008525726167731312,-0.008461567718689922,5271.130196504249,81543.00926727985,69743.63139676162,-1680.406347884244,173.92592491157012,149,143,0.004008836858367146,49.889782763936864,92.2349539888631,0.18002135032001038,0.03981497431241951
2023-03-05,False,174930.7611736927,175203.05103281196,-226.3225191219284,42.97305940153659,2.9942805957844394,-272.28985911924946,-0.001291772704800345,-0.0015541387978925956,42973.059401536586,46533.03679411598,31474.43734118012,-268.55622298110194,42.23370385917352,148,142,0.003981549720916432,50.231697208082615,104.34185356786942,0.17923318690007825,0.03807403734191758
2023-03-06,False,175411.70072566584,174930.7611736927,489.7740365268521,3.7697344750668424,5.0647500786440025,480.93955197314125,0.0027998165287838905,0.00274931377847036,3769.7344750668426,49194.64366835723,30594.47906084887,584.4563299405436,-94.6822934136915,148,142,0.0044104696113350305,45.34664505702395,104.34185356786942,0.1802342383208854,0.03864682659213442
2023-03-07,False,174634.47560678356,175411.70072566584,-780.1550806689829,3.373245338712509,-6.303207125405606,-777.2251188822898,-0.004447565797729207,-0.004430862454824646,3373.245338712509,52104.8829238523,30089.38845695775,-1059.6635488340671,279.50846816508414,148,142,0.004845429619319174,41.276009706669065,104.34185356786942,0.18272475369187074,0.03986835095423983
2023-03-08,False,171895.50821544175,174634.47560678356,-2730.8316723698877,5.36159305116577,2.774125920758363,-2738.967391341812,-0.015637414450275992,-0.015684001580014584,5361.59305116577,54779.62411842787,28497.43278744178,-3709.327314162986,978.4956417930985,148,142,0.005436222343174585,36.79025385175953,104.34185356786942,0.18331144693066298,0.04207438842090239
2023-03-09,False,171898.59323371347,171895.50821544175,-10.94694088373086,10.72438645683952,-24.75634561229945,3.085018271729073,-6.368369364259789e-05,1.7947055765195026e-05,10724.386456839518,60529.54125114625,24839.78385738389,-529.1609338207656,518.2139929370348,149,142,0.006666963952364137,29.998662274014407,104.34185356786944,0.18588174382719636,0.048702151004629435
2023-03-10,False,172385.4017330352,171898.59323371347,500.7067576380809,27.263118886755873,-13.364860570392985,486.808499321718,0.002912803113852826,0.002831951618474578,27263.11888675587,69935.53925589108,16713.526587070446,-75.71376821327337,576.4205258513541,150,143,0.008552150923591066,23.385929666921687,100.68381013362992,0.19571895962682173,0.05566357937542634
2023-03-11,False,170951.66443939283,172385.4017330352,-1416.2779811124158,11.284742243153792,6.174570286792893,-1433.7372936423624,-0.008215765180080247,-0.008317045870640026,11284.742243153793,75931.04355491478,8168.734240848042,-2053.3646919536072,637.0867108411918,150,143,0.009618371636613245,20.793540482328737,100.68381013362992,0.20005753433147552,0.06400813794930561
2023-03-12,False,172879.71615789935,170951.66443939283,1907.77874505904,8.68781744998203,-28.96079089745467,1928.0517185065125,0.011159755310457367,0.011278344231565297,8687.817449982029,74040.59174532395,-1868.1924992624918,4470.046876518882,-2562.2681314598417,150,143,0.010089816138573179,19.821966748769956,100.68381013362992,0.19832510667313458,0.06967375017175872
2023-03-13,False,173099.7993067511,172879.71615789935,210.70985712015454,8.82672573766537,-18.200017469276027,220.0831488517652,0.0012188234791391207,0.0012730420534167969,8826.725737665369,72577.57775314373,-6693.421574312702,1735.170568006586,-1524.460710886432,150,143,0.010037565397480274,19.925150380609818,100.68381013362992,0.1988204821663159,0.06747442248725628
2023-03-14,False,173981.39570200813,173099.7993067511,881.2694188984161,3.6908715232553115,-4.017847881847006,881.5963952570079,0.005091105954067074,0.005092994901136344,3690.8715232553113,72151.77978551545,-8351.707069815964,1935.3035602280415,-1054.0341413296255,150,143,0.009994007037288364,20.011993112851084,100.68381013362993,0.19829054363886556,0.06625816267865384
2023-03-15,False,175379.2118424584,173981.39570200813,1391.59444527289,1.969667775067373,-8.191362952452593,1397.8161404502753,0.007998524437959937,0.00803428513037352,1969.667775067373,73214.32255456838,-8096.6626174112625,-1936.5180196947645,3328.112464967655,150,143,0.010044156837288461,19.912074576285924,100.68381013362992,0.19844347222768033,0.06469835175791605
2023-03-16,False,174774.89079355667,175379.2118424584,-615.9185642521169,3.3568897676678056,-14.954405118059345,-604.3210489017254,-0.0035119245763596606,-0.0034457963549555785,3356.8897676678052,69683.49947394452,-10061.957939806172,435.4738690193935,-1051.3924332715105,150,143,0.009876845782597224,20.249379650373346,100.68381013362992,0.1934132146190318,0.06575142306495277
2023-03-17,False,177238.89728756473,174774.89079355667,2474.944482288623,14.735044359377326,-3.797056078826208,2464.006494008072,0.0141607554211664,0.01409817212770309,14735.044359377327,77759.12541732413,-891.8428765126846,5128.527748610479,-2653.583266321856,150,143,0.011707316140783908,17.083334693873592,101.82506513357045,0.198713028890284,0.07978931950374758
2023-03-18,False,177705.20490359335,177238.89728756473,471.17852965438067,4.743309578649657,0.12760404712061835,466.3076160286104,0.002658437492363247,0.0026309552991183446,4743.309578649658,81221.70877500324,3205.4329240742863,-245.68990562443622,716.8684352788168,150,143,0.011637159301357407,17.186324842753606,101.82506513357045,0.20428152228616606,0.0746513280216073
2023-03-19,False,176928.70568272256,177705.20490359335,-777.6948308373838,1.5259617375852685,-2.7215717041831198,-776.499220870786,-0.004376319935363121,-0.0043695918827591105,1525.9617375852686,80659.72581759018,4397.4872211522725,37.5697423053943,-815.2645731427781,150,143,0.011467126712523496,17.44116072089582,101.82506513357045,0.20224795700226053,0.07181728012564464
2023-03-20,False,176228.794773681,176928.70568272256,-697.2906485274531,3.374064211174137,-0.7538036970551367,-699.9109090415722,-0.003941082628942472,-0.003955892325899267,3374.0642111741367,80360.69350191105,5964.276135154394,-2872.8419879599764,2175.551339432524,150,143,0.011219243220346859,17.826514326499886,101.82506513357045,0.20297030873509556,0.07146123321696525
2023-03-21,False,175581.4312164867,176228.794773681,-649.6099698504304,3.6460262761455424,-5.892438932281479,-647.3635571942945,-0.0036861738212797834,-0.003673426683906343,3646.0262761455424,78437.18632483561,5388.315125203035,522.8407099931142,-1172.4506798435445,150,143,0.011378528273670627,17.576965596050808,101.82506513357046,0.20126771144613753,0.07232347018062192
2023-03-22,False,175087.86827660722,175581.4312164867,-494.77617847675447,2.3321131359486627,-3.5453517332297886,-493.56293987947333,-0.002817929977269123,-0.002811020142961045,2332.1131359486626,80109.97574097641,4988.178675367989,-2086.287660874151,1591.5114823973963,150,143,0.01136724591695048,17.59441129902594,101.82506513357045,0.20278566089799047,0.06932324355382137
2023-03-23,False,177306.1898162989,175087.86827660722,2220.693596300074,7.761348759871867,-5.389292151477811,2218.3215396916803,0.01268330934723461,0.01266976154045769,7761.3487598718675,81925.60896982653,8457.357318779425,3080.179860684792,-859.4862643847179,150,143,0.011129177911785412,17.970779296124558,101.82506513357046,0.20371505391442118,0.06989971574313517
2023-03-24,False,176682.99826009767,177306.1898162989,-511.3848202407541,120.39052064302706,-8.583784682551528,-623.1915562012297,-0.002884190454775341,-0.003514776087890095,120390.52064302705,161575.4811215166,100328.05654481007,-1410.2519453484024,898.8671251076482,151,144,0.009433304138930882,21.201479042174388,90.69334566100733,0.20055728064207673,0.06140173442295187
2023-03-25,False,175450.61608130537,176682.99826009767,-1227.7273285051965,1.8072657986500489,2.847584488454744,-1232.3821787923011,-0.006948757608798561,-0.006975103382488976,1807.265798650049,159291.3989975677,99332.62152193654,-1000.6539595035774,-227.07336900161897,151,144,0.009499299655106094,21.054183704216065,90.69334566100733,0.1985551992809366,0.06296830810202131
2023-03-26,False,176742.83721469925,175450.61608130537,1301.6111565207946,4.337751946720732,5.05227118018504,1292.2211333938887,0.007418675326381393,0.007365155861265611,4337.751946720732,160293.42577439494,98747.279278472,1317.0309902452002,-15.419833724405805,151,144,0.009516248127341188,21.016686127107054,90.69334566100733,0.19711983050568777,0.06492745573545791
2023-03-27,False,176645.20630392115,176742.83721469925,-69.1655433172647,5.826950914771644,22.638416546062288,-97.63091077809864,-0.00039133434999261396,-0.0005523896318327231,5826.9509147716435,164438.89480996606,101538.54564942901,-1182.881128142101,1113.7155848248362,151,144,0.009512335709765238,21.025330276630445,90.69334566100733,0.19669284843490775,0.0658575463752389
2023-03-28,False,174833.7138782342,176645.20630392115,-1785.0132853875916,3.0947247027432017,23.384415596592294,-1811.4924256869272,-0.010105076286737413,-0.010254976421891817,3094.7247027432013,162542.87206779973,99103.0675129639,-1193.4432874028685,-591.5699979847229,151,144,0.009439250773174146,21.18812232093563,90.69334566100734,0.19541283880297924,0.06517119189963178
2023-03-29,False,177178.54952244525,174833.7138782342,2335.9917123694277,3.6318603571321035,-12.475792198754835,2344.8356442110503,0.01336121998756125,0.0134118048069616,3631.8603571321037,158358.80357406125,93786.78469887465,3304.815806533387,-968.8240941639589,151,144,0.009409850553054473,21.254322677322357,90.69334566100733,0.1967018981775275,0.06649961113685038
2023-03-30,False,175867.5677283049,177178.54952244525,-1312.6376331914826,2.700695967777727,-4.356535018914188,-1310.981794140346,-0.007408558410312506,-0.007399212814834952,2700.6959677777268,159931.7475069809,95201.99544140621,-1906.7254613435427,594.0878281520601,151,144,0.009494080875364592,21.065756930611737,90.69334566100734,0.1976912897647599,0.06345224553260449
2023-03-31,False,175917.91997085337,175867.5677283049,125.16809667128177,48.72386617792137,26.09198794486421,50.35224254849619,0.0007117179039210461,0.00028630772119555664,48723.86617792137,141563.71104320398,113876.6568042561,374.0688429825542,-248.90074631127237,151,145,0.009763351053202847,20.484769922760325,93.27807900205869,0.1983937116776172,0.06894203685843568
2023-04-01,False,175719.4049841689,175917.91997085337,-258.6046981201836,1.1696716061523806,-61.25938304186486,-198.51498668447118,-0.0014700304446700488,-0.001128452330026195,1169.6716061523807,142416.4089319329,115139.21726038457,-185.44249619349085,-73.16220192669275,151,145,0.009739127427028715,20.535720627799353,93.27807900205869,0.19961792702863912,0.0682037475393966
2023-04-02,False,174963.4074245321,175719.4049841689,-721.8067287436892,2.414664362676791,31.77616653043133,-755.9975596367973,-0.004107723497064646,-0.004302299792700228,2414.664362676791,143809.92107787682,116985.3293270529,-658.3761734844761,-63.43055525921298,150,144,0.009752575589571965,20.507403214987836,92.6447375869685,0.20027481224893628,0.06497020063697932
2023-04-03,False,172981.53057396653,174963.4074245321,-1948.0067325333487,2.30910430899092,31.56101372322732,-1981.8768505655669,-0.011133795124409615,-0.011327379134522288,2309.10430899092,144196.7723573906,117865.03804248468,-1739.1365020070712,-208.8702305262775,150,144,0.009757787540913788,20.496449544675226,92.64473758696849,0.20071263118677032,0.06751275964763861
2023-04-04,False,172123.72631461333,172981.53057396653,-851.8998886304855,3.6014687127544582,2.302902009961538,-857.8042593532015,-0.004924802583280502,-0.004958935537840013,3601.468712754458,141416.8738283253,116678.20204583186,-370.8570171229027,-481.0428715075827,150,144,0.00973067005340684,20.55356916864911,92.64473758696849,0.20134292664139777,0.0663448610012455
2023-04-05,False,171524.5052442059,172123.72631461333,-607.2025168154751,5.0781185814973915,-13.05956498954228,-599.2210704074301,-0.0035277095715764983,-0.003481339169430683,5078.1185814973915,139928.8555607622,117538.08153366228,-722.0109368422973,114.80842002682145,150,144,0.009536226814696425,20.972655525744937,92.6447375869685,0.20201138021525117,0.06374220473397899
2023-04-06,False,172686.74975228065,171524.5052442059,1182.8105314085512,7.857229349832197,12.708793983983792,1162.2445080747354,0.006895869075526784,0.006775967704556291,7857.229349832198,135819.4953903584,115417.73954545391,974.0197751204832,208.79075628806874,150,144,0.009132474798713265,21.899868809731544,92.64473758696847,0.20112686765797858,0.05964109881008525
2023-04-07,False,171890.68403667927,172686.74975228065,-750.0849408276378,46.59575374042178,-0.6149789666904333,-796.0657156013691,-0.004343616067264197,-0.004609883020806903,46595.75374042177,111877.03863507614,99564.0322355718,-776.262590706186,26.177649878548205,150,144,0.007321396825794764,27.317191617774288,91.05585691371252,0.20062772306228793,0.047316573980871884
2023-04-08,False,172203.09873752703,171890.68403667927,301.9137805799844,5.457083401252983,-15.95800366901793,312.4147008477494,0.0017564289901572552,0.0018175196788505657,5457.083401252983,109212.41493998238,97259.4005621457,442.78246466547466,-140.86868408548992,150,144,0.0070441705578667335,28.39227107819608,91.05585691371252,0.1998301710930568,0.04546636641726739
2023-04-09,False,172620.82940683205,172203.09873752703,446.4508769890573,5.0274631818915285,23.692744502156238,417.73066930500954,0.002592583294157443,0.0024258022786321463,5027.463181891529,108017.09197365178,96587.69816673343,430.4725832407407,15.978293748316547,150,144,0.0067664960880809075,29.557395348575955,91.05585691371252,0.19961142775232546,0.04416120402883475
2023-04-10,False,174908.6882424019,172620.82940683205,2296.0995345470615,4.602431201684936,3.638267775535219,2287.8588355698416,0.01330140483299164,0.01325366610409353,4602.431201684935,106647.97579679445,95600.29052100377,2374.346116418333,-78.24658187127147,150,143,0.006587603167036242,30.360055839547464,90.41293132074087,0.20031997098238066,0.0430809389884505
2023-04-11,False,176024.25762982856,174908.6882424019,1125.1296285470676,6.810490555924835,2.7497505644874902,1115.5693874266553,0.006432668610422465,0.006378010141386536,6810.4905559248355,105366.42953864834,94713.63187005662,1102.9786802934043,22.150948253663323,150,143,0.006240533615589873,32.04854141004342,90.41293132074085,0.19950134545732767,0.04198087500083463
2023-04-12,False,174534.72774721554,176024.25762982856,-1513.5168518380272,4.419905219632485,-28.406874444653862,-1489.5298826130058,-0.008598342479710313,-0.008462071663698893,4419.905219632485,103473.9838260349,93048.98184013405,-1575.9282233841752,62.411371546148104,150,143,0.0060452798504677585,33.083662782712175,90.41293132074085,0.19732971029320137,0.04075067684126017
2023-04-13,False,174844.20169336273,174534.72774721554,328.96526358515916,2.02634901944868,17.464968418534045,309.47394614717643,0.0018848126549440092,0.0017731367856796834,2026.3490194486803,101285.60778662053,91076.36141157913,489.22240224209054,-160.25713865693172,150,143,0.005932849891101199,33.71061187642452,90.41293132074085,0.197015877142068,0.04038351386326519
2023-04-14,False,175267.30004338291,174844.20169336273,419.6710281075716,3.2856786176640482,-6.713000530266946,423.09835002017445,0.0024002570519529145,0.0024198591999189853,3285.678617664048,98717.30484950435,88701.04029792015,483.8455856385094,-64.17455753093759,150,143,0.0057288500012597065,34.911020528731314,90.39250172116182,0.19774234743330266,0.038898978783909445
2023-04-15,False,174571.5546875718,175267.30004338291,-690.48463544039,4.83088581442289,0.4298345562907091,-695.7453558111037,-0.003939609015883044,-0.003969624428737647,4830.88581442289,94550.05162385429,84997.10954877325,-614.6466629680243,-75.83797247236578,150,143,0.0054344615662100665,36.802173971298835,90.39250172116182,0.1966621691105622,0.03766317706388004
2023-04-16,False,173658.22803035445,174571.5546875718,-899.1110145214545,3.7030694741763543,10.512573221707985,-913.3266572173388,-0.00515038670607351,-0.0052318183157153315,3703.0694741763546,91646.55428591327,82548.58106370983,-769.5410342869908,-129.56998023446351,150,143,0.005234230929150924,38.21000691546546,90.39250172116184,0.19379786566521615,0.037301934132590635
2023-04-17,False,173167.76303230796,173658.22803035445,-469.76311259126135,3.8283184044554393,16.873567050761835,-490.4649980464786,-0.0027051013817159845,-0.0028243118889866143,3828.318404455439,88995.43611577753,80420.71593259055,-590.3786726715621,120.61556008030092,150,143,0.004988911318195678,40.08890662589154,90.39250172116182,0.19241704928805858,0.036088798512443745
2023-04-18,False,174422.2006548844,173167.76303230796,1283.380135454012,2.54026884829715,26.40224402928755,1254.4376225764272,0.007411195438348252,0.007244059752289959,2540.2688482971503,87073.90698519176,78805.13028779053,1353.3933824683045,-70.01324701429267,150,143,0.004865990557122952,41.10160051733666,90.39250172116182,0.1908608780638775,0.03647493113094394
2023-04-19,False,172575.37880950043,174422.2006548844,-1793.1597659027789,4.359168792484856,49.30291068869282,-1846.8218453839565,-0.010280570702411698,-0.010588226948461217,4359.168792484856,86334.17804296972,78158.24896265185,-2123.2669321355907,330.1071662328122,150,143,0.00472315287551985,42.34459592375298,90.39250172116184,0.19010535807522666,0.037000557530881745
2023-04-20,False,170658.98885942265,172575.37880950043,-1883.272028996931,3.0205705673714576,30.097350513488408,-1916.389950077791,-0.010912750370235638,-0.011104654460548645,3020.5705673714574,85202.6552980796,77275.70873527441,-1977.43804077709,94.16601178015905,150,143,0.004915338250581837,40.68895970207659,90.39250172116184,0.18973907431097983,0.036719642596101845
2023-04-21,False,170202.34790856455,170658.98885942265,-327.45923638678426,46.540205916648524,82.64150855467963,-456.64095085811243,-0.00191879278422611,-0.002675750945848287,46540.20591664853,99162.99970299026,73610.47074724399,-935.8654556422634,608.4062192554793,151,144,0.0064884120525048996,30.8241829251255,85.21010799193147,0.1928329501095785,0.04592025546809393
2023-04-22,False,171915.21112842238,170202.34790856455,1833.2959900478547,5.94423986551835,114.48853032452358,1712.863219857813,0.010771273208479655,0.010063687375088332,5944.23986551835,103206.01665479709,74556.98665968396,2376.4799844934682,-543.1839944456132,151,144,0.006865326662669844,29.131898571920594,85.21010799193144,0.19594047555743066,0.04673603716570375
2023-04-23,False,170699.4105857657,171915.21112842238,-1197.7756895027105,5.573778286450857,12.451074867527254,-1215.8005426566885,-0.0069672467121478865,-0.007072094055414755,5573.778286450857,106954.32600459417,76063.49415622835,-1277.0077977688204,79.23210826610982,151,144,0.007106831464019818,28.141936531427824,85.21010799193144,0.19883263474768054,0.04847717203245419
2023-04-24,False,170352.58359343576,170699.4105857657,-335.701044842083,4.3379214447215455,6.7880260431439154,-346.82699232994844,-0.0019666209958786843,-0.0020317995893470863,4337.921444721545,108541.45562575867,75637.29499243785,-257.4362832040962,-78.26476163798671,151,144,0.00736580369590014,27.152502056404444,85.21010799193147,0.19946971358410073,0.050720129480570024
2023-04-25,False,172030.56192773365,170352.58359343576,1679.618255157754,10.138315536977943,-8.498394677123464,1677.9783342978997,0.009859658243671481,0.009850031616207068,10138.315536977943,113590.93762468014,65163.278410617815,1634.7458877153817,44.872367442371996,151,144,0.007221349500525388,27.6956543905608,85.21010799193147,0.20098419196771622,0.05044997549360492
2023-04-26,False,173882.28704888825,172030.56192773365,1855.951882407105,2.2698456764570816,1.95691557606051,1851.7251211545872,0.010788500959421098,0.010763931131797716,2269.8456764570815,115062.80697968454,64607.030586043016,1169.1057933808197,686.8460890262849,151,144,0.007319831063488099,27.323034953308685,85.21010799193147,0.20058839550627164,0.05063992185659617
2023-04-27,False,175176.55754966987,173882.28704888825,1273.982393632143,2.6271329511904673,-22.915240100664878,1294.2705007816173,0.007326694485413305,0.007443371735832552,2627.1329511904673,116649.78075920412,64302.79688724697,1765.3658331877446,-491.38343955560117,151,144,0.00738086120392943,27.097108924568833,85.21010799193145,0.2010569904924166,0.053713126776263116
2023-04-28,False,174896.25754813425,175176.55754966987,-232.35592605252896,39.779448112029456,8.164627371072296,-280.3000015356307,-0.0013264099335132005,-0.0016000999531923896,39779.44811202945,118484.06539045551,73930.31892848728,-776.6478169727355,544.2918909202065,151,144,0.006521988915962582,30.665492164591015,85.73556669636773,0.20510965494758793,0.04885024002439091
2023-04-29,False,174295.54396039544,174896.25754813425,-598.7290138473909,1.8007863314515118,0.18378755997476048,-600.7135877388172,-0.0034233380533177566,-0.003434685202303378,1800.7863314515116,118914.56268745003,73806.01036723255,-261.42553249943467,-337.3034813479562,151,144,0.006602339441059572,30.292292873676175,85.73556669636771,0.203536108557215,0.04952546978013958
2023-04-30,False,174581.4933962873,174295.54396039544,298.9907008169206,1.0754968173473747,11.965768107730838,285.9494358918424,0.0017154236650184194,0.0016406009551042664,1075.4968173473746,119795.38928387947,73950.46545347598,-215.98014778807138,514.970848604992,151,144,0.006658376157787623,30.03735374218539,85.73556669636773,0.20477190168601347,0.04948221867572966
2023-05-01,False,172446.03952386323,174581.4933962873,-2113.1684190985725,2.135580829040857,20.149872496439244,-2135.453872424053,-0.012104194883370794,-0.01223184560334083,2135.5808290408568,121189.17931980238,74597.9466663838,-2442.591612189874,329.4231930913013,151,144,0.006762059047998664,29.576789936371984,85.73556669636771,0.20439178746218184,0.05195537010490337
2023-05-02,False,172812.89921593777,172446.03952386323,368.9229419316026,2.387772806063436,-0.32452294898546796,366.8596920745247,0.002139352941651935,0.002127388330213048,2387.772806063436,120639.90904992627,72985.80177758404,771.2001819511543,-402.27724001955175,151,144,0.006921175111206303,28.896827025250875,85.73556669636773,0.2054908737293968,0.055531775141627854
2023-05-03,False,171995.44835062005,172812.89921593777,-786.893375670029,25.9257291196245,4.631760528056965,-817.4508653177104,-0.004553441202828089,-0.004730265327568328,25925.7291196245,115648.51499659922,72396.44174891467,-671.9282378572707,-114.96513781275843,151,144,0.00585345361395436,34.16786280209163,85.73556669636773,0.20984841078992025,0.048811327759674936
2023-05-04,False,172290.7811355639,171995.44835062005,291.3182399424737,0.683866781287371,-4.698411782674692,295.33278494386104,0.0016937555193240292,0.0017170965149136538,683.8667812873709,115399.49378533033,71456.65348663801,-143.27843492233052,434.5966748648042,151,144,0.005943021955485986,33.65291286117168,85.73556669636771,0.20931556082074576,0.04987189017659513
2023-05-05,False,172149.19012740493,172290.7811355639,-124.87785418485475,16.218782583033157,0.4943713911087624,-141.59100815899666,-0.0007248086830983537,-0.0008218141866080943,16218.782583033157,106829.1695061918,72485.98998010412,450.67645376851675,-575.5543079533714,151,144,0.005402422021824819,37.02043253785723,86.52891478364249,0.21171136380315458,0.04672589922236234
2023-05-06,False,171834.52385206043,172149.19012740493,-294.6182212001106,8.69304575495041,11.355008389428633,-314.66627534448963,-0.0017114121825497306,-0.0018278696235027887,8693.04575495041,100121.94600031353,78086.16433373139,-845.392811507517,550.7745903074061,150,143,0.0048829159235533395,40.95913243872901,90.78386775160183,0.2131068412054593,0.045744950391693774
2023-05-07,False,171682.8376990108,171834.52385206043,-154.41892390878218,8.498723230253804,-11.23149408938724,-151.68615304964874,-0.0008986490051424586,-0.0008827455021800027,8498.723230253803,106804.2562354748,71739.26028073704,-536.1589983255369,381.74007441675485,151,144,0.005589243792087044,35.78301599281632,86.5289147836425,0.2118066315690032,0.0485343472955895
2023-05-08,False,170293.05978399355,171682.8376990108,-1388.6054228235594,1.839870462134308,-0.6673782684505163,-1389.7779150172432,-0.008088201717972653,-0.008095031126254799,1839.8704621343081,107719.55307725414,71823.23989067411,-3454.0637463358385,2065.458323512279,151,144,0.005678367250523641,35.22139220240759,86.5289147836425,0.21190305236749518,0.05201261391501696
2023-05-09,False,170191.55555415034,170293.05978399355,-96.17879161057067,6.831643827998338,-1.506205595357276,-101.50422984321173,-0.0005647839772951854,-0.0005960561749959964,6831.643827998338,108950.38774857682,72263.04165741104,-92.22958926214261,-3.9492023484282868,151,144,0.0059047418422065005,33.87108282540316,86.5289147836425,0.21410582350213958,0.05742506604850894
2023-05-10,False,172195.18475637314,170191.55555415034,1993.7270320561404,4.4348278921905555,-14.33699805884846,2003.6292022227983,0.01171460608350683,0.011772788583422388,4434.827892190556,112135.5165347007,73321.10796386475,2451.873689572467,-458.14665751632697,151,144,0.006151657775003483,32.511561487161366,86.5289147836425,0.2170720721046513,0.0630990454837316
2023-05-11,False,170086.672738373,172195.18475637314,-2113.368521599673,5.000997504374453,-9.857501103906719,-2108.512018000141,-0.012273098836008274,-0.012244895355136244,5000.9975043744535,115084.73812053315,74188.33389065236,-3005.8760488711214,892.5075272714485,151,144,0.006304571422632202,31.723012809726985,86.52891478364248,0.21860582361595388,0.06704913502969773
2023-05-12,False,169095.6398972164,170086.672738373,-952.2034711996607,35.63511115280208,3.194258804110671,-991.0328411565735,-0.005598342632431515,-0.005826634298861136,35635.111152802085,122871.02336683677,40334.16492038132,-303.17363004254037,-649.0298411571201,151,144,0.006375553705193508,31.369824371031584,84.2646395463562,0.1975081078402423,0.07499601371351702
2023-05-13,False,168987.93254993056,169095.6398972164,-119.11333335385561,4.651478607961719,-16.057464675978654,-107.70734728583868,-0.0007044139838629655,-0.0006369611147354706,4651.478607961719,122930.24486422345,36666.90461737991,-91.40921786072971,-27.704115493125812,151,144,0.006255723176212965,31.970724145929083,84.2646395463562,0.1956587512818491,0.07632980467589953
2023-05-14,False,168703.0064184262,168987.93254993056,-317.42407947475573,3.462913026485392,-35.960860996897125,-284.926131504344,-0.001878383116977699,-0.001686073835006872,3462.913026485392,122010.37159871799,33790.478525486185,320.4471058880079,-637.8711853627636,151,144,0.006152859227539104,32.50521304060323,84.2646395463562,0.19279801991686113,0.07775492569010692
2023-05-15,False,169456.8968216398,168703.0064184262,877.7434819485524,3.446285450840237,120.40679328412709,753.890403213585,0.0052028917598037705,0.004468743143460917,3446.285450840237,121349.38024547038,30883.919358856394,806.0259747485002,71.71750720005218,151,144,0.006058638366812303,33.01071757237562,84.2646395463562,0.19095724893873528,0.07990162326443903
2023-05-16,False,168586.55769847485,169456.8968216398,-862.6016378845766,3.2650066060384457,4.472478674321747,-870.3391231649368,-0.005090389674682286,-0.00513605016667456,3265.006606038446,120339.4964236628,28662.69920297218,-482.9456494272788,-379.65598845729767,151,144,0.005999301237540936,33.33721579914836,84.2646395463562,0.18861806837803707,0.0800816198870362
2023-05-17,False,169349.51658802154,168586.55769847485,764.8295604055851,2.0308707057084763,-0.16019984680038934,762.958889546677,0.004536717344769086,0.004525621140632491,2030.8707057084762,119740.15751017921,26710.99401152543,1073.8304081655178,-309.0008477599328,151,144,0.005939955663640819,33.67028498616985,84.2646395463562,0.187070121112424,0.08277356240708107
2023-05-18,False,168698.50795006656,169349.51658802154,-658.3424688806247,2.2400326977633647,-9.573863623410421,-651.0086379549776,-0.0038874776978677877,-0.0038441718114772872,2240.0326977633645,120524.65114695209,26031.931361949,-1718.4040530415693,1060.061584160945,151,144,0.005929504147869571,33.72963320581513,84.26463954635618,0.1867708013282652,0.08194597124941241
2023-05-19,False,167867.58828410768,168698.50795006656,-759.6589059739911,46.39833995546318,24.86242002942662,-830.9196659588808,-0.004503056459745597,-0.0049254713397040035,46398.339955463176,115280.74041524921,47827.8364830433,270.0337411043104,-1029.6926470783014,151,144,0.00678991944057528,29.455430473127215,85.24881283965559,0.18839478329008444,0.09604513456702386
2023-05-20,False,167792.59322338837,167867.58828410768,-4.548503156295993,32.966964306787936,37.479593256229144,-74.99506071931307,-2.709577949376311e-05,-0.00044675128466364574,32966.96430678794,127481.14816639133,71438.24539218776,169.75292604261497,-174.30142919891094,150,143,0.007432015097156876,26.910601954577594,88.9370570813692,0.19539844461109,0.10939612831049135
2023-05-21,False,167570.11595452245,167792.59322338837,-179.3057656012893,8.801787313775145,34.36971595085267,-222.47726886591713,-0.001068615498197665,-0.0013259063740061819,8801.787313775147,130164.71580326151,78294.80941267598,-902.4361624706853,723.1303968693962,149,142,0.007680045613339567,26.04151199995707,88.31384457324718,0.1974988137410676,0.11351714591306966
2023-05-22,False,167447.2983104698,167570.11595452245,-29.50987293943905,91.14965124568383,2.158119867517764,-122.81764405264065,-0.00017610462803193294,-0.0007329328583025665,91149.65124568382,59169.002122987935,-3678.4681406019845,418.95363541592286,-448.4635083553618,148,141,0.008180443324484735,24.448552733246583,96.23811262871826,0.19364982442537076,0.12251858932214255
2023-05-23,False,167667.3477003719,167447.2983104698,236.94859873977316,6.814505999556571,10.084702838113191,220.0493899021034,0.0014150637312788327,0.0013141411782834635,6814.505999556572,55630.0290852183,-2141.558957314468,728.8055487592877,-491.85695001951456,148,141,0.008457694566621711,23.647106007977627,96.23811262871824,0.1948036493626819,0.12870806208476024
2023-05-24,False,167946.78282466976,167667.3477003719,271.2954983423281,8.378607085698881,-16.518233041241675,279.43512429787086,0.001618058030160671,0.0016666043098459,8378.60708569888,59078.21676770125,1512.440275369645,-815.6365234257712,1086.9320217680993,148,141,0.00872071969773577,22.933886987782397,96.23811262871826,0.19899627352557545,0.132648945220902
2023-05-25,False,167554.27129959103,167946.78282466976,-416.2311359256203,8.537350266854837,-32.256961113732814,-392.51152507874235,-0.0024783513499043934,-0.002337118451911698,8537.350266854837,61978.604318124286,2782.615429751335,-512.1104404984374,95.8793045728172,148,141,0.008818442718968818,22.67974135272117,96.23811262871823,0.19926619937517717,0.13361995656552464
2023-05-26,False,166895.22212555562,167554.27129959103,-685.9834518885572,71.65823946356922,-98.59251731673635,-659.04917403539,-0.004094097074147411,-0.003933347499431957,71658.23946356922,109405.59192507993,-18027.734929630245,92.66430824730003,-778.6477601358573,151,144,0.008706381723997963,22.97165531448352,98.72228382035124,0.19627472616440853,0.09213190586183924
2023-05-27,False,165630.33030103694,166895.22212555562,-1332.5229345726689,5.8265179337839,-73.45762798776026,-1264.8918245186924,-0.007984188628061557,-0.00757895767421737,5826.5179337839,110909.54652729658,-17110.154643864455,-1030.5317722185123,-301.99116235415687,151,144,0.008673727500994847,23.05813734372687,98.72228382035125,0.1972195040986182,0.09335312707330307
2023-05-28,False,165283.00559644445,165630.33030103694,-437.20256791706686,6.138085326281104,-96.01594865086474,-347.3247045924832,-0.0026396286665759895,-0.002096987332943263,6138.085326281103,112256.12016551374,-15345.8965712332,841.9088254654748,-1279.111393382542,151,144,0.00864593337097971,23.132262465878462,98.72228382035124,0.19908895685193048,0.0931693550366543
2023-05-29,False,165491.57095674984,165283.00559644445,191.3767726173453,5.219207925293244,-22.407795613336745,208.56536030538882,0.001157873260634015,0.001261868148832087,5219.2079252932435,115933.37089401594,-11273.100559920109,-866.9285109490352,1058.3052835663805,151,144,0.00857630288309416,23.32007191516585,98.72228382035124,0.202268637402085,0.08995263814121551
2023-05-30,False,165895.38063662333,165491.57095674984,398.7077244267822,4.161204891789032,-9.263160338487411,403.80967987348055,0.002409232821476943,0.0024400619169843616,4161.2048917890315,117992.82942434761,-8369.672086449431,292.64197040444196,106.06575402234013,151,144,0.008483869690346106,23.57414803619418,98.72228382035124,0.20341402702855216,0.08818572054425114
2023-05-31,False,165592.9744851502,165895.38063662333,-321.7747517596633,2.6178392497721545,-21.98643953628217,-302.4061514731533,-0.0019396245424366432,-0.0018228726460777268,2617.8392497721547,120159.66360279829,-5409.6431027790495,-1810.5033665728122,1488.7286148131489,150,143,0.008444089154014421,23.685207054560482,98.03705988667788,0.2061033714287888,0.08642686018829447
2023-06-01,False,163673.5618065484,165592.9744851502,-1952.5303108905478,3.7627380449732963,-36.880370333712825,-1919.4126786018082,-0.011791142208546075,-0.01159114802164469,3762.738044973296,120372.4698465841,-3364.7308835241965,-1307.7781836857353,-644.752127204812,150,143,0.008418850977242268,23.756210977084343,98.03705988667788,0.2059999222551452,0.08846387669575
2023-06-02,False,163764.43117494686,163673.5618065484,-129.10406647922014,67.9560225387848,-287.9294574164778,90.86936839847289,-0.000788789985714448,0.0005551866006672148,67956.02253878479,77155.59354118562,33580.604275094156,221.51351324532493,-350.6175797245452,151,144,0.006334554953771817,31.57285736086526,97.42460063846937,0.21942051047300878,0.05636138914822351
2023-06-03,False,160917.47498137286,163764.43117494686,-3068.564908659664,2.8704068885481835,-224.479121974214,-2846.956193573998,-0.018737676347933982,-0.017384459941320478,2870.4068885481834,77006.37192517484,33790.025044511225,-3033.4720562436496,-35.09285241601444,149,142,0.006234697518401504,32.07854100535056,96.07793542488233,0.21697461646361466,0.05251029255512331
2023-06-04,False,160521.05528944015,160917.47498137286,-386.4592747335339,3.9894367618056537,5.970980437362721,-396.4196919327023,-0.002401599172360049,-0.0024634968450666416,3989.436761805654,76079.50351697847,33539.21753326502,-158.2919817814091,-228.16729295212457,149,142,0.0061641731445476215,32.44555195158745,96.07793542488231,0.21512360132773178,0.05139373534345942
2023-06-05,False,158824.94998337887,160521.05528944015,-1693.7058244564416,2.1717370408209207,0.2277445640085407,-1696.1053060612712,-0.01055130008585149,-0.01056624816603015,2171.737040820921,76413.541096674,33913.5138257601,-4017.836849812461,2324.131025356019,149,142,0.006120397890413669,32.677614034417346,96.07793542488231,0.2147888922205888,0.05155286095608468
2023-06-06,False,160288.32462523217,158824.94998337887,1444.8655240205094,5.585563235981417,-24.094681068761773,1463.3746418532896,0.009097220078908985,0.00921375792661312,5585.563235981417,74343.90251731712,34173.997799296856,2158.5111988009867,-713.6456747804774,149,142,0.006464000621285708,30.94059108555894,96.07793542488233,0.2187091919701648,0.05761383202613474
2023-06-07,False,158015.65600430383,160288.32462523217,-2274.3678756852164,1.7218291298779822,-3.4210838867651265,-2272.6686209283293,-0.014189229820717655,-0.014178628582225333,1721.8291298779823,75924.35387482445,34405.73595660314,-3746.5171296691797,1472.1492539839633,150,143,0.006515104659366576,30.69789519228457,96.74690398816782,0.22004380650846533,0.058774654738400135
2023-06-08,False,157914.72362107466,158015.65600430383,-98.94486169274975,6.391008047250453,-4.403486510828263,-100.93238322917195,-0.0006261712553979767,-0.000638749259291262,6391.008047250452,74562.93903068964,33745.493459885285,73.36165509258126,-172.306516785331,150,143,0.0069860239240957245,28.62858790250824,96.74690398816782,0.22295534541648138,0.06867345505417176
2023-06-09,False,159166.52587105572,157914.72362107466,1267.4507483926698,73.12597949199768,-57.477481080390945,1251.8022499810631,0.008026172096745011,0.007927077483824964,73125.97949199768,95250.658791283,-22132.774431487815,846.7456312547445,420.70511713792536,152,146,0.008153705547321094,24.528724864943175,98.98543995018285,0.1964276605351805,0.09296810354395059
2023-06-10,False,163349.67867750276,159166.52587105572,4180.080040771353,3.76421016151657,-6.8369758372063085,4183.152806447043,0.02626230620977257,0.026281611560937796,3764.21016151657,95191.94909007633,-24364.109539097255,-6073.0060813392065,10253.08612211056,152,146,0.008149959842566447,24.53999821636169,98.98543995018285,0.19431629360726455,0.09720044951175741
2023-06-11,False,167652.2462926008,163349.67867750276,4278.273752288172,7.614433874414105,-31.90829668428066,4302.567615098038,0.02619089175396948,0.0263396148062984,7614.433874414105,81809.48787514165,-25865.126111628615,2791.2307429253915,1487.0430093627797,153,146,0.007934158331716724,25.207462674459354,98.98543995018285,0.1805956403637281,0.09411260227475302
2023-06-12,False,172082.3933908232,167652.2462926008,4379.264956522876,10.807816228098337,-61.68995792765041,4430.147098222428,0.026121123058976584,0.026424621179787614,10807.816228098338,77556.52306643385,-31642.318756703393,4391.954906386009,-12.689949863132355,152,145,0.007401133524720225,27.02288768767489,98.30011262531647,0.17331345233694864,0.08993917061510913
2023-06-13,False,168230.70828026495,172082.3933908232,-3851.137703708841,9.21884175181741,-8.671434902403028,-3851.685110558255,-0.022379614949696612,-0.022382796023824116,9218.84175181741,76756.08935664827,-35831.538750685264,-1503.7637799998595,-2347.3739237089812,153,146,0.00694750198672807,28.787325341117338,98.98543995018285,0.17122246579167225,0.08549382114377559
2023-06-14,False,170409.85811971698,168230.70828026495,2239.5890469800515,8.26573952414096,52.17346800388869,2179.149839452022,0.01331260546825372,0.012953341644509125,8265.73952414096,73033.57119953717,-36450.512611592116,-209.43897589406907,2449.0280228741203,153,146,0.006607225052075692,30.26989370328305,98.98543995018287,0.17018440796666023,0.08088344252478466
2023-06-15,False,169535.10786385855,170409.85811971698,-918.533980139242,3.1684529294030064,-46.95217721019332,-874.7502558584516,-0.005390145794816342,-0.0051332139203115745,3168.4529294030062,72095.85875661412,-37267.866698565005,-238.46651280328288,-680.067467335959,153,146,0.006303597093259501,31.727916147093538,98.98543995018285,0.16722506510491983,0.07834104471387227
2023-06-16,False,168045.61983222264,169535.10786385855,-1475.5513933342313,62.558686580318145,-48.62204827863785,-1489.4880316359117,-0.008703515230126496,-0.008785720258201696,62558.68658031814,81340.53526861985,-2051.0355380101264,-957.7802302486537,-517.771163085578,154,147,0.008514366112536902,23.489711078492597,101.26860749191874,0.20421184845405058,0.12009080821884247
2023-06-17,False,166286.86471157699,168045.61983222264,-1781.4456996089082,5.19073306975663,-27.881312033008815,-1758.755120645656,-0.010600964793890551,-0.010465938489807728,5190.73306975663,83482.95183419542,-4558.097292693155,-846.0340583315203,-935.4116412773875,153,146,0.00844092978723515,23.69407222204967,100.57249007854826,0.20176852556693564,0.11731254539072371
2023-06-18,False,163572.7809562359,166286.86471157699,-2728.366957151914,3.801466237194564,-18.08466804800488,-2714.083755341104,-0.016407591555016934,-0.016321696605734053,3801.466237194564,84097.87191382534,-6050.265763464102,-2532.3910680589142,-195.97588909300003,153,146,0.008347616259454033,23.958935555224095,100.57249007854824,0.19899385719170662,0.11465285755687978
2023-06-19,False,161917.21265814107,163572.7809562359,-1673.8508668169732,3.621772911620239,-21.904341633774074,-1655.5682980948193,-0.010233064798628167,-0.010121294560234742,3621.772911620239,83505.13920000894,-8634.70007651077,-619.8128555999313,-1054.038011217042,153,146,0.00826282537817245,24.204795677799435,100.57249007854824,0.19449652265782094,0.1182357404887589
2023-06-20,False,161205.24676740472,161917.21265814107,-741.195281761513,3.2494102069617092,-32.478801232112836,-711.9658907363619,-0.004577618831213534,-0.004397098239577216,3249.4102069617093,82591.63901513536,-9139.44846310093,961.8320284111131,-1703.0273101726261,152,145,0.008327451060969316,24.01695291100516,99.89747684706407,0.19322739242589548,0.11688142745213985
2023-06-21,False,159207.99865107212,161205.24676740472,-1999.2877715259272,2.9171451467224414,-4.956800340060371,-1997.2481163325892,-0.012402125933348827,-0.012389473397316417,2917.1451467224415,83207.78785658702,-9027.477274989049,1016.4292858111137,-3015.7170573370413,152,145,0.008422361986037902,23.746307785339585,99.8974768470641,0.19439286698729025,0.1153939784786497
2023-06-22,False,161062.92898660057,159207.99865107212,1838.1608456504644,3.8339934203298602,-20.603483298329305,1854.930335528464,0.011545656381744146,0.01165098708133263,3833.99342032986,84035.90732718172,-7976.353567388234,482.3870622008484,1355.7737834496156,152,145,0.008627536611819909,23.18158809387094,99.89747684706408,0.19770696107864816,0.1118276842026717
2023-06-23,False,161237.61684259426,161062.92898660057,122.7795274434884,0.7815552252006681,-52.689883775390115,174.68785599367786,0.0007623078023975517,0.0010845938112066173,781.555225200668,83891.56254777136,-6623.44062236153,1687.7250846975921,-1564.9455572541035,157,151,0.008222462079260077,24.323614760653005,103.52734083130638,0.19672459019357982,0.10787176493710511
2023-06-24,False,159560.29680921172,161237.61684259426,-1679.3686846777355,4.4356330899599135,-6.484284385143855,-1677.3200333825516,-0.010415489372540115,-0.010402783582568138,4435.633089959913,85344.289776751,-3997.0462572070537,213.3541833340484,-1892.722868011784,157,151,0.00836457740255783,23.910353192361082,103.52734083130638,0.20197755868011003,0.10370036022668387
2023-06-25,False,160733.79056607114,159560.29680921172,1188.2267980656152,6.747971728897083,7.985069477309727,1173.4937568594084,0.007446882600665961,0.007354547342454307,6747.971728897082,83673.4268108401,152.25449165977625,1739.234080377998,-551.0072823123828,157,151,0.008543053294071219,23.410833704946885,103.52734083130638,0.20774769748988417,0.10505310277803297
2023-06-26,False,161617.99068061268,160733.79056607114,887.1352672295327,5.837571331695815,-2.9024186436943706,884.2001145415312,0.005519282934255616,0.005501021978188665,5837.571331695815,81894.42093676858,5032.573791576515,-794.776969196371,1681.912236425904,157,151,0.00855609848696219,23.375140001574394,103.52734083130639,0.21352744654824807,0.10126163124606448
2023-06-27,False,161683.36416778338,161617.99068061268,73.05828679206587,3.7458637690378893,3.9389358523330533,65.37348717069491,0.0004520430336028783,0.00040449387407547424,3745.863769037889,79427.34953189542,7205.402886749584,396.0332724653213,-322.97498567325545,157,151,0.00851247017388326,23.494942820899546,103.52734083130638,0.21544235147352184,0.10108668531137092
2023-06-28,False,163123.32084168305,161683.36416778338,1448.8289320786776,1.7221102520587455,7.150147926947632,1439.9566738996712,0.008960902932321392,0.008906028652430733,1722.1102520587456,78656.80053528937,8372.767249830482,-1175.7152639945114,2624.544196073189,158,151,0.008431831891137385,23.71963798403263,103.52734083130638,0.21659568465399154,0.0949199528293397
2023-06-29,False,158864.81528169836,163123.32084168305,-4258.059313442179,2.9428759234540762,-2.496629380961669,-4258.505559984671,-0.026103314299092625,-0.026106049938240904,2942.875923454076,77799.41699867575,8911.497400668602,-3852.9611206338304,-405.09819280834824,158,151,0.008498216909499737,23.53434869100951,103.5273408313064,0.21692446483074412,0.09991274089881137
2023-06-30,False,154550.7996403103,158864.81528169836,-4290.395411593366,91.23265649819834,-67.61242670348646,-4314.015641388078,-0.02700658043120282,-0.027155261747155813,91232.65649819834,139106.5031406226,81529.15100527837,-3691.8109343287606,-598.5844772646051,161,154,0.006621900994209222,30.202807347149673,97.32735292036831,0.208985944027458,0.06950806817790509
2023-07-01,False,154647.51917094277,154550.7996403103,33.48559613586545,3.299175411697071,-66.53310990832546,96.71953063249384,0.0002166640108870175,0.0006258106128055725,3299.1754116970715,132714.10127186138,74501.08952083274,699.7953406499308,-666.3097445140654,161,154,0.0067123708898228435,29.795731386541203,97.32735292036834,0.20768341225392506,0.06448697882824353
2023-07-02,False,153660.7703226471,154647.51917094277,-1018.3542926129463,0.9449382253428715,-32.55038254261389,-986.7488482956753,-0.006585002449908606,-0.0063806316039570765,944.9382253428715,133135.26813168253,74184.93105232765,-765.5233965708471,-252.8308960420995,161,154,0.0067563571543651805,29.601750681694355,97.32735292036836,0.206249035970353,0.059285907419346535
2023-07-03,False,154115.86592121725,153660.7703226471,432.0601775650074,1.5021940037927928,-24.537615008939895,455.0955985701545,0.002811779328307381,0.0029616902063849724,1502.1940037927927,131286.84410518166,73963.92037110472,1071.6557433827707,-639.5955658177629,161,154,0.006818246084224305,29.33305684914327,97.32735292036836,0.20452059702696176,0.06050164882653009
2023-07-04,False,153570.8823550214,154115.86592121725,-558.6675552592397,1.1515986482096066,-14.835587711611598,-544.9835661958377,-0.0036249840463851136,-0.0035361937782215675,1151.5986482096064,131862.39451579872,74746.44058017938,-913.1916789166435,354.5241236574037,161,154,0.006858196671797789,29.162184984055372,97.32735292036836,0.20432071724255457,0.0551718552645151
2023-07-05,False,154210.96568977583,153570.8823550214,640.9314269023645,2.0903781452585135,-1.2422859973156628,640.0833347544216,0.004173521810082949,0.00416799932994259,2090.3781452585135,132364.45525018533,76278.15117017867,201.07738116763522,439.85404573472886,161,154,0.006934152281306116,28.84274701309675,97.32735292036834,0.20254427662881688,0.05728075972931398
2023-07-06,False,155251.0529260234,154210.96568977583,1028.581512386821,4.271195122843604,-15.77691898359804,1040.0872362475754,0.006669963499586696,0.006744573783033726,4271.195122843605,133378.56360337682,79560.20794735351,-235.2602499856688,1263.8417623724897,161,154,0.007040347008419207,28.40769066650121,97.32735292036834,0.2035268383453886,0.06050508133170161
2023-07-07,False,156089.7637711634,155251.0529260234,842.859700604881,24.88478767601738,-20.73593221111519,838.7108451399788,0.005429011170742274,0.005402287645286513,24884.78767601738,123627.09658214726,82276.80750222714,1139.0839786992544,-296.2242780943734,162,156,0.006232642146135296,32.08911972011982,97.08538998727775,0.2074035470235187,0.05282430558204848
2023-07-08,False,156723.3749298041,156089.7637711634,602.9062753262905,2.3241270873551496,-33.02901040177089,633.6111586407062,0.003862561264492564,0.004059274249204559,2324.12708735515,124594.4786761291,82498.21682091712,585.0617159195745,17.844559406716158,163,156,0.006251003759749207,31.994861575323082,97.08538998727775,0.20611164829889964,0.05323007089280878
2023-07-09,False,157055.53836557706,156723.3749298041,256.04272666944405,2.1012583601684347,-78.22196746368633,332.163435772962,0.0016337239214260463,0.0021194249799797696,2101.2583601684346,125170.52513104727,83147.22266570292,-49.84785089061816,305.8905775600622,163,156,0.00624172069609982,32.042446264052046,97.08538998727775,0.20672404194830482,0.05410686271466975
2023-07-10,False,157979.26806952772,157055.53836557706,885.9443881613773,1.6487102352026057,-39.434026024498145,923.7297039506728,0.005640962409737955,0.005881548104343279,1648.7102352026059,125296.36078843576,83693.20975985465,878.714993444975,7.229394716402268,162,155,0.006258494392652059,31.95656773853069,96.45655821988557,0.20671127241661694,0.0538194548063537
2023-07-11,False,158318.0005233597,157979.26806952772,292.5194578487193,1.1643189972453274,-47.37731498048035,338.73245383195433,0.0018516319351472089,0.0021441576351833454,1164.3189972453274,125606.05636647675,83924.03561172837,418.9474469865503,-126.42798913783092,162,155,0.006198821916946888,32.26419514540695,96.45655821988557,0.20747765917130376,0.05265694636796571
2023-07-12,False,157406.23217753015,158318.0005233597,-933.1080069343993,0.7289062617009032,-22.06856736655069,-911.7683458295495,-0.005893884484706589,-0.005759094624840331,728.9062617009033,126216.68192897897,84374.28902696124,-871.0739652839628,-62.03404165043637,162,155,0.006135613275861663,32.59657853385695,96.45655821988557,0.2067800334369663,0.05321356974223415
2023-07-13,False,151361.34252059704,157406.23217753015,-6090.662744690237,1.2995208209768723,-47.072608578110035,-6044.889656933104,-0.03869391103791177,-0.03840311513279469,1299.5208209768723,125552.46156699753,83803.08926857088,-3885.720188921645,-2204.9425557685927,162,155,0.006167088623923882,32.43021337882894,96.45655821988557,0.2057862601006719,0.053343263429429834
2023-07-14,False,150578.1091519865,151361.34252059704,-789.5591765441584,20.458804402611964,-26.784612336225038,-783.2333686105453,-0.005216385923880903,-0.0051745931660454455,20458.804402611964,117995.7507806739,74301.97565194534,-1527.5943430721372,738.0351665279788,164,158,0.006499133357717313,30.773333764956917,95.14664722211946,0.20212401047205175,0.053287447064369296
2023-07-15,False,150291.75664288786,150578.1091519865,-295.5898923015446,4.542491802046224,-13.779875004975901,-286.3525090986149,-0.0019630336306268132,-0.0019016875076415265,4542.491802046224,115532.78264953455,73375.40776883611,-281.1022248168721,-14.487667484672507,164,158,0.006367568219652498,31.409164864968616,95.14664722211944,0.20180401014062285,0.05090876164840837
2023-07-16,False,151091.9705237435,150291.75664288786,802.2870585237639,3.626238644731749,-1.5530609766278332,800.21388085566,0.005338197359886471,0.00532440300606153,3626.2386447317494,114221.46462858998,72176.77962196412,173.66867805162252,628.6183804721413,164,158,0.006251907456641107,31.990236801657936,95.14664722211943,0.20066856550662604,0.05103634016390785
2023-07-17,False,150063.12224366664,151091.9705237435,-973.2270949709914,63.469254973634285,-7.84806986776834,-1028.8482800768572,-0.006441289312710714,-0.006809417313908006,63469.25497363429,65681.7688612086,22010.921321749265,-322.9365345648415,-650.29056040615,163,157,0.006403794885477518,31.231481266453216,103.21932505838424,0.20362778020633626,0.05546068509885149
2023-07-18,False,150526.06789907484,150063.12224366664,540.943655203808,59.290418739301444,18.70758105631174,462.94565540819485,0.0036047740918348,0.003085006152654093,59290.41873930144,112342.41985156458,70801.26714323899,-127.47497735906191,668.41863256287,164,158,0.006166647190466484,32.432534864195915,95.14664722211944,0.20008769104016896,0.051651973892613945
2023-07-19,False,151946.95464409987,150526.06789907484,1433.8846543882994,0.3944502386837813,12.603459124594977,1420.8867450250207,0.009525822831894437,0.009439472942173052,394.4502386837813,111664.36238678543,71023.51229473967,1246.0290821868043,187.8555722014949,164,158,0.006200950407542331,32.2531203856648,95.14664722211943,0.19972684625276785,0.0503130587851447
2023-07-20,False,151896.68231435263,151946.95464409987,-44.87759961211951,1.1628774801905237,4.231852654936002,-50.27232974724603,-0.0002953504380343441,-0.00033085447395110476,1162.8774801905238,112031.44761716397,71384.76677984945,-13.861860111549163,-31.015739500570277,164,158,0.00621880744947571,32.16050691790778,95.14664722211944,0.20040888139824747,0.0494555733983349
2023-07-21,False,151501.00993261387,151896.68231435263,-335.83490065722697,59.605930196186236,0.2315508853310786,-395.6723817387443,-0.002210942961625793,-0.002604878366730183,59605.93019618624,64810.40404815749,24402.533510482383,-63.091389905203705,-272.74351075202327,163,157,0.006123450865021241,32.66132192591803,102.61337272163549,0.20047485557481518,0.050195306621652634
2023-07-22,False,150949.32134689012,151501.00993261387,-545.7946935149903,1.3888416343004046,4.505050574454351,-551.6885857237451,-0.0036025812221169634,-0.0036414845417144783,1388.8416343004046,64405.98921332708,24355.7347865161,-732.5231288297223,186.728435314732,163,157,0.006083559816209131,32.87548837230414,102.61337272163546,0.19985279307030995,0.05030028300480079
2023-07-23,False,150899.93437976055,150949.32134689012,-37.08897071646476,1.057146512059707,11.240849901048602,-49.386967129573065,-0.00024570478611978783,-0.00032717581429915146,1057.146512059707,63667.670696108326,24286.066679781587,333.46008878218294,-370.5490594986477,162,156,0.006111557779337001,32.724880827633534,101.95147985759208,0.19894200844692822,0.05009875202044727
2023-07-24,False,150272.08492187125,150899.93437976055,-617.8019482360075,2.3515355724938645,7.695974080798669,-627.8494578893001,-0.004094116745479978,-0.004160700668757285,2351.5355724938645,64383.7534218604,25048.58719606952,-1548.6522494096112,930.8503011736036,162,156,0.006011271865516367,33.27082928112087,101.95147985759206,0.19775122573869947,0.05094202153073733
2023-07-25,False,150260.80802300698,150272.08492187125,-4.615228410741253,2.114576530787185,4.547093922764212,-11.276898864292649,-3.071248005336973e-05,-7.504320493161242e-05,2114.576530787185,63463.7127354175,25173.52737492495,-111.54484846367278,106.92962005293158,162,156,0.0062131652650525004,32.189711921063804,101.95147985759206,0.2004451920589805,0.05090080462366696
2023-07-26,False,151086.86959770898,150260.80802300698,833.7105698164454,1.9426063610161945,5.706388753436153,826.0615747019931,0.005548423310014365,0.005497518518438367,1942.6063610161946,63800.119391845365,25175.99999687158,956.0295491687949,-122.31897935234954,162,156,0.0063962951068195426,31.268100777083575,101.95147985759206,0.20236219948901615,0.052513273793341614
2023-07-27,False,151165.87587481504,151086.86959770898,80.06848456194689,1.0821437863054861,-0.019936330429196403,79.0062771060706,0.0005299499868859618,0.0005229195450037216,1082.1437863054862,64624.5251699792,25487.334134298104,79.4892335707332,0.5792509912136321,162,156,0.006474011866981537,30.89274535007126,101.95147985759206,0.2031440541065848,0.05303846368423842
2023-07-28,False,151537.6734142493,151165.87587481504,377.4515824064294,2.374770405564619,3.27927256661909,371.79753943424566,0.0024969364297469376,0.002459533524233619,2374.770405564619,65103.268235255135,25864.366864448173,830.4962913324001,-453.0447089259709,165,159,0.006298351114339457,31.75434274292203,103.60009233189037,0.2036193167014047,0.05378142320798443
2023-07-29,False,152678.87747441194,151537.6734142493,1146.5503617003449,1.3691132377104294,3.9771882999865635,1141.2040601626477,0.007566107726664709,0.007530827380746488,1369.1132377104293,65288.81450453232,26061.654000895214,1147.1841688416714,-0.6338071413264572,165,159,0.006233346430407587,32.085494081374584,103.60009233189035,0.20263602545999523,0.053632778984093604
2023-07-30,False,152704.89962423284,152678.87747441194,28.693538981315214,1.5425593699365754,1.1288297904831985,26.02214982089544,0.0001879339136883822,0.00017043713086806387,1542.5593699365754,65430.08101623137,26343.3447652029,-352.541444990085,381.2349839714002,165,159,0.0061359572575027,32.594751170316805,103.60009233189035,0.20181613305932988,0.05404817094942707
2023-07-31,False,152220.79352839614,152704.89962423284,-490.707277844411,0.9929594523658576,-7.5941414600730575,-484.10609583670384,-0.003213435057106317,-0.00317020669950973,992.9594523658575,64692.452700966656,26397.86734824545,-694.5954396951033,203.88816185069214,164,158,0.006164668363641854,32.44294554100677,102.9405288627623,0.2012134954314478,0.05432620944400936
2023-08-01,False,153068.51936663626,152220.79352839614,851.0532723437302,1.159406792163646,2.168027311443493,847.7258382401232,0.005590913387171181,0.0055690541258542545,1159.406792163646,64348.234843056314,26379.952619906995,1095.5263797065602,-244.47310736283015,164,158,0.006160943256621972,32.46256160288992,102.9405288627623,0.20101222277720338,0.05529506143386272
2023-08-02,False,152176.85749909835,153068.51936663626,-886.8228542843449,1.1604929748345307,3.6785202787394953,-891.6618675379189,-0.005793633190899226,-0.005825246570799919,1160.4929748345307,64954.66631416495,26833.14801280183,-1493.8761340645387,607.0532797801939,164,158,0.006052617828359171,33.043553330413864,102.9405288627623,0.20225710262827595,0.054383102922054415
2023-08-03,False,152193.3276673495,152176.85749909835,19.188400710056243,0.9431390512166329,1.7750934076602087,16.470168251179402,0.0001260927648618972,0.00010823044004097001,943.1390512166329,63728.296259097806,26636.680465888334,-174.4421741731477,193.63057488320396,164,158,0.006017847675763593,33.2344736483584,102.9405288627623,0.19983636640449132,0.054293644603173506
2023-08-04,False,151982.2802541101,152193.3276673495,-211.0235569994071,1.6052960182783353,-1.5814397782840643,-211.04741323940135,-0.00138654933323124,-0.0013867060828099496,1605.2960182783354,64071.123276867016,26970.227391669647,-294.9324115916905,83.90885459228339,166,161,0.0059186557821525555,33.79145660119163,104.17005056823456,0.20157401300248903,0.05501781499978338
2023-08-05,False,151686.9526113857,151982.2802541101,-283.26351027938426,1.7082740413548068,10.355858403677523,-295.3276427244166,-0.0018637930014326382,-0.0019431715475688156,1708.2740413548067,65137.712564473855,27830.971946659534,191.72380815921713,-474.98731843860156,166,161,0.005875576085568658,34.03921540412549,104.17005056823457,0.20341789977221852,0.05625555438817731
2023-08-06,False,151055.11377938138,151686.9526113857,-617.2526640704561,1.3576082827162608,13.22855965115237,-631.8388320043248,-0.004069253508255428,-0.0041654131823919225,1357.6082827162609,65658.66477756278,28459.657014021326,-388.48275174018335,-228.76991233027283,165,160,0.005911085676373566,33.83473205258961,103.51404191260663,0.2053791273374436,0.05620152833717957
2023-08-07,False,150995.16642652205,151055.11377938138,-48.121384553905216,2.3083787463983056,9.517589559019651,-59.947352859323175,-0.00031856839103234423,-0.00039685748704196353,2308.3787463983053,66782.2194239104,29402.974265524794,181.97377600875546,-230.09516056266074,165,160,0.005853265539072776,34.1689606707442,103.51404191260663,0.20486327010552663,0.05720807992331613
2023-08-08,False,150202.5982365628,150995.16642652205,-781.8508720379422,2.555216587467896,8.162101333824017,-792.568189959234,-0.005177986094133748,-0.005248963981538556,2555.216587467896,67001.01786546064,29899.81451417141,-748.1437849493794,-33.70708708856259,165,160,0.005819862457731474,34.36507330758433,103.51404191260663,0.20481973596301611,0.05669653274216313
2023-08-09,False,150742.84777604658,150202.5982365628,546.2925219468184,1.9389193996691811,4.104063063363494,540.2495394837857,0.0036370377633976117,0.003596805553475948,1938.919399669181,66989.54317786024,29891.702050473177,525.6458199038445,20.64670204297379,165,160,0.005864254896921145,34.10492952907012,103.51404191260661,0.20520686053156656,0.0565691406764785
2023-08-10,False,150201.2648785573,150742.84777604658,-531.4143612746838,5.096584545440093,5.071951669154198,-541.582897489278,-0.0035253039803532678,-0.003592760157310342,5096.584545440093,70678.83775870161,30523.548218403826,-410.19412739048306,-121.22023388420071,165,160,0.005757641514938809,34.73644537977554,103.51404191260663,0.2101643582125538,0.06348002375394615
2023-08-11,False,150374.10115605162,150201.2648785573,215.92063227720251,27.047112032078637,16.037242750811718,172.83627749431216,0.001437542037024665,0.00115069788283112,27047.112032078636,72011.5941764387,34114.567083558555,482.79107985680633,-266.8704475796037,165,161,0.004914859666724512,40.69292178453778,103.55423439809569,0.205453712715769,0.05518538426640202
2023-08-12,False,150047.24056769742,150374.10115605162,-307.5516183561437,4.704496554481937,14.604473443564345,-326.86058835419,-0.0020452432698964576,-0.0021736494904464197,4704.496554481937,73470.10538920129,36233.469518988044,-363.72029207519705,56.16867371905344,165,160,0.004791297795302974,41.74234383762681,102.90783460981342,0.20470379806953032,0.05442290327720829
2023-08-13,False,150423.28449580452,150047.24056769742,399.92689286979464,2.5583830048939156,21.324581757804047,376.0439281070967,0.002665339871341106,0.0025061702346830927,2558.3830048939153,73495.83963085186,36796.90207585921,584.7878664736066,-184.86097360381194,164,159,0.004786048957990392,41.78812246918129,102.25398191725736,0.20423735488147374,0.05318222243462097
2023-08-14,False,149696.37382321674,150423.28449580452,-707.6901286407114,1.2463012147416463,17.97424273231939,-726.9106725877723,-0.0047046581319692546,-0.0048324345198568425,1246.3012147416462,73855.34940776156,37090.8542214042,-517.2582812467532,-190.43184739395818,164,159,0.004752036999187189,42.08721439547061,102.25398191725733,0.2039642389987421,0.0531666437620937
2023-08-15,False,148851.35333761908,149696.37382321674,-830.1140583040067,1.843922487562591,13.062504806091683,-845.020485597661,-0.005545318414221083,-0.005644896158911532,1843.922487562591,73390.45082506619,36858.51324253086,-2051.930453916164,1221.8163956121573,164,159,0.004738874070912128,42.20411789957196,102.25398191725738,0.20261936786730736,0.0529627051889689
2023-08-16,False,146832.5863586115,148851.35333761908,-2007.7075874485158,2.5547742695147115,8.504617289543976,-2018.7669790075745,-0.013488003584990648,-0.013562301811449995,2554.7742695147112,71877.66761589271,36720.628708367185,-3037.263401637632,1029.5558141891167,164,159,0.004934288845527951,40.53268997036203,102.25398191725736,0.20458738317602493,0.05425530168597371
2023-08-17,False,145049.26456783657,146832.5863586115,-1770.4278175429656,5.383349910903948,7.5106233210700495,-1783.3217907749395,-0.012057458507330398,-0.012145272619658861,5383.349910903948,70520.10501731894,35418.43668522261,-3487.2073946987734,1716.779577155808,165,159,0.005362930775224113,37.293041507074484,102.25398191725733,0.20946518005763454,0.060057044474085094
2023-08-18,False,145051.62915623627,145049.26456783657,25.407698857736804,38.026454214171125,-14.983343756141796,2.3645883997074755,0.0001751659957286729,1.6301967519467194e-05,38026.45421417113,70904.18293215439,28629.10332806567,468.4867530250312,-443.0790541672943,168,161,0.00791961355811209,25.253757463347345,103.16607109465001,0.22545455147272336,0.10386367025501514
2023-08-19,False,146141.75639032363,145051.62915623627,1093.4316416021652,11.901470784052021,-8.597063269254768,1090.127234087368,0.007538223789437216,0.0075154428835348215,11901.47078405202,70489.68419442853,22547.50756644761,1916.221108390423,-822.7894667882576,168,161,0.008998487178934835,22.225958210863876,103.16607109465002,0.22482618276456995,0.12660364751249242
2023-08-20,False,146423.8064813824,146141.75639032363,278.251784816185,8.408668612577268,-12.206974855158855,282.0500910587666,0.0019039854979778297,0.0019299760590357992,8408.668612577267,74103.34141821794,15327.578051620698,181.18293390603827,97.06885091014675,168,161,0.009514844265421278,21.019787021300743,103.16607109465002,0.21841903480324443,0.14010356097129098
2023-08-21,False,146339.51086258874,146423.8064813824,-80.75436763253856,9.388422343890543,-5.847171182759719,-84.29561879366938,-0.0005515111891508323,-0.0005756961304266288,9388.422343890543,77437.56823575894,7053.74096168578,-1073.6659780662762,992.9116104337377,168,161,0.00949840074434373,21.056176232519928,103.16607109465001,0.20510161274398941,0.14627653519758366
2023-08-22,False,145651.96849783818,146339.51086258874,-683.4052878425769,9.646606345861501,-5.509529437873164,-687.5423647505652,-0.004669998442760187,-0.00469826884549423,9646.6063458615,75921.17082803218,-2635.8293437633693,-715.3722788776714,31.966991035094384,168,161,0.009058096583348338,22.07969391358264,103.16607109465002,0.18980568939214434,0.14225285334138196
2023-08-23,False,143752.92896725598,145651.96849783818,-1906.6945177251584,8.813330246728484,-16.46831738968413,-1899.0395305822028,-0.013090756941973347,-0.013038200239706263,8813.330246728485,75057.4375171921,-9233.759463098635,-659.8551338785635,-1246.8393838465947,168,161,0.00842819107331538,23.729884415319315,103.16607109465002,0.17977659892708378,0.13477683939447838
2023-08-24,False,141699.7956866172,143752.92896725598,-2062.612131164502,6.515058868684711,-15.993909394412642,-2053.133280638774,-0.014348313776857538,-0.014282375290637984,6515.05886868471,74811.51917207109,-14537.2425057654,-2707.961911514461,645.3497803499595,167,160,0.007980859030354642,25.05995898929099,102.52097696398805,0.1742860441363323,0.12329448826714554
2023-08-25,False,140135.02174692714,141699.7956866172,-1564.6361859549506,51.115186355533204,-50.97743262042441,-1564.7739396900595,-0.011041908553032036,-0.011042880704999097,51115.18635553321,102017.65112219942,10481.06716681291,-1788.6681906903286,224.032004735378,170,164,0.00992767507447763,20.145703651619918,110.09437362282767,0.20560082161985244,0.17252381364400246
2023-08-26,False,140705.47796661584,140135.02174692714,523.5411536974277,7.42036118268077,-54.335427173942854,570.4562196886899,0.0037359765401321445,0.004070761274215157,7420.361182680769,102434.34486928026,2118.486862763297,17.621259733181574,505.9198939642462,169,163,0.009708523306789722,20.60045525771449,109.4146591631329,0.19170342363441828,0.16790216874942357
2023-08-27,False,141598.12689242678,140705.47796661584,867.4897540095367,8.306543105747414,-33.465714907155636,892.6489258109449,0.006165287709803023,0.006344095046695603,8306.543105747414,98786.933723622,-5489.513896673625,1274.8660856649522,-407.3763316554154,168,162,0.009195937211221188,21.748734838679997,108.75066927201169,0.17745024437446785,0.15691526844469614
2023-08-28,False,140669.22417430958,141598.12689242678,-936.3017491882559,7.370532708009322,-14.769563779077862,-928.9027181171874,-0.006612387958348996,-0.006560134222840972,7370.532708009322,95056.7537629503,-11939.749449205467,-854.810673711941,-81.49107547631498,168,162,0.00861218020940019,23.222923247901864,108.7506692720117,0.16992768603417324,0.1462997634475409
2023-08-29,False,141215.4132477149,140669.22417430958,524.8175282401777,1.996677080367203,-23.36822224550857,546.189073405319,0.0037308624634899003,0.003882790117108427,1996.677080367203,92790.14382294589,-14603.956019574183,2986.877802206521,-2462.060273966344,167,161,0.008256448394703965,24.223490590492695,108.08551695560668,0.16802489802474932,0.1374168224035874
2023-08-30,False,140955.8297626852,141215.4132477149,-266.8540174284771,12.166870670369848,-19.437403069154062,-259.5834850296929,-0.0018896946961474495,-0.0018382092935871036,12166.870670369848,98939.8708126919,-18235.524109492442,-1040.0988807176195,773.2448632891422,167,161,0.008034276675423637,24.89334237290929,108.08551695560666,0.16837338189528162,0.13167167272496824
2023-08-31,False,144878.57164622506,140955.8297626852,3908.7954757372254,2.8997054452829927,-16.846113247913387,3922.7418835398557,0.02773064074269306,0.02782958243120719,2899.7054452829925,96353.05004231591,-19655.641258145068,1291.5662635287288,2617.229212208497,166,160,0.007956892685184977,25.135440166534124,107.40710538284304,0.1665369570475754,0.13172047414368215
2023-09-01,False,145986.31118617806,144878.57164622506,1107.830603124294,6.355740313554797,-6.26467714226596,1107.739539953005,0.007646614613439692,0.00764598606519923,6355.740313554797,91553.67739759113,-22038.51883115619,-214.14653578835643,1321.9771389126504,170,164,0.007217679812207158,27.70973570505897,109.48632894000451,0.16245337971464616,0.12010512584026303
2023-09-02,False,143826.02251331817,145986.31118617806,-2152.524579896548,3.607686064495315,4.156406898852023,-2160.288672859895,-0.014744701488836224,-0.014797885194214227,3607.6860644953153,89770.3945668643,-23879.198729404183,108.56258757503792,-2261.0871674715854,170,164,0.00676062333620872,29.58307097643421,109.4863289400045,0.1628519850938766,0.11248512242100277
2023-09-03,False,144247.99110696453,143826.02251331817,421.5700070610153,4.867360013371708,-5.265946598716817,421.96859364636043,0.002931110794098323,0.002933882104730293,4867.360013371707,88194.8901155926,-24193.022722937385,116.3385388736729,305.23146818734233,169,163,0.006722518831927554,29.75075340066453,108.83943770648212,0.16496283507298473,0.1091792387283878
2023-09-04,False,143569.41313525854,144247.99110696453,-689.9018517000472,1.3569386685209748,-12.680818662590358,-678.5779717059779,-0.004782748421005481,-0.0047042455600147005,1356.9386685209747,87766.15009365289,-24647.425697042905,-293.67217078802946,-396.22968091201767,168,162,0.006653336131723371,30.060107597208575,108.16739528855172,0.16419486063754754,0.1074381128402464
2023-09-05,False,142336.07853632353,143569.41313525854,-1241.0519867645226,1.8251889230036629,-9.542576752528536,-1233.3345989349978,-0.00864426453840354,-0.008590510833759958,1825.1889230036627,87944.63158459101,-26327.455129015696,102.86614657386119,-1343.918133338384,168,162,0.006551924176705184,30.525383781314687,108.16739528855172,0.1652333259257076,0.10573489037509307
2023-09-06,False,141976.01133035106,142336.07853632353,-360.2768972735198,2.654799109925147,-2.864490410965918,-360.06720597247903,-0.0025311705997406605,-0.0025296973871637997,2654.7991099251467,88121.22453302113,-26704.107259212306,473.3192488812239,-833.5961461547436,168,162,0.00663532385077715,30.14170890492035,108.16739528855172,0.1668979283856115,0.10661380389030244
2023-09-07,False,141800.36083908752,141976.01133035106,-181.9788360026763,3.6372894899747568,-9.965634229119534,-175.65049126353153,-0.001281757631430047,-0.0012371842934425477,3637.2894899747566,88865.9953673268,-26092.437572404993,264.79733288640256,-446.7761688890789,167,161,0.006887926696903793,29.03631365442702,107.50315619884364,0.16438761416839323,0.11186705960292069
2023-09-08,False,140930.5360774731,141800.36083908752,-847.467842485263,37.99530403258153,-15.638384903435732,-869.8247616144088,-0.005976485796442748,-0.0061341505512914046,37995.30403258153,79283.55257219353,-35789.18811837021,-162.75401912929874,-684.7138233559642,170,164,0.0048673046398104184,41.090503841524495,108.72625622121956,0.1818778931993724,0.06274943125951642
2023-09-09,False,140815.33635419514,140930.5360774731,-125.80563378072577,2.2173172664221514,-12.82322776916903,-115.1997232779789,-0.0008926783171502818,-0.000817422018565591,2217.3172664221515,79592.7377899176,-35110.47684316817,-329.1413583379473,203.33572455722154,170,164,0.0050365144657650955,39.71000209757525,108.72625622121957,0.1813777157258453,0.06667412956854456
2023-09-10,False,142486.68410622873,140815.33635419514,1668.164670136346,2.9280697772878868,-6.111151674517192,1671.3477520335755,0.0118464700886016,0.01186907474218296,2928.069777287887,79331.13670543011,-34350.643501388506,-261.59316578922324,1929.7578359255695,170,164,0.005183447752299604,38.584357276731744,108.72625622121959,0.17866311717807903,0.07003867078290438
2023-09-11,False,144085.40229839348,142486.68410622873,1600.6714896352864,4.968863077148188,-3.0155656066304517,1598.7181921647687,0.011233832127372202,0.011220123495700618,4968.8630771481885,78871.6494460779,-33237.62032396794,-619.7884994837161,2220.459989119003,170,164,0.005307494750862795,37.682561997350575,108.72625622121956,0.17584699593649034,0.07544838120896409
2023-09-12,False,144436.77943084264,144085.40229839348,344.96018011277124,4.716675457884102,-11.13362779428076,351.3771324491679,0.002394136911929332,0.002438672668043664,4716.675457884102,77635.65119537667,-33581.10404247605,707.8106395803634,-362.85045946759226,170,164,0.0052456301679489675,38.12697304167741,108.72625622121956,0.17212825912561294,0.08161858898964867
2023-09-13,False,143732.3216238131,144436.77943084264,-711.4503700016961,3.06951710560303,-10.062080077756619,-704.4578070295426,-0.0049256870224134545,-0.0048772744020288954,3069.5171056030304,77579.65784275378,-32739.06923000094,575.9260241476209,-1287.376394149317,170,164,0.0052979744356714265,37.7502765308556,108.72625622121956,0.17194797898369069,0.08208488975841194
2023-09-14,False,142721.33687924445,143732.3216238131,-1025.3563404345673,2.9453404752470167,-17.31693634117009,-1010.9847445686444,-0.007133790986262686,-0.007033802370594616,2945.340475247017,81779.80187614489,-30805.379787301434,130.950924236888,-1156.3072646714554,170,164,0.005501951364422577,36.3507393564519,108.72625622121959,0.17262756176854105,0.08582383084882958
2023-09-15,False,145053.0400465093,142721.33687924445,2397.703471511983,71.67010725380388,-5.669803006679752,2331.7031672648586,0.016799894983751895,0.01633745323754707,71670.10725380387,95361.36071050947,14216.842844118764,3317.406946074447,-919.7034745624649,172,167,0.0077900916125072835,25.673639020995918,109.06646774421725,0.2018974930765284,0.14678592377050748
2023-09-16,False,142873.54052887208,145053.0400465093,-2172.828582452529,8.528603276598988,-1.8576680919219362,-2179.4995176372063,-0.014979545287405497,-0.015025534914251912,8528.603276598988,97629.40613282069,20250.458148960064,-2371.427834683652,198.59925223112288,170,165,0.007762177778224802,25.765964876643125,107.7559486235781,0.21279132291011665,0.14253606920840795
2023-09-17,False,141989.93724808612,142873.54052887208,-896.0168111546504,3.050944691188786,-15.464475059875472,-883.6032807859638,-0.0062713978238229644,-0.006184513084194229,3050.9446911887862,95075.66675672116,20424.083316962173,-2592.3704207416013,1696.3536095869508,170,165,0.007703635169229345,25.961769425278685,107.75594862357809,0.2148102264602012,0.13771590631273534
2023-09-18,False,141219.35430055688,141989.93724808612,-779.3674610433529,3.799178889326634,-12.583692403444017,-770.5829475292355,-0.0054888922141125744,-0.005427025058704449,3799.178889326634,92835.64714524779,19892.644846223884,-313.4489780401051,-465.9184830032477,169,164,0.007811043853891129,25.60477238907941,107.126957379654,0.21305343224559536,0.14091428797557154
2023-09-19,False,141949.76828484033,141219.35430055688,718.2573550228053,2.77449661349875,-14.9311258741454,730.413984283452,0.005086111309460738,0.005172194618089765,2774.4966134987503,92998.60567750732,18562.558164219015,1869.6595516357852,-1151.4021966129794,169,164,0.007837358624262655,25.518801625441274,107.126957379654,0.21193350523013763,0.1402061162113811
2023-09-20,False,143133.33863860142,141949.76828484033,1170.6316845429014,3.604310260878571,-16.54297947905777,1183.5703537610807,0.008246802363170326,0.008337951995709466,3604.3102608785707,94131.7505709565,20830.774894485796,1232.6205875533662,-61.988903010465066,168,163,0.007812265049373138,25.60076990936811,106.46367309601493,0.21634360059790625,0.13595456186281935
2023-09-21,False,142524.53123533935,143133.33863860142,-600.9073418984735,3.655275030997552,4.244786332589314,-608.8074032620605,-0.00419823465038924,-0.00425342837002666,3655.2750309975518,94320.48068839088,22951.54142190502,-359.6816835973285,-241.22565830114482,168,163,0.007648564445137526,26.14869776342767,106.46367309601492,0.21848336756235234,0.1309498485332491
2023-09-22,False,142328.61852346265,142524.53123533935,-177.78623274715736,20.254832415584126,-2.1283532860210905,-195.9127118767204,-0.001247407945889632,-0.001374589414037261,20254.832415584126,85241.1059534408,30596.731719171512,131.8128156115156,-309.59904835867275,171,165,0.0074463261274097855,26.858882699725413,106.89500208806268,0.21970457268853083,0.12643926879262773
2023-09-23,False,143162.86191703173,142328.61852346265,825.4296824715268,1.6480817585677465,-10.461792856106786,834.2433935690658,0.005799463881787457,0.005861388961851984,1648.0817585677464,85136.03568303873,30784.58298328149,717.0428478085169,108.38683466301002,170,164,0.007326686392341712,27.297469727795622,106.24664465198964,0.21964227062084207,0.12376126899755004
2023-09-24,False,141638.42511349055,143162.86191703173,-1526.3405481393868,1.82348456419033,-3.7272291624115574,-1524.4368035411655,-0.010661567725741321,-0.010648269971192907,1823.48456419033,84932.75826453375,32209.07301668044,-2040.2856678020316,513.9451196626451,169,163,0.007109595145515117,28.1309970408321,105.5982697991754,0.220892642895996,0.11670489186755664
2023-09-25,False,142908.29952852966,141638.42511349055,1273.6849466299745,1.0885562657276262,2.721975325119554,1269.8744150391274,0.008992509946431625,0.008965606713161458,1088.5562657276264,83441.72255386598,31666.86136845482,1627.8446994603457,-354.15975283037096,169,163,0.007059390729283648,28.33105683899367,105.59826979917541,0.21970631394509704,0.11508611957763165
2023-09-26,False,144717.38352009343,142908.29952852966,1806.7117215554306,2.090739469700649,-4.463009478040249,1809.0839915637703,0.012642454829537355,0.01265905477520997,2090.739469700649,83908.76237427478,32104.03549617473,1693.3114680880856,113.40025346734504,169,163,0.006928029187356252,28.868238656529154,105.59826979917541,0.22032884913163595,0.11096197841827249
2023-09-27,False,145727.43107757182,144717.38352009343,1012.4277766231091,2.731951694436536,-0.35173254970893186,1010.0475574783815,0.006995896083779995,0.0069794487221235615,2731.951694436536,83642.36090653567,32180.237879521414,1168.148063590274,-155.72028696716507,169,163,0.006819432884993397,29.32795195332341,105.5982697991754,0.22045482155703283,0.11010033254817288
2023-09-28,False,145484.93812007955,145727.43107757182,-237.01124027707365,3.0680423778578434,2.413674837347709,-242.4929574922792,-0.0016264010044266188,-0.0016640172388903112,3068.0423778578433,83965.17219420511,33531.36061114646,233.03038975658455,-470.04163003365824,169,163,0.006648405876221835,30.082399258340146,105.59826979917541,0.22099375152229023,0.1060634494191389
2023-09-29,False,144036.28978732845,145484.93812007955,-1427.1002069008143,21.87521722334195,-0.3270913730511218,-1448.648332751105,-0.00980926428083519,-0.009957376698029234,21875.217223341948,94377.75401967086,33457.76301905844,-1587.185822638656,160.08561573784186,168,164,0.006397277071639695,31.263301207733644,104.31963153787342,0.21994050262972972,0.09345329437384518
2023-09-30,False,144844.7548522,144036.28978732845,807.9366269842247,1.7568138101598998,-2.285251697505058,808.4650648715699,0.005609257418232268,0.00561292620120443,1756.8138101598997,92769.21400975161,32551.564478603043,951.3387250573134,-143.40209807308875,167,163,0.006398790152446708,31.255908575705664,103.67083013680033,0.2174930756975981,0.08912874176174322
2023-10-01,False,145055.4163690575,144844.7548522,216.0466627537685,1.5325672563893205,3.8525786398885575,210.66151685749062,0.0014915739473909365,0.0014543952045239761,1532.5672563893204,93431.49611754749,33573.17847640678,1525.404569252737,-1309.3579064989685,167,163,0.006355452859354354,31.46903996079956,103.67083013680035,0.2174243624942792,0.08831046526873834
2023-10-02,False,144468.90309378342,145055.4163690575,-584.2044410472756,4.8107316271128715,-2.5018974003228323,-586.5132752740657,-0.004027456924193113,-0.004043373835705854,4810.731627112871,91496.40462707059,34282.29656877107,-984.7759876741965,400.57154662692085,168,163,0.00613702762771751,32.5890662601407,103.67083013680035,0.21446487099202954,0.07650795225452912
2023-10-03,False,143542.8156178591,144468.90309378342,-920.8165750957563,1.8941837813972329,3.376717047168323,-926.0874759243219,-0.006373804710748022,-0.00641028938472069,1894.183781397233,88389.7580217149,35100.14363534745,-1741.5104666733923,820.6938915776357,169,164,0.005960159780568218,33.55614737914506,104.31963153787342,0.21273252970736928,0.07340898694373352
2023-10-04,False,143749.9568385983,143542.8156178591,218.4313602921841,1.2154537827385614,10.074685770246578,207.14122073919896,0.0015217157288714047,0.001443062265760845,1215.4537827385614,86574.19745101087,34991.61858819751,261.94606190326783,-43.51470161108365,169,164,0.005974053907804762,33.47810433024573,104.31963153787342,0.21178460097410057,0.07370355664746644
2023-10-05,False,145128.58366996478,143749.9568385983,1376.007577305984,0.9616192779366651,-3.5808733384331406,1378.6268313664802,0.009572229498830097,0.009590450402113131,961.6192779366652,86828.50600208537,35510.465431812525,969.8927187677182,406.11485853826576,170,164,0.0059876509479223185,33.402080672287504,104.31963153787342,0.21247835782828953,0.07500842896621226
2023-10-06,False,146527.6184760253,145128.58366996478,1427.4764109524021,27.509411081308592,0.9321938105713516,1399.0348060605222,0.009835942547324858,0.009639967335738981,27509.411081308594,78540.71026039499,31154.401685331904,1793.6107602986274,-366.13434934622524,170,165,0.005887389691860869,33.97091248715772,105.95576746662493,0.21314681433498875,0.07488850011411868
2023-10-07,False,146090.2630779741,146527.6184760253,-432.8576943746348,3.6328325805590636,0.8648710960282842,-437.35539805122215,-0.00295410311637228,-0.0029847983786263597,3632.8325805590634,80009.55790105174,30239.949244628675,-510.2480204508384,77.39032607620372,168,163,0.00591192434546078,33.82993223747214,104.6493972931132,0.2119222100723304,0.07216239514068054
2023-10-08,False,145371.36435177302,146090.2630779741,-711.3660226199199,1.768647127415437,5.764056453714017,-718.8987262010494,-0.0048693595838090594,-0.00492092156626034,1768.6471274154371,79817.34914113743,29801.154210687688,-831.4817885271545,120.1157659072345,166,161,0.005941592086563988,33.6610115750406,103.33660170494973,0.210472078981592,0.07190613717997954
2023-10-09,False,145069.58071054835,145371.36435177302,-284.33493970496284,1.5813272912524792,15.867374228452316,-301.78364122466763,-0.0019559212433125587,-0.0020759497069478177,1581.3272912524792,79854.60077101026,29130.905658978703,-1279.8468358107957,995.5118961058332,166,161,0.005965105333800723,33.52832662764869,103.33660170494973,0.20985879940727017,0.07194978665661354
2023-10-10,False,145349.91934650196,145069.58071054835,299.8390479514198,4.460995448972766,15.039416548843166,280.33863595360384,0.002066863683501484,0.0019324425877603694,4460.995448972766,80919.11546597895,28257.022270510388,304.22631103589674,-4.387263084476913,166,161,0.006096699236820128,32.80463612049765,103.33660170494974,0.21087089091759986,0.07693331479295795
2023-10-11,False,145990.24207564956,145349.91934650196,644.6773543660569,3.4067909102095837,0.9478343082658629,640.3227291475814,0.0044353471764177615,0.004405387577966975,3406.7909102095837,83015.19455028542,26855.003676373082,675.0976403678975,-30.42028600184075,165,160,0.006243880010950386,32.03136505654244,102.68220469160474,0.21138449093654466,0.08065646046091898
2023-10-12,False,145064.78046684503,145990.24207564956,-924.7661379110455,2.3827544376688694,-1.6872835441919598,-925.4616088045224,-0.006334438006013087,-0.006339201823673699,2382.7544376688693,84564.82059145383,26477.80081652009,-1352.7640698248665,427.9979319138213,165,160,0.006322716751751387,31.631972117776776,102.68220469160475,0.21341160749168422,0.08298116228298125
2023-10-13,False,146266.13757183164,145064.78046684503,1229.6432501234017,29.575722999974918,-1.289577863183639,1201.3571049866105,0.00847651129492758,0.008281521545894347,29575.722999974918,69251.17666933799,30809.404234936894,1409.021224725297,-179.37797460189557,165,161,0.004777999537247868,41.85852226247811,103.4858217487373,0.210898752892432,0.05196743231347152
2023-10-14,False,146560.87924528247,146266.13757183164,297.4272893319379,1.493560660846625,1.1920552202717585,294.7416734508195,0.0020334664897120884,0.0020151053302140502,1493.560660846625,70170.0289291717,30746.6843118533,380.05949196871495,-82.63220263677701,165,161,0.004825835748816479,41.443598665588524,103.48582174873731,0.21104569162574904,0.05248796546796858
2023-10-15,False,147034.28322957567,146560.87924528247,481.76980902870923,1.9323357157088663,6.433489019805011,473.4039842931954,0.003287165111928847,0.0032300842266435393,1932.3357157088662,71526.50747960189,30101.848595004292,648.5601482005804,-166.790339171871,165,161,0.004866778675211185,41.0949445921375,103.4858217487373,0.211173952325858,0.05535271206945825
2023-10-16,False,146525.73864885946,147034.28322957567,-497.1345257775162,1.3486293944906613,10.061425544197327,-508.5445807162042,-0.0033810789895938947,-0.003458680312823203,1348.6293944906613,72747.33708340912,30446.93547182859,-135.48430534693026,-361.65022043058593,165,161,0.00485016925542059,41.23567435847282,103.4858217487373,0.21036198295564137,0.056095893306776376
2023-10-17,False,147156.95191229286,146525.73864885946,640.0855399499018,3.4259436496755646,5.446332866840441,631.2132634333858,0.004368417083935199,0.004307866107715398,3425.9436496755643,75983.81627949327,28698.766667022697,-112.94892106234973,753.0344610122513,165,161,0.004839533270257889,41.32629921755707,103.4858217487373,0.21114906968944896,0.06339110842969527
2023-10-18,False,146318.16608815375,147156.95191229286,-827.7793039881401,2.044211652095626,8.96230849888526,-838.785824139121,-0.005625145759212963,-0.005699940187936527,2044.211652095626,76602.06912782649,29488.163713365186,-1090.1308234942367,262.3515195060969,165,161,0.004817691944156348,41.51365473722149,103.48582174873731,0.2121134750663978,0.0648227328776148
2023-10-19,False,146955.4489553999,146318.16608815375,628.3924818055964,1.8748231228529764,-10.765208563399842,637.2828672461433,0.0042946990015375296,0.004355459641711154,1874.8231228529762,77026.76932825915,29206.4292978886,622.0592418665786,6.333239939017538,165,161,0.004884472240571207,40.946081817963474,103.4858217487373,0.21209156563639817,0.06827427521411851
2023-10-20,False,147256.0155733947,146955.4489553999,305.73815370660355,12.71812456839903,-7.546588856595946,300.5666179948005,0.0020804819139397363,0.002045290733561167,12718.124568399031,82893.98343957518,31876.4170121751,894.6022950597277,-588.8641413531243,167,163,0.005227642623056265,38.258162315440174,102.44234231211958,0.2135599255709746,0.08172433952091583
2023-10-21,False,146137.40342901033,147256.0155733947,-1120.6481164342388,1.6976769836613363,-3.7336490335514902,-1118.6121443843485,-0.007610202626158184,-0.007596376555678398,1697.6769836613364,84210.21341775158,32685.878552585935,-204.50405540347282,-916.144061030766,166,162,0.005251008191171694,38.08792382694277,101.83008776811448,0.21471619675335302,0.07976459977807238
2023-10-22,False,146091.69920312145,146137.40342901033,-38.74138712911531,3.5328293130410153,3.430009446722119,-45.70422588887844,-0.0002651024735630728,-0.0003127483095803077,3532.829313041015,84402.13506026723,33663.86262230207,409.3135146747277,-448.0549018038431,166,162,0.005221167171416817,38.30561126157697,101.81033122157156,0.21290292460813143,0.07553916438364892
2023-10-23,False,148173.9107548231,146091.69920312145,2090.290814259219,3.089870708294173,4.989391849272623,2082.2115517016523,0.014308073803378401,0.014252771122927449,3089.8707082941733,84748.39116444986,35317.96986358178,3286.725383505486,-1196.4345692462662,166,162,0.005177414886737973,38.62931682610622,101.81033122157154,0.21190959496574507,0.0722669603996379
2023-10-24,False,149765.2532791703,148173.9107548231,1614.8334924474855,8.915802551579876,14.575165548680499,1591.3425243472252,0.010898230897877023,0.010739694432310357,8915.802551579876,85360.29350910526,37912.73274093181,2221.6238425851398,-606.7903501376542,166,162,0.004963070086179763,40.29763765716767,101.81033122157154,0.20864755704422178,0.05966706156112633
2023-10-25,False,149748.17767083537,149765.2532791703,-4.7711710919707,5.7205342037016385,6.583903039270953,-17.075608334943293,-3.185766382724961e-05,-0.00011401582116723337,5720.534203701638,84015.87334028106,39656.59526376267,438.52960002535144,-443.30077111732203,166,162,0.0047733588970320946,41.89921694854182,101.81033122157153,0.20576993902835594,0.052516216918317794
2023-10-26,False,149252.3480483063,149748.17767083537,-472.7652888724549,5.066781064570031,17.997552592055143,-495.8296225290801,-0.0031570687284866346,-0.003311089525369542,5066.781064570031,81083.38275182342,40221.0490360509,-285.27928248341044,-187.48600638904443,166,162,0.004547975533578374,43.97561036187871,101.81033122157154,0.2023039743964788,0.04817098036645754
2023-10-27,False,147954.11362731465,149252.3480483063,-1302.6328742212186,23.82168690080689,-28.220140130387072,-1298.2344209916384,-0.008727721146468092,-0.008698251236700531,23821.68690080689,69517.91155246712,40770.59616269382,-1493.7691479599814,191.13627373876298,169,168,0.00388645478148361,51.4607814177764,105.34409450864078,0.19660128296818066,0.04432730432616705
2023-10-28,False,148216.40233730947,147954.11362731465,273.1983225197073,1.3669499293199463,9.542662595571834,262.2887099948155,0.001846507108331394,0.0017727706487127568,1366.9499293199465,68141.74984415945,40157.03554748625,674.2405706249091,-401.04224810520196,169,168,0.003814538609594811,52.43098064256963,105.34409450864081,0.19368107260432207,0.045097939686125556
2023-10-29,False,148228.4215082817,148216.40233730947,25.24682988332671,3.732883062511705,9.494775848600423,12.019170972214585,0.00017033762448146744,8.109204367854963e-05,3732.883062511705,67992.37170931684,40550.901659485986,347.24028776182826,-321.99345787850154,168,167,0.0037230428926034653,53.71949928305638,104.71685252736961,0.19062339600886882,0.045961713954257584
2023-10-30,False,149221.17428540808,148228.4215082817,969.8564960381672,2.9797372834860143,-25.876018371693956,992.7527771263751,0.0065429860627908,0.006697452263369807,2979.7372834860143,67085.8823729796,40757.943964537044,1169.4523475666094,-199.59585152844204,167,166,0.003614677463415944,55.32997121436001,104.08435981095174,0.18778835911834946,0.049050538823270276
2023-10-31,False,149077.48753355956,149221.17428540808,-173.7726186521348,4.066460018291347,-34.15232682190608,-143.68675184852006,-0.0011645305666859876,-0.000962911279425381,4066.4600182913473,66556.65270610907,41925.77216214438,-382.74911334380846,208.9764946916736,168,167,0.003437639704724378,58.17945368886049,104.71160006363064,0.18577057382584017,0.052301274289033146
2023-11-01,False,149230.57499202515,149077.48753355956,161.06233577793773,2.6100606995859432,5.364816612755263,153.0874584655965,0.0010803934144763489,0.0010268985679754916,2610.060699585943,65087.31293189404,42785.91812135632,678.3702181069524,-517.3078823290145,168,167,0.003293983876368224,60.716751358391484,104.71160006363064,0.1853452920443071,0.053230831524863534
2023-11-02,False,147748.22533931784,149230.57499202515,-1454.216054747662,4.8931808628735105,23.24041709677729,-1482.3496527073128,-0.009744759442395601,-0.009933283797817768,4893.180862873511,64362.49349713754,43231.57949176637,-1634.055606276748,179.83955152908635,169,167,0.0031382701421435125,63.72937667609306,104.71160006363066,0.1826232833333855,0.05579083241444618
2023-11-03,False,146215.91474709616,147748.22533931784,-1497.074655100882,23.650075839122646,11.58586128168429,-1532.310592221689,-0.010132606680470833,-0.01037109304495937,23650.075839122648,62700.715561572484,43348.485087948975,-1362.1594217564962,-134.91523334438574,170,172,0.00298917965034213,66.9079892796369,104.82840464824898,0.18226420159155005,0.0566398275205856
2023-11-04,False,146946.92867577635,146215.91474709616,754.0400485719834,3.711614157859615,19.314505733939495,731.0139286801843,0.005157031297695716,0.0049995510402857995,3711.614157859615,60601.961852171225,42406.314885997475,994.1339811673631,-240.0939325953797,170,172,0.0029591195142405495,67.58767229154294,104.82840464824899,0.1815998472785279,0.058335624073592864
2023-11-05,False,146844.4019859619,146946.92867577635,-69.19166762414028,3.0203963835144854,30.31462580681663,-102.52668981447138,-0.00047086161138355434,-0.0006977123696180561,3020.396383514485,59671.24397952031,42722.90721299885,124.52673855432285,-193.7184061784632,170,172,0.002888095904469348,69.24977792132825,104.82840464824899,0.18122616490633855,0.05878033227855169
2023-11-06,False,146962.65019500762,146844.4019859619,152.17899817409372,2.61565306449937,31.315136063858777,118.24820904573556,0.0010363282230441567,0.0008052619469759557,2615.65306449937,58264.89490859003,42860.62265099295,447.19796842644433,-295.01897025235064,170,172,0.002823190846937586,70.84182786188437,104.82840464824898,0.18032485962370645,0.058869861840237764
2023-11-07,False,146209.39644056588,146962.65019500762,-726.6167150277827,3.4244683431841265,23.21257107078453,-753.2537544417513,-0.004944227081259223,-0.005125477483171705,3424.4683431841268,56747.44761645999,43153.859851644316,-860.3069144114058,133.6901993836232,172,172,0.0027541349159599213,72.6180837550917,104.82840464824898,0.17984865578972398,0.0583364628949047
2023-11-08,False,149298.2006799493,146209.39644056588,3107.774247427898,2.0577299826711513,16.912278061808784,3088.8042393834185,0.02125563967218214,0.02112589419407813,2057.7299826711514,55395.605076462234,43159.66044661386,3249.5780818332446,-141.8038344053464,172,172,0.002721758505754264,73.48190501735027,104.82840464824898,0.17931487352152667,0.058087395881696695
2023-11-09,False,148344.97192678414,149298.2006799493,-899.6357043381145,5.194458242378827,48.398590584666245,-953.2287531651596,-0.006025763875524959,-0.00638473035055926,5194.458242378827,54978.118551407504,43915.10519780214,-901.3680668711085,1.7323625329939194,172,172,0.002679346840988241,74.64505787023553,104.82840464824899,0.17882731303578606,0.05778359991869083
2023-11-10,False,149120.21293411026,148344.97192678414,813.4823503431966,17.428794226397713,20.812548790692603,775.2410073261062,0.005483720410454436,0.005225933830158581,17428.794226397713,58875.00510068526,49058.08775150828,1139.8087461931277,-326.32639584993086,175,180,0.0026415194163807902,75.7139995866564,107.20677911183203,0.1789941886064605,0.05901244987999757
2023-11-11,False,149112.5299123861,149120.21293411026,40.18959769897438,2.9321360716885874,44.94048335146405,-7.683021724178261,0.00026951140229884474,-5.152233606032372e-05,2932.1360716885874,57922.906902166425,49790.93798872495,77.84258439491353,-37.6529866959391,176,180,0.002585525042486173,77.35372766209422,107.20677911183205,0.1798123089495558,0.05777505612156531
2023-11-12,False,148900.93191836122,149112.5299123861,-151.7930733857673,3.458130336232406,56.346790302872,-211.5979940248717,-0.0010179766480721386,-0.0014190490507350398,3458.1303362324065,56239.367118524824,49423.12289143101,-82.47354278747173,-69.31953059829567,178,180,0.0025504762658892064,78.41672658352356,107.20677911183203,0.17946454138771747,0.056858419934246944
2023-11-13,False,147260.366359727,148900.93191836122,-1583.6407472696555,2.3086901587722473,54.61612120579708,-1640.5655586342248,-0.01063553281276928,-0.011017832712650229,2308.6901587722473,55151.377339899394,49456.67531424409,-1690.336959510823,106.69621224116743,178,180,0.0025152488000433093,79.5149966860361,107.206779111832,0.17937885213361004,0.05667506504714789
2023-11-14,False,146456.36234495125,147260.366359727,-773.9793939980362,2.378129805764998,27.6464909719409,-804.0040147757421,-0.0052558567734875975,-0.005459744768064236,2378.1298057649983,53086.55795359505,47904.48728849255,-806.2119720217711,32.232578023734916,178,180,0.0025322980162052603,78.9796456499647,107.20677911183202,0.17885398639360556,0.05528461544294536
2023-11-15,False,148008.17600759264,146456.36234495125,1573.0661714870878,1.7017041345255581,19.55080471117768,1551.8136626413846,0.01074085240340749,0.01059574085956314,1701.704134525558,52835.32989124716,47974.23967784177,1676.9692895074038,-103.90311802031576,178,180,0.0025370651522958103,78.83124318625339,107.20677911183205,0.17865756002184294,0.05524897867304341
2023-11-16,False,145511.43379892362,148008.17600759264,-2465.8120763823326,2.3089184217504424,28.621213864936742,-2496.74220866902,-0.016659972056245323,-0.016868947892047126,2308.918421750442,53666.74518983238,49270.646685759886,-2539.648009751956,73.83593336962434,178,180,0.00251667513948397,79.46993112548046,107.20677911183205,0.18003093965484057,0.05397950437083678
2023-11-17,False,145989.24576435157,145511.43379892362,507.1982090491316,13.406027064974909,15.980216556199125,477.81196542795755,0.003485624433816028,0.0032836729936166157,13406.027064974907,48694.97756607474,44633.296755986026,497.1706336092141,10.027575439917502,179,182,0.0024376621202892596,82.04582511060535,108.16372518788313,0.18003585538115352,0.05312372108177864
2023-11-18,False,145925.17047177645,145989.24576435157,-48.996349184227384,0.7796535401991269,14.29928985069808,-64.07529257512459,-0.00033561615396873,-0.00043890419626218,779.653540199127,48849.15810887465,44908.51553735495,-66.10743579091947,17.11108660669211,180,182,0.0024446240660151823,81.81217013297533,108.16372518788312,0.18056245586034972,0.05253993378103858
2023-11-19,False,147104.63774016802,145925.17047177645,1194.3711136429479,0.8727337299372055,14.031111521446675,1179.467268391564,0.008184819039659457,0.008082685561225272,872.7337299372055,48751.738745265306,44880.19618034838,1225.1362782915714,-30.765164648623518,180,182,0.002457588254743881,81.3805972639803,108.16372518788312,0.18014334700464832,0.05219861556256158
2023-11-20,False,147178.8761162601,147104.63774016802,91.29427883060427,1.039901049010307,16.01600168951965,74.2383760920743,0.0006206077539979264,0.000504663736184865,1039.9010490103071,49183.37398374595,45344.7248554019,92.57070054110143,-1.2764217104971052,182,182,0.0024493702970889283,81.65363981007674,108.16372518788312,0.1805878512305025,0.05179741350030188
2023-11-21,False,143653.70751536862,147178.8761162601,-3510.0186890389637,0.48680518596513755,14.663106666558907,-3525.168600891488,-0.023848658052438968,-0.0239515934209667,486.8051859651375,49227.63655186401,45489.20686493179,-3619.3160368200224,109.2973477810593,182,182,0.0024372909339598456,82.0583202494672,108.16372518788312,0.18007711359895415,0.05153356075128639
2023-11-22,False,147324.83351202117,143653.70751536862,3686.4949107067187,1.7170675705982572,13.651846483573197,3671.125996652547,0.025662372203740885,0.025555386353392908,1717.0675705982571,46859.50883337752,43343.510135404205,3775.3983121331307,-88.90340142641162,182,182,0.0025170003742413373,79.45966240083818,108.16372518788312,0.18134791456120172,0.04707423214756514
2023-11-23,False,147319.58184480746,147324.83351202117,11.588832257415902,2.7417360538394973,14.0987634172822,-5.251667213705796,7.866177060006856e-05,-3.564685659921196e-05,2741.7360538394973,48001.39821746584,44361.98476442567,22.748917138093418,-11.16008488067749,182,182,0.002524370481866435,79.22767336913508,108.16372518788313,0.18420259394320176,0.04566339621832016
2023-11-24,False,147947.0949138454,147319.58184480746,663.7824061966118,22.933689708025575,13.335647450665128,627.5130690379211,0.00450573099573326,0.004259536045241897,22933.689708025577,47178.13743066748,43619.96949872498,692.4658305250201,-28.683424328408243,183,183,0.0023709109879272773,84.35576072589976,110.81867028476641,0.1852495542466448,0.0426807486466125
2023-11-25,False,148816.36709440817,147947.0949138454,883.8317233662231,1.0675570952854558,13.491985708161959,869.2721805627757,0.005973971465143728,0.005875560997456438,1067.5570952854557,47382.059409322464,43856.52128760689,928.751073980252,-44.919350614028886,182,182,0.002376658806616351,84.15175095525807,110.20300331348618,0.1853135943384526,0.04249678185300517
2023-11-26,False,147803.05218619917,148816.36709440817,-998.1318775266708,1.3296024434066491,13.8534282389029,-1013.3149082089803,-0.006707137776676555,-0.0068091630510381945,1329.6024434066492,48037.25694378749,44568.843368750306,-994.8610512159594,-3.2708263107114632,182,182,0.002355442287275061,84.90974331252832,110.20300331348619,0.18521275032487336,0.04295502135421145
2023-11-27,False,146786.60345072995,147803.05218619917,-1003.3319430856874,0.5603656547603041,12.556426728764556,-1016.4487354692122,-0.006788303274155062,-0.006877048345312325,560.3656547603041,47413.48709354511,44068.69576582582,-1028.5656989132735,25.233755827586187,182,182,0.0023487228667609795,85.15266012452598,110.20300331348619,0.1836347332009471,0.043153223895981856
2023-11-28,False,147288.6756699843,146786.60345072995,517.1541408151631,0.7357067692631928,14.346214791547062,502.0722192543529,0.0035231698851097806,0.0034204226233961283,735.7067692631929,46990.98045949702,43716.95795169748,534.0135412040374,-16.859400388874207,182,182,0.0023596368684488975,84.75880448989153,110.20300331348618,0.18371846861824534,0.04290453367815932
2023-11-29,False,147109.07567854482,147288.6756699843,-164.47779445297567,0.5226375299022107,14.599559456610786,-179.59999143948866,-0.0011167036006319005,-0.0012193740667605787,522.6375299022106,47463.73519123562,44224.46344654445,-162.28455257961954,-2.1932418733561447,182,182,0.0023651725391016544,84.56042706971581,110.20300331348619,0.18454725772110195,0.04263066159790205
2023-11-30,False,147270.07747856728,147109.07567854482,175.31974090259615,0.579131373969106,13.738809506146431,161.0018000224806,0.001191766993939217,0.0010944382546070337,579.131373969106,47449.49916840923,44268.90014405077,177.67567566357368,-2.3559347609775756,182,182,0.00236942297945356,84.4087365296526,110.20300331348619,0.1843920848699408,0.04262798512705446
2023-12-01,False,147723.89429293334,147270.07747856728,492.97857884090104,25.55021785719563,13.61154661764196,453.81681436606345,0.003347445640562292,0.003081527640481543,25550.21785719563,43879.540176367955,40929.228438471575,504.6932667952424,-11.7146879543414,185,185,0.0020374714336795162,98.1608854455522,113.80588084947867,0.1875576999963526,0.03711394873384905
2023-12-02,False,148759.0202152547,147723.89429293334,1056.5485284169663,0.5740536953160981,20.848552400283943,1035.1259223213663,0.007152184373922969,0.007007166493111355,574.053695316098,44072.62167581748,41167.99909089067,1077.678800801001,-21.130272384034587,185,185,0.002034199573471835,98.31877000084778,113.80588084947865,0.18734921069271807,0.03710774492482386
2023-12-03,False,148009.53908472665,148759.0202152547,-720.294278290376,0.8105258755761117,28.37632636211035,-749.4811305280625,-0.004842020855260462,-0.005038223090227142,810.5258755761117,44594.46965101267,41779.5207256072,-726.8397291299524,6.5454508395764,184,184,0.002034971166911318,98.2814907906338,113.18454027717262,0.1877246774391434,0.03744614892006692
2023-12-04,False,148908.818189786,148009.53908472665,931.862069951329,0.31478843210839,32.268176459897475,899.2791050593231,0.006295959542296077,0.006075818562913971,314.78843210839005,44078.036442998695,41339.350966269514,961.1806061757197,-29.31853622439061,186,184,0.002035162742634901,98.27223927117612,113.18454027717262,0.18627342136343977,0.03750978033909796
2023-12-05,False,149764.44794827927,148908.818189786,889.8952261541706,1.5660975116192986,32.69937014927351,855.6297584932778,0.00597610831226925,0.005745997912647241,1566.0975116192985,44125.14910083766,41501.41292461322,904.637149708372,-14.74192355420153,186,184,0.0020238785995759256,98.820156526141,113.18454027717262,0.1866363936986805,0.03758317922038253
2023-12-06,False,147764.99378873236,149764.44794827927,-1963.8015607990951,1.3133573562002094,34.339241391601526,-1999.4541595468968,-0.01311260174028277,-0.0133506595653289,1313.3573562002096,44194.2453375224,41717.38068072609,-1973.8142151226907,10.012654323595239,186,184,0.0020075365299971853,99.62458815146961,113.18454027717263,0.1864519368697263,0.037417190672840626
2023-12-07,False,148680.4708631514,147764.99378873236,941.2766903528973,0.9433488793900422,24.85626705447475,915.4770744190325,0.006370092578887065,0.006195493607423283,943.3488793900423,43029.740602760394,40688.69849546135,956.0065970897119,-14.729906736814527,187,185,0.0020036887170187924,99.81590368865875,113.80588084947865,0.185340373462425,0.037679115302833736
2023-12-08,False,149403.033627291,148680.4708631514,765.8944843916104,4.094104731195769,39.237615520815915,722.5627641395987,0.005151278308074203,0.0048598363991237325,4094.1047311957686,44906.55144465189,42726.76196980356,781.20206091526,-15.307576523649594,191,187,0.002067892190197578,96.71684092045963,111.08230679267477,0.18511103671642953,0.04032155490163211
2023-12-09,False,148891.9232685935,149403.033627291,-454.3028155993894,0.7156223582815723,56.091920739824104,-511.1103586974951,-0.003040787088250953,-0.0034210172731334158,715.6223582815722,45274.25786072548,43291.38478423312,-455.8358229538706,1.5330073544812368,191,187,0.002057780887321591,97.19207775339004,111.08230679267483,0.18540260980477866,0.04024383908243598
2023-12-10,False,149355.54853421295,148891.9232685935,492.9545255035382,1.0822563405532553,28.247003543529626,463.6252656194553,0.0033108211290566324,0.0031138375772277373,1082.2563405532553,44949.71300923959,43092.957831912696,494.9863913037726,-2.0318658002344288,192,187,0.0020557391617346005,97.2886072916192,111.08230679267483,0.18488966389684341,0.04073899429312508
2023-12-11,False,147698.48320636872,149355.54853421295,-1631.9792091106644,0.682929612481275,24.40318912108943,-1657.065327844235,-0.010926806704719284,-0.011094769120443156,682.9296124812751,45138.3480936754,43360.60903599189,-1644.7256269293857,12.746417818721046,192,187,0.0020513210000631847,97.4981487508974,111.0823067926748,0.1850410019226993,0.040415664223883714
2023-12-12,False,148557.35101232477,147698.48320636872,886.2549191138094,1.467720129620906,25.9193930281469,858.8678059560415,0.006000433449783689,0.005815007624391144,1467.720129620906,44149.671628627904,42397.42540658184,888.3161373823235,-2.061218268514069,192,187,0.002073865413917433,96.43827350503402,111.08230679267479,0.18437073605460336,0.0395533650782953
2023-12-13,False,149088.74377596466,148557.35101232477,565.7153461978264,1.029910235747054,33.29267232219086,531.3927636398886,0.003808060269941761,0.0035770209957217305,1029.910235747054,44446.88771930606,42693.241779741766,568.5935504039749,-2.878204206148513,191,186,0.0021010390928840827,95.19099415016659,110.48146695971411,0.18511759934955632,0.03903706448625782
2023-12-14,False,149868.2743004599,149088.74377596466,816.7953099997909,1.2476656138304136,36.017119890729504,779.5305244952309,0.005478584696019624,0.005228634333834282,1247.6656138304138,44613.72656201194,42859.59521031841,819.8528634362698,-3.0575534364789423,191,186,0.0021137751742817366,94.61744202193132,110.4814669597141,0.18552472305185222,0.03896703575164707
2023-12-15,False,149752.0594078144,149868.2743004599,-51.831842661700875,8.78489744341375,55.59815254035661,-116.21489264547122,-0.0003458493327132534,-0.0007754469262285661,8784.897443413749,44407.64203373359,42662.14739171039,-59.58606480549204,7.754222143791129,193,188,0.002089860474977026,95.70016869293565,110.71470426566869,0.18563509652530605,0.03914698258290039
2023-12-16,False,150404.26624090856,149752.0594078144,681.7927472806673,1.4576450247536739,28.128269161761068,652.2068330941526,0.004552810492067863,0.004355244499963911,1457.6450247536739,43869.44193248384,42141.17619187621,686.1171559239515,-4.324408643284267,193,188,0.0021132567135051504,94.64065521328466,110.7147042656687,0.1851005236813453,0.03897758619107178
2023-12-17,False,151196.0171248172,150404.26624090856,830.3601981074579,1.23317859265373,37.376135606138796,791.7508839086654,0.0055208553511204034,0.005264151767081435,1233.17859265373,44140.37846745326,42405.72606498723,826.4010047202692,3.959193387188736,193,188,0.0021226638357062185,94.22123118871492,110.7147042656687,0.18575203570897295,0.0384969745373726
2023-12-18,False,151323.64877105245,151196.0171248172,153.44908885229881,1.8437195113548115,23.973723105714974,127.63164623522903,0.0010149016605749716,0.0008441468807334056,1843.7195113548114,43921.72175498374,42197.43058938118,151.42277557231736,2.02631327998147,193,188,0.0021382719382860324,93.53347271643725,110.7147042656687,0.18491307023199352,0.038735550924755606
2023-12-19,False,152225.50050337557,151323.64877105245,920.8695066270113,1.079185852489485,17.93858845140521,901.8517323231167,0.006085430229218538,0.005959754074444688,1079.1858524894851,43792.72272705407,42072.48418801147,919.439420869251,1.4300857577603432,193,188,0.0021571515026842045,92.7148601992648,110.71470426566869,0.1854974758144552,0.03859362995197088
2023-12-20,False,152074.63601910422,152225.50050337557,-125.80139002425778,1.2906594065021784,23.772434840582022,-150.86448427134198,-0.0008264146914167522,-0.0009910592100040203,1290.6594065021784,44025.801363967155,42308.42299644009,-122.3699083416939,-3.4314816825638665,193,188,0.002168475403382911,92.2306979770173,110.71470426566869,0.18568616052171524,0.03803745690787689
2023-12-21,False,154042.76198843183,152074.63601910422,2015.996544246174,1.5883794726940907,46.28219544588635,1968.1259693275936,0.013256625805718953,0.01294184237981901,1588.3794726940907,43969.36789577323,42245.403068052874,2019.3478387924943,-3.3512945463205184,193,188,0.0021784825371367524,91.80702465619314,110.7147042656687,0.1860695314199638,0.03744905915495828
2023-12-22,False,153648.9514489489,154042.76198843183,-333.15410396240947,10.129134720910445,50.527300799593604,-393.8105394829135,-0.0021627377986602734,-0.002556501418174309,10129.134720910446,44825.44496236073,43104.91438142563,-327.77204169936573,-5.382062263043684,194,190,0.0021311304527510647,93.84690634110225,110.50458356029965,0.18779319504767425,0.03667525282602508
2023-12-23,False,154837.1246478127,153648.9514489489,1188.1556222009447,1.5952881693856635,-1.6128648322355463,1188.1731988637946,0.007732923726431799,0.007733038121373543,1595.2881693856637,45506.47615178881,43792.84537025729,1188.4601613320037,-0.30453913105907177,194,190,0.0021087537735928574,94.84274669927137,110.50458356029965,0.18714402413775957,0.03647740784117492
2023-12-24,False,154625.59200427285,154837.1246478127,-192.0089495661524,2.2706119222736483,17.253082051435975,-211.53264353986202,-0.001240070493448451,-0.0013661623077863723,2270.6119222736484,45652.11312302742,43951.2909259257,-192.7467869120914,0.7378373459389584,194,190,0.0020974763198038106,95.35268556391006,110.50458356029965,0.187367414709516,0.03692078852708778
2023-12-25,False,156701.8519516938,154625.59200427285,2128.3439241006117,0.7390514361024705,51.34492524355473,2076.2599474209546,0.013764499760439385,0.013427660457161452,739.0514361024705,45901.79286039977,44207.05849439087,2134.3165700087384,-5.972645908126934,195,190,0.002085543119303986,95.89828095558464,110.50458356029968,0.18693077618018103,0.035870883750939116
2023-12-26,False,156181.03589497434,156701.8519516938,-455.9538364951841,2.007357931943708,62.85486229233535,-520.8160567194632,-0.002909690158835775,-0.003323611369187993,2007.3579319437079,46508.31643201719,44809.24039618941,-452.3204235491711,-3.633412946013,195,190,0.0020627888132990976,96.95612013724872,110.50458356029965,0.18747725902443305,0.035699891292987805
2023-12-27,False,156099.3663089372,156181.03589497434,-31.73767436232771,0.6917588954147894,49.24015277939013,-81.66958603713263,-0.0002032108071281462,-0.0005229161502812175,691.7588954147893,46416.59208763274,44721.54343542496,-28.637230012752525,-3.100444349575211,195,190,0.0020506492694036507,97.53008619468214,110.50458356029965,0.1868193454304921,0.035861510571976896
2023-12-28,False,155242.41665821278,156099.3663089372,-782.6295524047034,0.6126358994142523,73.7074624202888,-856.9496507244065,-0.005013662584995999,-0.0054897702084735715,612.6358994142523,46560.02028978635,44890.54819423649,-785.741037801384,3.1114853966806084,195,190,0.002033801983678099,98.33799042633596,110.50458356029965,0.1870043466179183,0.035645539973512316
2023-12-29,False,155541.6558340495,155242.41665821278,283.04283159511385,13.17162922207005,-29.36797346369458,299.23917583673835,0.0018232312900556748,0.0019275606646574819,13171.62922207005,49796.33283683961,48151.71609776422,278.8108358915041,4.2319957036098215,196,191,0.002111996748624296,94.69711548101351,107.46718836710129,0.1851953930570495,0.03785163214249732
2023-12-30,False,156861.17392504532,155541.6558340495,1090.4734810427947,1.7245155582097282,-230.76912551123064,1319.5180909958156,0.007010813117524238,0.008483374334163163,1724.5155582097282,50233.57890617012,48604.57661971327,1090.0819032325066,0.3915778102879276,196,191,0.002106253659872335,94.95532461751188,107.46718836710129,0.1856668309522782,0.03747451554984574
2023-12-31,False,156036.16417735963,156861.17392504532,-1154.389295750278,1.2368181537672702,-330.616366218359,-825.0097476856863,-0.007359305472888354,-0.005259489821744606,1236.8181537672704,51024.26257709447,49403.39076982554,-1156.1826168025461,1.793321052267938,196,191,0.002096928351470685,95.37760308297115,107.4671883671013,0.18616044494747785,0.03694857498185862
2024-01-01,False,157712.51892117073,156036.16417735963,1630.2001152329183,0.9964963447341854,-47.15112492290875,1676.354743811093,0.010447578763727743,0.010743373195880746,996.4963447341853,50617.05879072687,49001.83806335073,1634.0945304938105,-3.8944152608922016,196,191,0.0020934826968101064,95.53458469217117,107.46718836710126,0.1855250114185269,0.0366952519351085
2024-01-02,False,157894.84713203987,157712.51892117073,268.844541454478,2.3360292362329367,84.18030134909593,182.32821086914913,0.0017046493410510695,0.0011560795053960303,2336.029236232937,51572.76040455397,49955.203676650184,266.9697890715629,1.8747523829151143,196,191,0.0020878349586593487,95.79301235976288,107.4671883671013,0.1873178209458071,0.03637427529110924
2024-01-03,False,153938.54201063243,157894.84713203987,-3905.8663946406755,1.4449406728749894,48.993786093882164,-3956.3051214074326,-0.024737136553762185,-0.02505658160015168,1444.9406728749893,51200.38474621934,49589.15469159989,-3912.913976023187,7.047581382511346,196,191,0.0020830810549985106,96.0116263935505,107.46718836710129,0.18670915067190577,0.03628564770141508
2024-01-04,False,154863.97436438277,153938.54201063243,939.0365530169132,2.139778485069032,11.464420781509586,925.4323537503345,0.006100074359233924,0.006011700134761673,2139.778485069032,48687.992303140505,47095.45471249875,941.18489237299,-2.1483393560767583,196,191,0.002117162527293517,94.4660588980246,107.46718836710129,0.18645467923021744,0.03529456425802645
2024-01-05,False,154698.77107715476,154863.97436438277,-140.3877560184975,10.675491573179185,14.14003963632292,-165.2032872279996,-0.0009065230089483312,-0.0010667638352047535,10675.491573179184,47985.55563155806,46391.22857030171,-142.86494262113058,2.477186602633126,197,192,0.002041124078098591,97.98522399790119,109.11206357359853,0.18850404976517107,0.034351948311307716
2024-01-06,False,153161.85090272344,154698.77107715476,-1522.7082411229746,1.0415731727557287,13.170360135587075,-1536.9201744313175,-0.009843053248067085,-0.009934921678626593,1041.5731727557286,47995.20584766786,46393.8712046233,-1525.4337835902973,2.7255424673227067,196,191,0.0020691619772136376,96.65748849170464,108.53480009600747,0.1880008718136723,0.034170842285353095
2024-01-07,False,151583.3020674451,153161.85090272344,-1568.5298576154541,1.8121358911464078,8.206841771750575,-1578.5488352783511,-0.010240995707290472,-0.010306410022956194,1812.1358911464076,48086.6262058936,46474.67718502735,-1572.5942162016113,4.064358586156929,196,191,0.0020938230563104614,95.51905515474705,108.53480009600747,0.18804177491359841,0.03378879134368758
2024-01-08,False,153042.9477276243,151583.3020674451,1468.599356173151,2.2913170046306215,6.662378989304928,1459.6456601792154,0.00968839797090392,0.009629330145676364,2291.3170046306213,48482.76323970109,46851.86422818267,1471.9293014133164,-3.329945240165517,196,191,0.002106371908585491,94.94999396108908,108.53480009600747,0.18886856762855456,0.03268855578929581
2024-01-09,False,151913.9185303062,153042.9477276243,-1115.2651929172414,1.1848993198718403,12.579105080975948,-1129.0291973180892,-0.007287269419967763,-0.007377204987762394,1184.8993198718404,50197.18929834388,48540.83825230434,-1121.2330213652708,5.9678284480293815,196,191,0.002121813481419805,94.2589920138365,108.53480009600747,0.19108551075991526,0.031241109911405454
2024-01-10,False,155095.1889326228,151913.9185303062,3195.8298725950635,0.8576079735538898,13.701862304884047,3181.2704023166257,0.0210371103814132,0.02094127011595699,857.6079735538899,49878.59961621341,48214.85193118202,3206.9040967122132,-11.074224117150248,197,192,0.0021469694142104323,93.1545641387499,109.11206357359855,0.19040063111098793,0.031000628007375578
2024-01-11,False,156110.0858929153,155095.1889326228,1025.1666876576035,2.1161970479073604,8.15353031720989,1014.8969602924863,0.006609919332204181,0.0065437036911143815,2116.1970479073602,51248.76132189603,49562.86518863034,1031.3032692501656,-6.136581592562039,197,192,0.002165003947612216,92.37858444580672,109.11206357359855,0.19308419839725202,0.02938297697919244
2024-01-12,False,154536.53797894047,156110.0858929153,-1555.3008476253915,1.3353945280052246,16.911671821413748,-1573.5479139748106,-0.009962846658685846,-0.010079732548825807,1335.3945280052246,51101.03696663972,49402.867670188905,-1558.7352439053498,3.4343962799585066,198,193,0.0021248627029720746,94.12372842737429,111.38432911864878,0.1936048987968473,0.028102102464161973
2024-01-13,False,155647.352943479,154536.53797894047,1128.282282264593,1.140912405500214,16.326405320568636,1110.8149645385242,0.007301071300163008,0.00718804095824834,1140.912405500214,50409.35518462974,48718.054680738845,1129.1150573926066,-0.8327751280135209,198,193,0.0021402965729849033,93.44499380339414,111.38432911864874,0.19210534136994772,0.028433561702566137
2024-01-14,False,154142.91088018302,155647.352943479,-1487.5975666354743,0.4094121904556745,16.435084470043652,-1504.4420632959736,-0.009557487091834276,-0.009665709277062291,409.4121904556745,51271.05051243672,49578.0844582898,-1488.1166492814655,0.5190826459913129,198,193,0.0021502811483661757,93.01109306192997,111.38432911864874,0.19346078233833755,0.028086116469671723
2024-01-15,False,154753.33342467324,154142.91088018302,626.3128851115557,0.9547217853001768,14.935618836042579,610.4225444902129,0.004063196169938659,0.003960107805182822,954.7217853001767,50706.83677663582,49014.90888778087,630.3336088071311,-4.020723695575279,198,193,0.002176915513771046,91.87311070862015,111.38432911864875,0.19206992563319886,0.028627431578683405
2024-01-16,False,155436.93566444615,154753.33342467324,700.5153998886943,0.7766411639932213,16.136518951781785,683.6022397729193,0.004526657903816158,0.004417366816241572,776.6411639932212,51641.53273779688,49941.56340155078,699.9007979816228,0.6146019070713807,198,193,0.002193808079014484,91.16567757825254,111.38432911864875,0.19332171538848222,0.02858834653919031
2024-01-17,False,155967.679759985,155436.93566444615,548.4042275736681,0.7278575277220926,16.932274507095627,530.7440955388504,0.0035281461592729228,0.003414530100391384,727.8575277220925,52085.08461532976,50386.34448289781,548.0306572851135,0.3735702885545274,198,193,0.0022055045316589556,90.68219862126617,111.38432911864875,0.1936903721948546,0.028334405713162127
2024-01-18,False,154150.68413485898,155967.679759985,-1797.5930338980133,1.5705762258473732,17.832015002165445,-1816.9956251260262,-0.011525420116938887,-0.011649821475334877,1570.5762258473733,52013.7802530176,50315.78726116277,-1803.839784761568,6.246750863554752,198,193,0.0022209582572732156,90.05121971339986,111.38432911864876,0.19310511695730298,0.028475805849270813
2024-01-19,False,153673.41830240696,154150.68413485898,-434.61463940167516,27.105472447278625,15.545720603056694,-477.26583245201044,-0.0028194142753297925,-0.003096099346756539,27105.472447278626,60953.6515292779,47085.07608614207,-629.0946674835744,194.48002808189926,200,196,0.002737197116249717,73.06744509289254,112.67174561013294,0.18943246459522373,0.0364279895415155
2024-01-20,False,154352.44111151277,153673.41830240696,685.1616990712814,1.424720041496079,4.714169923979499,679.0228091058058,0.004458557027234097,0.004418609390009061,1424.7200414960791,61251.143152819204,47201.67392601257,587.7498951438464,97.41180392743497,200,196,0.0027909448313600265,71.66032010118239,112.67174561013294,0.19051050460015337,0.036461960264589484
2024-01-21,False,154530.78490646178,154352.44111151277,190.46075262101994,1.7221006275462052,10.394857044472317,178.3437949490014,0.0012339341784910322,0.0011554322929052735,1722.100627546205,62937.98225420214,48646.59965080091,137.20111249822364,53.25964012279628,199,195,0.002820049271566101,70.92074667508591,112.07844312383111,0.19052343557202114,0.03737145610896133
2024-01-22,False,152090.91541487174,154530.78490646178,-2422.9967893501116,1.2418306469833535,15.630871592934438,-2439.8694915900296,-0.015679702855432742,-0.015788889528173266,1241.8306469833537,64132.08183477325,49343.768890578634,-2868.879050188074,445.8822608379625,199,195,0.0028409436458337713,70.3991437117378,112.07844312383111,0.19048152193256282,0.037859646039658676
2024-01-23,False,150652.8813193636,152090.91541487174,-1421.9987846338627,2.7546035495466827,13.280707324735458,-1438.0340955081447,-0.00934966286944195,-0.00945509527367557,2754.603549546683,63341.61675885371,48073.59631755414,-1594.917535175445,172.91875054158237,199,195,0.002942491023876695,67.96962110576042,112.07844312383111,0.1907645023308479,0.03851613479420118
2024-01-24,False,151785.39751005307,150652.8813193636,1148.9968701016624,2.9245506511892536,13.556128760996899,1132.5161906894762,0.007626783238655392,0.007517388189135899,2924.5506511892536,63846.77144997705,47690.56687069214,1823.5028496341588,-674.5059795324963,198,194,0.003082426562096435,64.88394645287998,111.49334609486357,0.1921613431383615,0.039774413021261
2024-01-25,False,151118.98320138184,151785.39751005307,-583.0535710028162,3.512809766781418,79.84792790162575,-666.4143086712234,-0.0038413021316111738,-0.004390503431840901,3512.809766781418,64011.09432463686,48001.45337386265,-380.3292645333329,-202.72430646948328,198,194,0.0031775077711132874,62.94241097321597,111.49334609486355,0.19326397457104463,0.040514789258369995
2024-01-26,False,152806.9830837877,151118.98320138184,1752.454636229122,13.00387462018916,51.45087920309009,1687.9998824058425,0.011596522151646515,0.011170005558841052,13003.874620189159,62741.54537200037,47457.30698718813,1851.3350855918986,-98.88044936277664,198,195,0.0030223623380377027,66.17340266681985,110.89684489469037,0.19591857027369924,0.038214693379845885
2024-01-27,False,155064.83888351545,152806.9830837877,2266.4341840280676,1.8315934667873348,6.746790833515045,2257.8557997277653,0.014832006615727294,0.014775867922801207,1831.5934667873348,63396.3556227518,48082.775086387905,2186.7616811857965,79.67250284227157,197,194,0.0030642775922078594,65.26823826554725,110.33030240516095,0.1968178843448535,0.03730483108243056
2024-01-28,False,154729.73769613754,155064.83888351545,-352.92437548484617,4.121652707280805,-21.944840814207264,-335.1011873779197,-0.00227597937756839,-0.0021610391484664514,4121.652707280805,63210.49433933223,48022.798661906316,-328.7948469558674,-24.129528528978796,198,194,0.003076269622966109,65.0138071470998,110.33030240516098,0.19639768869945087,0.03731764222517532
2024-01-29,False,155840.3476222669,154729.73769613754,1125.7354923237963,2.043815756753365,13.081750437682292,1110.6099261293605,0.007275495383664039,0.0071777406377460965,2043.8157567533647,62724.61127348724,47918.04574619341,1223.4709186229727,-97.7354262991764,198,194,0.0030890162487364646,64.74553187663169,110.33030240516098,0.19647425820025208,0.0382015235100906
2024-01-30,False,155370.06296751084,155840.3476222669,-453.91644768537805,1.530106859962674,14.838100210748797,-470.28465475608954,-0.0029127017143570667,-0.003017733609629692,1530.1068599626738,62842.99708684396,48330.3902217858,-404.7508926253814,-49.16555505999677,197,193,0.003085973904399083,64.80936203475287,109.74633661986898,0.19738508467805546,0.0370221666910897
2024-01-31,False,153747.66328844125,155370.06296751084,-1606.005614105646,1.9837886672910527,14.41027629663531,-1622.3996790695724,-0.010336647764900984,-0.010442164005615609,1983.7886672910527,61950.104985046324,48252.52705232787,-1827.5450227101364,221.5394086044906,197,193,0.0030869062364215355,64.78978779473651,109.74633661986896,0.19735616394953825,0.036823399009199835
2024-02-01,False,154000.3440698913,153747.66328844125,268.6170021070987,1.7424737645520842,14.193746892504361,252.68078145004228,0.0017471290058123006,0.0016434772148438811,1742.4737645520843,60709.321188573536,47428.1584591016,287.886879553351,-19.269877446252302,197,193,0.003128285501624073,63.93278359541304,109.74633661986896,0.1969273893738051,0.037568754821439926
2024-02-02,False,155359.24902288005,154000.3440698913,1361.0707749475964,1.7444462421085856,0.42137571672230756,1358.9049529887657,0.008838102168978857,0.008824038421446917,1744.4462421085857,61890.41331320114,48607.987277389606,1355.4717888455984,5.5989861019977365,195,192,0.003189638582388846,62.70302883350882,108.9162641374902,0.19757991654082563,0.037728710193301616
2024-02-03,False,155452.1139646625,155359.24902288005,109.9953271910376,2.4546069840756903,14.675778424495316,92.86494178246659,0.0007080063007696335,0.0005977432458417084,2454.6069840756904,62366.82293799825,49083.60906276338,35.09128428628509,74.90404290475254,195,191,0.0032238147301242247,62.03830453752326,108.36230802966207,0.19793761356313638,0.038336918891876105
2024-02-04,False,153431.3445106796,155452.1139646625,-2004.3690647789972,1.689095841363371,14.71129336255447,-2020.769453982915,-0.012893803845180464,-0.01299930507501672,1689.0958413633712,63254.15131293799,49940.273295448234,-2175.091524516317,170.7224597373202,195,191,0.0032450892501983608,61.631586862449076,108.36230802966203,0.19887522540627847,0.03835030856210466
2024-02-05,False,153015.4498166078,153431.3445106796,-398.4831072950656,2.735357445473434,14.67622933125245,-415.8946940717915,-0.002597142771354188,-0.0027106240605409226,2735.3574454734344,62642.27146323624,49331.84441587912,-378.00561634005516,-20.47749095501038,191,187,0.0033584948978521473,59.55048498894719,106.05573636239671,0.1979513621872384,0.03931051470700049
2024-02-06,False,152999.62627897706,153015.4498166078,-0.8489272963826799,1.4970322595050556,13.477578074860535,-15.82353763074827,-5.547984189832706e-06,-0.0001034113721830907,1497.0322595050557,62731.768949381585,49046.51123919297,21.547156732855832,-22.396084029238516,189,185,0.003448937417834263,57.9888747664168,104.91919275685511,0.19859701277677927,0.03998961532485939
2024-02-07,False,153765.21377882842,152999.62627897706,775.6256798136701,7.065243969603572,2.9729359926986856,765.5874998513679,0.005069461270443934,0.005003852090824117,7065.243969603573,61129.37666436326,46665.410877088696,900.2190325376446,-124.59335272397452,187,183,0.003251126018831377,61.51714785632652,104.73100735345206,0.19753553406157598,0.04081344041241727
2024-02-08,False,153612.43279588062,153765.21377882842,-148.12416982042285,0.5055828928812827,4.151230234497156,-152.78098294780128,-0.0009633139133372553,-0.0009935991320348773,505.58289288128265,61880.75353936407,47261.30682850816,-133.98550176664463,-14.138668053778206,186,182,0.0032696309335431646,61.16898330884955,104.1495940021249,0.19884332131102914,0.040477682925153795
2024-02-09,False,154832.41388598245,153612.43279588062,1320.0391610833876,46.077263102323855,53.980807879239464,1219.9810901018245,0.008593309389464905,0.007941942379904424,46077.26310232385,81374.76845651455,42903.77595177132,1291.3409462241082,28.698214859279588,189,185,0.004480781631984652,44.6350695986528,104.02239976695155,0.19527978079991082,0.053139952578862
2024-02-10,False,154928.72202789853,154832.41388598245,156.3653298539325,2.3053997767838403,57.751788161066244,96.30814191608242,0.00100990048484989,0.0006220153745520178,2305.39977678384,84287.84996075943,42692.98520012319,-1.9131063265263606,158.27843618045887,187,183,0.004497845167839628,44.46573693332858,102.91515763315014,0.19565536785160845,0.05280494551127539
2024-02-11,False,154446.10535253517,154928.72202789853,-432.97561257441976,2.984554555820287,46.656508233112916,-482.61667536335295,-0.0027946762027537568,-0.003115088468079189,2984.5545558202866,84828.05754203966,42300.42498203091,-85.92115530108298,-347.0544572733368,184,180,0.004539393738626237,44.058746941948755,101.23553509123506,0.19541408710656918,0.05364444816694758
2024-02-12,False,155744.73653896377,154446.10535253517,1333.369196368975,2.059710418132587,32.67829952225098,1298.6311864285915,0.008633232889398258,0.008408312941685162,2059.710418132587,84166.86034242884,41720.794835598805,1980.6297153390458,-647.2605189700708,182,176,0.004612946770474482,43.356234084493515,98.95799826990024,0.1946363697880957,0.05376535707792054
2024-02-13,False,155477.3252740979,155744.73653896377,-226.71972118681612,3.075015555625221,37.616528123436,-267.41126486587734,-0.001455713536297235,-0.001716984283439827,3075.015555625221,83719.80545603475,42335.235868271906,-194.2123870996354,-32.507334087180816,182,177,0.004531950102920293,44.131112536107636,99.53093268476273,0.19481014060323687,0.05241114349150131
2024-02-14,False,157240.94559716713,155477.3252740979,1840.9274414766505,0.8230288982417445,76.4840895091762,1763.6203230692327,0.011840488239884482,0.011343263848667757,823.0288982417445,82741.56326980446,42567.44512695071,2099.10824295196,-258.18080147530986,181,176,0.0045011320908821045,44.43326611212719,98.9535568068694,0.19312598576713305,0.05116406083414121
2024-02-15,False,157837.4486619924,157240.94559716713,669.9483794248657,3.0162723672938503,70.4290422322959,596.5030648252759,0.004260648375526786,0.0037935606566081516,3016.2723672938505,82108.30744787131,43722.83401903731,763.7566679593675,-93.80828853450183,181,177,0.004396993879786686,45.48562164696548,99.53093268476273,0.19314879760975795,0.050655813386568604
2024-02-16,False,157909.66560260043,157837.4486619924,166.91704062105276,19.247693443462484,75.45240656956139,72.21694060802889,0.0010575249539068782,0.0004575399641860714,19247.693443462485,75490.17433396724,49317.129610691874,222.18403859946076,-55.26699797840792,181,180,0.003640226481598179,54.941636464386534,99.67213373390658,0.19290794471147799,0.04178247111702326
2024-02-17,False,159117.73748593908,157909.66560260043,1271.5808819931344,2.6674555386205125,60.841543115856055,1208.071883338658,0.008052584223648651,0.007650398591679137,2667.4555386205125,73389.19433493714,49625.49792262494,1100.0046551939743,171.57622679916,182,180,0.003553027316702933,56.290025989890786,99.67213373390659,0.1915618668409759,0.040945139778541986
2024-02-18,False,162004.63096466035,159117.73748593908,2942.1113236722713,2.7086854953303323,52.50915945568272,2886.8934787212584,0.018490153078831076,0.01814312800278704,2708.6854953303323,72242.94688541806,50013.60820066741,3046.2635571796254,-104.15223350735404,182,180,0.0034650020584102745,57.72002343102763,99.67213373390659,0.1904529071110958,0.039547540066596644
2024-02-19,False,163322.42190806466,162004.63096466035,1386.9290145766329,5.598557974666135,63.53951319765995,1317.7909434043067,0.008561045485663785,0.008134279468170075,5598.557974666135,70277.40035972207,49409.6844808726,780.8411801337372,606.0878344428957,183,180,0.0033941434516006003,58.9250286123542,99.67213373390659,0.18879101993163702,0.04000793184851396
2024-02-20,False,161133.8344586489,163322.42190806466,-2131.7319467446805,2.8352719214354924,54.02023074963299,-2188.587449415749,-0.01305229203583968,-0.01340041020606295,2835.2719214354925,69806.76815882148,50720.65401240583,-1329.4009614389843,-802.330985305696,183,180,0.0032642364452207715,61.270071380038566,99.67213373390655,0.18832809517326995,0.039782775611113354
2024-02-21,False,159559.25603390037,161133.8344586489,-1540.177905338008,3.1076740248479298,31.29284538568372,-1574.5784247485396,-0.009558376802193319,-0.009771867156507203,3107.67402484793,69120.46636968077,50832.345210765765,-1616.4247862539949,76.24688091598675,183,180,0.00318196841627361,62.854175100273046,99.67213373390655,0.18770086634253202,0.03993560436295844
2024-02-22,False,159139.2190500956,159559.25603390037,-365.73607141019636,0.8708005152939293,53.43011187928378,-420.0369838047741,-0.0022921645569248025,-0.0026324827167377362,870.8005152939293,68105.3005034392,50148.2792297639,-289.6569817990777,-76.07908961111863,183,180,0.003157739426942801,63.33644831284642,99.67213373390659,0.18673103920646336,0.0401028846942307
2024-02-23,False,159230.2097113255,159139.2190500956,163.13485049259492,20.79999930471371,51.34418995797604,90.99066122990517,0.0010251077733468175,0.000571767674700365,20799.99930471371,67294.44317680928,45057.38500106356,128.40827972549488,34.72657076710007,188,188,0.00315356092893327,63.420369704939375,101.007170051109,0.18601507651454974,0.0442362175849815
2024-02-24,False,160980.81882097942,159230.2097113255,1794.7494833695396,2.0010230039814187,42.13935071163294,1750.6091096539253,0.011271413173563666,0.010994202122999593,2001.023003981419,68865.22882686144,46327.90348814745,1893.400071210757,-98.65058784121771,191,188,0.0031473062596632513,63.546405560607624,101.00717005110901,0.18621095399034063,0.044537252311744636
2024-02-25,False,162951.4595878875,160980.81882097942,2025.3735707040764,2.57049412762459,52.16230966835852,1970.6407669080932,0.012581458993300416,0.012241463183881349,2570.49412762459,69295.9284400814,47020.98170435295,2396.618209284875,-371.2446385807983,192,188,0.003130778432348232,63.88187612816488,101.00717005110901,0.1863855849803937,0.04473277080968564
2024-02-26,False,163111.45656076123,162951.4595878875,258.1620018605448,4.949777266086648,93.21525172074709,159.9969728737111,0.0015842877536258319,0.00098186891530982,4949.7772660866485,69242.46581305953,47825.55710836727,532.1563148871505,-273.9943130266056,192,188,0.0030996091851878045,64.52426356062759,101.007170051109,0.1850477707279157,0.04581844216716933
2024-02-27,False,163790.72757399434,163111.45656076123,792.3720144951494,2.58635792481119,110.51464333722001,679.2710132331182,0.0048578562855269465,0.0041644592449585575,2586.35792481119,68989.48814881305,48820.7058524374,1049.6417102201838,-257.2696957250342,192,188,0.003058757070371068,65.38603602663265,101.00717005110901,0.18539135915384183,0.045994284585956724
2024-02-28,False,163402.7264819702,163790.72757399434,-286.65344223569616,2.201271398356649,99.14637839010618,-388.001092024159,-0.0017501200860481994,-0.0023688831338078953,2201.271398356649,68637.50095016844,49362.585968522515,-452.00095776308433,165.34751552738823,192,188,0.003023302187472149,66.15283143999062,101.00717005110901,0.18487193175844466,0.04620946862314356
2024-02-29,False,162582.6321357949,163402.7264819702,-703.0127375665951,1.2061998501642082,115.87540875852027,-820.0943461752796,-0.004302331746246384,-0.005018853502825539,1206.199850164208,67862.79905860753,49160.046943925496,-465.19860205057046,-237.8141355160246,194,188,0.0030148543564746436,66.33819626161504,101.00717005110903,0.1840492665422452,0.047504077463581484
2024-03-01,False,164217.84058930897,162582.6321357949,1773.7382017759169,26.529767669105343,111.99998059275762,1635.208453514054,0.01090976433629409,0.010057706853634088,26529.767669105342,73535.4494893238,54892.25839164991,2209.085408095048,-435.3472063191313,210,204,0.0030904373917800764,64.71575853047811,106.21148951852302,0.18098898716244943,0.05397496411973417
2024-03-02,False,165571.92759906308,164217.84058930897,1540.2747049098298,5.553579169255509,180.63411598644566,1354.0870097541285,0.009379460230279668,0.008245675408316649,5553.579169255509,73421.02622851255,56800.19264622863,1703.8353700512366,-163.56066514140656,210,204,0.0029119685776179305,68.68205980560596,106.21148951852301,0.1838033767131207,0.049709177486315016
2024-03-03,False,164491.52115587328,165571.92759906308,-917.4350405743412,4.537012215484189,158.4343903999818,-1080.4064431898073,-0.0055410059777520684,-0.006525299661945356,4537.01221548419,73429.73460678403,58786.54030979603,-743.4191516986161,-174.0158888757251,210,204,0.002747465334286855,72.79436704955295,106.21148951852301,0.18512462885793812,0.04645304947356765
2024-03-04,False,164538.63939738137,164491.52115587328,212.3582300637367,5.33227937833027,159.9077091773321,47.118241508074334,0.001290998031822592,0.0002864478434935547,5332.27937833027,74325.32724341535,60924.64615991334,183.57141308544325,28.786816978293388,210,204,0.0026385908157829036,75.79803537694701,106.21148951852302,0.18480930923524655,0.04772360655085413
2024-03-05,False,159162.70668724878,164538.63939738137,-5150.576410078657,1.9310730183888787,223.42522703554363,-5375.93271013259,-0.031303142100496964,-0.03267276750203969,1931.0730183888786,74099.25078142073,61628.09266244324,-5478.597927033441,328.0215169547835,210,204,0.0025813788188889376,77.4779736071759,106.21148951852302,0.18589377678185334,0.045745956635198974
2024-03-06,False,162313.5935194393,159162.70668724878,3196.974209644007,1.2787152910834645,44.80866216239037,3150.8868321905334,0.020086201574380052,0.019796640166354778,1278.7152910834643,69089.89212387211,57229.97569544499,3315.7932523554264,-118.8190427114193,210,204,0.002626502269756266,76.1468978355612,106.21148951852302,0.18377610305030276,0.045941865563855676
2024-03-07,False,164457.6644254421,162313.5935194393,2230.189672487895,2.363641819054686,83.75512466605329,2144.0709060027875,0.013740005529609564,0.013209435263633697,2363.641819054686,70931.7021205434,59185.07342092802,2220.9796970155458,9.209975472349276,210,204,0.0026212121982454512,76.30057579232734,106.21148951852302,0.1866766936462366,0.0437979115871758
2024-03-08,False,164271.96378012653,164457.6644254421,-31.916668515259033,35.59397140793575,118.19000539238289,-185.70064531557767,-0.0001940722472665824,-0.0011291699049986582,35593.97140793574,65428.76839870241,53913.354388989785,68.84806986375494,-100.76473837901398,223,218,0.002565775024676754,77.94915691222646,115.95770345257156,0.18635817879708927,0.04504101025915398
2024-03-09,False,167172.49365758512,164271.96378012653,3059.4753830800364,2.319829615278602,156.62567600617956,2900.529877458578,0.018624452479152554,0.017656877112279833,2319.829615278602,64818.912018409195,53894.61575518423,2956.903369891545,102.57201318849121,224,218,0.0025549720650478364,78.27874235339455,115.95770345257155,0.18612617073061494,0.046108526035294285
2024-03-10,False,168723.95677895704,167172.49365758512,1727.2652540906238,4.744659712666681,171.05747300603596,1551.4631213719213,0.010332233588789638,0.009280612422697607,4744.65971266668,64974.205060738714,54330.90473596114,1823.8766493679666,-96.61139527734281,224,218,0.002526421960278695,79.16333975261107,115.95770345257156,0.186429676119732,0.04607886966364455
2024-03-11,False,170148.97541357754,168723.95677895704,1554.3694629462784,4.995750912765503,124.35507741301971,1425.0186346204932,0.009212500065907278,0.008445858322818914,4995.750912765503,64580.63079337691,54383.35398574792,1519.6067567278387,34.76270621843974,225,218,0.0025116891839803684,79.6276869270315,115.95770345257155,0.18530471686261699,0.04673281401830763
2024-03-12,False,172675.44178397665,170148.97541357754,2654.9485166065483,2.4012648976029696,126.08088130983984,2526.4663703991055,0.015603670313930606,0.014848554710706173,2401.2648976029695,65168.38200761762,55409.45310966832,2640.5548560352627,14.393660571285665,225,218,0.002475148175674167,80.80324320200552,115.95770345257156,0.1880222717811232,0.0442601402338746
2024-03-13,False,174493.9739662707,172675.44178397665,1947.466448101913,5.22906295983737,123.70520284802717,1818.5321822940487,0.011278190042439651,0.01053150444270529,5229.06295983737,65545.15180595512,56233.516400364504,2072.490759094275,-125.02431099236195,225,218,0.0024069616795575136,83.09230749231007,115.95770345257156,0.18845414854012102,0.04308187709631853
2024-03-14,False,175370.10165680724,174493.9739662707,1023.1417115348058,3.743694363582514,143.27032663470433,876.1276905365189,0.00586347876822713,0.005020962447137988,3743.694363582514,65698.71905742881,57010.98593192073,952.5383205452306,70.60339098957516,225,218,0.002375706353352534,84.18548854649706,115.95770345257155,0.1892995542872989,0.04179782858630488
2024-03-15,False,172426.46898373158,175370.10165680724,-2832.437363798954,29.787363812530668,81.40794546416106,-2943.6326730756455,-0.016151198733646902,-0.01678525954689942,29787.363812530668,60603.63784488247,52541.8374650605,-2938.489911689097,106.0525478901434,230,223,0.0021628688649970957,92.4697762479782,114.98343608568965,0.1895992071894416,0.04112654532619201
2024-03-16,False,168489.58178188914,172426.46898373158,-3898.3822741786826,1.1722431695567734,37.332684494194474,-3936.8872018424336,-0.022608954977477932,-0.02283226713999391,1172.2431695567734,58567.339061819264,50717.64377777758,-3960.566603965014,62.18432978633142,230,223,0.002175644551023967,91.92678091918555,114.98343608568965,0.18832609782263704,0.04076287490580102
2024-03-17,False,171868.84417457398,168489.58178188914,3418.2462464279265,1.8926547341746414,37.091199008903885,3379.262392684848,0.02028758223670392,0.020056209748679447,1892.6547341746414,56110.54573626363,48197.881495906484,3429.6554736247385,-11.409227196812271,230,223,0.002213435941066811,90.35725691867364,114.98343608568966,0.1869752118688238,0.04010933489078426
2024-03-18,False,168908.4402785213,171868.84417457398,-2922.4609555472143,2.652591717743484,35.2903487877101,-2960.403896052668,-0.017004018206922687,-0.017224785040421107,2652.591717743484,57332.3827912095,49150.444173069285,-2898.296304215117,-24.164651332098014,230,223,0.002234476352248016,89.50642945886992,114.98343608568966,0.18938348678901906,0.04019953651251806
2024-03-19,False,165803.52123388243,168908.4402785213,-3073.8827399334104,1.2428562580610665,29.793448447381643,-3104.9190446388534,-0.01819851473890077,-0.018382261061193877,1242.8562580610665,55611.97554164792,47373.456932177425,-3243.976815924858,170.09407599144777,230,223,0.002275348312133438,87.89863025959033,114.98343608568965,0.18710139966309752,0.040062516384819766
2024-03-20,False,170318.83123888634,165803.52123388243,4540.1080646467635,3.0676227057484358,21.730436937108404,4515.310005003907,0.02738245865262709,0.02723289572743519,3067.6227057484357,53494.92485594558,44670.131249935395,4707.169617841425,-167.06155319466183,230,223,0.0023751101964634507,84.20661925404593,114.98343608568965,0.18507493926683355,0.04050080641813214
2024-03-21,False,172976.43660484182,170318.83123888634,2681.1146979155337,3.4622439508443548,20.047088009212892,2657.6053659554764,0.015741739644485036,0.01560370833115901,3462.2439508443545,55386.15322742829,46224.56446230243,2642.1881603807487,38.92653753478518,230,223,0.0024311024214951544,82.26720447137635,114.98343608568968,0.18984367173531197,0.03813407945877284
2024-03-22,False,172022.7262188174,172976.43660484182,-894.3636040696173,31.89389158872092,27.452890366071944,-953.7103860244102,-0.0051704360525865,-0.0055135277656524154,31893.89158872092,54440.637199117526,45379.19920274951,-987.4714392750317,93.10783520541445,233,227,0.0021538428880684157,92.85728365236598,124.60129979021677,0.19389710679212382,0.032210370482892894
2024-03-23,False,171799.66204356728,172022.7262188174,-203.0519413521834,1.1124526097566274,18.899781288176527,-223.06417525011653,-0.0011803785802923274,-0.0012967134061482846,1112.4526097566275,53997.70664406939,44700.98845156605,-87.7431059880723,-115.3088353641111,233,227,0.0021792908571215317,91.77297254583337,124.60129979021677,0.1925923741465563,0.032243584590704574
2024-03-24,False,173942.33768438364,171799.66204356728,2163.769165721603,1.1192364998938873,19.974288405342698,2142.6756408163665,0.012594723062801398,0.01247194328166372,1119.2364998938872,54124.97319874771,44659.14167994404,2245.598654841678,-81.82948912007564,233,227,0.0022019198212994183,90.8298286183618,124.60129979021677,0.1930656500075845,0.03214111488266272
2024-03-25,False,175435.56432548258,173942.33768438364,1519.1570541328365,1.4698192474059297,24.460593786488126,1493.2266410989425,0.008733681945158915,0.008584607180618585,1469.8192474059297,55140.07736881628,45768.13988958945,1542.7047723865326,-23.54771825369606,233,227,0.002206853056386815,90.62678614744353,124.60129979021677,0.19479183501446046,0.03128748495876303
2024-03-26,False,176055.89208416166,175435.56432548258,663.1634162131019,1.2085212107430972,41.62713632327106,620.3277586790877,0.0037800968051309495,0.003535929337156543,1208.521210743097,55736.47765928342,46570.75760662138,462.4025449382779,200.76087127482398,233,227,0.002195911675476258,91.07834446784989,124.60129979021677,0.1960326734423476,0.031038080842811636
2024-03-27,False,175989.33213650808,176055.89208416166,-10.505915924612594,1.2684520395054895,54.785579689456576,-66.55994765357465,-5.9673753603147526e-05,-0.00037806146028760215,1268.4520395054894,56223.56254990402,46992.581891677604,69.34981649369895,-79.85573241831156,233,227,0.0021783595564934294,91.81220767885813,124.60129979021681,0.19665033101301024,0.030110391443706492
2024-03-28,False,177652.5205500959,175989.33213650808,1714.5806924394133,1.5182967294063556,49.87398212217864,1663.1884135878283,0.009742526274885114,0.009450506990376882,1518.2967294063556,55992.5430807014,46646.94306325633,1629.9629862008414,84.61770623857173,233,227,0.002169454643898062,92.18906722135537,124.60129979021674,0.19562134903247577,0.030295463286427182
2024-03-29,False,175613.29305162324,177652.5205500959,-1930.931029031919,46.0682412011317,62.2282282396244,-2039.227498472675,-0.010869145132604067,-0.01147874227823093,46068.2412011317,86574.48212919253,76575.76625953388,-2008.2464769076487,77.31544787572965,237,231,0.002353265084815648,84.98830042161092,119.65593175897473,0.1931801207163363,0.033757901140722614
2024-03-30,False,175119.87329940294,175613.29305162324,-387.0609237127329,34.013710763856196,72.34511774371434,-493.41975222030345,-0.002204052534900946,-0.002809694776780126,34013.710763856194,58702.4994284453,48011.94936466411,-509.43378970375124,122.37286599101834,236,230,0.0022014961217361705,90.84730971148548,127.00949958777228,0.19072333649790554,0.0337733080898692
2024-03-31,False,175954.62625864526,175119.87329940294,901.3867511243759,1.1661749543590214,65.46761692767893,834.752959242338,0.005147255614919686,0.0047667517313420985,1166.1749543590215,58979.47643851271,47690.77098716514,873.4057254406056,27.981025683770206,236,230,0.0022101323338133715,90.49231891690357,127.00949958777228,0.19098104907178784,0.03402145617667894
2024-04-01,False,173743.8053782012,175954.62625864526,-2138.7004776203466,8.207633329301405,63.91276949440407,-2210.820880444052,-0.012154840842187091,-0.012564721527663877,8207.633329301407,57646.28186589524,45636.92863820943,-2354.2737175867132,215.57323996636674,235,229,0.0022180132894061076,90.17078524969152,127.45500302976498,0.19101102478661594,0.03454143768081386
2024-04-02,False,172585.45152200272,173743.8053782012,-1132.3527312676456,2.1306119196309963,23.87051301120052,-1158.3538561984772,-0.006517370382228985,-0.0066670224798921675,2130.6119196309965,56974.22240770975,44210.38326977211,-1176.6420797308224,44.28934846317698,235,229,0.0022478297259889883,88.9747108900809,127.455003029765,0.19048485072036378,0.03386894898216795
2024-04-03,False,171391.70889666938,172585.45152200272,-1173.5790705254135,2.151423096942252,18.012131710988008,-1193.7426253333438,-0.006799988412556288,-0.006916820710007268,2151.423096942252,56480.03653774169,42793.935507587754,-847.8778196960733,-325.70125082934027,234,228,0.0023095807590487816,86.59580281677248,126.89418220658591,0.18921572265130737,0.033159166873235654
2024-04-04,False,173269.01438802943,171391.70889666938,1908.520537041205,1.3357119613441328,29.879333719800933,1877.30549136006,0.011135430933778926,0.01095330400429038,1335.7119613441328,56719.61693371068,42089.67187608988,2063.788137924304,-155.26760088309877,234,228,0.002366437815801784,84.51521466759398,126.89418220658592,0.18937661587136814,0.03300537123390537
2024-04-05,False,172584.86108112682,173269.01438802943,-641.6870611794045,24.124872557218346,18.341373165986585,-684.1533069026095,-0.003703414966869786,-0.003948503483551156,24124.872557218347,53778.25072137661,40781.34575362635,-850.6515635778055,208.96450239840107,234,228,0.0023232286710034044,86.08709185463859,126.86345176909043,0.19644350599680402,0.02735692716071832
2024-04-06,False,174947.06993891037,172584.86108112682,2381.5473181863135,1.4659019812512022,17.87255842150392,2362.2088577835584,0.013799282876073479,0.013687230982983826,1465.9019812512022,53644.120928383876,40321.821931601924,2608.785901627759,-227.2385834414456,234,228,0.0023308514162871112,85.80555525868161,126.86345176909042,0.196816882450176,0.026581634853058318
2024-04-07,False,175956.89610554025,174947.06993891037,1035.6812527364043,6.699443507238035,19.15564259930077,1009.8261666298654,0.005919969126079408,0.005772181077296612,6699.443507238035,59374.80667027981,36475.04879650327,1004.1513046759477,31.529948060456448,234,228,0.0023689301957788463,84.42629519281589,126.86345176909042,0.19737359521785322,0.026530678612263495
2024-04-08,False,177342.79938048412,175956.89610554025,1409.865151301547,4.260566441414312,19.701309916252733,1385.90327494388,0.008012559794507284,0.007876379418017268,4260.566441414312,63098.861203255874,34902.51917572839,1966.5990405966857,-556.7338892951384,234,228,0.0023748410918144206,84.21616111046676,126.86345176909043,0.19891794552130837,0.026236137257554228
2024-04-09,False,175852.28560125415,177342.79938048412,-1459.0839064810039,2.1893867401984535,29.240486008766347,-1490.5137792299686,-0.008227477583403763,-0.008404704247574845,2189.3867401984535,63711.7651802114,35686.727061598845,-1781.4489419065453,322.3650354255415,234,228,0.002371747373055353,84.3260130788526,126.86345176909043,0.20023282294205794,0.025421261638394678
2024-04-10,False,175604.12859779486,175852.28560125415,-236.07769564444504,0.9030600531632077,11.1762477616882,-248.15700345929645,-0.0013424772662878677,-0.0014111673477022275,903.0600531632076,62327.0339624663,34413.609350463295,-250.32242218973943,14.244726545294377,234,228,0.002390013207455037,83.68154593294756,126.86345176909043,0.19756133547469076,0.025098305958156267
2024-04-11,False,174596.18362581107,175604.12859779486,-998.030695718239,0.6479118453767593,9.266364420164868,-1007.9449719837806,-0.005683412478325819,-0.005739870582954152,647.9118453767593,62286.9104676202,34220.32551220692,-1018.4793095794544,20.448613861215243,234,228,0.0024082433580072424,83.04808537518181,126.86345176909042,0.19800833151597247,0.02546660707619852
2024-04-12,False,169377.322343894,174596.18362581107,-5195.902115577983,8.108566951530664,14.850599387575633,-5218.861281917089,-0.02975954002931515,-0.029891038701636143,8108.566951530664,62794.537155034974,33551.08245795085,-6457.36377362702,1261.461658049036,236,230,0.002494622643716742,80.17244632319208,127.27257904235451,0.19645797349007577,0.02649140876519441
2024-04-13,False,164677.10340705395,169377.322343894,-4688.591504105131,6.212187762820789,5.415244972090688,-4700.218936840042,-0.027681341511502255,-0.027749989619607916,6212.187762820789,59825.36068717201,28725.79558339141,-5766.60793626572,1078.0164321605887,236,230,0.0027310276023508064,73.23250773000045,127.27257904235451,0.1949928265180962,0.026455988530118255
2024-04-14,False,166940.43556540954,164677.10340705395,2281.2977685816536,15.230963083796494,2.73464714226737,2263.33215835559,0.013853157004727435,0.013744061023231722,15230.963083796494,59091.396998033044,21063.007733252896,3265.437725625323,-984.1399570436687,236,230,0.0033181063234891564,60.2753439768289,127.27257904235452,0.1932249342672524,0.03223314275030888
2024-04-15,False,164070.23310819967,166940.43556540954,-2857.1768757237915,11.223318518966929,1.8022629671059365,-2870.2024572098644,-0.017114948011527804,-0.01719297333500295,11223.318518966928,65144.25067901521,16153.079990467118,-2685.5258898270285,-171.65098589676245,236,230,0.0038033257164411015,52.585556670951306,127.27257904235452,0.19597697682744797,0.035835181327278726
2024-04-16,False,165185.44379220047,164070.23310819967,1130.0150173664115,15.386997725342177,-0.5826643597466639,1115.210684000816,0.006887385944171839,0.006797154260549908,15386.997725342177,76362.08233925389,6229.643999242762,969.6159841923045,160.39903317410693,234,228,0.0043894833898882905,45.5634484141629,126.16766440154231,0.1966233763300529,0.04298425397373123
2024-04-17,False,166117.27023271774,165185.44379220047,939.841591406249,11.71576482620533,-3.700613937226084,931.8264405172697,0.005689615076426155,0.005641092938488491,11715.76482620533,86138.04226246028,-796.1845651833901,-642.4522479100974,1582.2938393163463,234,228,0.0046852029319785155,42.687585341269724,126.1676644015423,0.19954452751903265,0.04735930674487522
2024-04-18,False,165943.47472167393,166117.27023271774,-166.0354990284381,11.191821253530499,-3.4318092381742082,-173.7955110437944,-0.0009995077501323908,-0.0010462218094501553,11191.8212535305,92529.31180944789,-7733.457081083481,226.06183566382913,-392.09733469226717,234,228,0.004840615486949419,41.31705989438981,126.16766440154228,0.20085267764299977,0.05231244078685558
2024-04-19,False,164779.38558955828,165943.47472167393,-1109.5033336550732,48.21225950812636,6.373538952446913,-1164.0891321156466,-0.006686031707579766,-0.0070149738280947576,48212.25950812636,65760.54799053595,15111.382408609596,-939.1085054145503,-170.3948282405229,238,231,0.0033603837263878446,59.517012426132865,135.73505712138643,0.21222245090865316,0.038942833029902674
2024-04-20,False,166317.3619164984,164779.38558955828,1539.6101193793781,3.7780602549021265,-2.1442678156480977,1537.9763269401242,0.009343463163616384,0.009333548134297586,3778.060254902126,67287.46285100395,13500.622826120787,2883.9395338614895,-1344.3294144821118,238,231,0.0034721235083109607,57.60163759188723,135.73505712138646,0.2133211145079919,0.04190556825748086
2024-04-21,False,165819.6710933845,166317.3619164984,-494.40453737944074,3.2656653508744355,0.020620383585985946,-497.69082311390116,-0.0029726574043884993,-0.0029924165305349943,3265.6653508744357,70430.4590048406,13683.865093329085,-1192.0649258991782,697.6603885197374,238,231,0.0034900570797105606,57.305653011436284,135.73505712138646,0.21590381882616305,0.04312027859406332
2024-04-22,False,167236.49464205996,165819.6710933845,1428.4591621479203,3.0125094410927393,8.623104031378496,1416.823548675449,0.008614533804879256,0.008544363520523074,3012.5094410927395,71196.26282037351,13962.647171591048,2002.7528634425325,-574.2937012946122,238,231,0.0035302009266887685,56.65399906503183,135.73505712138646,0.21547613878833796,0.04420213321697976
2024-04-23,False,166866.99532924703,167236.49464205996,-368.5143964009228,1.3794323916586992,-0.39451597965564744,-369.4993128129259,-0.002203552503235986,-0.002209441866165478,1379.4323916586993,72472.00472212132,14011.67394208027,-291.7176858227641,-76.79671057815867,238,231,0.003558188170821352,56.2083820187152,135.73505712138643,0.21734503795278592,0.044084081269836116
2024-04-24,False,166388.3893505484,166866.99532924703,-478.1696398909186,1.6447050096724674,-1.2083662019557577,-478.6059786986353,-0.0028655735003044612,-0.0028681883901264765,1644.7050096724674,72411.18541370108,13779.099676473863,-1329.5666514854383,851.3970115945197,237,230,0.0035877950088646546,55.74454491013112,135.13942048566682,0.21636904310804858,0.04509336337155537
2024-04-25,False,164896.162966887,166388.3893505484,-1492.0353281930861,2.6422234272119223,-2.4511679589212427,-1492.226383661377,-0.008967184152793583,-0.0089683324027949,2642.223427211922,72737.75812315458,13753.782245169281,-1237.5521571932434,-254.48317099984263,237,230,0.0036344462823787007,55.02901527797584,135.13942048566682,0.21541714969531817,0.04624872349448078
2024-04-26,False,165432.76786869843,164896.162966887,557.5947908096911,25.1045766385299,-4.114687640274949,536.6049018114361,0.003381490392360812,0.0032541988373567697,25104.5766385299,73736.7394690371,14673.923490928775,383.2196558209002,174.37513498879085,239,232,0.003567795633113189,56.05702247734518,138.6455370661132,0.2165315084708922,0.047465600300825174
2024-04-27,False,165162.0245689633,165432.76786869843,-76.64494017586361,2.5890371903374363,191.50932236893647,-270.7432997351375,-0.00046329963019596927,-0.0016365760134656182,2589.037190337436,74516.99915206645,13828.29884934632,799.9378237897389,-876.5827639656026,239,232,0.0036438345344012137,54.88723434387938,138.6455370661132,0.21654763858530923,0.04862917944165137
2024-04-28,False,164574.07300574429,165162.0245689633,-575.8429154919033,1.273680640385598,10.834967086724692,-587.9515632190136,-0.003486533402546543,-0.003559847154655789,1273.680640385598,75201.56175785456,13147.289880362841,60.67851388979702,-636.5214293817003,239,232,0.003699862812969898,54.0560583216487,138.64553706611318,0.217045621965502,0.050077083990493286
2024-04-29,False,163945.6419192063,164574.07300574429,-624.8300100904825,1.7793528815711037,1.8217235659417605,-628.4310865379953,-0.003796649123879151,-0.0038185303131925315,1779.3528815711038,75288.96413848853,12730.049406003563,-370.11141682437074,-254.7185932661119,239,232,0.003768403755772137,53.07286930007331,138.64553706611318,0.21751232960148395,0.051415775536632964
2024-04-30,False,163059.6098276987,163945.6419192063,-885.77170979843,2.3101739383355615,-2.049792229155538,-886.0320915076101,-0.005402837790802303,-0.005404426010569122,2310.1739383355616,75659.87606964898,11691.779749002282,-3096.63005991905,2210.858350120621,239,232,0.003857363918828214,51.84888027385184,138.6455370661132,0.21767385920363616,0.05347985052324497
2024-05-01,False,162944.14280811354,163059.6098276987,-118.92078267460488,5.732142753821252,-9.185905843251826,-115.4670195851743,-0.0007293086424054718,-0.0007081276577761078,5732.142753821252,75390.31369264283,9818.631684439128,703.4650298981364,-822.3858125727413,239,232,0.004016593453687761,49.793438720160665,138.64553706611318,0.2160249245151313,0.0571539518760123
2024-05-02,False,162653.29454310462,162944.14280811354,-294.50141664122987,2.144662708529066,-5.797814340844951,-290.8482650089139,-0.0018073765129934187,-0.0017849568569729014,2144.662708529066,76901.08401753436,8419.111029813866,-204.21259868706304,-90.2888179541667,239,232,0.004156898565454697,48.11279295147373,138.64553706611318,0.21756195274786155,0.060526586551305835
2024-05-03,False,164062.7057303098,162653.29454310462,1429.690377083707,29.339808907323697,-9.060619028778639,1409.411187205162,0.008789802758682063,0.008665125358599207,29339.8089073237,81028.10216153009,-11137.029110482828,2550.912233668739,-1121.2218565850324,239,232,0.005117328137922713,39.0828953331858,139.04562872435656,0.2067868076523261,0.07404512694032807
2024-05-04,False,165554.9332412607,164062.7057303098,1486.7127447460357,1.3364144023178197,-6.851180607180888,1492.2275109508987,0.009061856795108144,0.00909547056601552,1336.4144023178196,83414.5995819347,-10345.638632896986,1132.2218796448985,354.4908651011371,239,232,0.005109698392228039,39.14125348459007,139.04562872435653,0.20879041692306127,0.07315390989249898
2024-05-05,False,162743.32798239705,165554.9332412607,-2811.244143183694,2.754332049244841,-2.393216369294697,-2811.6052588636444,-0.016980733150892643,-0.016982914394742525,2754.332049244841,85146.1131772418,-10790.132828082635,222.13282028851535,-3033.3769634722094,239,232,0.005092803770613217,39.271098791210306,139.04562872435656,0.207846071408434,0.0743752063234668
2024-05-06,False,162540.39188970297,162743.32798239705,-201.70974914250417,5.643880395584905,-4.417536843990643,-202.93609269409845,-0.0012394348305592097,-0.0012469702765083481,5643.880395584904,83468.33844164683,-8662.855681658817,-664.5511601099089,462.8414109674046,239,232,0.005121849268820737,39.048396292624275,139.0456287243565,0.20870702823631881,0.07516320252077222
2024-05-07,False,162213.8910122064,162540.39188970297,-252.67660776295833,1.860437847496509,71.96383188608955,-326.5008774965444,-0.0015545465642436756,-0.0020087368665759222,1860.4378474965092,82983.38540548903,-7622.001767856367,-661.7634281452072,409.0868203822492,239,232,0.005150190706004872,38.83351343996053,139.04562872435653,0.2087092299827152,0.07637599638089607
2024-05-08,False,160814.84474640965,162213.8910122064,-1331.2208572955278,2.841258674381007,64.98414982686042,-1399.0462657967691,-0.008206577432973079,-0.008624700739664105,2841.258674381007,83084.11682406085,-7703.969852746428,726.7181302416928,-2057.938987537221,239,232,0.005192653448419926,38.515953738614705,139.04562872435653,0.20921484018656084,0.07814960928040654
2024-05-09,False,159898.9144425522,160814.84474640965,-705.4506987142181,6.636749292288143,203.84285585095714,-915.9303038574634,-0.004386726236788958,-0.005695558176247982,6636.749292288143,80101.69797082385,-4173.299779811234,303.8289185757335,-1009.2796172899516,239,232,0.005237666243612904,38.184945488630724,139.04562872435656,0.2121901618032292,0.07912138589845868
2024-05-10,False,158185.48844238545,159898.9144425522,-1664.831269733625,43.51142983321549,5.083300599905636,-1713.4260001667462,-0.010411773435345982,-0.010715682505664155,43511.42983321549,79327.43150875042,6911.420103894292,-2286.905414202394,622.0741444687688,241,234,0.004693013944452112,42.61653648748088,140.62189746659723,0.21702112769881907,0.0729228698138797
2024-05-11,False,157744.376293614,158185.48844238545,-437.7858109486232,4.238894856905332,-0.9125570340853297,-441.1121487714432,-0.0027675472336899866,-0.0027885753182227313,4238.894856905332,76556.49215535854,8185.305837778091,-445.2726393591964,7.486828410573239,241,234,0.0046499564630199655,43.011155392648085,140.62189746659726,0.21789695391313896,0.07317821025718008
2024-05-12,False,157237.79932218595,157744.376293614,-504.8678756543939,4.128205991609234,-2.4191102179323885,-506.57697142807075,-0.0032005443713230652,-0.0032113789621581496,4128.205991609234,76174.34694392551,10465.834225493236,238.28323366024145,-743.1511093146353,241,234,0.004586573588724371,43.6055360567374,140.62189746659726,0.22026413446157317,0.07323080448981943
2024-05-13,False,156394.30889814525,157237.79932218595,-824.4083562144633,5.209582586005096,13.872485240250718,-843.4904240407192,-0.005243067250802848,-0.00536442526973032,5209.582586005096,74948.18253186741,13109.387724061951,-600.4300655851528,-223.97829062931072,240,233,0.0044988875478808935,44.455434342697856,140.00478549132905,0.22239501364186998,0.07265977244114095
2024-05-14,False,155741.02302412625,156394.30889814525,-636.4960003304952,6.107917663709431,10.681956024780847,-653.2858740189856,-0.004069815614230728,-0.004177171654273241,6107.917663709431,73396.03366984894,15851.104901012648,-1522.1078567631425,885.6118564326474,240,233,0.004397334638769941,45.48209686764837,140.00478549132902,0.22325171266408722,0.07214881428283178
2024-05-15,False,158265.3763689248,155741.02302412625,2530.180368351467,3.09351176531296,2.7335117876055257,2524.3533447985487,0.016246075178018512,0.016208660350250138,3093.51176531296,72957.07962410024,16368.424884782726,3304.5947533479534,-774.4143849964862,238,231,0.004445659066397517,44.98770531273948,138.77595494503652,0.22331913530834394,0.07373108115759108
2024-05-16,False,157758.9784710219,158265.3763689248,-547.4818461897283,5.577744582611123,-46.66169286944226,-506.39789790289717,-0.0034592648041572895,-0.003199675819949762,5577.744582611123,73715.50325324223,18832.838474962453,-649.9793247519141,102.49747856218562,238,231,0.004344823505524834,46.03178926501434,138.77595494503652,0.2253101162444109,0.0719825505387738
2024-05-17,False,158707.05229285892,157758.9784710219,979.1765230476943,35.76302180451015,-4.6603205938317505,948.073821837016,0.006206787927620584,0.006009634640295062,35763.02180451016,72787.44195587291,20684.434995417614,1345.9308103171845,-366.75428726948996,238,231,0.004001636630720684,49.97955048306836,139.57127898133024,0.2251997106044319,0.06641332047068338
2024-05-18,False,158805.03897302668,158707.05229285892,97.99071905230429,2.7742852165464833,-2.770246332003602,97.9866801677614,0.0006174314098625182,0.00061740596118532,2774.2852165464833,72977.97558795995,22095.225815705973,250.7569404551116,-152.7662214028078,237,230,0.003988805105957359,50.14032891737329,138.97331142031354,0.22466383992836766,0.0650215871593418
2024-05-19,False,158097.07857246208,158805.03897302668,-716.3651574299241,2.6947830029641597,-11.099539868305467,-707.9604005645829,-0.00451097246071392,-0.004458047459594977,2694.78300296416,72494.6721737655,23311.982484288194,-1350.5555980693227,634.1904406393986,232,225,0.0040570873449353095,49.29644915081044,135.94899478206227,0.22410237298631158,0.064910721367479
2024-05-20,False,160386.24773048784,158097.07857246208,2290.2704015952136,3.419483702860594,-2.318240133410277,2289.169158025763,0.014486481485143275,0.014479515868957358,3419.4837028605943,71377.39790637436,22656.5449379079,3482.034141979257,-1191.763740384043,230,223,0.004190697047671416,47.724757415029835,134.72227263748786,0.222956435776084,0.06753179317318096
2024-05-21,False,160991.16522442637,160386.24773048784,618.3706947844821,5.041756319028107,8.411444526925257,604.9174939385288,0.0038555094562944623,0.00377162944141588,5041.756319028107,71224.28439216396,23983.761968693994,713.9721054377801,-95.60141065329819,229,222,0.0041861246126639814,47.77688638196637,134.12462560019742,0.22315518424479186,0.06222779948953741
2024-05-22,False,161702.0006758189,160991.16522442637,732.7327845295148,2.9157065428607023,18.981626594121607,710.8354513925325,0.004551385062081289,0.004415369317947399,2915.7065428607025,69350.20062446455,24324.05005512693,797.6092439387155,-64.87645940920063,229,222,0.004153394890779665,48.1533794063238,134.1246256001974,0.2210400086596769,0.05845450922920177
2024-05-23,False,160707.84528023525,161702.0006758189,-980.5175134156383,3.756307256319728,9.881574911706739,-994.1553955836647,-0.006063731489515614,-0.0061480710902071835,3756.3072563197284,67531.84048999105,24811.836561586966,-1033.0600829747316,52.54256955909347,229,222,0.004147949058414066,48.216599862600134,134.12462560019742,0.21974700285251328,0.056019586142815776
2024-05-24,False,161102.16195822443,160707.84528023525,440.8261502057344,38.75861593011086,7.750856286439803,394.31667798918375,0.0027430281915424926,0.00245362432245664,38758.61593011086,69647.10411403808,26569.574235051932,719.7313046373326,-278.9051544315982,229,224,0.004507724664371948,44.36828220249463,132.11154425270425,0.2179283847578242,0.059016896610582195
2024-05-25,False,161185.18446614072,161102.16195822443,97.50095541630537,4.2948375901948195,10.183609909811958,83.0225079162986,0.0006052119613490255,0.0005153407434583481,4294.837590194819,69306.93677437438,27470.636659980257,227.42577219028016,-129.92481677397484,228,223,0.004454592779378966,44.89748219541694,131.5143677691763,0.21768092690223217,0.05638591200594214
2024-05-26,False,162649.88858223177,161185.18446614072,1479.1172756559101,3.9247657671355975,10.488393797743843,1464.7041160910308,0.009176508874279447,0.009087088996065348,3924.7657671355973,68488.51559808006,28089.525747435873,1152.5312441570054,326.5860314989047,228,222,0.004401872714934488,45.43520745646472,130.91570705004352,0.21658240506538162,0.053670007163673296
2024-05-27,False,163952.72562718845,162649.88858223177,1322.256280483219,7.130916260731703,12.288319265808429,1302.8370449566787,0.008129463180140567,0.00801007031921818,7130.916260731704,67151.41202338296,27987.100327835207,1704.911281393285,-382.6550009100657,228,222,0.004388217671426045,45.57659053749851,130.91570705004352,0.21417217847619816,0.05264616684866702
2024-05-28,False,162714.6016119486,163952.72562718845,-1220.086367583418,3.9354654139626253,14.102182242477705,-1238.1240152398584,-0.007441696153059195,-0.007551713522928704,3935.4654139626255,66139.98745397876,29079.80531882625,-1213.1088303053116,-6.977537278106466,225,219,0.004340835087721609,46.07408389360739,129.1370976881473,0.21376272187159998,0.04849776168184178
2024-05-29,False,161291.70714483506,162714.6016119486,-1404.2081452901862,2.864937188580564,15.821384634765367,-1422.894467113532,-0.008629884050842744,-0.008744725138478567,2864.937188580564,63997.708763449344,29142.831911413443,-1641.9858042133906,237.77765892320423,224,219,0.004298134370603537,46.531816540653274,129.14756415817018,0.21155235274472853,0.045850105932627096
2024-05-30,False,164169.01244970466,161291.70714483506,2893.0439312528124,2.9481269999954747,12.79049938321774,2877.3053048695992,0.017936718399631957,0.01783913975370021,2948.1269999954748,62339.92805128875,28924.21662781877,3083.4291760460665,-190.38524479325363,224,219,0.004217247370655831,47.424298937649866,129.14756415817016,0.21082021844717228,0.04465773970097597
2024-05-31,False,166938.91554204395,164169.01244970466,2790.0124177147827,6.946299748802159,13.16302562669214,2769.9030923392884,0.016994756660119032,0.016872265057864586,6946.299748802159,60383.17399252334,29922.115073482215,2361.5359579107326,428.4764598040502,227,224,0.004132436465379987,48.39759828748137,131.2542405362641,0.21032404291399717,0.044324660855792855
2024-06-01,False,169692.68860690537,166938.91554204395,2770.062112141275,5.489563112673014,10.79948416717627,2753.773064861426,0.016593267682056007,0.016495692786310703,5489.563112673013,63132.38721828872,31855.15561373596,2794.3668090266137,-24.304696885338537,227,224,0.004058495653639487,49.27934315283755,131.25424053626406,0.21051051271047475,0.04420669716190102
2024-06-02,False,169147.88421787563,169692.68860690537,-524.8004236871898,5.56113935462742,14.442825987910036,-544.8043890297273,-0.0030926519462656085,-0.003210535430266955,5561.139354627419,65848.35406020771,33331.721738571505,-601.7663812524074,76.96595756521766,227,224,0.00399056205520009,50.11825332709226,131.25424053626406,0.20966193642939912,0.04446636121470876
2024-06-03,False,169824.93010184166,169147.88421787563,694.17659395828,3.453197957914151,13.677512034329165,677.0458839660366,0.004103962619267094,0.004002686093867712,3453.197957914151,67532.00559684527,34607.225885174834,487.9386462049855,206.23794775329432,227,224,0.003936655496819055,50.80454720043612,131.25424053626406,0.2088188235453173,0.04441929159602928
2024-06-04,False,171948.47747299806,169824.93010184166,2141.444690580356,4.708380730568146,13.18893869339811,2123.54737115639,0.012609719252033028,0.012504332372655346,4708.380730568147,69751.18881578353,35923.10596192849,2392.7350847069456,-251.29039412658898,226,223,0.0038965754486994606,51.32712111778894,130.66200915830257,0.20916073880446712,0.04391876139552421
2024-06-05,False,172881.09348357603,171948.47747299806,953.2370740804181,5.6223216438865755,14.998741858570884,932.6160105779607,0.005543736636051981,0.005423810808237102,5622.321643886576,71884.22810633837,37686.80168002004,1187.9653085347818,-234.72823445436381,226,223,0.003784019246896982,52.853853786289925,130.66200915830257,0.2080949773344424,0.04178350472432235
2024-06-06,False,173743.98460132777,172881.09348357603,882.2701625914502,4.762413172240843,14.616631667465082,862.8911177517443,0.005103335158365754,0.004991240513143332,4762.413172240844,72974.45545379419,38967.53475828508,647.914177014798,234.35598557665213,226,222,0.0036789058346529016,54.363989998365824,130.06300533478046,0.2068665859496228,0.04001238974156172
2024-06-07,False,171946.75097595894,173743.98460132777,-1768.8201925095054,19.02326393142864,9.39016892790303,-1797.233625368837,-0.010180612563757145,-0.010344148774374905,19023.263931428643,70075.91982588096,38399.52420557744,-3119.4613483491644,1350.641155839659,228,225,0.0032674297349377943,61.21019156477978,132.6905413387516,0.2064499074414461,0.037276929574176894
2024-06-08,False,171743.81182233896,171946.75097595894,-194.17731476776999,4.0942209371720555,4.667617915039992,-202.93915361998202,-0.0011292874896770759,-0.001180244188785843,4094.2209371720555,69341.83938770732,37459.22417728826,744.9744125395009,-939.1517273072716,228,225,0.0033048888302410514,60.5164077441638,132.6905413387516,0.2066614389369377,0.03802637155689461
2024-06-09,False,172588.810974523,171743.81182233896,861.7053941197719,5.720924519454183,10.985317416286781,844.9991521840309,0.005017388312139982,0.004920114111931692,5720.924519454183,69432.32663615349,37761.903758655906,1321.755884627656,-460.0504905078844,227,224,0.0033538136210177123,59.63360597817304,132.09433212058272,0.20881833996020943,0.040094281388776014
2024-06-10,False,171778.91064834956,172588.810974523,-803.0824706782998,2.7825427112252434,4.035312783914764,-809.9003261734398,-0.004653154895405406,-0.004692658357168905,2782.5427112252432,70418.09900647671,38673.661533812105,-648.7016029653137,-154.3808677129862,226,223,0.0033592618631210496,59.53688880157215,131.49643439312547,0.21012396960344212,0.04141765076748347
2024-06-11,False,169475.34382437833,171778.91064834956,-2294.3363225799276,3.0280479594010448,6.202453431901757,-2303.5668239712304,-0.01335633293935999,-0.013410067715977584,3028.047959401045,70460.09378558131,39037.980559005344,-3031.5200318359643,737.1837092560361,226,223,0.003380579624669243,59.16145223751921,131.49643439312547,0.21096481457623786,0.04387622235856887
2024-06-12,False,171148.8179697325,169475.34382437833,1700.0665978916838,7.676206640051815,18.916245897442728,1673.4741453541894,0.010031350635012763,0.009874440184575492,7676.206640051814,73646.18577230442,40449.955405550034,2149.671118994028,-449.6045211023442,227,224,0.003429848201546745,58.31161854621053,132.0943321205827,0.21305986464576407,0.05237418503494296
2024-06-13,False,168355.57634215127,171148.8179697325,-2772.058451075083,3.8665336001509116,17.3166429060202,-2793.2416275812543,-0.016196772399359013,-0.016320542909476803,3866.5336001509118,77829.00746182742,41491.15050156226,-3635.854612052534,863.7961609774507,226,223,0.003486741745712897,57.36014152637168,131.5226049747696,0.21552287280382285,0.05883280936067586
2024-06-14,False,166813.72767806044,168355.57634215127,-1474.4604831256631,49.527972640110285,17.86020832504559,-1541.8486640908188,-0.008758013931947806,-0.009158286868724202,49527.97264011028,83219.3409691301,41062.30329238833,-2127.305742099682,652.845258974019,226,224,0.004018336780809778,49.77183618733318,133.02819850708167,0.21571139177222518,0.07214962896460005
2024-06-15,False,166965.66588765336,166813.72767806044,166.93461199984796,8.144743589214855,6.851658817729573,151.93820959290355,0.0010007246665095862,0.000910825575974984,8144.743589214854,86588.53785542889,39186.74061776253,1302.5125421220912,-1135.577930122243,226,224,0.004198625566713253,47.63463586407945,133.02819850708167,0.2171886100374523,0.07903370729937852
2024-06-16,False,166400.62565415385,166965.66588765336,-563.3931648974071,4.0996136091206,-2.452545007007414,-565.0402334995204,-0.0033743055010872656,-0.0033841702154484895,4099.6136091206,88883.4884329558,39421.29594003265,-279.3271650939987,-284.0659998034085,228,224,0.004333046612513812,46.156900187134205,133.02819850708167,0.21859908431233854,0.08397651338566663
2024-06-17,False,164597.36202853883,166400.62565415385,-1828.62112516584,3.271665167502229,-28.62916471832127,-1803.263625615021,-0.01098926832743067,-0.010836880080985479,3271.665167502229,91074.59436799484,39232.77564359658,-4345.689808720927,2517.068683555088,228,224,0.004458706903484567,44.856054530899094,133.02819850708167,0.2186789559992972,0.0888777361832226
2024-06-18,False,164342.23022406935,164597.36202853883,-236.68391678566695,9.701448362428405,8.746439321383281,-255.13180446947865,-0.0014379569263365797,-0.0015500358044938925,9701.448362428404,92998.57983808998,37117.97769320546,-1667.9391839187751,1431.2552671331077,228,224,0.004798378087526711,41.680750526911595,133.02819850708167,0.2183723363590315,0.09600519104985823
2024-06-19,False,164715.83332248926,164342.23022406935,391.56306049178124,12.42776053328464,5.532201538581617,373.603098419915,0.002382607683721414,0.0022733237702234708,12427.76053328464,98388.23694356717,32631.198897435046,1274.3898476895647,-882.8267871977836,228,224,0.005247556883916056,38.112974175278964,133.02819850708167,0.21607325276961806,0.1054364585269123
2024-06-20,False,164547.98502751018,164715.83332248926,-149.35209570375156,9.749381086209832,8.746818189129634,-167.84829497909104,-0.000906725799767787,-0.0010190173682360511,9749.381086209833,101623.33911758658,28610.709528004965,56.73888482042361,-206.09098052417517,228,224,0.005479364040250515,36.500586296298735,133.02819850708164,0.21290138961175806,0.1136087459313667
2024-06-21,False,163244.72477895935,164547.98502751018,-1259.2730694655052,33.24302132273672,10.744157762575789,-1303.2602485508176,-0.007652923062260361,-0.007920244348983856,33243.02132273672,100240.32446853886,34163.7800917594,-1752.955467547719,493.6823980822137,234,228,0.0045467379247900435,43.98758039462666,136.48706138072734,0.21847924774525515,0.0928847707345961
2024-06-22,False,165856.04993225343,163244.72477895935,2626.2237305972512,6.20578439329037,8.692792909878886,2611.325153294082,0.01608764837058763,0.01599638307963662,6205.784393290369,99532.53177859672,30496.878111330876,2417.3901913447194,208.83353925253198,233,227,0.004728018899715963,42.301015339007016,135.90203896201328,0.21555232731589616,0.09898322795776929
2024-06-23,False,165809.58493686278,165856.04993225343,-31.13742831547404,6.985083535430957,8.3424835397567,-46.4649953906617,-0.000187737669673145,-0.0002801525504173111,6985.083535430957,100943.15067632872,27159.95374076688,-1458.0688588891935,1426.9314305737196,233,227,0.0048303027579162305,41.40527209650085,135.90203896201328,0.21331531639425558,0.10353162100733845
2024-06-24,False,164168.0352585756,165809.58493686278,-1628.992500576559,8.307716502618888,4.249461208001049,-1641.549678287179,-0.009824477283366032,-0.009900209803385315,8307.716502618889,103212.00399581718,21021.20589642568,-738.1068628551295,-890.8856377214294,232,226,0.004862532848976839,41.13082753612317,135.3043040116095,0.20685754936366388,0.10662206891629689
2024-06-25,False,164260.36530729747,164168.0352585756,103.54074650244286,2.515895360209424,8.694802420362947,92.33004872187048,0.0006306997969449977,0.0005624118518348868,2515.895360209424,103743.64861944076,17947.316911613965,2930.9474670840173,-2827.4067205815754,233,227,0.004825832286156954,41.44362840244284,135.90203896201325,0.20486213550044527,0.10548124608425652
2024-06-26,False,164253.5357638442,164260.36530729747,5.991602654590338,6.366991050373174,6.454155057489061,-6.829543453271897,3.647625307164804e-05,-4.157754940149573e-05,6366.9910503731735,103700.4149724863,19221.290884002035,-497.74440462645697,503.73600728104714,232,226,0.004883422668622742,40.954882174146405,135.30430401160947,0.20643944840618614,0.1064899734416902
2024-06-27,False,164645.99587314748,164253.5357638442,402.2235000671147,2.9369682121553145,6.826422551676816,392.46010930328254,0.0024487966009170857,0.002389355623172354,2936.9682121553146,103579.9026869263,18203.81120098947,1220.4808760410617,-818.257375973947,227,221,0.004997043058311807,40.02366953139037,132.31077600795624,0.20440671511879932,0.107864569260068
2024-06-28,False,163254.46491028494,164645.99587314748,-1350.1094773175773,33.87932245198042,7.542163092977095,-1391.5309628625348,-0.008200074773502403,-0.008451653837574334,33879.32245198042,105101.6850563047,15579.043926159064,-2631.437436303018,1281.3279589854408,226,220,0.005216589727253853,38.33922360332622,135.41722252661106,0.20612069393086702,0.11108476833249337
2024-06-29,False,163083.73504043077,163254.46491028494,-159.96253663387085,3.9655313072242437,6.80180191308317,-170.72986985417828,-0.0009798356003419377,-0.0010457898958414484,3965.5313072242443,104931.9789780076,13031.17343695861,-2119.473799865283,1959.5112632314117,225,219,0.0053324598408381945,37.506142750165104,134.7910896045932,0.20341838146134264,0.11355881722019853
2024-06-30,False,164959.60739649937,163083.73504043077,1902.3146045541805,6.604735605193766,19.83751288037029,1875.8723560686165,0.011664649476433501,0.011502510385867488,6604.735605193766,106951.23272072102,10893.773013121156,2737.5101855490457,-835.1955809948652,223,217,0.005442629620849717,36.746942917783095,133.53979269305853,0.19892309004002676,0.11713859838900617
2024-07-01,False,165255.70677935187,164959.60739649937,337.7422681566086,7.837713916672394,33.805171387428736,296.09938285250746,0.002047424054209866,0.0017949811322040708,7837.713916672394,107594.49831461693,11592.381056252096,-783.3554417876728,1121.0977099442812,220,214,0.005556616817132193,35.99312433842097,131.68318422466714,0.19878207648348015,0.1163259417310223
2024-07-02,False,165920.46580240468,165255.70677935187,675.7995619561627,7.42232379669395,3.618215106659489,664.7590230528093,0.00408941739517949,0.0040226085743616125,7422.3237966939505,104662.89464785598,12318.467221290493,784.2481637304307,-108.44860177426807,219,213,0.005588376640634285,35.78856846293378,131.05218622582981,0.19807683438408896,0.11644685331658938
2024-07-03,False,165911.44896446835,165920.46580240468,-54.72553400848824,6.379632817256198,-52.08832888941116,-9.016837936333275,-0.00032982992028036544,-5.4344338371563286e-05,6379.632817256198,106456.38798500906,13404.82381792305,-1447.9124360510566,1393.1869020425684,218,212,0.005557200678326187,35.9893427602905,130.44532659017415,0.1993940669698422,0.11500911071601257
2024-07-04,False,166038.24816961001,165911.44896446835,52.01218154749972,6.929302641228872,-81.71632623538167,126.79920514165252,0.00031349362489528176,0.0007642583193207353,6929.302641228872,108527.08247130013,15231.094280973823,-5648.0423294101265,5700.054510957627,214,208,0.005535417967714612,36.13096629134462,127.99534504073884,0.20086656116413765,0.11239292508583605
2024-07-05,False,169407.07971967905,166038.24816961001,3386.6809886749415,50.82574156149322,-32.97630295558023,3368.8315500690287,0.020396993018231602,0.020289491049241423,50825.74156149322,88259.62038526085,12534.984494227556,-134.36255305220533,3521.043541727147,218,212,0.004750240221176528,42.10313388118812,131.22492486757622,0.18260272933247979,0.09451990944570117
2024-07-06,False,167401.92576215608,169407.07971967905,-2021.8595499237103,6.350515663430895,-23.056108064184357,-2005.153957522957,-0.011934917674452082,-0.011836305547801906,6350.515663430895,87286.19378893243,9571.149819471599,3300.4017953358034,-5322.261345259514,218,212,0.004527219112412997,44.17723000232708,131.2249248675762,0.17970215542257983,0.09125996035014414
2024-07-07,False,166925.81568566748,167401.92576215608,-464.8114942129025,11.092358704962622,0.20622357073204411,-476.1100764885972,-0.0027766197556968646,-0.0028441134970278196,11092.358704962622,87810.70212499343,10246.99835233083,-2991.9804087395846,2527.1689145266823,214,208,0.004605346325089326,43.42778715911681,128.7404090974514,0.1827607585697515,0.08685202847882474
2024-07-08,False,166958.09418648318,166925.81568566748,23.366182707850385,7.396600534620781,-16.30891864247065,32.278500815700255,0.00013997944303504543,0.00019337033449926547,7396.60053462078,86077.03448418394,5351.754363198306,1660.7775797093568,-1637.4113970015069,211,204,0.004522708065305531,44.221293329594786,126.23756634171558,0.17987171538367844,0.0850497136537879
2024-07-09,False,167102.0104313552,166958.09418648318,147.04676983078446,4.791954302509806,-1.6614293437215815,143.91624487199624,0.0008807405867159764,0.0008619902231948669,4791.9543025098055,86892.12720753343,3816.0585993838286,866.0385900643579,-718.9918202335734,210,203,0.004465163502681572,44.79119294957267,125.62069292550136,0.18123441262953935,0.0824825217120417
2024-07-10,False,167942.42933815444,167102.0104313552,835.7899876729072,3.3890379390992793,-8.017957065461605,840.4189067992695,0.0050016752372721825,0.005029376394872939,3389.037939099279,87579.48685593576,3586.857686239984,1005.6357955302703,-169.8458078573632,210,203,0.00441336082345957,45.31693827001049,125.61750840290135,0.1822414411809602,0.08035688515022286
2024-07-11,False,169309.0642307278,167942.42933815444,1275.2468492009702,2.8671538869036186,-94.25519725928199,1366.6348925733485,0.007593357165467952,0.00813752008923016,2867.1538869036185,88378.60836669331,3645.9254306731564,-201.5240640614602,1476.7709132624304,207,200,0.004440715257509028,45.03778972583527,123.74234932894467,0.18283096880411223,0.07911996684377498
2024-07-12,False,167900.85390769862,169309.0642307278,-1450.6570497198484,24.85786955181496,-67.3045962424847,-1408.2103230291787,-0.00856810033361799,-0.00831739475631455,24857.86955181496,91565.64352466534,-1827.8183482033382,791.6701807771815,-2242.3272304970296,207,201,0.004761227874230127,42.00597099804622,124.82027748034116,0.17797036546066455,0.08623696847075578
2024-07-13,False,167245.4988490204,167900.85390769862,-681.7129152203888,4.137644451594534,-30.49550099375105,-655.3550586782322,-0.004060211126711433,-0.003903226478160173,4137.644451594534,91636.3806734251,-1146.4866486035426,193.9935674035341,-875.7064826239227,202,196,0.0048944234205691994,40.86283159717737,121.73111331293785,0.1802230572827022,0.08478040548176019
2024-07-14,False,166762.3070100285,167245.4988490204,-485.15271761320577,1.6514000132931643,-3.612278634599316,-483.1918389918996,-0.0029008417024793814,-0.002889117150041194,1651.4000132931644,91897.76228327243,-1555.9811977456593,993.5488748825667,-1478.701592495772,200,194,0.004957684149498964,40.341416267959005,120.48265138465943,0.18124902003785176,0.08332215348116542
2024-07-15,False,166668.4336474577,166762.3070100285,-102.97752447707023,2.9879696208508864,-12.092131527117903,-93.87336257080322,-0.0006175107931966756,-0.0005629171498878221,2987.9696208508863,92339.67067520537,-138.48945013987213,3060.329442811526,-3163.306967288596,197,191,0.0051038916866410645,39.18578455014639,118.59272931809772,0.18203728488476892,0.08502857927681637
2024-07-16,False,168654.90352023343,166668.4336474577,1965.1158339214319,6.556718527769353,-27.910757382046373,1986.4698727757088,0.011790570001264345,0.011918692876046055,6556.718527769353,93185.34071975344,1389.218352284648,1614.5767766909544,350.53905723047797,198,192,0.00524111414869477,38.15982524437239,119.21854108513858,0.18563154636179996,0.08191533978985586
2024-07-17,False,168568.64103331618,168654.90352023343,-85.26865009489188,2.455256874943876,-1.4614200525861425,-86.2624869172496,-0.0005055806164844905,-0.0005114733406307439,2455.256874943876,94915.60640515687,3952.6746290892497,252.8134944263337,-338.08214452122553,202,196,0.005218464451980752,38.3254503006314,121.74116683781203,0.18783546047596728,0.08044980544479705
2024-07-18,False,169793.27979002713,168568.64103331618,1216.6753754537958,3.2502509780543596,-11.213632235196958,1224.6387567109384,0.007217685139985972,0.007264926318465715,3250.2509780543596,95306.11076680233,5655.941544122354,36.7436819903499,1179.9316934634458,201,195,0.005323078794837735,37.572241123681636,121.11615882719327,0.19041012949040365,0.08025416190687132
2024-07-19,False,170703.6307930747,169793.27979002713,938.067440467087,36.7257647709559,-9.009327351428606,910.3510030475596,0.005524761884729107,0.005361525521936643,36725.764770955895,86550.72032894223,15309.717332941884,255.66103540450786,682.406405062579,201,195,0.0047821939364891325,41.82180870456936,121.2135701927716,0.19506300637854207,0.06933417910421236
2024-07-20,False,171060.41218665364,170703.6307930747,342.1994680638529,3.1668458774634023,-17.74877139256414,356.78139357895367,0.002004640829688408,0.002090063298134769,3166.8458774634023,87310.23746923916,16192.440081099467,798.9335351952824,-456.7340671314294,200,194,0.004816212125188014,41.52641013339762,120.59003957788538,0.19578700768968474,0.06874063240188183
2024-07-21,False,169690.1701222346,171060.41218665364,-1382.157527928508,1.8550598485316554,-13.770523357991513,-1370.2420644190481,-0.008079938018741345,-0.00801028155435461,1855.0598485316552,87559.57152790338,17606.41623837193,1034.1547859266502,-2416.312313855158,197,191,0.00490675224649375,40.7601586452455,118.715581515627,0.19777231611504348,0.06715759325098744
2024-07-22,False,170235.45640246838,169690.1701222346,524.222767616297,4.340363877771339,-25.403876495251673,545.2862802337773,0.003089293665264632,0.003213422909771296,4340.3638777713395,87019.38631948896,19169.288920513718,-1774.2440537897164,2298.4668214060134,199,192,0.004883978866069264,40.95021814886855,119.34101496246399,0.19903837761490079,0.06461269269067012
2024-07-23,False,167912.20584974825,170235.45640246838,-2315.642288328402,3.2229391035733506,4.3853252881526785,-2323.2505527201283,-0.01360258513275749,-0.013647277728251455,3222.9391035733506,85656.46364561516,19768.34186013157,-1388.5483495867243,-927.0939387416777,199,192,0.004883122539745265,40.95739936324295,119.34101496246399,0.19841964572709278,0.06501564700759266
2024-07-24,False,166688.7733114227,167912.20584974825,-1232.476544225933,2.860256042999364,-11.904261943377634,-1223.4325383255546,-0.00734000567730485,-0.007286144161671669,2860.256042999364,84291.37509659298,19557.57535531502,-1026.014629515093,-206.46191471083998,200,193,0.004863776940680257,41.120306798450265,119.9756185223277,0.19877670817799845,0.06458879073814006
2024-07-25,False,166461.1612643512,166688.7733114227,-230.49300976110118,1.7628661786308,-4.64382886821279,-227.61204707151919,-0.0013827746475191449,-0.0013654911638606533,1762.8661786307998,83304.75952880141,19562.503369987462,-369.3583147843152,138.8653050232141,197,190,0.004962582290103143,40.301598705750266,118.10506528317012,0.1991039669501773,0.06646457884339335
2024-07-26,False,166156.88321097504,166461.1612643512,-310.6605981606932,7.213497759575462,-13.59604254410306,-304.27805337616564,-0.001866264753898622,-0.0018279222075890257,7213.497759575463,83027.12363053802,18773.243881696762,703.2185243070167,-1013.8791224677099,201,195,0.005049316454022878,39.60932174109558,120.72559916767624,0.19768796525512095,0.0702710688640272
2024-07-27,False,166706.67663979923,166156.88321097504,541.6900266640537,1.6701621941714606,-9.773564354312345,549.7934288241946,0.0032601118665439304,0.003308881451068766,1670.1621941714604,83496.3692741291,18664.911713383965,653.7706847138664,-112.08065804981283,201,195,0.005075433816437455,39.40549857083623,120.72559916767625,0.19853953306924302,0.06862721898401035
2024-07-28,False,167286.63500367504,166706.67663979923,578.2260755245906,1.4073360963836734,-3.1396244475911494,579.958363875798,0.0034685237998832853,0.00347891503547219,1407.3360963836735,83694.7882696692,19476.84531385204,-551.429935493389,1129.6560110179796,201,195,0.005095179134112863,39.25279067441907,120.72559916767622,0.19892479288498743,0.06827222684552721
2024-07-29,False,167413.76651167287,167286.63500367504,115.24485369493755,1.95660218676788,-13.843256489672047,127.13150799784171,0.0006889065207893373,0.000759962133227492,1956.60218676788,83626.56264178322,20348.51275356515,-163.2735420584135,278.51839575335106,201,195,0.005091810737169411,39.27875766081243,120.72559916767624,0.19872176595462948,0.06915650387567643
2024-07-30,False,167074.8819510973,167413.76651167287,-361.68306176562805,2.047499885358907,-24.84600107542412,-338.88456057556283,-0.0021604141003566143,-0.0020242335360869754,2047.4998853589066,84603.17069796876,21330.52576291385,46.83762261372351,-408.52068437935145,200,194,0.005118773268305666,39.07186146304949,120.13561344355242,0.20012102804475357,0.0699261497706855
2024-07-31,False,166580.2440443895,167074.8819510973,-529.3966552298252,2.036506483481026,-36.795255005484535,-494.63790670782174,-0.0031686190589964277,-0.002960576125695554,2036.506483481026,84210.90013221168,21260.493224136364,-866.6179052005373,337.2212499707118,199,192,0.0051891732069778785,38.54178537171589,118.89311528851283,0.20040316662300278,0.07176070460868743
2024-08-01,False,166855.43491993583,166580.2440443895,257.9918042989484,1.851625330011428,-19.050696577399094,275.1908755463361,0.0015487539100386958,0.001652001875282429,1851.625330011428,83887.70309608555,20408.175133401353,525.7685775331073,-267.77677323415867,199,192,0.005207542919252182,38.40582844946011,118.89311528851282,0.19916314202651256,0.07386040979679939
2024-08-02,False,166995.04546827692,166855.43491993583,114.8240642016259,8.046558764306253,-32.833042903771094,139.61054834109075,0.0006881649630215717,0.0008367156179724184,8046.558764306254,84491.92004526786,17041.34461698837,-2161.1133894939094,2275.9374536955347,210,204,0.0048980823045349274,40.832306924452546,126.38450300389599,0.1971906602645809,0.07381231025346194
2024-08-03,False,165614.59682453738,166995.04546827692,-1378.5778789773203,5.189995646872317,-3.3192308846492673,-1380.4486437395435,-0.00825520227328661,-0.008266404789846171,5189.995646872318,83000.66297017224,13882.855222354598,-3173.19005816222,1794.6121791848998,210,204,0.004861212281672631,41.14200088608034,126.384503003896,0.19298650963125813,0.07609172303229911
2024-08-04,False,165938.94749606872,165614.59682453738,311.5248857223082,6.014075118771704,-18.839860927799727,324.3506715313363,0.0018810231205185221,0.001958466691646594,6014.075118771703,79470.27665731852,8402.411056197318,-1166.1895553372005,1477.7144410595088,209,203,0.004807371216372049,41.602778524545236,125.76089706612156,0.18890436497338184,0.07748448361519272
2024-08-05,False,167686.17063150805,165938.94749606872,1744.7322277659546,6.8136033709031985,-9.304511044288923,1747.2231354393405,0.010514302121913177,0.010529313110659173,6813.603370903198,76104.8547112254,3539.335759334157,-548.9886598094545,2293.720887575409,208,202,0.004669387615152064,42.832169115925225,125.13481740688185,0.18416338455199677,0.07840831281614315
2024-08-06,False,165516.13742946042,167686.17063150805,-2167.7205799097164,8.140611755503272,-5.827989617571025,-2170.033202047649,-0.012927247200804072,-0.012941038571489103,8140.611755503272,71884.0021264687,-2269.9758504525525,644.1374412312576,-2811.8580211409744,209,203,0.0044137070821168535,45.313383121944334,125.76089706612154,0.17884626930212544,0.07653972039207782
2024-08-07,False,165048.4813985815,165516.13742946042,-477.51248332183854,6.871080536680648,-16.727532979593867,-467.6560308789253,-0.0028849904954152557,-0.002825440698060216,6871.080536680649,69591.75814488911,-6261.259304087125,-1504.270103086596,1026.7576197647577,210,204,0.0042581457509162845,46.9688009051741,126.384503003896,0.17810526176248317,0.07357519012987462
2024-08-08,False,163919.6530016054,165048.4813985815,-1148.9061962662065,3.7347943682426115,-23.81259365834345,-1128.8283969761055,-0.006961022522174389,-0.00683937463350576,3734.7943682426117,66802.16714137768,-9484.466427023639,2608.028584046392,-3756.934780312599,211,204,0.004093570947850479,48.85709874040887,126.38450300389597,0.17425304029156022,0.0719974649601065
2024-08-09,False,163728.07624062072,163919.6530016054,-191.03027049879586,26.70121967767888,-26.154729191817818,-191.57676098465691,-0.0011653896711026162,-0.0011687235635057173,26701.219677678877,66631.95666335302,-10857.253043868415,-1070.9804422406116,879.9501717418156,216,209,0.003860228163993916,51.81040899744993,134.00870306709146,0.17871642256035855,0.060504480979291037
2024-08-10,False,163831.51346184744,163728.07624062072,95.6142676484825,1.5526502207567696,-9.375603798995995,103.43722122672172,0.0005839821113390735,0.0006317622707220149,1552.6502207567696,65313.243899613786,-12311.297292671094,670.59020296319,-574.9759353147076,216,209,0.0038157266955723126,52.41465543957216,134.0087030670915,0.17737510695106312,0.059814464500955705
2024-08-11,False,165010.4358107191,163831.51346184744,1178.6195888830819,2.2740676114842113,-2.576827600064563,1178.922348871662,0.007194095714421603,0.007195943710464506,2274.0676114842113,65061.65891301059,-13761.625457934753,-1347.6835125671664,2526.303101450248,215,208,0.003790739404589111,52.760155382318764,133.36139845958732,0.17820973217158817,0.058314436923582416
2024-08-12,False,162394.23390142102,165010.4358107191,-2619.343693285304,3.4244712756105233,-6.566255262851634,-2616.201909298063,-0.015873806286348536,-0.015854766375498017,3424.471275610523,62166.08028344231,-15087.261979633908,-112.69573674022638,-2506.6479565450777,215,208,0.003717378035905365,53.801361623230804,133.3613984595873,0.1752234262853734,0.058985624130660816
2024-08-13,False,162571.3444048804,162394.23390142102,165.50399524456944,4.4252170641430055,-16.03172527895623,177.11050345938267,0.0010191494566551924,0.001090620640920631,4425.217064143006,60667.32332274772,-16657.56072263036,448.2806525299644,-282.776657285395,215,208,0.0036936778230394676,54.14657411442107,133.36139845958735,0.1781203457142394,0.0554896230770366
2024-08-14,False,162772.73526931298,162571.3444048804,200.25462885473434,2.1646986739927443,-3.300934251858418,201.3908644326,0.0012317953670605353,0.0012387845174672385,2164.6986739927443,59241.610338721934,-17904.38083306876,95.6054676350846,104.6491612196499,215,208,0.0036700593932190474,54.49503088956223,133.36139845958735,0.17852418719120516,0.054663370967520636
2024-08-15,False,164199.21587986764,162772.73526931298,1415.9699490959936,2.440718356903304,-12.951379815572679,1426.480610554663,0.00869906097451286,0.008763633591304481,2440.718356903304,58019.94114530482,-18245.71642704247,-660.7520508944676,2076.721999990461,215,208,0.0036478471047010105,54.82685931169055,133.36139845958732,0.1765060791170705,0.05495544489327826
2024-08-16,False,164284.7018512455,164199.21587986764,96.85368914591066,34.345884901959984,-22.978167133921573,85.48597137787226,0.0005898547604318117,0.0005206235055374198,34345.88490195999,84127.05516217809,4875.334910732527,558.4653052773178,-461.611616131407,216,211,0.004030358085495646,49.62338227954363,137.24396559009583,0.17735999539013245,0.06710556426391148
2024-08-17,False,163474.43075657307,164284.7018512455,-854.7584996553096,2.1345307638653117,-46.62193574673863,-810.2710946724363,-0.005202909887673326,-0.004932115318966891,2134.5307638653117,84088.53993575074,4045.8820430602136,147.281095646982,-1002.0395953022917,214,209,0.004050661120276273,49.37465615152697,135.92763326578495,0.1768879385883405,0.06897572724441439
2024-08-18,False,161677.87251437816,163474.43075657307,-1826.1208251168123,2.1651677250893204,-31.727750647004925,-1796.5582421948966,-0.011170681657463955,-0.01098984247187941,2165.1677250893204,84103.77940636568,3525.3076813616135,-555.3324815151135,-1270.7883436016991,212,207,0.00409811826961156,48.80288631078405,134.6232780199699,0.1771627603419209,0.06948113989381173
2024-08-19,False,163306.79649682678,161677.87251437816,1629.930746477063,2.7893989784615414,-1.782634949998867,1628.9239824486003,0.01008134707074471,0.010075120096002864,2789.3989784615414,83251.57936913952,3497.176208150526,2056.9437588107166,-427.0130123336537,208,203,0.004208934874749518,47.517960232611685,132.01168921483483,0.17653119800993705,0.06988696939923085
2024-08-20,False,166676.8233414587,163306.79649682678,3345.782103002992,3.0619077024062475,-27.306649331312734,3370.0268446318983,0.020487708869287653,0.020636170183507222,3061.9077024062476,84851.29101214494,3926.7827948850536,3395.464980197557,-49.682877194564576,209,204,0.004243616235196041,47.12961514786001,132.65288248030376,0.17615081984227457,0.07018918643069824
2024-08-21,False,165599.5834857534,166676.8233414587,-1097.5489691224652,8.285528057704775,-28.594641474864574,-1077.2398557053054,-0.006584892531062921,-0.00646304527593763,8285.528057704776,85634.88888443819,2683.986186869406,-374.6313600468483,-722.917609075617,209,204,0.004315484091819058,46.34474273214068,132.6528824803038,0.17602195285737413,0.07110917238542698
2024-08-22,False,165980.16645680982,165599.5834857534,342.5278751769505,5.502016763893411,-43.55711264335952,380.58297105641657,0.0020684102457686334,0.002298212127382303,5502.016763893411,88222.0752926647,4280.7462677835065,506.1317905219289,-163.6039153449782,209,204,0.0043906085579757375,45.55177200588539,132.66797237199816,0.17832550405341108,0.06995605556179665
2024-08-23,False,164401.04509185546,165980.16645680982,-1588.9283448059618,16.318557476299276,-26.12553732788411,-1579.121364954377,-0.009573001273133567,-0.009513916021799415,16318.557476299276,81145.76923638996,-6460.414463343892,1155.420733516397,-2744.3490783223583,209,205,0.004060935815181412,49.24973186040507,133.29235631663747,0.17712002536432642,0.06115311312454707
2024-08-24,False,164331.81333778473,164401.04509185546,-89.23971725770981,5.181352757110337,-25.18931594409565,-69.23175407072449,-0.0005428172138920959,-0.0004211150484599582,5181.352757110337,83053.03571330434,-3652.916266015847,212.17889533424517,-301.41861259195497,209,205,0.0042490541244029475,47.069299223883824,133.29235631663744,0.18053811706043063,0.05870807228842405
2024-08-25,False,165919.71713317742,164331.81333778473,1577.6208017167678,5.407456923998462,-15.69045059990583,1587.903795392675,0.009600215379318926,0.009662789956128166,5407.456923998461,85487.14618256016,-540.4729818731685,740.6144674461808,837.0063342705866,209,205,0.004408424047869728,45.36768646306734,133.29235631663744,0.18238088704989872,0.058596689466221624
2024-08-26,False,166141.22911321968,165919.71713317742,215.82252164874376,2.7861707532054854,-8.47562914672963,221.5119800422679,0.0013007647636929809,0.001335055193376859,2786.170753205485,86537.1925206155,1510.3382819701692,-1378.9557930652325,1594.7783147139762,209,205,0.004517298703346904,44.274247317720736,133.29235631663744,0.18250773673277051,0.059870412877440535
2024-08-27,False,167264.42854570813,166141.22911321968,1105.7041441962015,3.6673596216493527,-21.162647913879752,1123.1994324884317,0.0066552062368739374,0.006760509949778986,3667.3596216493524,85618.75546597238,1829.5046443045358,-1131.2380628848173,2236.9422070810188,209,205,0.004572412013733514,43.74059017413304,133.29235631663744,0.18213266353148033,0.061675448544173596
2024-08-28,False,167247.49448455352,167264.42854570813,-28.919664477539172,4.293865700862196,-16.27946902378772,-16.93406115461365,-0.00017289787630868768,-0.00010124125794018484,4293.865700862196,84161.8481639995,638.8063719903985,-38.15795316012733,9.238288682588152,209,205,0.004519283554649364,44.25480224498048,133.29235631663744,0.1800360786775229,0.06232430519154597
2024-08-29,False,168431.03664379407,167247.49448455352,1171.243301811544,3.6401440110906993,-15.9390014400851,1183.5421592405382,0.007003054398041918,0.007076591269053939,3640.1440110906997,83195.27302582114,223.17406522955207,421.21387096799333,750.0294308435505,209,205,0.004505760132429951,44.38762697563757,133.29235631663747,0.17942440893141684,0.06318024392802096
2024-08-30,False,167588.9539859399,168431.03664379407,-818.6371967082694,32.209257849762565,-8.763796703874146,-842.0826578541578,-0.004860370232355466,-0.004999569406172058,32209.257849762565,84389.60522087058,-4527.419166074291,-591.2165777775058,-227.42061893076368,217,217,0.004021314051172449,49.734986488232195,142.16373756290452,0.18048444846779443,0.0578015429776635
2024-08-31,False,167260.24287796556,167588.9539859399,-349.1087442371834,2.7341565063827074,-23.131792769215615,-328.71110797435045,-0.002083125026643894,-0.0019614127313064326,2734.1565063827074,83180.11501098367,-4992.874559873824,-179.1902268084848,-169.9185174286984,216,216,0.004026093731298354,49.67594232723019,141.5270818062535,0.18075873626650552,0.05762424428947295
2024-09-01,False,168022.28564074967,167260.24287796556,743.7455694095561,2.532139990389162,-20.829333364938808,762.0427627841058,0.004446636909120113,0.004556030468878957,2532.1399903891624,81761.75707356096,-4983.829649320518,-1177.358201172866,1921.103770582422,212,212,0.004096979081982938,48.81645622247111,138.85687256578504,0.17956594229235165,0.05855075681931264
2024-09-02,False,167442.7624750949,168022.28564074967,-592.4019492449787,3.397089744579565,-16.27587333480018,-579.5231656547581,-0.00352573438092373,-0.0034490851225166827,3397.0897445795654,78701.49606743905,-6167.116496994391,130.6154222798624,-723.017371524841,212,211,0.004042970967982456,49.46857189523798,138.18952542282565,0.17740141271798968,0.059593001685737224
2024-09-03,False,167728.1527194023,167442.7624750949,258.55704480084745,2.9243048066921262,-29.75750431326188,285.3902443074172,0.0015441518103196889,0.001704404777422766,2924.3048066921265,80271.00758016111,-6748.4054291313405,-1084.1133342193277,1342.6703790201755,210,209,0.004077771274501615,49.04639974551883,136.88270610250018,0.1780536676346742,0.0605599953874103
2024-09-04,False,168215.6843517432,167728.1527194023,479.01770391306866,4.014550124450799,-12.528478552270315,487.53163234088817,0.0028559171262944297,0.002906677408869429,4014.5501244507986,79826.74884926598,-7130.957151430475,87.2092849015714,391.80841901149734,209,207,0.0040802524600128,49.01657482227769,135.56388127919766,0.17644302248258786,0.06248595941722168
2024-09-05,False,168450.6391353244,168215.6843517432,233.62430034945476,3.8673252945778875,-5.197808526326703,234.95478358120357,0.0013888377962481817,0.0013967471849408955,3867.3252945778877,81730.38693005164,-7905.1945691297005,-373.80322830002353,607.4275286494786,207,205,0.004078908455668907,49.03272583184308,134.2414165154968,0.17632538195433922,0.06225625291207276
2024-09-06,False,169356.29839955713,168450.6391353244,899.0576527909964,2.9375201902013144,-9.539131631938933,905.659264232734,0.005337217225211836,0.005376407408612887,2937.5201902013146,81340.7446766245,-8673.359679156674,-256.9773936807946,1156.035046471791,205,203,0.004078025538189299,49.04334171698268,132.80525213875796,0.17506968583450322,0.06400980184507589
2024-09-07,False,169608.65858803745,169356.29839955713,251.78599030303707,6.227212244459671,-6.801410421733965,252.36018848031136,0.0014867235094440131,0.001490113983744057,6227.212244459671,77820.7109923014,-13558.601632713851,1033.075010793482,-781.2890204904451,207,202,0.003400714990921027,58.81116192740202,132.5188641126391,0.17563652474759392,0.058793513858734166
2024-09-08,False,168643.5891597647,169608.65858803745,-967.6208718074492,3.7428853031195044,-6.2943288378142395,-965.0694282727545,-0.005705020485762487,-0.005689977364992976,3742.885303119505,75983.00770454899,-15103.492139510276,388.21935712840656,-1355.8402289358557,205,199,0.003390207994327892,58.99343059028152,130.5445772422226,0.17623041599708672,0.05750600164277987
2024-09-09,False,167593.07361031364,168643.5891597647,-1047.7638042697604,3.722923927806273,-0.9711787465197057,-1050.515549451047,-0.006212888432285203,-0.006229205359569523,3722.923927806273,74501.71360312257,-15589.054701953819,540.2820346813558,-1588.0458389511168,201,195,0.0034371570881804835,58.18762275595421,127.90707840185168,0.17650938760268028,0.05634942543959555
2024-09-10,False,166363.16731645816,167593.07361031364,-1242.4919391397289,3.2305493522181696,-15.816194636453531,-1229.9062938554935,-0.00741374277811005,-0.0073386463256546255,3230.5493522181696,76993.93352770654,-14135.185427947394,-249.83548563387137,-992.6564535058574,201,195,0.003517986024871537,56.850709066504386,127.90610512897386,0.17808174443810587,0.055932793998976486
2024-09-11,False,167565.2431680419,166363.16731645816,1193.7143330499289,4.842228360517107,-13.203746894332937,1202.0758515837447,0.00717535228683901,0.0072256129224634235,4842.228360517107,80456.5927787349,-11512.030030436268,105.16453072665557,1088.5498023232733,201,195,0.003635479204663553,55.01338028379923,127.90610512897386,0.1783153940454245,0.0572747188199863
2024-09-12,False,167007.21225690734,167565.2431680419,-542.6351970030579,6.670985919843096,8.724728211667976,-558.030911134569,-0.0032383517413505565,-0.003330230664690712,6670.985919843097,86137.41772989478,-10880.326542073868,827.2775664465275,-1369.912763449585,201,194,0.0037083710266708485,53.93203607772438,127.24329087712765,0.17849712515191313,0.05933229737110474
2024-09-13,False,164516.61716053766,167007.21225690734,-2517.7398231926227,29.90777465397257,-57.05250147692564,-2490.5950963696696,-0.015075635292442229,-0.01491309903753369,29907.774653972567,118113.65080798918,16091.500267754254,-1596.4501554141543,-921.2896677784686,201,194,0.004517406419297856,44.27319161402489,128.21220699865265,0.1896237084260321,0.06369143254691055
2024-09-14,False,164418.2929390373,164516.61716053766,-163.9343549535265,4.486728111687695,-70.09686156483792,-98.32422150037627,-0.0009964607696349424,-0.0005976552593737694,4486.728111687695,119597.29334491845,17974.74314227297,-754.1517292000589,590.2173742465325,201,194,0.004554515780190611,43.91246175276833,128.21220699865265,0.19243515159766394,0.0630033335295684
2024-09-15,False,165593.7871201222,164418.2929390373,1149.858981930196,4.639349481911366,-30.27454863661315,1175.494181084898,0.006993497872870743,0.00714941239245651,4639.349481911366,122309.42961626209,18244.376989567983,-67.10203594401088,1216.9610178742068,198,191,0.004633563598371472,43.16332251709951,126.2315705747429,0.19374509102965246,0.06292585449872017
2024-09-16,False,165562.7021287234,165593.7871201222,-42.867184453898346,2.7042301416043846,-14.486423196699278,-31.084991398803453,-0.00025886952161316515,-0.00018771834341981873,2704.2301416043847,123476.05102796586,20205.533182753632,-30.060758305374733,-12.806426148523713,196,189,0.004699023637370339,42.56203318694599,124.90185847063199,0.1945337762152313,0.06334350886943987
2024-09-17,False,165560.22716243032,165562.7021287234,-10.852851842798032,2.312129326820754,-10.690014876542387,-2.474966293076399,-6.555130897996605e-05,-1.494881553184688e-05,2312.129326820754,124363.13506320205,20207.90740760593,702.5101314193669,-713.3629832621648,197,190,0.004669492780328884,42.831204460265496,125.55768104761763,0.1956805440410234,0.06457082787712141
2024-09-18,False,165633.2557475595,165560.22716243032,45.370061083316784,3.1149305358915664,-30.773454581757,73.02858512918222,0.00027403961604138436,0.00044109981232107296,3114.9305358915663,125860.21804521001,20212.283792782844,1028.9431795535538,-983.573118470237,196,189,0.004708158074890144,42.47945732040159,124.89413474904718,0.1967830630997014,0.06314573643957463
2024-09-19,False,161657.38656741692,165633.2557475595,-4052.3972039074974,2.373706649181835,-78.90173041409685,-3975.869180142582,-0.024466084335646506,-0.024004051373609274,2373.706649181835,126402.322525948,21314.327807748363,345.3319051271978,-4397.729109034695,197,190,0.004700582710087772,42.547916361685616,125.56640044007146,0.1979108559646387,0.06063298232532725
2024-09-20,False,161725.29651170122,161657.38656741692,46.74483081950484,45.939203550954005,-67.10431701573876,67.9099442842896,0.0002891598819705685,0.0004200856250757754,45939.20355095401,108808.71563826382,2169.4191601997227,-333.0322507008793,379.7770815203841,198,193,0.00433400854774252,46.146655641501944,125.92570611982991,0.18953690983662397,0.05258680166086187
2024-09-21,False,164292.8566097497,161725.29651170122,2500.284606892019,2.095597396938594,-69.3710885533936,2567.560098048474,0.01546007124934297,0.015876057446972774,2095.597396938594,110087.54224352208,1485.031081412686,-312.01269085778665,2812.2972977498057,198,193,0.004376644717324369,45.69710655478305,125.92570611982991,0.18985734444250904,0.05139880772803692
2024-09-22,False,166105.62795484214,164292.8566097497,1719.6951226628553,5.206998422287583,-98.2832208518851,1812.7713450924527,0.010467254378245455,0.011033780667642714,5206.998422287583,111701.19430439112,3260.768117870757,-468.4464804477601,2188.141603110615,198,193,0.004446391479864657,44.98029489883959,125.92570611982991,0.19067582104584105,0.050072159317209985
2024-09-23,False,163625.79870782865,166105.62795484214,-2527.3341454862193,4.002985419471619,-51.50788389219695,-2479.8292470134943,-0.015215222847074791,-0.014929230740379648,4002.9854194716186,112839.86634862778,2945.441387541272,-327.0379872429245,-2200.296158243295,198,193,0.004451262618735735,44.931071727420296,125.92570611982991,0.19041545409277313,0.05017037783278115
2024-09-24,False,162612.56794118468,163625.79870782865,-1037.828591379981,11.861698656021838,-36.45952339203713,-1013.2307666439657,-0.006342695342518296,-0.006192365596657514,11861.69865602184,109330.86691859228,11758.750344393375,-698.9063930971639,-338.9221982828172,197,192,0.004225374064847372,47.333087421509596,126.05665427876252,0.1928003363753189,0.049974353002261995
2024-09-25,False,161737.46480094784,162612.56794118468,-946.398552318981,13.21842526918522,-84.51383735134158,-875.1031402368246,-0.0058199594551712865,-0.005381522174555048,13218.42526918522,112712.26973305967,1771.4438329221484,-883.1368137615964,-63.261738557384604,198,193,0.004561698057217995,43.84332270382059,125.92570611982993,0.19507806578852205,0.046231483349744994
2024-09-26,False,160741.57250843282,161737.46480094784,-1058.4405830664,3.2017681379002774,-65.75005868928078,-995.8922925150194,-0.006544189278402719,-0.006157461993983123,3201.7681379002775,111458.14325128413,245.90480488656613,107.74597031749533,-1166.1865533838952,198,193,0.004603271677883492,43.447359616184265,125.92570611982991,0.19516025632110684,0.044651141898769856
2024-09-27,False,158668.89447973057,160741.57250843282,-2085.6586932772743,1.8070813674278658,-14.78774594246324,-2072.6780287022393,-0.012975228876573649,-0.0128944740079204,1807.0813674278659,111343.542830638,-580.2666372926105,379.0993003359271,-2464.7579936132015,198,195,0.004656008249733659,42.955250350220226,127.56315232409634,0.19808518152350388,0.04238842652276032
2024-09-28,False,159134.71987862472,158668.89447973057,480.9892723842525,16.36277588649351,-1.198902396377008,465.825398894136,0.0030314024305860233,0.0029358331412187642,16362.77588649351,106985.66946934318,10716.944469182563,-997.4368582121912,1478.4261305964437,197,194,0.00458393849923115,43.63060281754334,127.7532816527809,0.19847178882195476,0.043312727427643895
2024-09-29,False,158555.10492400947,159134.71987862472,-561.5093975516758,3.9419538123718727,14.163603251204783,-579.6149546152524,-0.0035285159516411655,-0.0036422909787212775,3941.9538123718726,106535.53657288817,10533.663975950461,-642.9387066180344,81.42930906635861,197,194,0.004720415124811238,42.36915498146949,127.75328165278088,0.19873256572323383,0.043469510253859416
2024-09-30,False,161939.50337364443,158555.10492400947,3383.4193229374437,5.724467080167234,-6.703593777693083,3384.3984496349694,0.02133907529851537,0.021345250607080778,5724.467080167235,104807.94235979853,9000.820926807799,-16.237540832816975,3399.6568637702603,197,194,0.004878878335569079,40.99302877505998,127.75328165278088,0.20088406292801395,0.04605204333610767
2024-10-01,False,162696.15992083403,161939.50337364443,772.8482629836159,7.226058786684112,8.965657007327133,756.6565471896047,0.004772450494678969,0.004672464293309362,7226.058786684112,101933.82764407515,7042.912936078348,-1818.2570793338,2591.105342317416,197,194,0.004892419299660956,40.87957056621455,127.7532816527809,0.19933947133146335,0.045871721295371114
2024-10-02,False,162733.60714099344,162696.15992083403,51.183172181269356,9.785177019846202,3.9507750020262478,37.447220159396906,0.00031459360937697895,0.00023016658892021955,9785.177019846202,94871.10577292708,-626.4969921316224,-568.9070200643818,620.0901922456511,197,194,0.004629801997573821,43.19839166012004,127.7532816527809,0.1974025354043881,0.045501010454102285
2024-10-03,False,163454.8961583219,162733.60714099344,735.0052811360443,12.968542695632756,0.7477211119326368,721.289017328479,0.004516616414083608,0.004432329805751491,12968.542695632756,84517.92861573472,-10089.038729427484,981.446039898878,-246.44075876283338,197,194,0.004231982303831263,47.25917682097529,127.75328165278088,0.196544613348045,0.04311599026941642
2024-10-04,False,164113.00222427695,163454.8961583219,483.2944767601871,51.32308377155125,-226.1346729663923,658.1060659550282,0.0029567451824267753,0.004026224245479858,51323.083771551246,107510.76720794936,24376.68206329833,1623.9367611357748,-1140.6422843755875,201,212,0.004904079731512614,40.78237119899191,140.49872053008804,0.20190779677743328,0.05397374463985251
2024-10-05,False,163577.32401311406,164113.00222427695,-594.6696237389178,7.60833728674316,-66.59974986277768,-535.6782111628833,-0.00362353753620473,-0.003264081479850238,7608.33728674316,108028.36998008378,20390.197566328025,-1287.7969271708382,693.1273034319206,202,212,0.0048552074550080315,41.19288451695401,140.49872053008804,0.20202661800628557,0.05550499809111751
2024-10-06,False,165025.53573421788,163577.32401311406,1398.1924050885814,5.119770202505479,-55.13908621774718,1448.2117211038233,0.008547593094116686,0.008853377018123365,5119.770202505479,108120.94153813637,16208.310375247693,1353.2354766970095,44.95692839157209,203,212,0.004765741821200748,41.96618438503855,140.49872053008804,0.20103913758776024,0.0566230129196164
2024-10-07,False,164544.2046315996,165025.53573421788,-529.6321665065374,5.324243876667011,-53.62530776493663,-481.3311026182677,-0.0032093952257154753,-0.0029167068022337844,5324.243876667011,111260.68207238156,12825.028665166355,-441.69732041027936,-87.93484609625807,202,210,0.004730197100460248,42.2815362134783,139.174817070348,0.20025520846166983,0.055652409597239744
2024-10-08,False,165111.66112845947,164544.2046315996,564.2720649504168,7.902740294048841,-11.087172203498342,567.4564968598663,0.003429303792338197,0.003448656840454229,7902.74029404884,114398.3710286668,7207.16058562903,634.8031986758596,-70.53113372544274,202,210,0.004634593526251723,43.153730498077174,139.174817070348,0.19916552324227269,0.05937016463288504
2024-10-09,False,166925.33032028403,165111.66112845947,1802.633552628675,3.261099426908841,-14.296738622784359,1813.6691918245506,0.01091766347881509,0.010984500909439022,3261.099426908841,115244.265254776,5523.147435005165,648.377114789601,1154.256437839074,202,210,0.00458918166579883,43.580754601743664,139.17481707034804,0.19829000613387976,0.059572531403634006
2024-10-10,False,167555.98315828523,166925.33032028403,608.153094891041,3.746985231474159,-26.246728341644296,630.6528380012111,0.003643264289033675,0.0037780535571872815,3746.985231474159,117357.12099737702,4052.1441359099626,1255.0063578570114,-646.8532629659703,203,210,0.004526535615253915,44.183900669205514,139.174817070348,0.1973832418551698,0.06033406987900449
2024-10-11,False,167781.887085199,167555.98315828523,221.1542051195699,29.21334327120209,-33.963065065411634,225.90392691377943,0.001319882471225465,0.0013482295448702336,29213.343271202088,105231.96417652612,11602.320689525812,254.45461206309216,-33.30040694352229,204,215,0.004143302613701419,48.270671646966676,137.1331929042401,0.2004279238185817,0.05966232315914255
2024-10-12,False,168531.89359356888,167781.887085199,743.7378202685092,0.9439643733712004,-7.212652474727463,750.0065083698655,0.0044327658556542636,0.0044701279822238205,943.9643733712005,105885.74908156834,11506.964824888528,689.4684004848496,54.26941978365955,203,214,0.004147123800822453,48.22619473292219,136.4929298080821,0.19941498528529408,0.05842131473163266
2024-10-13,False,169429.66834692535,168531.89359356888,888.0778165694942,2.1237424177520827,-11.82067920471471,897.7747533564568,0.005269494085856417,0.005327031781423689,2123.742417752083,106812.02286172974,11662.077769482188,403.88011250324814,484.19770406624593,203,214,0.004140346072571998,48.30514080088945,136.49292980808212,0.1998338822994817,0.05847324746714521
2024-10-14,False,172252.55830261932,169429.66834692535,2472.20679599135,2.053095223677868,-352.73625492628656,2822.889955693959,0.014591345306355925,0.016661131330988562,2053.095223677868,107757.30857776402,10973.141423807909,4959.404036751598,-2487.1972407602484,201,211,0.004189422910822993,47.73927203274661,134.56445583103022,0.19951136942824627,0.05857181565754007
2024-10-15,False,167441.80205614606,172252.55830261932,-5129.233531111796,8.910625416938498,-327.38791005548376,-4810.75624647325,-0.02977740116986001,-0.027928503900775427,8910.625416938497,108214.01114558263,12171.31014517694,-6412.211004319182,1282.9774732073859,201,212,0.004195681030436142,47.66806593474766,135.21399433074546,0.20057149667842308,0.05731911752526508
2024-10-16,False,165770.41634906232,167441.80205614606,-1804.765384338753,5.17112964892828,-138.55080690395002,-1671.3857070837312,-0.010778463694111371,-0.009981890343746344,5171.1296489282795,102739.84540273034,10123.010992136675,-2555.699359292837,750.9339749540845,201,212,0.004279782745802712,46.7313440608977,135.21399433074546,0.199179053052207,0.05752821643615063
2024-10-17,False,165950.79473294216,165770.41634906232,199.25651758367945,4.647889933456834,14.230243770368503,180.3783838798541,0.0012020028782705446,0.001088121679685185,4647.889933456834,101350.8657078493,10078.622525053484,-114.2197271457457,313.4762447294252,198,210,0.0043653116666616375,45.81574358766222,133.95729826309775,0.1995755099865092,0.058090355949948685
2024-10-18,False,164824.79663452678,165950.79473294216,-1115.813287656761,27.6685584121124,-17.483747653502615,-1125.9980984153708,-0.006723759831656087,-0.006785132305195607,27668.5584121124,86453.76939549996,-13971.140618133584,339.6094669131002,-1455.422754569861,202,217,0.0042554863605711885,46.998153220059955,136.8051253350857,0.19584667006409862,0.05872866990244396
2024-10-19,False,162252.3104123532,164824.79663452678,-2639.8582635252965,7.18754542510476,-74.55958677682541,-2572.486222173576,-0.016016147554416642,-0.015607398126373316,7187.5454251047595,86556.05637564795,-10732.73425243359,-370.06789414705963,-2269.790369378237,202,216,0.004419153478102772,45.25753653748724,136.16640950403993,0.19733162997244666,0.060050150469764835
2024-10-20,False,162483.03124703804,162252.3104123532,194.11892865073156,12.446757845207793,-49.04866387931683,230.72083468484058,0.0011964016300131043,0.001421987977234218,12446.757845207794,91602.00415710668,-1682.3492690151543,78.72389417061463,115.39503448011658,200,213,0.0045609415292718,43.85059503973339,134.25885492397353,0.1982726238295537,0.06047630703096415
2024-10-21,False,164456.03399562696,162483.03124703804,1942.938234169968,9.270058231217071,-39.33457265017765,1973.0027485889286,0.01195779164912266,0.01214282336713173,9270.05823121707,92877.34529672626,3930.240264763568,112.87203768603742,1830.066196483931,201,213,0.004741159973403579,42.183769609533805,134.2588549239735,0.20040492506335644,0.06133124271344697
2024-10-22,False,164810.40511824543,164456.03399562696,355.26001589293656,2.05973964233737,-1.1708463678779637,354.37112261847716,0.002160212716198563,0.0021548076650559395,2059.73964233737,92939.7868477388,4671.196954515683,793.266618582448,-438.00660268951134,200,213,0.004767552482010717,41.95024611782562,134.2663977400922,0.1994053390648986,0.061054410805301815
2024-10-23,False,164291.9511782429,164810.40511824543,-521.086799526613,1.71180270343628,-4.344662227502361,-518.453940002547,-0.003161734837996135,-0.0031457597572833785,1711.80270343628,93462.98481145586,4890.2118246805185,-835.7613176298912,314.67451810327805,200,213,0.004791223504698652,41.742991076050664,134.26639774009223,0.20029545576961846,0.061907294853850554
2024-10-24,False,165794.6617678246,164291.9511782429,1500.3061018175088,2.4317817922683758,-4.83626955649299,1502.7105895817333,0.009131951328460414,0.009146586785322302,2431.7817922683757,92260.66233941051,4075.7564655411043,1309.7092753759975,190.5968264415108,201,213,0.004737012644446175,42.22070216225545,134.26639774009226,0.20044197651898304,0.06221744772728304
2024-10-25,False,167627.68009024332,165794.6617678246,1827.8870015865132,1.5750247385142884,-6.706345570697458,1833.0183224186965,0.011025005160577776,0.011055955016124807,1575.0247385142884,93289.49438182107,4847.677063016439,-1034.48768862403,2862.374690210542,201,216,0.004626676863337219,43.227570437184184,136.1126884129734,0.19946230921393351,0.06115133696371729
2024-10-26,False,168574.43838918323,167627.68009024332,960.5984119445412,3.426121069951195,10.413991934694739,946.7582989398952,0.005730547672242422,0.005647983068370346,3426.121069951195,91863.54137031673,3941.9556828233326,1074.3850183913032,-113.78660644676239,202,216,0.004442136062122638,45.02338451659936,136.1126884129734,0.19727528516473714,0.058682957359583475
2024-10-27,False,167726.16826622564,168574.43838918323,-850.9253031695048,4.669051138417111,-7.324231350333437,-848.2701229575885,-0.005047771840740152,-0.005032021052914382,4669.051138417111,92779.58082665484,3260.652447425884,-210.8090077375892,-640.1162954319154,200,214,0.004337895563782335,46.105305454982954,134.84588230710557,0.19690390560964793,0.05868656897858214
2024-10-28,False,168538.41369024327,167726.16826622564,786.9219914793158,3.8868951095512414,-29.210327647860023,812.2454240176246,0.0046917067242021725,0.004842687532981598,3886.895109551241,93453.9260869472,3183.004776441281,-89.54469642596352,876.4666879052793,197,210,0.004350474158952298,45.972000451593296,132.3143937310925,0.19710036216815618,0.05846144448156717
2024-10-29,False,167420.06784194792,168538.41369024327,-1113.9423888921929,17.73167803657308,-13.328218633434242,-1118.3458482953317,-0.006609427278338501,-0.006635554612200987,17731.678036573077,96340.84483428166,11762.563087624345,646.2657348578024,-1760.2081237499947,194,207,0.004239000196810007,47.18093671014851,130.31526242018467,0.19543904981513918,0.062111216660378755
2024-10-30,False,168824.2312863647,167420.06784194792,1385.5451946019605,3.8318138468500313,-22.450063661651193,1404.1634444167616,0.008275860907606234,0.00838706770649714,3831.813846850031,97494.5309392348,12082.50174100793,833.7951206663125,551.750073935648,195,209,0.004188299298068458,47.75207924902481,131.58181160490423,0.19802071786384196,0.06079219681515557
2024-10-31,False,170433.72662897117,168824.2312863647,1594.017226449082,2.5758460429653893,-18.05396220036093,1609.4953426064776,0.009441874630812105,0.009533556470791231,2575.846042965389,98299.69768679584,12776.174502151269,-518.3978465328208,2112.415072981903,196,207,0.00419869414025801,47.63385788985096,130.31550983440522,0.1965755179997172,0.06111864897400023
2024-11-01,False,170346.71687224327,170433.72662897117,3.574475084792425,75.20281345474152,15.381418357966147,-87.00975672791523,2.0972815389843256e-05,-0.0005105195928581243,75202.81345474152,137099.46360331553,48501.55703126588,-9.73605256453605,13.310527649328463,193,204,0.006282425882194882,31.83483637535988,132.1640179056187,0.19831734706115461,0.08481447190833195
2024-11-02,False,169656.03162190254,170346.71687224327,-696.4055308180781,3.427906854879063,-9.14818733223273,-690.6852503407245,-0.004088165264378818,-0.004054585042919993,3427.906854879063,136273.3273983678,45562.10371543135,-1150.9964010894719,454.5908702713938,193,202,0.006263556326820189,31.930741828505873,130.85546434611888,0.19837732889871318,0.08555297577987847
2024-11-03,False,172208.46390584362,169656.03162190254,2509.575507989061,3.772943616258403,-46.62971956828281,2552.432283941085,0.014792138446229433,0.015044748244668756,3772.943616258403,133280.2964071146,41283.508786579885,-349.1174609350143,2858.6929689240756,191,198,0.006264097475307602,31.92798336685827,128.2374980640855,0.19634595262722837,0.08468079993696685
2024-11-04,False,172993.96708120592,172208.46390584362,794.0126812694921,6.387233201382659,2.1222727058042112,785.5031753623052,0.004610764553963068,0.004561350572128589,6387.233201382659,130393.64996824917,37408.57200803593,-1138.0275485863478,1932.0402298558397,194,200,0.0059660949184775465,33.52276534866744,129.54677862086675,0.19284384172861765,0.08519468971655912
2024-11-05,False,170769.90851955808,172993.96708120592,-2285.445666516959,6.4618587400552014,-67.84896360919132,-2224.058561647823,-0.01321112929587965,-0.012856278164913214,6461.858740055201,125290.98869921314,31740.725949250227,-189.567064625672,-2095.8786018912874,195,200,0.005662024038963525,35.32305737730698,129.5613686374271,0.1893401273177492,0.08310153427816336
2024-11-06,False,169233.41441738055,170769.90851955808,-1576.355369040954,5.0245671420727405,-44.88583400549441,-1536.4941021775323,-0.009230873183142894,-0.008997452276561707,5024.56714207274,122369.06120561881,27925.496740079183,3068.138732501423,-4644.494101542378,194,199,0.005543969525268569,36.07523437645724,128.91551323166698,0.18953711735504616,0.0790186294222537
2024-11-07,False,168811.18663737897,169233.41441738055,-501.09098820314034,7.965539105452655,-86.82874730701596,-422.227780001577,-0.0029609459215146432,-0.0024949433387914527,7965.539105452655,123822.19391733654,29835.265992893812,-454.35646213910974,-46.73452606403066,195,199,0.00566232352775369,35.32118908778467,128.91551323166695,0.19244245553931516,0.07063851451640782
2024-11-08,False,169579.087163302,168811.18663737897,776.5388640888268,68.61010634299288,-59.971768177187826,767.9005259230219,0.004600043868875228,0.004548872270962342,68610.10634299289,102391.39537837608,-2209.860908616265,268.8023721579659,507.7364919308608,195,207,0.004112570378342831,48.631386602699415,135.30857862932592,0.19353197466876534,0.04781020815650489
2024-11-09,False,165186.5651842842,169579.087163302,-4455.320194503212,3.609964945171475,-66.40818043058582,-4392.521979017798,-0.02627281623595962,-0.025902498076239015,3609.964945171475,105742.4960420068,-1736.317403753117,400.56664630179625,-4855.8868408050075,195,207,0.004165808812333191,48.00988451699582,135.30857862932592,0.19392135463406784,0.04830177409308617
2024-11-10,False,163622.8638736615,165186.5651842842,-1574.3498805472377,6.801150338913385,-17.449720263444387,-1563.7013106227068,-0.009530738040293248,-0.009466274142078214,6801.150338913386,107324.29454766907,609.5127406570646,534.0905574897383,-2108.4404380369765,195,207,0.004326950769646843,46.22192639744861,135.30857862932592,0.19940085482306394,0.048275588163980754
2024-11-11,False,162293.59925464267,163622.8638736615,-1360.5500008933413,6.026040931760978,-37.31142280626974,-1329.2646190188325,-0.008315158216176108,-0.008123953997316663,6026.040931760977,110616.07531281988,3540.711572320397,1050.3001425202542,-2410.850143413595,195,207,0.004551018666101335,43.9462051627513,135.30857862932592,0.20123250411212432,0.04949609121170838
2024-11-12,False,169947.90938835015,162293.59925464267,7645.219793714703,3.608078975455016,-12.698418968239261,7654.310133707487,0.04710734020827996,0.04716335190581167,3608.078975455016,114104.64327386962,5422.035896007859,4747.626719073851,2897.593074640852,195,207,0.0048335210488727786,41.377703330089325,135.30857862932592,0.20522619872276052,0.05093251242750759
2024-11-13,False,169563.98683570034,169947.90938835015,-379.2574552305804,17.787101186785364,-13.122003767572238,-383.9225526497935,-0.002231610006828235,-0.0022590601675039563,17787.101186785363,109093.14939469483,-2576.4452382668023,-2428.1904500349588,2048.932994804379,195,207,0.004953224811873535,40.37773523232249,135.30857862932592,0.20545181656005493,0.05270748995180355
2024-11-14,False,169261.63638611935,169563.98683570034,-317.21115205947206,4.79991726406826,-19.660619742560108,-302.3504495809802,-0.0018707460114560468,-0.0017831053351791248,4799.917264068261,104061.25798962987,-6122.123877630787,-643.8230525859689,326.611900526497,195,207,0.00498456491717721,40.12386302980707,135.3085786293259,0.20691552170129782,0.05342992555590299
2024-11-15,False,180951.11459882313,169261.63638611935,11846.674067285156,138.74281691387804,18.453037667511914,11689.478212703765,0.06999030802384862,0.06906159282330077,138742.81691387802,129759.80508385092,96892.15589246697,12212.755345413696,-366.0812781285391,195,217,0.003517811481395989,56.85352983174445,128.64534697484504,0.19470584184157497,0.04329201543026028
2024-11-16,False,187524.00360371557,180951.11459882313,6606.114288820519,18.826097537415876,14.399186390680383,6572.889004892422,0.03650772919231017,0.03632411449614343,18826.097537415877,134922.8606013028,94107.36772548998,7724.114179131166,-1117.999890310647,195,217,0.0034317354974321094,58.27954985157088,128.64534697484504,0.19435396336800403,0.043359164961841244
2024-11-17,False,195061.64917329224,187524.00360371557,7583.4274884692995,14.304160047160298,31.47775884547183,7537.645569576667,0.04043976953742386,0.04019563055781152,14304.1600471603,133623.77645438223,90337.50602140964,6782.317720724948,801.1097677443485,196,217,0.00335371474615464,59.63536410761215,128.64534697484504,0.1930751897856253,0.04530785010165445
2024-11-18,False,193728.77495172835,195061.64917329224,-1260.283607273025,15.780828809906815,56.809785480946644,-1332.8742215638783,-0.0064609502309364375,-0.006833092138884545,15780.828809906816,132700.17529596755,90557.40046640931,-256.38883398991834,-1003.8947732831067,196,217,0.003287890718506197,60.82927235819655,128.64534697484504,0.1915196268150085,0.04390420682295615
2024-11-19,False,196010.2288970713,193728.77495172835,2322.8110704223036,4.929986943654236,36.42713813570919,2281.45394534294,0.011990015788831996,0.011776536273000297,4929.986943654236,129900.59203300868,88772.38007420619,1528.647469884033,794.1636005382705,197,217,0.0032298539147908346,61.922305242388035,128.64534697484504,0.19095890375915595,0.04629497766997037
2024-11-20,False,198550.00055291623,196010.2288970713,2573.8678830628364,5.857404518811337,28.238822699094175,2539.7716558449306,0.013131293695975547,0.012957342431239204,5857.404518811337,126248.9590379617,89494.148929553,1418.2444552519605,1155.6234278108757,198,217,0.0031808340842229333,62.87658982026386,128.64534697484504,0.18938143015293046,0.046403211360869195
2024-11-21,False,197897.693378831,198550.00055291623,-638.8949652690819,5.339321675934502,8.072887140222296,-652.3071740852387,-0.003217803895693306,-0.0032853546827938188,5339.321675934502,125133.0225025144,90645.91683626917,512.5783944716204,-1151.4733597407026,199,217,0.0031626682922294737,63.23774152711195,128.645346974845,0.18976101059148648,0.04523004129504551
2024-11-22,False,201261.71728270018,197897.693378831,3399.935702442199,4.560073807769298,31.351724765250367,3364.0239038691793,0.01718026948365578,0.016998802999838435,4560.073807769298,122921.5661041216,90065.49847417955,3725.2465142446745,-325.3108118024742,199,237,0.0028890394206559826,69.22716200064455,138.8644627331765,0.19097978073121238,0.045304462839461136
2024-11-23,False,202060.90182970007,201261.71728270018,861.6023884806814,8.593303760756358,53.82453772004146,799.1845469998835,0.004281004853349435,0.003970872144936124,8593.303760756358,123589.28350091846,90964.85902894722,2206.6394650526495,-1345.0370765719676,199,237,0.0028560601922585534,70.02653534477554,138.8644627331765,0.1902590108825473,0.04633168089598463
2024-11-24,False,200885.0668629138,202060.90182970007,-1115.31659286674,9.267953986504528,51.25041993301475,-1175.8349667862592,-0.005519705112504869,-0.005819210723790941,9267.953986504528,120169.97951297261,88772.78718906306,-99.15407462432478,-1016.1625182424152,200,237,0.002817205295955997,70.99234134164566,138.8644627331765,0.1884792395130537,0.04761408768381222
2024-11-25,False,197178.95954678254,200885.0668629138,-3666.347113328954,5.218047627434929,34.54215517487224,-3706.107316131261,-0.018250968927575436,-0.01844889405672125,5218.047627434929,117601.56393469148,88148.63594423284,-4293.895689301079,627.5485759721261,202,237,0.002766750087674861,72.28697701716793,138.8644627331765,0.18668377277247336,0.049705800477001426
2024-11-26,False,197359.5800950669,197178.95954678254,242.43478558177776,2.1533215530274874,59.66091574441015,180.62054828434012,0.00122951650692861,0.0009160234372850832,2153.3215530274874,111546.72563808931,83970.27537628569,216.7560875423889,25.678698039388763,205,237,0.002750618786394569,72.71091180983105,138.8644627331765,0.18499428759481074,0.050331205422679944
2024-11-27,False,196530.3471008347,197359.5800950669,-760.5489249306161,2.5494447022500326,66.13462459930865,-829.2329942321747,-0.0038536205061049703,-0.004201635379608826,2549.4447022500326,110418.13343476389,83775.88287709691,201.53330126511764,-962.0822261957335,207,237,0.0027258699220523482,73.37107261868792,138.8644627331765,0.1843406782235235,0.05099580354331467
2024-11-28,False,197570.19106865957,196530.3471008347,1083.5781462392656,5.0414188901388215,38.69275952428289,1039.843967824844,0.005513541100516702,0.005291009674405788,5041.418890138822,107053.2638815754,81935.69804732743,979.5316560881437,104.04649015112182,211,237,0.0027059681756039654,73.91069924736291,138.8644627331765,0.18336743426545693,0.052236391279041866
2024-11-29,False,198524.6884769644,197570.19106865957,1027.7830049868521,49.15708266412086,24.12851401789205,954.4974083048393,0.005202115761631658,0.004831181278622808,49157.082664120855,130993.73014698626,65375.25573561438,1510.4766393072669,-482.6936343204146,224,255,0.0033156936153503815,60.31920412491589,146.19357900456126,0.19029189611052114,0.068428181467372
2024-11-30,False,195633.37960268234,198524.6884769644,-2882.6217849070185,3.4142379804409573,5.272851394608266,-2891.308874282068,-0.014520218150305776,-0.01456397638230047,3414.2379804409575,130887.65541691304,65251.14057780504,-668.8372244957563,-2213.784560411262,229,255,0.003298954061727236,60.625275847365344,146.19357900456126,0.18903390789222327,0.07071609147650969
2024-12-01,False,196453.58629704118,195633.37960268234,850.7890078372375,8.747953991585726,21.834359486802192,820.2066943588495,0.004348894905179935,0.0041925702864441215,8747.953991585726,126525.18676240399,63924.66751997944,1236.5257928830888,-385.73678504585075,233,255,0.003277796981824877,61.016591664762664,146.19357900456126,0.1865949030942721,0.07370347212977285
2024-12-02,False,197336.97207505463,196453.58629704118,1001.1697232373747,5.977171320200645,111.80677390372719,883.3857780134468,0.005096215050630783,0.004496664045001207,5977.171320200645,125633.51343930794,65178.938534540786,2074.133860463103,-1072.9641372257274,240,255,0.0032537657232076856,61.46724042652721,146.19357900456126,0.18374218136322615,0.07440409193598883
2024-12-03,False,210373.96599253113,197336.97207505463,13126.245575761133,12.378623242400257,76.87303504222362,13036.99391747651,0.0665169098204706,0.06606462935145298,12378.623242400257,122789.70074536384,65343.1507254208,13368.367656690625,-242.12208092949513,246,255,0.003197684835871133,62.54525078782969,146.19357900456126,0.18059385038794518,0.07350688101232862
2024-12-04,False,207589.39964056964,210373.96599253113,-2630.181266210312,27.867324916799564,126.51776083437058,-2784.5663519614823,-0.01250240852665054,-0.013236268750384932,27867.324916799564,116803.69806495767,59987.20314271741,-2460.074336382011,-170.10692982830142,253,255,0.0031015569051909397,64.4837435241858,146.19357900456123,0.17688951239039694,0.0701110032461144
2024-12-05,False,207352.8317742977,207589.39964056964,-106.02726943538369,14.113825039313266,116.42677179723839,-236.56786627193534,-0.0005107547380500375,-0.001139595117484517,14113.825039313266,108854.94985735224,56752.87871879137,-710.9624189333646,604.9351494979809,257,255,0.0030024517360926215,66.61222813202626,146.19357900456126,0.17443266842621716,0.0679360629870966
2024-12-06,False,209149.89263556516,207352.8317742977,1870.7307689949107,31.905622564239906,41.76428516320594,1797.060861267465,0.009021968752426732,0.008666681066712197,31905.622564239908,91603.81298364102,45162.11018220771,936.7156800677659,934.0150889271443,259,256,0.0027901657457453694,71.68032949475254,146.1416581930574,0.17132063234026018,0.06390785432361112
2024-12-07,False,209860.87406867696,209149.89263556516,709.3073586175291,10.026677428514144,-11.70075192277087,710.9814331117858,0.0033913828483453593,0.003399387033636402,10026.677428514144,84627.22546695934,40299.29389791881,349.32506228849377,359.9822963290352,260,256,0.0027572700975869537,72.53551263441022,146.1416581930574,0.17050671800737466,0.0628298540715397
2024-12-08,False,210925.02553908929,209860.87406867696,1092.6851291610587,10.217749561238815,18.315909187489474,1064.1514704123304,0.005206711989598774,0.005070747346949898,10217.749561238816,76877.58633693404,33331.334152591655,1181.7885308999241,-89.10340173886551,262,256,0.0027311235017237743,73.22993627851986,146.1416581930574,0.1692707009431052,0.062396231668714865
2024-12-09,False,209189.93633608407,210925.02553908929,-1726.3533625964765,8.05898129886876,0.6768591098821375,-1735.0892030052273,-0.00818467774596307,-0.008226094549808056,8058.981298868759,70570.40272835056,27850.47933010878,-7127.442887348977,5401.0895247524995,263,256,0.002698696250546839,74.1098595143762,146.1416581930574,0.16870500343066908,0.061748399487432576
2024-12-10,False,212200.67365091006,209189.93633608407,3026.5202155521333,7.4538725094183915,8.329028216725483,3010.7373148259894,0.014467809821834512,0.014392362116258528,7453.872509418392,64944.70680797481,27656.913861506415,2066.550389062328,959.9698264898049,263,256,0.0027617963547178948,72.4166355199745,146.14165819305742,0.16884453698025742,0.05597078358212636
2024-12-11,False,209162.12835335202,212200.67365091006,-2999.8773352313,5.81870654067796,32.849255786074714,-3038.5452975580524,-0.014136983090668123,-0.014319206651326391,5818.70654067796,69007.23843837419,28338.4173832749,2453.1658033908952,-5453.043138622195,263,256,0.0028002714914096847,71.42164629877298,146.14165819305742,0.17096580996162822,0.0563450728431231
2024-12-12,False,211270.7305853099,209162.12835335202,2103.690897715626,10.361865171005702,-15.273199413257004,2108.602231957877,0.010057704586758247,0.010081185578661113,10361.865171005702,67362.68926641712,30765.311977307618,-459.25014783184673,2562.941045547473,263,256,0.0028130005357170943,71.09845784263803,146.1416581930574,0.17335638303031178,0.05400867208862833
2024-12-13,False,211627.78197382911,211270.7305853099,315.65873832738873,31.673184180137092,-73.06583437195525,357.0513885192069,0.001494095928256979,0.0016900182411923436,31673.18418013709,70772.49398610022,24718.21000080344,190.92775456377194,124.7309837636168,264,257,0.0035338440929037064,56.59559243194089,151.95147266404683,0.1707825939038887,0.07035230219387861
2024-12-14,False,212111.50235809069,211627.78197382911,381.21979497525757,7.320511674305918,-109.82110096060852,483.7203842615602,0.0018013693259914287,0.0022857130559605795,7320.511674305919,72021.78502568738,19971.06262834701,-487.57603571891923,868.7958306941767,264,257,0.003666952444458942,54.54120363688271,151.9514726640468,0.1744097835973775,0.07345321049722459
2024-12-15,False,212148.93403185814,212111.50235809069,-69.77246272320639,11.385546227505655,-118.58968271815276,37.431673767440714,-0.0003289423814716808,0.00017647168282391328,11385.546227505654,82050.95938677994,13791.455048840904,595.6790091165233,-665.4514718397297,264,257,0.0037766834728508343,52.95651632913514,151.95147266404683,0.18145812037526446,0.07461330127689404
2024-12-16,False,213853.37677891453,212148.93403185814,1323.6961640260865,7.203333701311136,-387.9499167316179,1704.4427470563933,0.00623946648644159,0.008034180114242003,7203.333701311137,90370.45933261144,10026.229560682856,156.15683626916518,1167.5393277569215,264,257,0.003784386324962673,52.8487270659326,151.95147266404683,0.18817828023061003,0.07389399567290414
2024-12-17,False,216435.75039681516,213853.37677891453,2583.6069315920477,8.424725019626036,-7.191411328211013,2582.373617900633,0.012081207089205924,0.0120754399897568,8424.725019626037,97236.08473064005,9475.077869402856,767.8600759901667,1815.7468556018807,264,257,0.003749174975627361,53.34506959535368,151.95147266404683,0.1927126458180133,0.07251386650376766
2024-12-18,False,216468.4936658028,216435.75039681516,36.773240376996,10.43661614000232,-6.406644750640041,32.74326898763372,0.0001699037257457496,0.00015128401351256402,10436.61614000232,104647.14220761813,9145.62235859501,-2163.815113632041,2200.5883540090376,264,257,0.0036736276320464734,54.44209920878282,151.95147266404683,0.19789707384239466,0.06929369201103265
2024-12-19,False,218608.39668795283,216468.4936658028,2134.8943795877963,9.359952641991168,-14.368595204238769,2139.903022150044,0.009862379247133192,0.00988551722198315,9359.952641991167,109472.13663435141,9628.936351670036,-254.58477009956914,2389.479149687365,263,255,0.0036080980125833212,55.430866706640344,150.79287488771683,0.20151964341602463,0.06334839432225385
2024-12-20,False,216956.54370699037,218608.39668795283,-1616.3957096693866,19.19834673061451,16.258924562460678,-1651.8529809624617,-0.007394023899167382,-0.007556219276061745,19198.34673061451,115853.65161012116,12425.00324671545,-390.02747764262585,-1226.3682320267603,267,261,0.003450581428486368,57.961246284146384,154.9094279978375,0.2041911524040684,0.05672521455053024
2024-12-21,False,218602.86239614064,216956.54370699037,1679.18620339561,5.540975138837646,27.326539106500544,1646.3186891502717,0.007739735223950778,0.007588241686656382,5540.975138837646,118419.92045970875,14713.178722316312,-425.99611151401973,2105.1823149096303,267,261,0.003376868372190064,59.226471972400354,154.90942799783747,0.20528807411229152,0.05074198312641362
2024-12-22,False,218832.25992392455,218602.86239614064,246.7474322569197,5.771933510014938,11.577970963006724,229.39752778389803,0.001128747490093597,0.0010493802563673474,5771.933510014937,121089.60711890437,17340.281551104992,-34.225574224569726,280.9730064814894,267,261,0.003285590309911229,60.87186202025403,154.90942799783747,0.2048543300718696,0.04501468111464399
2024-12-23,False,216008.33183323962,218832.25992392455,-2831.1982151345,5.290267068116769,-12.56039151769953,-2823.9280906849176,-0.012937755229136443,-0.012904532867624892,5290.267068116769,123541.44769196043,18563.29777880639,-366.1197428920775,-2465.0784722424223,267,261,0.003193932576642323,62.61872948183944,154.9094279978375,0.20502230125699755,0.0401906044607968
2024-12-24,False,217483.73900670253,216008.33183323962,1530.0254211850747,4.881635431583596,49.73661229056988,1475.4071734629213,0.007083177802448232,0.006830325297831331,4881.635431583596,120765.58173807545,17151.536838119508,1972.6336842774795,-442.6082630924047,266,260,0.003184467004660495,62.80485861756403,154.33461532360192,0.20479764192148184,0.03641697623574714
2024-12-25,False,218391.06139566062,217483.73900670253,960.1032869309622,2.1341735939885482,50.64672437887203,907.3223889581017,0.004414598035310462,0.004171909095834238,2134.1735939885484,122229.68790958887,17628.239976019395,-253.16055081348185,1213.2638377444446,264,258,0.0031766656846407885,62.95909606320932,153.17358260430944,0.2040006107900912,0.035184268390560845
2024-12-26,False,219484.19144432267,218391.06139566062,1093.9042711790173,2.2318407402800067,-1.4576182233059178,1093.1300486620432,0.005008924194004365,0.005005379074016275,2231.8407402800067,122780.91372057503,17902.682195171947,-1372.856790661804,2466.761061840821,264,258,0.003138711352522912,63.72041820259738,153.17358260430947,0.20298699719912022,0.03397915571303241
2024-12-27,False,215851.44862338135,219484.19144432267,-3603.082370794169,51.6388606856696,-21.97841053851858,-3632.7428209413197,-0.01641613615579314,-0.01655127322398912,51638.8606856696,100408.62713767841,56017.27432623427,-3231.983125355814,-371.0992454383549,266,265,0.002587645713330726,77.2903334369399,155.02436378873224,0.19624991332438388,0.026828824992485997
2024-12-28,False,215254.6963111278,215851.44862338135,-582.6291376871382,3.103316809078302,11.01985775733347,-596.7523122535499,-0.002699213470203354,-0.0027646435363737876,3103.316809078302,99233.85312622611,54872.73604415481,-234.34528317470586,-348.28385451243236,266,265,0.0025895718472279555,77.2328445777988,155.02436378873224,0.19743978391814074,0.025914392689025387
2024-12-29,False,217007.71342587043,215254.6963111278,1671.491928488839,2.1662722361566042,-83.69145848993993,1753.0171147426224,0.007765182163890515,0.008143920410492798,2166.2722361566043,99474.29051673303,54982.49969875855,1259.9396658149794,411.55226267385916,266,265,0.002595988175454432,77.04195338447167,155.0243637887322,0.19899715914067906,0.025456752917402917
2024-12-30,False,215799.35398665772,217007.71342587043,-1307.7639006582901,3.805956277690755,-103.21041772328019,-1208.3594392127006,-0.006026347543194683,-0.005568278749803401,3805.956277690755,99855.65001747425,54992.184459515236,-1247.915925384142,-59.84797527414823,267,265,0.0025973534126963816,77.00145810822667,155.02436378873222,0.19851332091392276,0.025583431459451366
2024-12-31,False,217213.03376840585,215799.35398665772,1337.8563307869072,1.3902730604222744,-77.21372402162945,1413.6797817481142,0.006199538163907678,0.006550899044097779,1390.2730604222743,99583.29023218236,54632.876696483276,1227.2892776382387,110.56705314866788,266,264,0.002597580826864002,76.9947167501445,154.44320650142706,0.19952281892755475,0.025398684643298346
2025-01-01,False,218570.21553883588,217213.03376840585,1390.2353958168715,18.972762750634665,14.08086263620832,1357.1817704300283,0.006400331378360798,0.006248159914183905,18972.762750634665,82471.09974856969,62507.75732929593,1628.649743190834,-238.41434737396227,266,263,0.002120348888267726,94.32409973030202,154.90221974158933,0.20245642832735505,0.023250266925859804
2025-01-02,False,219226.79082292368,218570.21553883588,589.9296664293774,2.4524590229855767,-69.09807668141687,656.5752840878088,0.0026990395968409424,0.0030039558796662643,2452.4590229855767,82367.66473184325,62182.740890069035,1125.2657189017227,-535.3360524723452,266,263,0.002123351561061096,94.19071418397368,154.90221974158933,0.2033631143301705,0.023132367035809346
2025-01-03,False,218077.58283456045,219226.79082292368,-1149.6872684422165,43.950126852446076,-44.42940693143397,-1149.2079883632287,-0.005244282708908761,-0.005242096479401004,43950.126852446076,108382.10495564682,54396.053478472444,944.6861842668881,-2094.373452709104,266,264,0.0028036154559938136,71.33645934659926,153.64111021726697,0.1998026226079444,0.027525055362873876
2025-01-04,False,216912.1868165595,218077.58283456045,-1167.3368716554517,5.721932896863723,-7.662786551350916,-1165.3960180009644,-0.005352851294857871,-0.005343951463755288,5721.932896863723,105984.81410751553,53615.50314895132,-644.6835726612265,-522.653298994225,266,264,0.0027926943698079647,71.61542708082041,153.64111021726697,0.20231271773843112,0.026683181136863677
2025-01-05,False,217206.74959845608,216912.1868165595,320.4113877950135,3.787328298962478,22.061277599454716,294.56278189659633,0.0014771479302174123,0.0013579817078037445,3787.3282989624777,102907.34947944726,51796.60276926183,-135.48622041282078,455.89760820783425,265,263,0.0027964379260577354,71.51955641008954,153.0593445162222,0.2012708059517979,0.02629266615597673
2025-01-06,False,218194.01603547583,217206.74959845608,975.7885938028973,3.246749366538043,-14.724592583373033,987.2664370197322,0.004492441397916086,0.004545284337824969,3246.749366538043,102098.68917907128,49471.53094250848,1364.0555326849872,-388.26693888209013,265,263,0.0027912021679355136,71.65371333454077,153.0593445162222,0.1994405524166954,0.026969162770740993
2025-01-07,False,217630.4624108915,218194.01603547583,-561.7292304293667,2.4287535436836953,-0.6043593887171967,-563.5536245843332,-0.002574448376888741,-0.0025828097159763808,2428.753543683695,102224.44306816207,50297.371287122776,-2719.402418868573,2157.673188439207,265,263,0.0027713143791945555,72.16792201616883,153.05934451622218,0.2003194891321864,0.02700075637193508
2025-01-08,False,217332.38100419656,217630.4624108915,-269.0323526280217,4.27378484236147,24.77526922454152,-298.08140669492474,-0.001236188857238571,-0.0013696676622969258,4273.7848423614705,101167.09868807686,49984.18952857888,-350.4019557113245,81.36960308330265,264,262,0.0028005538516396827,71.41444535440837,152.47934043635365,0.1986932487958438,0.0270472331859844
2025-01-09,False,217368.93277981115,217332.38100419656,72.81191058005584,4.831817025136282,31.42831794032761,36.55177561459194,0.00033502559647864845,0.0001681837535930099,4831.817025136283,103191.09234074235,51013.09564293724,-2443.5622823362137,2516.3741929162697,263,261,0.0028378428784289417,70.47606529601879,151.89531714667552,0.20064941721753343,0.027533323045941846
2025-01-10,False,216578.64855298898,217368.93277981115,-764.7118554926683,6.301342863027509,19.271028466486946,-790.2842268221827,-0.003518036573640911,-0.003635681588512556,6301.342863027509,104412.57312595486,52376.97921468029,1250.3908981135087,-2015.102753606177,263,264,0.002864450014005499,69.82143134707047,154.48918423610698,0.2011511305468745,0.029211067783839067
2025-01-11,False,218711.89736439753,216578.64855298898,2114.5606038248634,4.223407066273226,-22.911614649961734,2133.2488114085522,0.009763476769075446,0.009849765088392928,4223.407066273226,107209.88161127313,54118.442786353735,1415.4195043359737,699.1410994888902,261,260,0.002935148038154393,68.13966362179096,152.15473935594676,0.20411195530399975,0.030198170268168775
2025-01-12,False,217780.1320278069,218711.89736439753,-944.4311455112181,4.629229943148231,-17.295038863727115,-931.7653365906392,-0.004318151673009788,-0.004260240745103216,4629.229943148231,108674.15987616328,54520.40065523086,-1626.4443990708382,682.0132535596201,262,259,0.002975514965543202,67.21525595267458,151.56954826977,0.20415333649445752,0.03125985142531095
2025-01-13,False,218450.99321683918,217780.1320278069,680.4068108628046,4.560540697508454,4.985081132990647,670.8611890323054,0.0031242832141176588,0.003080451750973535,4560.540697508453,110516.23514809985,55335.82551812906,168.0393033459513,512.3675075168535,261,257,0.0030152688506693876,66.32907707569763,150.40392994113125,0.20313789841550986,0.0319269841612436
2025-01-14,False,218302.7839462451,218450.99321683918,-144.03789600216257,3.7784891122842783,0.39288547963514286,-148.209270594082,-0.0006593602248316969,-0.0006784554668834409,3778.4891122842782,113330.71942667571,56472.27341580807,469.9923184990412,-614.0302145012038,261,257,0.0030488415106098296,65.59868701079053,150.40392994113122,0.2038782685561147,0.03360833160008821
2025-01-15,False,219929.24888660831,218302.7839462451,1696.911897022428,5.282054775090875,65.16490188410793,1626.4649403632293,0.007773203192132794,0.007450500222497072,5282.0547750908745,117177.86547066721,58820.165713890165,2680.2906626531662,-983.3787656307379,260,256,0.0030834845170168252,64.86168453133462,149.82266201274777,0.2061352121801943,0.034666656012994936
2025-01-16,False,221121.46147512106,219929.24888660831,1164.528447307673,3.6919514260674267,-31.376092631131478,1192.2125885127373,0.005295013979282418,0.005420891466452565,3691.9514260674264,117691.36291948312,59216.87114952148,435.6219818134098,728.9064654942631,259,255,0.003110493434816936,64.29848002934966,149.23014363440757,0.20732870428583333,0.03497692771336883
2025-01-17,False,219276.05074740053,221121.46147512106,-1805.1466044089987,57.003069357513695,-16.73894604598178,-1845.4107277205305,-0.008163597474287227,-0.008345688000656428,57003.0693575137,112052.65147540801,65478.34352502949,1231.914279714471,-3037.0608841234694,262,260,0.0030539952079649702,65.48798749860188,149.85845177749874,0.20533544207640123,0.035916511202474244
2025-01-18,False,220802.4224811511,219276.05074740053,1542.8227288944622,5.970519627412232,10.48047551649345,1526.3717337505566,0.007035983745765961,0.006960959614823104,5970.519627412232,111682.91198158762,66701.54377552285,-2475.8910133011505,4018.7137421956127,261,259,0.0030939491727781467,64.64230303447881,149.2842863917613,0.2060961301413921,0.03552127562630223
2025-01-19,False,219308.2771730286,220802.4224811511,-1540.946229905976,7.598276693551977,-54.399198477012085,-1494.1453081225159,-0.00697884657509824,-0.0067668882040914395,7598.276693551978,112786.58391964281,68221.22798642555,-3500.496157917532,1959.5499280115562,261,259,0.003177720355326023,62.93820023048589,149.2842863917613,0.20386165729421965,0.03638272201963085
2025-01-20,False,219137.17642998302,219308.2771730286,-160.80171049133406,10.70227265752418,-0.4032401032897006,-171.10074304556855,-0.0007332222593881655,-0.0007801836996356251,10702.27265752418,117275.78168266432,68431.85310050574,-204.96228340799465,44.160572916660584,261,259,0.0033198833988416798,60.24307964242985,149.28428639176127,0.2035796692545229,0.03881638070454184
2025-01-21,False,220522.79856703314,219137.17642998302,1373.9402139321949,8.23375289076314,-19.915676008673103,1385.6221370501048,0.006269772369596928,0.006323081092964743,8233.75289076314,122087.76784036582,68985.21069848082,1619.1044771541283,-245.1642632219334,261,259,0.0034471848775292917,58.01835616758288,149.28428639176127,0.20288303275078806,0.04192145664628529
2025-01-22,False,220735.96270012064,220522.79856703314,-1.9628154491734904,6.443094611834898,-221.57004314850678,213.16413308749839,-8.90073707538609e-06,0.000966630817641751,6443.0946118348975,125881.04745217843,69870.50999483593,-575.1458712135378,573.1830557643643,262,258,0.0035483510889903432,56.3642083277922,148.7074329253845,0.20196863406461701,0.04355797565572084
2025-01-23,False,220312.9795707613,220735.96270012064,-392.2344345995891,8.42378218053354,22.324912579209908,-422.98312935933257,-0.0017769394248297302,-0.0019162402183371156,8423.782180533539,128407.32552835281,69403.73359989883,-428.5589135438151,36.32447894422591,259,255,0.0036342947142062178,55.03131026171687,146.97776809963182,0.2003389849576866,0.046187982126123774
2025-01-24,False,220302.28865264083,220312.9795707613,23.60749234697016,15.144527646438364,19.15388282100621,-10.690918120474413,0.00010715434194101933,-4.8526047540656344e-05,15144.527646438364,132522.2321749414,72091.18409625186,-613.3794608123626,636.9869531593328,263,259,0.0037360622300658852,53.53229889762115,152.34820689772465,0.1989956437011436,0.051148011988204976
2025-01-25,False,223908.4707861145,220302.28865264083,3622.9109272694177,4.804456160388293,11.924337635347678,3606.182133473682,0.016445180617173715,0.016369244983921567,4804.456160388293,135135.89618595853,70086.06052380192,3817.6389047139132,-194.72797744449605,265,259,0.003694976858473484,54.127537914439486,152.34820689772468,0.19626197671937096,0.052516799543646284
2025-01-26,False,228258.84293543646,223908.4707861145,4379.20648373881,8.979678748047874,19.854655668824964,4350.372149321936,0.019558020598166588,0.01942924327091479,8979.678748047874,137065.18038546934,67530.00495573202,4094.97324521427,284.2332385245403,262,256,0.0036919072708026888,54.172541542874754,150.58137747560377,0.19469933411285342,0.053055399120779174
2025-01-27,False,229139.25933872908,228258.84293543646,874.048579678247,8.978648812694061,-15.346472427073131,880.4164032926261,0.0038291992040171414,0.003857096583730839,8978.648812694062,139312.5074869621,66465.74673649218,-77.40535514089464,951.4539348191416,260,255,0.0036413612487334692,54.92451485541667,150.00756265876075,0.19238050066865128,0.05459277687428641
2025-01-28,False,230621.6628544425,229139.25933872908,1489.8967892350806,3.3470374983489717,4.146236023321655,1482.40351571341,0.006502145435639271,0.006469443603821819,3347.037498348972,139657.61410306295,64196.59527404794,-767.6827027753412,2257.5794920104217,261,256,0.0035478356622183163,56.372396875606185,150.59695749416966,0.19078111209283527,0.054017955738584256
2025-01-29,False,230746.3734953175,230621.6628544425,112.69163151086269,5.900557034360816,-17.919566398521823,124.7106408750237,0.0004886428712552833,0.0005407585711223285,5900.557034360815,138120.81995454687,60572.40650547933,1881.611146134436,-1768.9195146235734,259,254,0.003461641815710664,57.77605270779312,149.41826527615868,0.1877467200429644,0.054675342262753716
2025-01-30,False,233673.5464125705,230746.3734953175,2933.3785391475,4.872169579547159,1.3334523149752084,2927.1729172529776,0.012712566159602185,0.012685672467621157,4872.169579547159,138079.15418545023,59223.79907622156,3942.7031337398575,-1009.3245945923584,256,251,0.0034161835031387405,58.54486441265315,147.6502408854165,0.18673790322243297,0.05425716721874653
2025-01-31,False,230651.60668161692,233673.5464125705,-3015.0378342859494,8.710782444474177,-1.8088857768612614,-3021.9397309535625,-0.012902777745165232,-0.012932314236452214,8710.782444474176,136661.54058395384,56389.10455264998,-2076.9941664201488,-938.0436678658003,261,255,0.0033273833962236174,60.10729037927764,149.49518167721934,0.1848223737375453,0.05483508089396809
2025-02-01,False,234416.70833650153,230651.60668161692,3780.9354872287795,2.9875020671239327,12.84633027704672,3765.1016548846087,0.016392409060682785,0.01632376079687066,2987.5020671239326,134058.23039045394,54540.53239567019,684.5029300961114,3096.432557132668,261,255,0.0033028720452874475,60.55336000235338,149.49518167721936,0.1842338536070033,0.05493050821205543
2025-02-02,False,238629.01913555517,234416.70833650153,4210.103497829332,13.69586138901556,-15.903162613327256,4212.310799053644,0.017959912191010695,0.01796932833391269,13695.86138901556,138346.11097730292,56032.72732975349,476.20012420821786,3733.9033736211145,262,255,0.0032268872402459073,61.97923419994027,149.49518167721934,0.18260400251095632,0.05602541419901079
2025-02-03,False,243167.59171908099,238629.01913555517,4587.5705116310255,14.820444134956864,34.17748397025662,4538.572583525812,0.01922469667875984,0.019019365708190076,14820.444134956862,133961.32429142593,50597.031187934714,5401.933042571565,-814.3625309405403,263,255,0.0030877075645708843,64.77297341718794,149.49518167721934,0.1800636169588601,0.05424445695019883
2025-02-04,False,245073.11477187483,243167.59171908099,2021.3330463342404,33.39193599964585,82.41805754076438,1905.5230527938302,0.008312510034928432,0.007836254162500333,33391.93599964585,140068.59833630428,70532.13360265939,-278.81911457509955,2300.1521609093397,262,254,0.0031306574524684514,63.884344753944454,149.48809546190444,0.18316678319446603,0.057893283317118654
2025-02-05,False,246076.34484231478,245073.11477187483,1086.3896052668042,5.753123722033215,77.40641110480554,1003.2300704399654,0.004432920380834368,0.00409359497215277,5753.123722033215,137661.62736256944,68157.45549428371,137.69752521441714,948.6920800523872,262,254,0.0030490018571440085,65.59523718602765,149.48809546190444,0.18135944948894328,0.05792635177410457
2025-02-06,False,249737.160116658,246076.34484231478,3755.5514807575455,6.474733486052666,88.26147292826455,3660.8152743432283,0.015261733033153167,0.014876745981776799,6474.733486052666,135966.07615900584,62769.11161349785,1702.9862381776727,2052.565242579873,262,254,0.0029286431321193383,68.2910108802735,149.48809546190444,0.17911598742573134,0.05747191636454553
2025-02-07,False,246415.54847338545,249737.160116658,-3165.33867877857,32.16736146953835,124.1056030244377,-3321.6116432725457,-0.012674680361144362,-0.013300430107081158,32167.361469538344,151629.36536286082,75893.4996101862,-1152.9002826060296,-2012.4383961725398,266,260,0.0030376524594790677,65.84031671427559,154.58576804741796,0.18509517533950728,0.05775458943777993
2025-02-08,False,243047.05667420308,246415.54847338545,-2873.1666245493916,14.708186904243703,480.6169877287468,-3368.491799182382,-0.011659843067328656,-0.013669964497172149,14708.186904243703,159764.5735081296,81342.80154747325,76.78699026292338,-2949.953614812315,267,260,0.002971104607560707,67.31503141661548,154.58576804741796,0.18261771895773785,0.06362692174150902
2025-02-09,False,244679.1773289191,243047.05667420308,2215.6028008915487,6.052098268156955,577.4300479073867,1632.120654716005,0.009115941707788277,0.006715245504510722,6052.098268156955,157797.19765150308,79170.95870908274,1810.0858005746509,405.51700031689757,265,257,0.002997657916428996,66.71875363225332,152.8099218781412,0.18297130456731192,0.06257540808771668
2025-02-10,False,243997.24110531725,244679.1773289191,-451.10146824386044,3.6429191367596823,227.19183622120224,-681.9362236018223,-0.0018436446990233685,-0.002787062761311741,3642.9191367596823,159365.4708727623,79889.7439139995,180.74313061940063,-631.8445988632614,263,254,0.003012381767552497,66.39264722495523,151.01237886132253,0.18095466878577035,0.06364154168692471
2025-02-11,False,243203.8114079291,243997.24110531725,-685.2915388336855,2.8082777579165707,105.32988079653867,-793.4296973881408,-0.0028086036371939597,-0.003251797822769932,2808.277757916571,158882.03571227303,78892.23930065945,-1510.4388382378968,825.1472994042114,263,254,0.0030015382187744415,66.63250154504514,151.01237886132256,0.18065794047398379,0.06385023478182031
2025-02-12,False,238732.47998642526,243203.8114079291,-4325.765697801614,2.3243489573762437,143.2413747448747,-4471.3314215038645,-0.017786586783979087,-0.018385120675613254,2324.3489573762436,157339.14537779323,77708.69012795806,-307.6679810292243,-4018.0977167723895,263,254,0.0029842057527549493,67.01950755753509,151.01580290851956,0.1794687990555432,0.06261469441038904
2025-02-13,False,240860.56100845293,238732.47998642526,2165.497496996975,5.8719069653744675,31.54456800393081,2128.08102202767,0.009070812220943329,0.00891408249999613,5871.906965374467,155312.5448982389,76562.50492115761,-405.43310385776886,2570.9306008547437,259,250,0.003046999235779553,65.63834924915281,148.62875492008277,0.18156315587594055,0.06066238479495887
2025-02-14,False,242111.6625996513,240860.56100845293,1333.7069204788788,38.334649249583215,44.270680030950835,1251.1015911983447,0.005537257386160754,0.005194298252732367,38334.64924958321,123993.726410271,49401.180414708484,2905.551364425164,-1571.844443946285,258,249,0.0028137519110194398,71.07947193807104,147.47686813258042,0.17200766506854334,0.05656594873024307
2025-02-15,False,244986.27272669823,242111.6625996513,2909.1123304715943,9.005425873612982,25.496777551051032,2874.6101270469303,0.012015581154725358,0.011873075820392431,9005.425873612981,125581.2104277655,50487.769505138225,1836.5832022541167,1072.5291282174776,253,244,0.0029630432037442422,67.4981720642043,144.50884800333966,0.1724456983260473,0.0579375138214697
2025-02-16,False,244793.87111594703,244986.27272669823,-121.04201905505016,5.7388810299064525,65.62071066624186,-192.40161075119846,-0.0004940767403326398,-0.0007853567002337222,5738.881029906453,128198.11380304147,52852.94585122187,-471.20897991361926,350.1669608585691,249,240,0.0030704448422396455,65.137141448897,142.13080625743115,0.17101297840116164,0.0601925112483969
2025-02-17,False,244091.69165066438,244793.87111594703,-591.9083555070819,8.061481645609689,102.20962812995216,-702.1794652826437,-0.002417986826258095,-0.0028684519840370317,8061.481645609689,133470.52730512884,56662.247582538716,-522.7917295353349,-69.116625971747,247,238,0.003222824530574302,62.057365550820215,140.9412757494323,0.17079156164634335,0.06394790107137667
2025-02-18,False,248535.40631064458,244091.69165066438,4579.274214672368,18.78921764751344,116.77033704464094,4443.714659980214,0.018760467362510917,0.018205104114481313,18789.21764751344,139102.62748946587,69488.75091703341,2967.7746039039275,1611.49961076844,239,230,0.003475350351702611,57.54815479308954,136.05484515540365,0.17404483703608858,0.06745442545711496
2025-02-19,False,247381.82322381198,248535.40631064458,-1113.4070280661444,5.356801806975773,34.81925695948145,-1153.5830868326016,-0.004479872886499303,-0.00464152413515979,5356.801806975773,142818.1665238273,71098.32119047259,-628.1667904387014,-485.2402376274431,239,230,0.0034917854150969966,57.27728832799547,136.05484515540368,0.17472883305030912,0.06822419308868514
2025-02-20,False,247232.87134843282,247381.82322381198,-114.13078069126561,2.9846417039047846,31.83645298399847,-148.95187537916888,-0.00046135475599599283,-0.0006021132573043118,2984.6417039047847,144510.6610648408,69986.79416504229,2075.8230394552693,-2189.953820146535,237,228,0.0035117118540209692,56.95228091422041,134.86134591177202,0.17499139475135245,0.06731910833465501
2025-02-21,False,247840.06001510637,247232.87134843282,619.5326053591168,3.611280948796098,8.732657736775643,607.1886666735451,0.0025058666429756044,0.0024559382551433283,3611.2809487960976,146416.7365952485,70665.38122432173,-265.80235939162776,885.3349647507447,237,228,0.0035376103964036144,56.53533814897279,133.87126251946046,0.17678787709715052,0.06662909386599096
2025-02-22,False,245609.6236297862,247840.06001510637,-2270.219034878714,6.349570970800369,-46.13222052932257,-2230.4363853201917,-0.009160016482970264,-0.008999499052672284,6349.570970800369,150788.31644697674,74778.15922561713,295.1848557621329,-2565.403890640847,234,225,0.003616242968043648,55.3060183641914,132.10281264271208,0.17625871920316621,0.06852791338493346
2025-02-23,False,246588.40791513852,245609.6236297862,838.0097477748594,7.148228358229499,-147.92276593570813,978.784285352338,0.003411958112187059,0.003985121881167349,7148.228358229499,152251.53255156195,71876.57997432687,102.29017146396575,735.7195763108941,232,223,0.0036517736018177325,54.76790781894217,130.92487613406576,0.1782040316833892,0.06693934033906737
2025-02-24,False,254381.08511541953,246588.40791513852,7715.823782040533,4.185513952063309,-81.03893219254122,7792.677200281011,0.03129029400561227,0.03160196079842813,4185.513952063309,153975.79476156965,73712.70612286027,2440.5991904705434,5275.224591569989,229,220,0.0037382304530333725,53.50124945820576,129.18406414059405,0.17782151162916818,0.06801295782939543
2025-02-25,False,248668.37923259803,254381.08511541953,-5643.65292320497,16.76634829937054,52.286611317139986,-5712.70588282148,-0.02218581983265105,-0.022457274605261913,16766.348299370544,152385.60537184984,70357.56415629736,-3149.7860211788197,-2493.8669020261505,232,223,0.003667152918852489,54.53822200100214,130.92943834674873,0.17684267857742805,0.0680714912576506
2025-02-26,False,246889.40370183391,248668.37923259803,-1735.2426223686657,4.9072485455960315,38.82565984985269,-1778.9755307641144,-0.006978139431011308,-0.007154007824614107,4907.248545596031,148249.38026582857,66918.02436475629,-1286.6781352769658,-448.56448709169985,233,224,0.0036619655826677167,54.6154778042183,131.52052012700577,0.1782305169737281,0.06787805658047603
2025-02-27,False,247959.82335785273,246889.40370183391,1120.055614947455,4.253734136479434,45.38222479215145,1070.4196560188243,0.004536669448560604,0.004335624129545715,4253.734136479434,147649.8424774593,66191.24303377727,867.1715143608798,252.88410058657524,233,224,0.003661586769524317,54.621128103426685,131.52052012700577,0.1779774954120643,0.06754454858057288
2025-02-28,False,249328.58883693334,247959.82335785273,1422.5388390291619,14.341114578592867,39.43224536996149,1368.7654790806075,0.005736973110261377,0.005520109913553299,14341.114578592867,147924.551417819,65772.23461378102,1736.4165141566764,-313.8776751275142,238,231,0.0035610013103086298,56.163978210574186,135.5817207685071,0.17563231652492345,0.0683695849000157
2025-03-01,False,252111.78995625747,249328.58883693334,2813.914222058893,2.3735586493712475,28.339544085386606,2783.201119324135,0.011285966985114802,0.011162783747773157,2373.5586493712476,149280.13593405788,66191.0811328215,1126.0254021193332,1687.8888199395597,236,229,0.0035889427482262712,55.72671787501879,134.411486831774,0.1757366964907302,0.06843641719051803
2025-03-02,False,244732.30942096238,252111.78995625747,-7327.377029708832,3.5374798935881486,48.56602569268253,-7379.4805352951025,-0.029063999866805773,-0.029270668129306746,3537.479893588149,149874.70775733504,66842.38776804406,-3881.5546269871274,-3445.8224027217047,234,226,0.0036182813017491284,55.27486210188168,132.6633765205947,0.1736878626763206,0.06917661793536352
2025-03-03,False,252587.8676129115,244732.30942096238,7895.431144635113,6.2395027986018325,33.63344988739858,7855.558191949112,0.03226149895498365,0.03209857419535408,6239.502798601832,144258.5743814084,61199.03947237767,1610.1930159837784,6285.238128651332,234,226,0.003659334794642472,54.654742247911926,132.6633765205947,0.17760172657981113,0.06494978437698604
2025-03-04,False,252100.35850879902,252587.8676129115,-261.5611498962319,15.847480747014849,210.10047346923412,-487.5091041124808,-0.001035525389117548,-0.0019300574834401148,15847.48074701485,139728.4774589499,57827.46538940896,905.49654333056,-1167.0576932267918,235,227,0.0035839265482268956,55.80471511028807,133.25201199733937,0.1732988871991362,0.06400016326207064
2025-03-05,False,251233.8402537636,252100.35850879902,-810.2103945679504,5.59335000457743,50.71451046290146,-866.5182550354293,-0.003213840707567545,-0.00343719564764199,5593.35000457743,140102.50552570133,56863.85670498231,112.5798898106832,-922.7902843786336,235,227,0.003531029363047461,56.640707124392094,133.25201199733937,0.17255225615789085,0.06430107595614581
2025-03-06,False,251262.6254936442,251233.8402537636,80.00871439945934,2.1319491884930932,49.09152533034401,28.78523988062223,0.00031846312709563724,0.0001145754881251154,2131.949188493093,140071.60289504542,55416.5724600502,-1454.3418455554345,1534.350559954894,235,227,0.003510564672229757,56.970891771940714,133.25201199733937,0.1734850955397383,0.06301820374334147
2025-03-07,False,252671.90429821957,251262.6254936442,1501.4358971655097,58.292886003822446,33.86420658631793,1409.2788045753693,0.005975563990926653,0.005608788023314743,58292.88600382245,115568.64031725386,27277.501741329103,769.6729790776685,731.7629180878416,237,229,0.00298771250088477,66.94084519202325,132.10347922757333,0.1743616772319528,0.053589938460360656
2025-03-08,False,252903.03094057433,252671.90429821957,258.4267540220539,4.02068903972526,23.279422627576594,231.12664235475205,0.0010227759779616894,0.0009147302823267662,4020.68903972526,115818.37411747403,27125.083836876674,-396.35221827286136,654.7789722949153,236,228,0.003005945763501571,66.53479993831415,131.51558080607919,0.1733560437936464,0.05437262798149026
2025-03-09,False,258830.92312499858,252903.03094057433,5961.511846604935,2.3590236318979043,31.260638548802692,5927.892184424235,0.023572322658346218,0.02343938766719303,2359.023631897904,116524.73291768861,26506.48570332558,290.89250191688063,5670.619344688054,236,228,0.0029903935064660224,66.88083008726011,131.51558080607916,0.17280376966856686,0.05594136831546209
2025-03-10,False,262319.2868768497,258830.92312499858,3584.8514957763487,8.276147975860962,88.2115959493462,3488.3637518511414,0.01385016694487118,0.013477384037943903,8276.147975860962,117739.18773296097,26358.18046989723,2223.7137490698565,1361.1377467064926,233,225,0.002975426732626318,67.21724914512217,129.80036602776957,0.17219249186549404,0.055062454350222646
2025-03-11,False,261792.21963395007,262319.2868768497,-454.0221856261818,7.69134375217877,65.35371352128122,-527.0672428996418,-0.0017307998623804215,-0.0020092584467381637,7691.343752178769,117903.06636429223,23444.3459578783,1421.626705050003,-1875.6488906761851,234,225,0.0029090800900319477,68.75025568574277,129.80036602776957,0.17225408712433155,0.05417838305871634
2025-03-12,False,256646.44464377,261792.21963395007,-5055.392135305464,4.576776135680405,85.80607873891759,-5145.774990180062,-0.019310704276751026,-0.01965595080470734,4576.776135680406,118071.22082321216,21765.05264844304,-242.03707540355902,-4813.355059901905,235,226,0.0028627729469345867,69.86233407513402,130.38076946293322,0.17373954533454591,0.05289931173422488
2025-03-13,False,256144.6773294712,256646.44464377,-348.86312232148225,11.220944086431546,141.68324789089735,-501.76731429881113,-0.0013593140664999693,-0.001955091624180781,11220.944086431546,115294.27325274757,21757.24856539913,-1983.151691340302,1634.2885690188198,233,224,0.0028785509888087967,69.47940153832887,129.21907618756785,0.17405057525630904,0.05215437346272695
2025-03-14,False,255081.2593828196,256144.6773294712,-890.5824803916581,8.894380095341942,163.9410861645917,-1063.4179466515918,-0.003476872873864674,-0.0041516300777304435,8894.380095341943,110282.42694222483,19398.736961917748,518.5260055756644,-1409.1084859673224,242,235,0.002673497743125157,74.80836687231017,133.8846043180801,0.17362267880852011,0.04975869235756726
2025-03-15,False,253925.7042963139,255081.2593828196,-1072.2322094671217,2.618603342445871,80.70427369615064,-1155.5550865057182,-0.004203492691158241,-0.004530144979296538,2618.603342445871,110168.93393249717,19225.122551891265,518.6004395780117,-1590.8326490451336,239,231,0.0027259688596564125,73.36840965424986,131.59209017748233,0.1734695815831619,0.048874417443137794
2025-03-16,False,258962.58614475306,253925.7042963139,5093.9859436744255,3.371488563650522,53.73260667162126,5036.881848439153,0.0200609306481635,0.01983604559608293,3371.4885636505223,110337.20409264663,19218.404574121232,1993.4670536916492,3100.518889982776,238,230,0.0027632277798993327,72.37912178462763,131.02904539402078,0.17387040332859097,0.04948723113667239
2025-03-17,False,256502.49430418012,258962.58614475306,-2290.7884148205335,5.3747466290279835,163.928679123375,-2460.0918405729362,-0.008846020766644818,-0.009499796388339324,5374.7466290279835,112821.14589077371,21370.43774484862,1654.539876435429,-3945.3282912559634,235,227,0.0028005630556705583,71.41421065133369,129.31525399640307,0.17130048672187384,0.05106812412837065
2025-03-18,False,256091.8227268386,256502.49430418012,-312.448677371798,6.179730507900255,92.0431694617989,-410.67157734149714,-0.0012181116531415584,-0.001601043211901447,6179.730507900255,113376.64604408284,21910.556272412672,-430.16134495727766,117.71266758547982,234,226,0.0028569694218052565,70.0042494237213,128.7434874204966,0.17396517763258298,0.050271668736837895
2025-03-19,False,255078.48786569855,256091.8227268386,-1179.6762773111861,2.272972784244267,-168.61438895535997,-1013.3348611400704,-0.0046064582021796635,-0.003956920023256456,2272.972784244267,113402.93212282454,22447.7347177655,-698.4771414146715,-481.1991358965148,232,224,0.0028990533884647187,68.98803616235438,127.60949506806223,0.172397144356368,0.05143318047050507
2025-03-20,False,256346.71410522296,255078.48786569855,1072.299568133098,2.6106201575316974,-198.5372915488329,1268.2262395243993,0.004203802433930355,0.004971905902908337,2610.6201575316973,115053.6075719952,22189.901602523743,-555.1348093864308,1627.4343775195289,233,225,0.0029161509337525342,68.58355570184355,128.18238823011282,0.1735700306451315,0.050887635319074094
2025-03-21,False,257088.7355218993,256346.71410522296,610.4837415801296,37.40723095030203,-168.9449060465231,742.0214166763507,0.002381476757800545,0.002894600850517523,37407.23095030203,123264.71896109142,29828.133318633765,404.45819349213764,206.02554808799198,237,231,0.002967026442295381,67.40755564189512,129.04990908497456,0.1731719287565036,0.054329478303856336
2025-03-22,False,253709.36191720163,257088.7355218993,-4084.490656473526,3.661352085801711,-708.7784038616714,-3379.3736046976564,-0.01588747421462035,-0.013144775082569867,3661.352085801711,123954.51234573347,29847.13831206216,-2901.1791645616936,-1183.3114919118318,235,229,0.0029867579968808904,66.96223805506257,127.9430607569216,0.173929294043686,0.05424531812850648
2025-03-23,False,252333.33302455174,253709.36191720163,-1425.171929855736,3.0441112278627847,-52.1871484337023,-1376.0288926498963,-0.005617340720445478,-0.005423642557971373,3044.1112278627847,122073.95777299548,28023.904788716314,-1036.1236699635779,-389.04825989215885,234,228,0.0030165088226594455,66.30181171612618,127.3791309576963,0.1757899246777379,0.05368195860289413
2025-03-24,False,251200.95865565882,252333.33302455174,-1247.4893426547117,4.035348961115762,-119.15032272289474,-1132.3743688929326,-0.004943815102435683,-0.0044876130922534676,4035.348961115762,121375.60208235633,28622.861892510467,510.2728290213159,-1757.7621716760277,230,224,0.00310873705236267,64.33480755408313,125.13359167948501,0.17485016543384993,0.054493044289431504
2025-03-25,False,249741.42304471167,251200.95865565882,-1540.481738016396,3.2005929749200117,-84.14672004417137,-1459.5356109471447,-0.006132467591925305,-0.005810231054682584,3200.592974920012,121888.09900431638,28740.97298470746,-571.3598189829197,-969.1219190334765,229,223,0.0031744614553742175,63.00281254365498,124.57813896733352,0.17584973650361513,0.05361373642553715
2025-03-26,False,250415.9048930638,249741.42304471167,642.1841549289817,2.7160737079170714,-35.01376713105724,674.4818483521218,0.002571396234953023,0.002700720770023674,2716.0737079170713,122323.0633738498,29856.190845959907,-25.792847899397884,667.9770028283797,226,220,0.0032772154033970397,61.0274197395409,122.88413634017357,0.1758316665202214,0.05439184863187227
2025-03-27,False,250346.30345288935,250415.9048930638,-84.70112591394611,2.888376847466481,-17.988062586967388,-69.6014401744452,-0.0003382417979805093,-0.0002779433686696834,2888.376847466481,123583.36748959607,31988.606051435,-447.06406604339855,362.3629401294525,219,213,0.003432324657674606,58.269546137718706,118.96972432054453,0.17511297442201046,0.05442920256896117
2025-03-28,False,254539.15722103533,250346.30345288935,4194.737264384927,31.621389630387036,-29.737893391444082,4192.853768145984,0.016755738776763285,0.016748215213551187,31621.389630387035,126076.4504127744,43465.78651219068,872.3652428124622,3322.372021572464,224,217,0.003574042594927732,55.959042089716355,118.49687634405208,0.17493621007304233,0.05910410991636348
2025-03-29,False,257076.73149281763,254539.15722103533,2536.18747118878,4.8696732930264215,-6.256473886538657,2537.574271782292,0.00996384013712444,0.009969288417100897,4869.673293026422,127318.2396595178,44183.03210377531,368.3255856286297,2167.86188556015,222,215,0.0035918950679766654,55.68091389503233,117.38876338769634,0.1748364450679512,0.059007212486306755
2025-03-30,False,256857.38349995945,257076.73149281763,-214.95583704104712,5.574150942935607,-1.1819951258053614,-219.34799285817735,-0.0008361543878079556,-0.0008532393872617196,5574.1509429356065,127773.77138993052,41426.933886071216,-74.58629898174453,-140.3695380593026,222,215,0.003518306263965541,56.845534468786326,117.3887633876963,0.17386051782595646,0.05875619933117669
2025-03-31,False,257082.80854289533,256857.38349995945,239.1221720342631,2.3257715699977752,11.371357528375375,225.42504293588993,0.0009309530790042515,0.0008776272648433542,2325.7715699977753,127517.54029570469,39473.45655369427,-540.042572445128,779.164744479391,217,210,0.00356756794364233,56.06060015098376,114.64607636425437,0.173849023709198,0.05824618460999572
2025-04-01,False,261661.8920905337,257082.80854289533,4602.345527773253,2.701177036775547,20.560803098097143,4579.08354763838,0.01790219094718398,0.017811706560978934,2701.177036775547,128538.45645246634,39667.622613882515,115.0653509315907,4487.280176841661,217,210,0.0035371177545030705,56.543212265235425,114.65423176262392,0.17327587826996266,0.05835740261806135
2025-04-02,False,266883.15980509354,261661.8920905337,5253.283289602234,5.755077325616919,26.260497716775163,5221.267714559842,0.020076608204700377,0.01995425345603367,5755.07732561692,125939.38105144261,38988.35049754087,793.9590040300742,4459.324285572159,215,208,0.003437768309353987,58.17727723413195,113.57057530185294,0.1735032547159597,0.05569557118647686
2025-04-03,False,264005.3344645762,266883.15980509354,-2763.7640415428937,8.104902380343828,105.95639659411515,-2877.8253405173527,-0.0103557078819109,-0.010783090782569596,8104.9023803438295,124162.05750917201,36213.56344765949,9.82310225141731,-2773.587143794311,214,206,0.0033136105013703227,60.35712402447158,112.49635321506923,0.17176818172524097,0.054354070898161154
2025-04-04,False,263136.5110036689,264005.3344645762,-691.9600532538058,38.23774937585181,138.62565827764453,-868.8234609073021,-0.0026210078468950474,-0.003290931460416681,38237.74937585181,151537.3121971445,60358.71457914905,40.377067644236945,-732.3371208980425,216,210,0.003701274974816541,54.03543410332903,114.0455982672374,0.18081782182751585,0.06335206513554796
2025-04-05,False,264655.5341116579,263136.5110036689,1558.753256666603,10.289506784015929,29.440641893574057,1519.023107989013,0.005923743728003103,0.00577275689411202,10289.506784015928,150551.41845474363,57548.40315025229,419.6906680951248,1139.0625885714783,215,209,0.003528089699965731,56.68790110465237,114.65742923075715,0.1804802593434202,0.06083564193662668
2025-04-06,False,270141.89741075184,264655.5341116579,5499.643555443474,3.5603330398561623,9.719923309626356,5486.363299093991,0.020780383731266245,0.020730204329599624,3560.333039856162,150165.1251696462,57005.795981326024,-371.0553482996256,5870.6989037431,213,207,0.003536817877964115,56.54800640035366,113.56357494289148,0.1788134180538467,0.06006891814985395
2025-04-07,False,271136.265429189,270141.89741075184,1145.6397389028384,13.13275539418268,138.13896507145512,994.3680184372007,0.004240881365991476,0.003680910025316288,13132.75539418268,146375.8517657547,54205.32627420205,3720.3061581771512,-2574.666419274312,212,206,0.003502095027695576,57.10867307093109,113.0113832146208,0.17725675982740427,0.05929744170362606
2025-04-08,False,279354.80586680357,271136.265429189,8337.124852318819,8.01216996144288,110.57224474281371,8218.540437614562,0.030748837080579225,0.03031147613029636,8012.16996144288,145092.69455895078,51718.59434910632,-276.1720924461984,8613.296944765016,215,209,0.003408035518763062,58.68483438593666,114.65742923075713,0.17772829688223085,0.05837977264168966
2025-04-09,False,270603.29390545405,279354.80586680357,-8602.332777154274,6.934282352606801,142.24490184261538,-8751.511961349497,-0.0307935736078078,-0.031327586916554497,6934.2823526068005,140850.76441812437,53796.23615392374,1216.6961525747683,-9819.02892972904,213,207,0.003370296009032419,59.341968617592784,113.54881654498854,0.1748890377936222,0.057379545210773236
2025-04-10,False,270701.31901021115,270603.29390545405,1214.4406206077815,17.130868683000894,1099.2846471676799,98.02510475710073,0.004487900361745391,0.0003622465319707072,17130.868683000896,134797.0008568736,50973.752354210046,-1446.734278452653,2661.1748990604347,212,206,0.003391332452296528,58.973870245178965,112.99661859148348,0.17827771465162293,0.05338761491130586
2025-04-11,False,271425.80638769123,270701.31901021115,860.1404695526217,41.23031344684274,94.42277862567033,724.4873774801085,0.0031774520814956803,0.0026763348628263614,41230.313446842745,103401.78113019338,21488.107723720168,644.3142944609494,215.82617509167198,217,213,0.0025826681935218953,77.43929340271424,116.62117526249719,0.17929791777344195,0.03723698082896359
2025-04-12,False,270925.0389110011,271425.80638769123,-439.8617220780361,3.302610001767656,57.60314461032489,-500.76747669012866,-0.001620559695233103,-0.0018449516033669146,3302.610001767656,103427.14118120648,21446.479847462248,-1608.608675067338,1168.7469529893024,214,210,0.0026141668324550973,76.50621127809575,114.98104139357778,0.17975494278692428,0.03600994780189731
2025-04-13,False,268035.6772014911,270925.0389110011,-2925.8454506031158,3.8444443333935814,-40.328185426491174,-2889.3617095100185,-0.010799464908683675,-0.010664801308598036,3844.4443333935815,102485.4149492718,20203.833245612288,-7489.714757527852,4563.869306924736,214,210,0.002613406236053194,76.52847737213754,114.9810413935778,0.1812161226069186,0.034000123632809534
2025-04-14,False,267953.2762869841,268035.6772014911,-57.99678456130579,18.86197193345118,5.542158012237309,-82.40091450699427,-0.0002163771075807484,-0.0003074251732729253,18861.97193345118,75950.24123763845,-1359.7192771970804,-370.73943080044336,312.7426462391379,214,209,0.002478172871181448,80.70462005527956,114.43008057538972,0.17995377840211516,0.032162143818120055
2025-04-15,False,269447.05297192576,267953.2762869841,1598.6062126547472,6.451385287102781,98.37814242599254,1493.7766849416519,0.005965988678349293,0.005574765517484409,6451.385287102781,72808.10951837379,-4951.271415592757,439.8281149940979,1158.7780976606493,213,208,0.0023059348027985246,86.7327210453983,113.88238627170627,0.18372645217905767,0.028361890148150732
2025-04-16,False,270368.7516141329,269447.05297192576,1068.0892444044111,3.170834197384791,143.21976799990475,921.6986422071217,0.003964004180501086,0.003420704112518742,3170.834197384791,72177.94092272146,-5955.809581258582,48.105633918160464,1019.9836104862507,213,208,0.0022293067781509602,89.71398730769783,113.88238627170625,0.18376983172399233,0.027469972543898966
2025-04-17,False,270312.9628590111,270368.7516141329,97.93643658107388,2.6764523083924177,151.0487393945155,-55.78875512183404,0.00036223282460114923,-0.00020634320641260755,2676.4523083924178,71435.83678578207,-7083.278828013234,63.82410052090117,34.11233606017271,213,207,0.0021676167037178815,92.26723509602107,113.33699530343857,0.18436232606217545,0.026310255801383083
2025-04-18,False,269585.1789193391,270312.9628590111,-641.7179934660777,26.896701514304553,59.169244691620435,-727.7839396720027,-0.0023739815755738757,-0.002692375282244965,26896.70151430455,86131.86578664198,7429.141890093935,334.4221982787755,-976.1401917448532,216,211,0.002591440634873615,77.17714899911417,112.97766590186782,0.18007141391591652,0.0343832931509588
2025-04-19,False,267388.24710511084,269585.1789193391,-2097.3694223160273,3.6915877228433955,95.87080418934386,-2196.9318142282145,-0.007779987871453305,-0.008149304880315934,3691.5877228433956,84883.83442833347,5632.024086300757,-249.14187507877068,-1848.2275472372567,215,210,0.0025316330930289697,79.00038933394974,112.43486937430308,0.18271379376458002,0.03197654338074234
2025-04-20,False,268807.4995929399,267388.24710511084,1470.1168294732652,4.365837584184014,46.498504060019734,1419.2524878290615,0.0054980607614191785,0.005307834219322102,4365.837584184014,83023.89532846506,4212.793347404455,371.04679232062523,1099.07003715264,214,209,0.002492223173009476,80.24963501101334,111.9017806623241,0.18476638917470817,0.029571956823067583
2025-04-21,False,269795.6785050912,268807.4995929399,1047.8714677615349,8.269231473789157,51.423324136473965,988.1789121512717,0.0038982225918114104,0.0036761582680828807,8269.231473789156,81425.319685411,6295.933017302839,616.881964810032,430.9895029515029,211,206,0.002516502009712076,79.47539848095845,110.96024910946905,0.18366762397287908,0.029984561941144468
2025-04-22,False,267977.02491164405,269795.6785050912,-1770.7192226661805,2.586670266487648,45.34770051444827,-1818.6535934471162,-0.006563186009789131,-0.006740855166858417,2586.670266487648,80306.4445460613,4836.760722259514,416.47066457261104,-2187.1898872387915,212,207,0.002458656294250275,81.34524555860565,111.51044280272951,0.18491125523264554,0.028868631605193297
2025-04-23,False,265180.01036597864,267977.02491164405,-2731.178345312539,2.531150176883717,63.30505017597051,-2797.014545665393,-0.010191837700314229,-0.01043751622583171,2531.150176883717,80445.40797069161,3596.667386635385,364.5323111467454,-3095.710656459284,211,206,0.0024660713108669028,81.10065557256478,110.96749308915444,0.18929750629332834,0.025887802340479816
2025-04-24,False,264479.1752537171,265180.01036597864,-626.2808186292457,3.123004521051665,71.43128911123942,-700.8351122615368,-0.002361719564626711,-0.002642865543652044,3123.0045210516646,81052.96435095357,3728.3114668349917,-605.167149345946,-21.11366928329943,211,206,0.0024818704440069707,80.58438363813252,110.96749308915443,0.19050673581601402,0.024525516954284232
2025-04-25,False,263908.99366634624,264479.1752537171,-501.5542441005543,43.4613803069017,25.165962963400133,-570.1815873708562,-0.0018963846345157764,-0.0021558657191965156,43461.3803069017,69019.93890937662,-11018.918460694167,277.5419773203059,-779.0962214208602,227,222,0.0018637782999987927,107.30890042025361,118.1875754435983,0.198640748071622,0.01790661001163513
2025-04-26,False,262861.32209735306,263908.99366634624,-1037.0799831844686,3.642306444773554,6.949279363958471,-1047.6715689932007,-0.003929687915432028,-0.003969821393498042,3642.306444773554,71910.92043429159,-12407.480815348024,-335.38596330932927,-701.6940198751394,227,222,0.0018606370372902476,107.49006710694714,118.18757544359832,0.1992340619438964,0.018309331955575506
2025-04-27,False,264590.1855809799,262861.32209735306,1743.984582749505,1.7119299410961453,13.409169181537255,1728.8634836268718,0.006634618470432879,0.006577093464464018,1711.9299410961453,72740.20844008509,-12092.838618740325,-65.72008615084701,1809.704668900352,226,221,0.0018845197969889571,106.1278317795098,117.65124003466435,0.2007440125410921,0.018535464194306264
2025-04-28,False,263706.1223575726,264590.1855809799,-871.8819085236021,2.175876251986645,10.005438631735057,-884.0632234073238,-0.003295216361140333,-0.0033412547841338933,2175.876251986645,72504.42291861896,-11184.817453984959,221.21998141343158,-1093.1018899370338,224,219,0.0019109525732349457,104.6598449387109,116.56940364599295,0.19847418581154969,0.018303377887195625
2025-04-29,False,265031.606433087,263706.1223575726,1365.3404532804293,15.055638662032512,24.80073910395576,1325.484075514441,0.0051775076023039554,0.005026368230151098,15055.638662032512,73696.02024189968,-3774.9559721546757,100.92594947810957,1264.4145038023194,222,217,0.0019498130242126394,102.5739378681003,116.10199142427642,0.19643339669217047,0.02031761400893489
2025-04-30,False,264837.569283986,265031.606433087,-160.1703168259025,12.495491475114292,21.371340800036947,-194.03714910105373,-0.0006043442100417595,-0.0007321283363614317,12495.491475114291,73986.16659532356,-11234.565416885078,239.6871672898945,-399.85748411579704,225,220,0.001924704410977638,103.91205987750173,117.10573798623238,0.20068282094042006,0.01839750395817205
2025-05-01,False,265201.4870755345,264837.569283986,407.04039126246545,10.073030114475475,33.04956959951291,363.91779154847706,0.0015369435400080832,0.0013741169447082755,10073.030114475474,78706.50498528512,-8193.883909789278,149.79565470372324,257.24473655874226,224,219,0.0019350264539061141,103.3577600948415,116.47086226942301,0.19672567941801533,0.020370152339991687
2025-05-02,False,265917.07332192094,265201.4870755345,755.6617104770646,32.42041234575425,7.655051744830061,715.5862463864803,0.002849387153933408,0.0026982738832933752,32420.412345754252,95746.76248673427,10327.576474015688,465.8259081791781,289.83580229788663,226,223,0.002712316256881782,73.73771384238587,118.78143625298875,0.1911690104158567,0.028642858332235004
2025-05-03,False,268580.5277556068,265917.07332192094,2613.8483078011127,5.278340443705806,-54.88446632847847,2663.4544336858853,0.00982956180717577,0.010016109159194491,5278.340443705807,100967.63074428645,14400.129381288461,956.6089835140691,1657.239324287043,222,219,0.0028039483526630616,71.3279899788629,116.64539755746435,0.18967845551723875,0.032751031474171
2025-05-04,False,268952.4954433874,268580.5277556068,396.3514601625326,5.0831286078546825,19.300643774059505,371.9676877806184,0.0014757267158369356,0.0013849391498667696,5083.128607854682,102771.19725488161,15881.809028375803,-463.4654222474071,859.8168824099398,221,219,0.002832698125004588,70.604064102198,116.62091453393002,0.18888915639762302,0.03418234233337444
2025-05-05,False,268694.07318194996,268952.4954433874,-241.98917700796562,2.3725250668298803,14.060559362688029,-258.42226143748354,-0.0008997469111005241,-0.0009608472344212905,2372.5250668298804,103226.95162910574,16372.473076105878,-164.10879726199792,-77.88037974596767,220,218,0.0028557815616847876,70.03336763684707,116.08334485860581,0.188597373530414,0.03531249274067407
2025-05-06,False,269916.9434000296,268694.07318194996,1256.1531557170226,1.5032444032125696,31.779693234182925,1222.870218079627,0.004675031126817601,0.004551161860766252,1503.2444032125695,103590.34744622195,16696.988793290766,362.4350063032225,893.7181494137999,218,216,0.0028931243384414627,69.12941740614605,115.02640522378293,0.1890552304060727,0.03570214212791249
2025-05-07,False,269971.4824516937,269916.9434000296,94.78793249514447,2.3720559292882992,37.87682490180215,54.53905166405403,0.00035117444389055744,0.0002020586443260977,2372.055929288299,103999.00192007718,17377.584343990795,138.69098355810257,-43.90305106295813,216,214,0.0029164574316885004,68.57634808138064,113.95593257011802,0.18819089622295884,0.03612167104716424
2025-05-08,False,263152.8536813553,269971.4824516937,-6797.393832724744,1.0866218367431906,20.14831577690296,-6818.62877033839,-0.025178192048269432,-0.025256848273070676,1086.6218367431907,104140.45151272223,17392.784066275162,-2888.442075010993,-3908.9517577137517,215,212,0.0029438858969254808,67.93741571603536,112.90447984408223,0.18883133032458332,0.03570162928362138
2025-05-09,False,258949.0732711767,263152.8536813553,-4164.943212903539,39.710344045125304,-0.8731467700525855,-4203.780410178611,-0.015827087392891265,-0.015974671569660634,39710.344045125305,97590.4978811736,-40.20916713225597,-1549.9612017907502,-2614.9820111127888,229,229,0.0024735461923673326,80.85557513223068,119.89982705684886,0.19659867881620505,0.027978444764277455
2025-05-10,False,254651.8891499792,258949.0732711767,-4277.20090777366,4.473511539887087,15.50970188396027,-4297.184121197508,-0.01651753703437467,-0.016594707472451196,4473.511539887087,97412.517738341,-41.081290738391544,-1923.9893408258974,-2353.2115669477625,229,228,0.0025532573894974002,78.3313115327434,119.3901492686662,0.2005870776114527,0.026500742963321392
2025-05-11,False,256897.74125233598,254651.8891499792,2300.4804341177696,5.037614306099464,49.590717454892406,2245.852102356778,0.009033824338773642,0.008819302734620853,5037.614306099464,97074.79174810188,-1103.3192514940638,946.0717080165284,1354.4087261012405,230,228,0.0026315383736477916,76.00117178711841,119.39014926866622,0.2052871349233431,0.026775766293122602
2025-05-12,False,256343.75474531722,256897.74125233598,-496.33814738940254,2.2087727038905403,55.43958692548302,-553.9865070187761,-0.0019320455873602948,-0.0021564475589321234,2208.7727038905405,98054.86638047424,305.7114944609675,-1245.2644269730092,748.9262795836069,230,228,0.0027036662665669508,73.9736270238542,119.39014926866619,0.2051256398749999,0.027885787524128257
2025-05-13,False,254845.7735206966,256343.75474531722,-1413.141917889382,3.4387609510970507,81.40054578015423,-1497.9812246206334,-0.005512683229959581,-0.005843642362611519,3438.7609510970506,98690.52514947236,252.63556598730793,-910.1776145250149,-502.96430336436725,230,228,0.0027503477010917712,72.71807848898833,119.3901492686662,0.20736256708443856,0.029234610151202507
2025-05-14,False,257231.9163892876,254845.7735206966,2455.97398489641,3.8501726273813803,65.98094367802932,2386.1428685909996,0.00963709914026475,0.009363085899469372,3850.17262738138,99066.5106120017,-287.45183357777205,724.7392031942273,1731.2347817021828,229,227,0.0028007127231613714,71.41039434213918,118.88260362952788,0.21046150627304577,0.03154155015880337
2025-05-15,False,260272.23216347143,257231.9163892876,3119.7874942165336,2.432559958984675,77.0391600737202,3040.3157741838286,0.012128306385958475,0.011819356699044685,2432.559958984675,99875.45515342911,426.4417059924708,1277.6491846745337,1842.1383095419992,230,227,0.0028296083594380067,70.68115957917313,118.88260362952788,0.20939963440117798,0.0320117563702142
2025-05-16,False,261012.7351113825,260272.23216347143,823.1088888893054,22.678572133284916,59.92736884495963,740.5029479110608,0.0031624921415832337,0.0028451092986591315,22678.572133284917,109972.50652521719,15084.718859880571,-116.68616806029605,939.7950569496014,238,244,0.0028549860908785546,70.05288069142738,127.41994287217007,0.20512912490799934,0.035238164161219505
2025-05-17,False,262564.9026103294,261012.7351113825,1633.1497879139595,1.697145836907095,79.28514313019042,1552.167498946862,0.006256973581067001,0.0059467117506144,1697.1458369070951,110155.25959458368,15078.694319504462,505.16573879768305,1127.9840491162763,238,244,0.002849028593111639,70.19936566574255,127.4199428721701,0.20469887231064016,0.03483010398804061
2025-05-18,False,261290.62542987743,262564.9026103294,-1194.7085646532798,2.530522278961223,77.0380935197027,-1274.2771804519437,-0.004550145707883654,-0.004853189317321245,2530.522278961223,110453.15566136566,14387.038260545,840.6059326325359,-2035.3144972858156,237,243,0.0028391414359287747,70.44383117693239,126.90138079182196,0.20411077497844712,0.03434407010982979
2025-05-19,False,262191.08369372727,261290.62542987743,1001.8611218760259,14.219382905407267,87.18347512075249,900.4582638498661,0.003834278861814334,0.0034461942994258783,14219.382905407268,99285.89765279494,5685.718247744389,-127.69743149876015,1129.558553374786,238,242,0.0024066542219141696,83.1029227958335,126.76169773445021,0.20773372059529446,0.03248117825008173
2025-05-20,False,262263.0322874899,262191.08369372727,117.24061091737701,1.1335091926482306,44.15850796209743,71.94859376263135,0.0004471571239788194,0.000274412816595535,1133.5091926482305,98828.93196663915,5709.591619527071,484.71384632662625,-367.4732354092491,238,242,0.0023970902351139,83.43448947823894,126.76169773445022,0.20594017694764746,0.032062282726779266
2025-05-21,False,262149.4525901849,262263.0322874899,-71.24906431784893,1.0629639315026485,41.2676690556147,-113.57969730496629,-0.00027167025293807506,-0.00043307551321400666,1062.9639315026484,99081.79849228366,5193.5927526787,383.7355502652198,-454.98461458306866,236,240,0.002417625294427213,82.72580555018732,125.7085465625166,0.20659431932712025,0.03195008305178545
2025-05-22,False,260326.92856464552,262149.4525901849,-1791.299807948388,5.144522860840487,26.079694730182403,-1822.5240255394108,-0.006833124350439539,-0.006952232810451603,5144.522860840488,100474.81280920396,1620.5931331235988,-590.8087544502267,-1200.4910534981614,235,237,0.0023983536647097297,83.39053699330277,124.12612111023074,0.20688033486311627,0.03181169002212214
2025-05-23,False,263420.31515521294,260326.92856464552,3116.3896561438523,11.997808420457172,11.005257155989584,3093.3865905674056,0.01197106143927011,0.011882699218337846,11997.808420457173,111656.80753722087,1898.85952168927,7.635617641250498,3108.7540385026014,243,257,0.0025615469277964287,78.07782001950285,133.94027361012124,0.20769482817157414,0.03511004829851921
2025-05-24,False,263826.8517495904,263420.31515521294,372.82747340472156,3.025290895504422,-36.73441186823871,406.5365943774558,0.0014153330322494056,0.001543300083510703,3025.290895504422,111566.91843674684,2572.689693719458,932.8732805508808,-560.0458071461593,243,257,0.0025560795522664424,78.2448260746277,133.9402736101212,0.20565312848305697,0.03277765432386656
2025-05-25,False,263733.2461021686,263826.8517495904,-133.30909376668268,1.645615791338897,-41.3490621361855,-93.60564742183607,-0.0005052900903855387,-0.00035479954675228157,1645.615791338897,111630.98274645886,1808.6235633731249,338.51973199981404,-471.8288257664967,242,256,0.0025641187388012773,77.99950796876895,133.41221136495327,0.20609203568979517,0.03227034757586812
2025-05-26,False,264761.89262760495,263733.2461021686,972.8335065246162,0.8345029943482752,-56.647521906097374,1028.6465254363652,0.003688702584534021,0.003900329369312332,834.5029943482753,111682.79090982821,1611.1717043390727,243.35808085536686,729.4754256692495,240,254,0.0025894328212947167,77.23699118790036,132.36935792218887,0.2060367271890855,0.03246820008336772
2025-05-27,False,262932.0228939164,264761.89262760495,-1843.7448209870258,6.913443106186109,-20.78853040468139,-1829.8697336885307,-0.006963784714971444,-0.006911378807305529,6913.443106186109,116861.30872085664,-4074.9065790644418,-1162.0108590345108,-681.7339619525148,240,252,0.0026011998400687943,76.88759507024673,131.31221692318493,0.2051852456595862,0.032525264866214786
2025-05-28,False,262372.8903195613,262932.0228939164,-543.5104976303219,2.608250115433662,13.013826609373483,-559.132574355129,-0.0020671141219249993,-0.0021265290100503233,2608.2501154336624,115816.35799212178,-6164.1466378795885,-645.7120999360263,102.20160230570423,239,251,0.002595113033624827,77.0679340007946,130.7876715624623,0.20639441952070098,0.03212886162932768
2025-05-29,False,263497.6921656188,262372.8903195613,1164.8024433927187,35.00870680789318,4.991890527286037,1124.8018460575397,0.004439492365137377,0.004287035313319029,35008.70680789318,109757.08995965833,16846.00575355416,-277.6085730664902,1442.4110164592091,237,249,0.002688666050376765,74.38632996908406,130.88707871205568,0.20306913935516177,0.03610830242249084
2025-05-30,False,267155.5159635721,263497.6921656188,3779.889218350068,53.91937776119951,68.14604263558857,3657.82379795328,0.014345056259446314,0.013881805824903361,53919.37776119952,134784.863196678,64061.57817381314,-1143.6237016927869,4923.512920042854,240,257,0.0033905498223657676,58.98748299780162,138.01793417924318,0.19863371135633714,0.04201529101640115
2025-05-31,False,266461.5146251342,267155.5159635721,-613.38865932558,7.788643246166565,72.824035866131,-694.0013384378775,-0.0022959984828058665,-0.002597742876222357,7788.643246166565,135030.39488310833,64225.75766924173,301.04906438741676,-914.4377237129969,239,256,0.0035189450203531626,56.835215907956396,137.47564199617474,0.19840923527805965,0.04236325738208989
2025-06-01,False,265404.2481178742,266461.5146251342,-1024.4164309129633,3.3023210861256085,29.547755260909998,-1057.266507259999,-0.0038445192820964866,-0.00396780191221007,3302.3210861256084,134096.99703357584,61554.697600401254,-295.51711993140054,-728.8993109815627,238,254,0.003590033620031935,55.70978468948737,136.40162268799892,0.19800577286904225,0.04252125923497902
2025-06-02,False,263467.6656348439,265404.2481178742,-1910.1271696643362,2.711521036940971,23.74379232900596,-1936.5824830302831,-0.007197048213094124,-0.007296727527022051,2711.521036940971,132385.8765063581,58685.81743487303,-1107.5883239505513,-802.5388457137848,242,253,0.003627971745344937,55.12722094834964,135.8584345442772,0.19697208680761827,0.04363281092384791
2025-06-03,False,263620.75689114805,263467.6656348439,191.92329026797722,3.422170249331407,35.409863714549964,153.09125630409585,0.0007284510218949431,0.000581062787857522,3422.1702493314074,129360.20676652936,54657.87951418481,155.27178201108885,36.65150825688837,241,251,0.0036707165071049237,54.48527545314008,134.7796320011686,0.1964793401219234,0.04402205860057761
2025-06-04,False,264773.89502249396,263620.75689114805,1198.567896462715,1.8541406682083037,43.575624448593175,1153.1381313459135,0.004546561168389396,0.004374231168079292,1854.1406682083036,128023.49632066026,53121.181688931494,401.7629771494787,796.8049193132362,241,251,0.0036615643326157895,54.621462804429754,134.7796320011686,0.19546808217739023,0.04399976637969198
2025-06-05,False,269299.3379628544,264773.89502249396,4521.08365245045,4.806375444788558,-9.165663354784185,4525.442940360446,0.01707526209132649,0.01709172628206412,4806.375444788558,128790.57429388449,49783.46495403684,1664.9193601753464,2856.1642922751043,240,248,0.0036590750664724876,54.65862174639915,133.19069518331284,0.19409239021539265,0.044712021025763715
2025-06-06,False,266296.3531889159,269299.3379628544,-2905.517252679151,86.62556587779916,10.841955381622068,-3002.9847739385723,-0.010789173395888264,-0.01115110343996756,86625.56587779915,132264.8600162309,34489.87483312518,-407.958071523004,-2497.5591811561467,247,257,0.002659999286543722,75.18799009148255,133.25335604138186,0.19476549717581945,0.03389130061507978
2025-06-07,False,265906.7409875446,266296.3531889159,-360.2447974637729,4.257876335242466,25.1095275722763,-389.6122013712917,-0.0013527965860208688,-0.0014630774950751696,4257.876335242467,130130.23053131098,33239.77735231482,348.1947270226661,-708.4395244864389,246,253,0.0026802708355321762,74.61932478935077,131.18977440363793,0.19459269930029185,0.03342889748152478
2025-06-08,False,266174.6556158106,265906.7409875446,281.3220863458304,1.4951041703226946,11.912353909471944,267.9146282660358,0.0010579727512775162,0.0010075510958128934,1495.1041703226945,129713.29466454692,32054.2031032937,-942.5980125353592,1223.9200988811897,245,250,0.002700933879482397,74.04846209649816,129.64736589271834,0.19453735815041018,0.033121775906217746
2025-06-09,False,266949.699128007,266174.6556158106,797.0325235964283,2.1573744781394453,19.831636921901318,775.0435121963875,0.0029943967495795086,0.0029117855357163104,2157.3744781394453,129045.26307496683,31968.70293497595,506.7911010436821,290.24142255274637,241,244,0.0027556559795097503,72.57800011581321,126.52553867883321,0.19233194907491621,0.03483608097594414
2025-06-10,False,262593.2256939684,266949.699128007,-4360.519962633423,3.257849881590971,-7.304378476451902,-4356.473434038562,-0.016334612763667055,-0.016319454370126704,3257.849881590971,130271.1609861943,31972.74963600093,-3188.7979605587034,-1171.7220020747197,235,238,0.0028341813716460757,70.5671140177741,123.43446865604713,0.19396232495471477,0.03382974965370194
2025-06-11,False,263516.7342316649,262593.2256939684,905.6582028323284,10.393630256073358,-28.243965120264683,923.5085376965196,0.003448901625085337,0.0035168787589851826,10393.630256073357,136699.4020489499,37770.64621831086,-892.5740296404546,1798.232232472783,233,236,0.0028683672893389427,69.72607752966425,122.38974239339595,0.19695228044172552,0.03310197577054752
2025-06-12,False,265299.9018261401,263516.7342316649,1779.9151403261874,2.772546821285915,-6.0250009703176985,1783.1675944752192,0.006754467208755761,0.006766809704417431,2772.546821285915,136511.94600549535,38610.11293076269,-698.1904246389859,2478.105564965173,231,232,0.0029279736112625618,68.30662654563976,120.31616808898033,0.19574648930149882,0.034267945089625614
2025-06-13,False,266864.0819377193,265299.9018261401,1576.7244016024479,33.28700732681403,-20.742717303528078,1564.1801115791618,0.005943177478579423,0.0058958940459926034,33287.007326814026,136886.402034975,21308.730717332677,329.2497467711199,1247.4746548313283,233,236,0.002504056921351398,79.87038884565904,121.69450454796215,0.19444362653612887,0.029982073845495043
2025-06-14,False,267549.9897383879,266864.0819377193,697.0064083210029,5.5545785832263235,5.544029069178969,685.9078006685977,0.0026118404667274412,0.0025702514766624707,5554.578583226324,137014.7530082382,17360.91389846758,338.36338647565697,358.6430218453459,232,235,0.0024977352271126677,80.07253844563662,121.18430722039815,0.19304503515457883,0.03032736226087509
2025-06-15,False,266781.1178359519,267549.9897383879,-764.7612560380559,4.871448903711345,-0.7608025057369066,-768.8719024360303,-0.002858386415136268,-0.0028737504463664455,4871.448903711344,135528.6279453883,13364.777008320303,-717.9631386531014,-46.798117384954374,229,231,0.0025330433353311847,78.95640678956282,119.11893221582427,0.19179651811841927,0.03089091426782286
2025-06-16,False,267696.7251102024,266781.1178359519,907.0380589828158,4.885251135023667,-13.45446640268732,915.6072742504795,0.003399933497319583,0.0034320542685989546,4885.251135023667,130927.81360887918,7809.493512555986,221.73156774959364,685.306491233222,228,230,0.0025375520418006647,78.81611754377207,118.59970229377093,0.1908404893746034,0.03065928114744534
2025-06-17,False,268772.78828419425,267696.7251102024,1095.017866792052,7.2993449198263525,11.65534788034246,1076.063173991883,0.004090516484059592,0.004019709892038842,7299.3449198263515,124587.37675971977,1600.96111081665,-337.8312873617278,1432.8491541537799,226,228,0.0025424385594755104,78.66463449219351,117.57418408081728,0.19000291208535908,0.031631792130569936
2025-06-18,False,268813.6225596786,268772.78828419425,55.395791699852765,9.623520636339759,4.937995579129227,40.834275484383774,0.0002061063995856549,0.00015192860759849893,9623.52063633976,115604.68627121196,-6496.7343547480705,79.98936424423266,-24.593572544379853,225,226,0.0024964242014741452,80.11458945234527,116.5510772074082,0.18907791705405919,0.03138669464311118
2025-06-19,False,269149.7324369532,268813.6225596786,352.97090190367254,9.67292310190651,7.188101527164062,336.10987727460196,0.0013130692505187692,0.0012503454031611923,9672.92310190651,119340.97253770778,-13515.041173810703,-117.75181495066967,470.7227168543422,223,223,0.0024485120584551434,81.68226058326516,115.01652932845248,0.18949172894069286,0.03095956743135758
2025-06-20,False,272197.7547861727,269149.7324369532,3157.4165526828097,6.979611483263224,102.41459198006498,3048.0223492194814,0.011731078177543484,0.011324634513368736,6979.611483263225,120923.81228262288,-18043.231895008386,1033.180216089926,2124.236336592884,229,228,0.002325805386914583,85.99171758963045,117.38162416729669,0.18875298225441384,0.031066922994281168
2025-06-21,False,275450.0597727672,272197.7547861727,3436.38633201337,5.947389438752681,178.13395598016245,3252.304986594455,0.012624594698486227,0.011948316727113826,5947.389438752681,121919.14417905931,-18470.061159004374,1367.3841431701774,2069.0021888431925,229,227,0.0023149107257413957,86.39642029216745,116.85908594827352,0.18709364356143957,0.03183519318826639
2025-06-22,False,277662.83059554204,275450.0597727672,2356.081768122752,8.699600826933601,134.61134452099026,2212.770822774828,0.00855357145344751,0.008033292222191768,8699.600826933602,122455.85144718771,-21050.904283079333,729.0888267747117,1626.9929413480404,228,223,0.002311354079212206,86.52936466928828,114.80300563586407,0.18607326787857514,0.033038103993464504
2025-06-23,False,270916.8866121793,277662.83059554204,-6664.152244098243,5.801600594709301,75.99013866980867,-6745.94398336276,-0.02400087987940161,-0.02429545203761626,5801.600594709302,123097.22908131374,-23129.09968236556,-1401.9445604936773,-5262.207683604566,227,222,0.0022752040005102774,87.9042054932852,114.28532077024224,0.18507496438092016,0.03367115826395867
2025-06-24,False,269036.9916499468,270916.8866121793,-1859.2897567137547,6.765456324072693,13.839749194685925,-1879.8949622325133,-0.0068629526197654485,-0.006939009914592755,6765.456324072693,120309.92414926804,-23447.32019098528,-267.02744604107255,-1592.2623106726824,225,220,0.002315123626411923,86.38847520638392,113.25525228185708,0.18768277339639833,0.03079472054804621
2025-06-25,False,273155.94208557956,269036.9916499468,4133.913970993095,2.908743682285476,12.054791678006492,4118.950435632803,0.015365596922715639,0.015309978045666339,2908.743682285476,120031.26518754635,-23220.909872874825,1095.812017652108,3038.101953340987,224,219,0.002329397883024191,85.85909751937514,112.74734611277071,0.18774917479822112,0.030364167141243063
2025-06-26,False,273614.80288116186,273155.94208557956,508.6329674045862,28.319650605412875,21.452521216869318,458.860795582304,0.0018620607830132133,0.0016798492175525994,28319.650605412877,114007.88530989316,-6416.576216505153,433.04853988263795,75.58442752194787,224,219,0.0022558264433021856,88.65930293255653,114.91232070431457,0.18433190173800282,0.03428164476751362
2025-06-27,False,272429.23052632913,273614.80288116186,-1135.0757889463416,24.72624451875365,25.770321367645295,-1185.5723548327405,-0.0041484443714082785,-0.0043329978581153955,24726.244518753647,108471.63629758726,-15361.668588848457,-391.53959381874824,-743.5361951275934,223,223,0.002186599620648309,91.46621910631342,117.94816426070076,0.18800921806852114,0.02834515362335582
2025-06-28,False,270970.1962415542,272429.23052632913,-1450.7100426860113,1.3828913163599712,6.941350772516639,-1459.034284774888,-0.005325089528327271,-0.005355645141147504,1382.8913163599711,108016.41671274934,-15426.620766179434,-496.76449717906894,-953.9455455069423,219,219,0.002225958156204233,89.84894861682652,115.83486932064629,0.1876378821811122,0.027990322301931405
2025-06-29,False,270054.88885296846,270970.1962415542,-912.1903273426506,0.9285519067863325,2.1885093363488313,-915.3073885857857,-0.0033663861930021475,-0.0033778895291120587,928.5519067863324,107974.31200689476,-15952.199040730648,-363.38075334906534,-548.8095739935854,218,218,0.00224085769107126,89.25154006740536,115.30048090695742,0.18838972476726196,0.028234487287936507
2025-06-30,False,272677.1592334292,270054.88885296846,2639.8479844063345,3.0421001443149494,14.53550380130022,2622.270380460719,0.009775227531035742,0.009710138526277211,3042.1001443149494,108356.19083268398,-15583.529814580485,-553.023171882178,3192.871156288513,214,213,0.002311629984607857,86.51903692706593,112.64259512216023,0.1892217814489977,0.027499890151937444
2025-07-01,False,275742.8517107205,272677.1592334292,3083.9827066027515,3.816562290545168,14.473667020897379,3065.692477291309,0.011310014800185973,0.011242938300772304,3816.5622905451683,108378.57936248666,-15012.482805827318,713.7344489704597,2370.248257632292,213,213,0.0023135302088717414,86.44797428322134,112.63876012318555,0.18735409945074327,0.028389868350041876
2025-07-02,False,271548.8944960342,275742.8517107205,-4182.649734538138,3.060755325904578,8.246724822275922,-4193.9572146863175,-0.015168660614731438,-0.015209667952104022,3060.755325904578,108657.69936940382,-14981.608202282268,-684.6068561903709,-3498.0428783477673,215,215,0.002277718865810292,87.80714907449764,113.70656324946167,0.18642942419589772,0.029140425511448326
2025-07-03,False,271159.76184476586,271548.8944960342,-388.3803966282279,3.6062471197303543,-2.8539924796088116,-389.1326512683495,-0.0014302411260006067,-0.0014330113624308367,3606.247119730355,107883.66425396697,-15739.975250631654,-63.873243260086326,-324.5071533681416,216,215,0.0022856673568210297,87.50179653358029,113.70656324946165,0.18937128877568898,0.027054684365367204
2025-07-04,False,273986.1091577309,271159.76184476586,2887.3141760308417,37.41004848489389,23.556814580938173,2826.3473129650097,0.010648018556985522,0.010423181130329518,37410.048484893894,126037.55723093299,1469.8675650042896,683.2097327509179,2204.1044432799235,214,214,0.002778030469388556,71.99345082922001,111.70855980095162,0.18630056206927348,0.036003221081893404
2025-07-05,False,273203.13521847856,273986.1091577309,-743.2998018793536,3.1208451157597117,36.5532922572178,-782.9739392523311,-0.0027129105346411697,-0.0028577139974697817,3120.8451157597115,127386.59118045475,2335.606140893993,-179.4978994388695,-563.8019024404841,214,214,0.00277608331103978,72.04394738610715,111.70855980095162,0.18571740172664059,0.03661623662108495
2025-07-06,False,271469.63042025914,273203.13521847856,-1714.4669440792625,6.872067225114998,12.165786915024098,-1733.5047982194014,-0.006275429243182791,-0.006345113121901512,6872.067225114999,129974.11206298889,-2444.0786293651,-841.8668228104008,-872.600121268862,210,209,0.002791855273370233,71.63695120863726,109.0888319625739,0.18701681178975862,0.03631246142241724
2025-07-07,False,271846.7516798121,271469.63042025914,392.1011960971192,4.914051368420443,10.065885175745152,377.12125955295363,0.0014443648650131202,0.0013891839723255098,4914.051368420443,131205.26060027932,-5850.289246249198,-215.20542619095133,607.3066222880705,210,209,0.002770346328152007,72.19313988565915,109.08883196257389,0.18751471593284116,0.03529805606201638
2025-07-08,False,270431.3717997839,271846.7516798121,-1382.867875789956,4.791100471104687,27.720903767157083,-1415.379880028218,-0.005086939120091942,-0.005206535929828905,4791.100471104687,134355.72888336607,-2268.894226437027,-814.2614443480276,-568.6064314419284,210,209,0.0027584949998005807,72.50330343700408,109.10222060556255,0.18561842134128445,0.03812345320835397
2025-07-09,False,268373.47085307847,270431.3717997839,-2032.285568109185,2.9599779367641457,22.655400659481884,-2057.900946705431,-0.007514977107071012,-0.007609697547328256,2959.9779367641454,135585.16336610043,-1240.581416571058,-627.2829730219842,-1405.0025950872014,209,208,0.002772834676553104,72.1283535910691,108.58212639546076,0.18585122401134324,0.038390783031263635
2025-07-10,False,265457.3152762637,268373.47085307847,-2861.4053158870215,4.942770365351105,49.80749056238545,-2916.1555768147578,-0.010662027460432193,-0.010866035184272042,4942.770365351105,140031.3089171476,-68.06948502510932,-103.78832095186837,-2757.616994935153,208,207,0.0027937678703372337,71.58790897536457,108.06387760274458,0.18697950295145685,0.03743042615082752
2025-07-11,False,264433.68190236756,265457.3152762637,-922.146799259013,39.259918664415345,62.226655972679,-1023.6333738961073,-0.003473804435561804,-0.003856112885157462,39259.918664415345,157636.96052913147,16719.71014413222,-679.3831564950785,-242.7636427639344,213,212,0.0027469765850352585,72.80731881354312,109.9945271282259,0.19047122427650814,0.033594269193204296
2025-07-12,False,265494.61359052197,264433.68190236756,1089.7441851769738,4.21189770777393,24.60059931479865,1060.9316881544012,0.004121049093811438,0.004012089838639056,4211.89770777393,159699.63681722764,18905.39401873105,848.1232665359441,241.6209186410298,213,212,0.0027831232455124946,71.8617115941523,109.99452712822593,0.19142562243472544,0.03243162786707679
2025-07-13,False,261423.66384902183,265494.61359052197,-3768.4663029381054,2.685166300568973,299.79827226145,-4070.9497415001247,-0.014194134683087363,-0.01533345511777063,2685.166300568973,162637.35794188615,21139.27681012711,443.96308549891097,-4212.429388437016,212,211,0.0028308868517569748,70.64923837414098,109.4835198786393,0.19172822001613268,0.03250556935273971
2025-07-14,False,259617.00655101505,261423.66384902183,-1689.8162361403733,7.924925148217668,108.9161367181823,-1806.6572980067733,-0.006463899293815578,-0.006910840707404971,7924.925148217669,161560.69458130898,23973.3346723567,-159.4384946380489,-1530.3777415023246,211,210,0.002901755068931803,68.92380481775955,108.96223087247462,0.19364867935863847,0.03196730890534377
2025-07-15,False,259339.45654719538,259617.00655101505,-170.94751609664672,5.2533258219399865,101.34916190108764,-277.5500038196744,-0.0006584603927441685,-0.0010690748171966748,5253.325821939987,164526.94098866615,26928.08268423688,-1130.200714795256,959.2531986986089,211,210,0.002951780299425605,67.75572017975679,108.9652818680557,0.1944599567872071,0.032550197604516
2025-07-16,False,258934.40386665062,259339.45654719538,-362.5538851245042,8.353529805534391,34.145265614709224,-405.0526805447478,-0.0013979896848381247,-0.0015618629187303594,8353.529805534392,162710.39137977356,19729.113450020566,1223.410581276627,-1585.964466401131,211,210,0.00288853152560997,69.23933432153422,108.96528186805568,0.19714312095570663,0.029762917862835806
2025-07-17,False,259855.85315039763,258934.40386665062,1004.6215451965295,6.989147966795444,76.18311348274365,921.4492837469903,0.0038798302975370643,0.0035586205231404096,6989.1479667954445,159912.0269438398,15433.725204478184,-63.83291721677733,1068.4544624133075,211,210,0.00295562049197335,67.66768620773365,108.9652818680557,0.19862270645988417,0.02978860292738913
2025-07-18,False,258445.50530569823,259855.85315039763,-1325.8411632605812,34.94539325481341,49.561288183997235,-1410.3478446993918,-0.00510221781494073,-0.005427423810550537,34945.39325481341,152620.39673832958,15504.4374583588,-1003.216161146141,-322.62500211444035,222,227,0.002862349149872559,69.87267783488421,115.14013354874054,0.1986398651413255,0.03218339880177366
2025-07-19,False,258045.29970733062,258445.50530569823,-301.736986780448,4.102784276461331,94.36582731071536,-400.20559836762465,-0.0011675071943059838,-0.0015485105763176174,4102.7842764613315,150175.49006449443,11281.833221345209,-1760.5259283096584,1458.7889415292104,222,227,0.0029236723822835637,68.40711743625255,115.14013354874055,0.20025274343724261,0.033505020316564
2025-07-20,False,246214.12443450492,258045.29970733062,-11711.912649540714,8.979907451446309,110.28271583353686,-11831.175272825698,-0.04538704120099886,-0.04584921828161319,8979.907451446308,147356.89589785374,6358.110226565275,-2414.169822545149,-9297.742826995567,221,226,0.003012861390580573,66.38207805552594,114.62914146814647,0.2019792733879383,0.03521759840702958
2025-07-21,False,244918.23155739292,246214.12443450492,-1193.2054698255656,23.103913210956957,79.58349407547988,-1295.8928771120025,-0.004846210478647696,-0.00526327593954392,23103.913210956955,134621.40670344827,-401.54520153263366,195.26505827227544,-1388.4705280978412,221,226,0.003205977234970528,62.38347478529073,114.62914146814646,0.20563801980618848,0.038243948300723314
2025-07-22,False,244196.60307443922,244918.23155739292,-640.3124231625924,14.605172975707205,66.71088681540986,-721.6284829537094,-0.0026143926448062107,-0.0029464057386214084,14605.172975707206,126448.55243026694,-10672.568865996005,-142.73376119472732,-497.5786619678648,221,226,0.0033524472511562813,59.65791107705533,114.62914146814649,0.2064485596342253,0.040865198429913846
2025-07-23,False,251359.68302470303,244196.60307443922,7176.979487308555,16.24079155636842,-2.341254511611963,7163.079950263798,0.029390169220006607,0.029333249767115942,16240.791556368422,118032.32536754267,-20637.804680573718,2081.094402661884,5095.88508464667,221,226,0.0034660980697657114,57.70177184095627,114.62914146814647,0.20640980447771676,0.044664297705231386
2025-07-24,False,252624.8044765233,251359.68302470303,1297.8789643520786,13.28630211560939,19.47121041619287,1265.1214518202762,0.005163433326833588,0.005033112059167989,13286.30211560939,114484.73025410276,-24922.788638350896,298.32977711884513,999.5491872332334,221,227,0.0035024577577472734,57.10275864358659,115.14013354874055,0.20471250636045035,0.04441575749749827
2025-07-25,False,251871.39812975147,252624.8044765233,-679.8524310741328,63.24917391391535,10.304741783783523,-753.4063467718316,-0.0026911547046335753,-0.00298231342853685,63249.17391391535,110366.51270357924,-30237.580307041557,88.25850187011663,-768.1109329442495,239,262,0.003418995512308792,58.496713224681386,132.48865448473353,0.20292191456211375,0.05154172075649123
2025-07-26,False,250479.74598799692,251871.39812975147,-1369.867784139818,32.52137763694884,-10.737020022229501,-1391.6521417545373,-0.005438758804340821,-0.005525248805891125,32521.377636948848,103958.86389965845,-25231.867956669128,-715.6937886147208,-654.1739955250972,240,260,0.003284066022182124,60.90011548157256,133.36989440601263,0.20237564924496643,0.05237366097173193
2025-07-27,False,248994.76889975418,250479.74598799692,-1498.452060096947,11.502540116241642,-24.977511970454962,-1484.9770882427335,-0.005982328248483426,-0.005928531595979398,11502.540116241642,108033.75250184607,-32291.603273902187,-925.804410493483,-572.6476496034638,240,259,0.003160617998503283,63.27876386665848,132.86240449172124,0.2036225055979404,0.05023073488435556
2025-07-28,False,249313.41541816195,248994.76889975418,286.38565756207663,10.515064807826079,-42.77592565352794,318.6465184077785,0.0011501673662765827,0.0012797317783654575,10515.064807826078,112358.61977473607,-39430.17793527111,-737.7796473580677,1024.165304920144,240,258,0.0030624413475015795,65.3073732050951,132.36621533233946,0.20445040816035046,0.047927817861701985
2025-07-29,False,250594.7367527108,249313.41541816195,1332.9844122927245,45.90447525782438,5.758602486054443,1281.3213345488457,0.005346621280114313,0.005139399869035303,45904.47525782438,114411.1676256971,-25265.400445747076,382.4349997036103,950.5494125891141,242,257,0.0032600232273678627,61.349256140570404,135.4088655649931,0.2013379049774893,0.05465948345379021
2025-07-30,False,252857.5741530243,250594.7367527108,2235.7666631487473,8.253855267955243,-35.32459243269666,2262.8374003134886,0.008921842063087791,0.00902986802371064,8253.855267955243,119393.38237999941,-31811.333605930464,1860.0577203097384,375.7089428390084,243,256,0.003172683970201373,63.038109650519594,134.8804913962226,0.2007498784150095,0.05526060843714234
2025-07-31,False,249769.6990092302,252857.5741530243,-3083.9335935033514,5.508653301098822,-1.5671030103395296,-3087.875143794111,-0.012196326741776843,-0.012211914767185859,5508.653301098822,121147.47993388916,-34552.872386858355,-4487.485227301888,1403.551633798536,243,256,0.003126293813670113,63.9735136619197,134.8804913962226,0.20057925437700264,0.05440430410484358
2025-08-01,False,248053.9574546611,249769.6990092302,-1640.2428537555247,132.6198816048843,-57.12118079134279,-1715.7415545690662,-0.0065670209807752134,-0.006869294239353114,132619.88160488431,194620.42148733756,-70993.01776025372,173.1379542606977,-1813.3808080162225,252,282,0.004516863741732579,44.278510806545604,139.56198107984304,0.19832971925261147,0.07047481592983615
2025-08-02,False,245755.7683660216,248053.9574546611,-2283.0583084934015,30.940051185870153,-15.809271039753185,-2298.1890886395186,-0.00920387778498029,-0.009264875723902038,30940.051185870154,169285.8080592587,-47131.06671568922,-2157.7201531253695,-125.33815536803169,251,281,0.004647890315341492,43.030275335855364,139.07955383808437,0.19871353844163592,0.07331871320871024
2025-08-03,False,246379.27643187603,245755.7683660216,671.5437403181853,32.8097258921367,15.225948571602867,623.5080658544457,0.0027325655254529257,0.002537104500130433,32809.7258921367,139101.97948279086,-23219.92196007697,898.7426415036455,-227.19890118546022,254,281,0.004655354544830227,42.961282126642764,139.07955383808434,0.19659506082625686,0.07627006321126988
2025-08-04,False,249096.22942207308,246379.27643187603,2720.8070458554075,40.720155346153646,-36.86609968780366,2716.9529901970577,0.011043165177115502,0.01102752240182139,40720.155346153646,126230.61123615497,8852.28340583203,2815.696195601581,-94.88914974617273,260,278,0.004738014040341095,42.21177866868495,137.48622340998756,0.19898868004900314,0.08730065890217974
2025-08-05,False,250401.29698672597,249096.22942207308,1325.358897759745,42.32743150970037,-22.03609840284238,1305.067564652887,0.005320670251953246,0.005239210435584544,42327.43150970037,163929.7716649097,36970.701529096186,496.99988096028574,828.3590167994594,261,278,0.004735798398120864,42.23152743988401,137.48622340998756,0.20027133278851297,0.08702628261358576
2025-08-06,False,248908.80606444782,250401.29698672597,-1466.8259135954597,39.978869318521895,-14.313860635839914,-1492.4909222781416,-0.005857900622907787,-0.005960396133080972,39978.869318521894,190963.2403413803,66030.87749152831,-960.6786358631169,-506.147277732343,263,277,0.0046372443852509574,43.12906187047471,136.99808707225205,0.1992052613463527,0.08614673277299092
2025-08-07,False,244540.41359563588,248908.80606444782,-4416.878960120698,15.65871196034204,-64.14520326910909,-4368.3924688119305,-0.017744968649189025,-0.017550172442194995,15658.71196034204,199516.83675472336,74548.6944918309,-4211.614955060535,-205.26400506016378,263,277,0.0045720259315904605,43.74428382352295,136.9980870722521,0.199169798234838,0.08418034716300128
2025-08-08,False,245775.5653380962,244540.41359563588,1285.840580285483,41.52047250652174,9.168365318640614,1235.1517424603207,0.005258192547313294,0.005050910499001313,41520.47250652174,191923.87223018106,87154.39791244139,1089.5258170766742,196.3147632088089,265,282,0.0038062006778016655,52.54583689358002,136.41225769502663,0.2008759281771118,0.052686232946404954
2025-08-09,False,247101.41036797987,245775.5653380962,1352.869545462685,19.714833203969565,7.309682375055761,1325.8450298836597,0.0055044916430225166,0.005394535571751356,19714.833203969563,205397.6076820403,91782.02976550368,1350.0396536008,2.8298918618849314,265,281,0.0037761346118414564,52.96421355658948,135.9242302567468,0.20043544799051013,0.05196156724664687
2025-08-10,False,245253.34584471543,247101.41036797987,-1854.0092466520923,17.4822754770748,-23.426998864734244,-1848.0645232644329,-0.007503029804205198,-0.007478971975563886,17482.2754770748,217918.26244439243,91245.72751765265,-987.3066340341203,-866.7026126179721,265,279,0.0037665704515699506,53.0987014769995,134.94891035962917,0.2005094920403095,0.05044469924944625
2025-08-11,False,246896.55259327905,245253.34584471543,1613.927198241703,6.074890855512828,-35.354441177422174,1643.2067485636123,0.006580653131083386,0.00670003804801923,6074.890855512827,222459.20287147447,91657.97667150534,997.1837951173948,616.7434031243081,265,279,0.003741495904918984,53.45455536569154,134.94891035962914,0.19965956588035227,0.05051995245898735
2025-08-12,False,250534.85381597595,246896.55259327905,3620.0280771139323,18.07840039347804,-36.3515459764556,3638.30122269691,0.014662124841723998,0.014736136185305128,18078.40039347804,216655.80958057183,78878.04008427684,2583.7913517575657,1036.2367253563666,265,280,0.0038216526346639803,52.33338011569046,135.4395337086314,0.20010671841118585,0.05527265241258828
2025-08-13,False,248915.0845013283,250534.85381597595,-1600.8524974432823,23.938871377865606,-5.022054173497704,-1619.7693146476502,-0.0063897396831626,-0.006465245413867289,23938.871377865606,208428.53637107386,59437.772776992875,-1132.8334334581787,-468.0190639851037,264,277,0.003933083896502687,50.85068238128375,133.9707499312387,0.20005036412879884,0.05517784532688758
2025-08-14,False,246924.054379279,248915.0845013283,-1990.476969553093,15.95274455714955,-15.399592060948855,-1991.0301220492938,-0.007996610464732486,-0.007998832718547714,15952.744557149552,203067.29913382203,46006.71456103245,-3936.2616453945766,1945.7846758414835,261,274,0.003990480642952721,50.11927582037129,132.54879974810328,0.19860684924335562,0.05459543253618309
2025-08-15,False,247207.61671967118,246924.054379279,297.98544743704736,72.40495222558695,-57.981845180717386,283.5623403921778,0.0012067898698088656,0.0011483787640900382,72404.95222558695,182245.73090757715,13985.575727800788,225.31972874679983,72.6657186902475,267,290,0.003837151255285125,52.12200059211341,139.01788934118102,0.19836462658879425,0.053233186371696176
2025-08-16,False,247351.58747431965,247207.61671967118,114.11115665484544,28.492783663883333,-58.35238165749658,143.9707546484587,0.0004616004885652264,0.0005823880208825396,28492.783663883332,159848.90956002742,-13895.23211756158,595.8096875989764,-481.698530944131,263,282,0.003948392505382401,50.653525384662856,135.21635244525044,0.19869971653199886,0.05415095530749179
2025-08-17,False,247675.57626384206,247351.58747431965,320.19332610786506,26.52216861211058,-30.317632026661542,323.988789522416,0.0012944866429899422,0.0013098310499262632,26522.168612110578,155077.8374577653,-39993.26343070247,-248.74124901948403,568.9345751273491,262,280,0.003940661479520575,50.75290050652415,134.2456733906286,0.19930670124874614,0.05356276113743468
2025-08-18,False,247973.8348614,247675.57626384206,279.9564144277515,26.935899057269427,-45.23808218747946,298.25859755796154,0.0011303351693003495,0.0012042309623627756,26935.899057269427,177915.72541686217,-65469.89841697588,-179.8625933251526,459.81900775290364,261,279,0.0038768712081022503,51.587991775950975,133.7698868195619,0.19923611743180566,0.05231748339746898
2025-08-19,False,246492.44608924296,247973.8348614,-1480.8843823306834,16.848169646341045,-16.343779819976326,-1481.3887721570482,-0.005971938060152168,-0.005973972104698226,16848.169646341044,189228.3415826835,-78983.51439556316,-1840.4334647010764,359.5490823703933,259,278,0.0038481162000358086,51.97348250506025,133.30342266523647,0.19898596993521506,0.05165568987142826
2025-08-20,False,249020.69537040778,246492.44608924296,2511.436017954997,66.76642245439542,-83.57968566420237,2528.249281164804,0.01018869364072004,0.01025690369533453,66766.42245439542,196345.01964670833,-141542.8993577769,2453.8739815739077,57.56203638108991,256,275,0.0037560791473110425,53.24701428168226,134.0064634918101,0.19779942094824204,0.056202792992219565
2025-08-21,False,248178.357408982,249020.69537040778,-828.9184487035759,43.82816943978358,-30.408656717589214,-842.3379614257702,-0.003328713091378187,-0.0033826022378293822,43828.169439783574,210615.8808114304,-103910.94387061505,-1301.4541662930546,472.53571758947874,256,273,0.00381857139492573,52.37560839264862,130.91295133342922,0.19991615175327146,0.04860731894214923
2025-08-22,False,247423.07790639024,248178.357408982,-705.9715136327331,68.50176286338095,-19.193773904355414,-755.2795025917586,-0.0028446135311844998,-0.003043293180263525,68501.76286338095,171660.6239146494,-98312.83476948332,994.7568120206497,-1700.7283256533815,256,273,0.0027455711466962468,72.84458836211932,129.5890748034185,0.20009355968497597,0.03276241125893315
2025-08-23,False,247120.6304360176,247423.07790639024,-299.28932590961824,50.18660734837317,-47.028462885318234,-302.4474703726732,-0.001209625748907913,-0.0012223898956066693,50186.607348373174,189116.53956989234,-89161.94228406085,-1027.4760072774093,728.186681367791,255,272,0.003309266050088494,60.4363617106735,132.42016641014172,0.19855329241808134,0.04544222010664971
2025-08-24,False,249642.89816123308,247120.6304360176,2473.4001124069346,19.701579965102066,-68.56919277365326,2522.267725215486,0.010008877478350909,0.010206625487986242,19701.579965102068,179812.47778373095,-79002.31277642134,844.1846052754561,1629.2155071314787,254,270,0.0034127057636770346,58.604524928193385,131.46332327113794,0.1985413077718776,0.0475336808128352
2025-08-25,False,246601.71383426062,249642.89816123308,-3078.4789466517354,58.166782826789444,-95.4614025060609,-3041.184326972464,-0.01233153023509399,-0.012182138363929345,58166.78282678945,155691.20569202895,-110190.4993073789,-3065.8035050506496,-12.675441601086277,254,268,0.003345954921707291,59.773668408523854,132.98311644582762,0.1983690163525892,0.053901435268365584
2025-08-26,False,246685.44489434807,246601.71383426062,38.988985552623035,43.495848525837324,-88.2379230606691,83.73106008745481,0.00015810508753733672,0.00033953965195769034,43495.848525837326,169297.6591419209,-70266.35779626392,409.72816533023524,-370.73917977761243,255,269,0.0034594698073395908,57.81232707268645,130.97599673148537,0.1993238713519673,0.04792892941476543
2025-08-27,False,245416.4107605049,246685.44489434807,-1265.224078572287,32.37020954985221,-28.560154278975524,-1269.0341338431638,-0.0051288963526573885,-0.005144341346878707,32370.209549852214,145590.3106478399,-44205.63680587767,-688.9475922542372,-576.2764863180498,253,268,0.00355145274327551,56.31498275703923,130.48777332281992,0.19928030209742217,0.048384840049355476
2025-08-28,False,243942.58595894344,245416.4107605049,-1451.404071332323,33.870403995844875,-11.449673766719721,-1473.824801561448,-0.005914046525391931,-0.006005404434831023,33870.40399584487,174740.34512690007,-13097.664404754738,109.0702954617874,-1560.4743667941102,252,266,0.003629670413766259,55.10142167218808,129.55077523119397,0.19885949487676602,0.050202804319592655
2025-08-29,False,246279.34378618092,243942.58595894344,2355.2255905555207,129.19664869923795,-110.72888538118737,2336.7578272374703,0.00965483571184211,0.009579130343525819,129196.64869923797,223420.57698921702,95769.64663937733,1894.05897100015,461.16661955537023,253,278,0.0031767841928333584,62.956747408649434,133.08381363337548,0.1995846354683505,0.038212958736132854
2025-08-30,False,245032.27899837526,246279.34378618092,-1462.8371960054285,12.153253833414535,-227.92566203318626,-1247.0647878056568,-0.0059397478226004205,-0.005063619094617838,12153.253833414534,234672.12837998508,108634.40083209898,-1231.0709360298688,-231.76625997555973,251,275,0.0031543150036508713,63.405208347459194,131.6562781664224,0.2001547077166343,0.03768466544368476
2025-08-31,False,243785.12221141343,245032.27899837526,-1471.6123800056303,4.757100146580997,-229.21269319037387,-1247.1567869618375,-0.006005789873975698,-0.005089765283414383,4757.100146580997,237512.48637149433,111291.19659845933,-1667.3958788042596,195.78349879862947,251,273,0.003188798151708113,62.71955466760037,130.70659857254037,0.20060499895109943,0.03749555519293749
2025-09-01,False,244518.5435756135,243785.12221141343,631.1534761306991,3.899644848406044,-106.16753291778818,733.4213642000813,0.0025889745461306498,0.00300847466632541,3899.6448484060443,239164.03200398642,112628.48504506974,1438.2305027241891,-807.0770265934904,250,269,0.003283621350563485,60.90836264226357,128.77947912142523,0.2010863929665408,0.03982377092391186
2025-09-02,False,245028.48911899645,244518.5435756135,460.1140216769934,14.812918988108216,-64.64444069407767,509.94554338296285,0.0018817142248138347,0.0020855086731909568,14812.918988108215,235575.66926236474,120008.4137291965,943.734032826489,-483.62001114949595,251,270,0.003204275810731706,62.41659951061747,129.27473801066085,0.20396022478189085,0.03961298447087097
2025-09-03,False,248300.10269232705,245028.48911899645,3268.6872334108557,3.139151514944614,-6.065491434685896,3271.6135733305973,0.013340029337663832,0.013351972193493631,3139.151514944614,238024.17665521402,121352.3463190903,2907.4609449404998,361.2262884703562,251,270,0.0032568963953776976,61.408155409501845,129.27473801066085,0.20351440450393152,0.040495937746368074
2025-09-04,False,245182.3434033408,248300.10269232705,-3184.3657598600553,6.361180187091535,-72.9676510608933,-3117.7592889862535,-0.012824665496839758,-0.012556415624400779,6361.180187091535,243050.74650058267,124394.55749184267,-2482.4976958612424,-701.8680639988135,249,268,0.0033241981544368912,60.16488509659238,128.31357424294654,0.20461088655562534,0.04136157634869222
2025-09-05,False,246523.05074297247,245182.3434033408,1301.3087890378547,4.2888413253117035,-43.687391919120024,1340.707339631663,0.005307514280900389,0.0054682050959359366,4288.841325311703,240759.78517687527,124100.0691635143,1412.842804080949,-111.53401504309454,255,283,0.0032069287552840965,62.36496513072126,134.22953292970053,0.20421735363849772,0.04326120166970491
2025-09-06,False,248487.12617553904,246523.05074297247,1932.6648704558024,69.26041881240346,-100.67098092319166,1964.0754325665905,0.007839692331533003,0.007967106632208426,69260.41881240346,258425.30589730077,120409.69538671226,1911.2277059673297,21.437164488472906,257,277,0.003541974947838209,56.46567323184117,133.1636769814017,0.20530734589734873,0.05368459206048571
2025-09-07,False,247342.28032241057,248487.12617553904,-1189.7703591737322,4.890532633251001,-49.81503867850575,-1144.8458531284775,-0.004788056337104729,-0.004607264250461502,4890.532633251001,264180.96629633114,123887.87559524822,-1350.4147454987583,160.6443863250257,258,274,0.0036537651958026395,54.738054932964864,131.74129932146207,0.20682395285295943,0.05561565339124042
2025-09-08,False,248373.51153595428,247342.28032241057,962.2517212907395,6.14309412057734,-75.12258637355545,1031.2312135437176,0.0038903648823664307,0.004169247619935856,6143.09412057734,266143.53634164797,124740.18805441585,895.8767122343335,66.37500905640644,257,270,0.0037722008523720816,53.01944616078265,129.86594162126192,0.20671993249587567,0.05686571434252305
2025-09-09,False,248582.36120538035,248373.51153595428,172.10932026409893,44.48946994791145,-81.2298191098703,208.84966942605777,0.0006929455528480724,0.0008408693347954898,44489.46994791145,287422.0390527116,127315.39895226521,-181.38708661333982,353.4964068774388,253,265,0.0037853897064130644,52.8347186185791,130.09819035471136,0.2042805504628531,0.06293637868895673
2025-09-10,False,247084.21364143895,248582.36120538035,-1533.0778750858797,9.912137002315783,-44.84244814679131,-1498.147563941404,-0.006167283421285233,-0.006026765361294581,9912.137002315783,288566.7853465857,118928.09309604915,269.0801144184753,-1802.1579895043549,252,263,0.0037427746444223266,53.43629232341044,129.1089645005235,0.20399168052351618,0.06077982816069494
2025-09-11,False,246958.79122671872,247084.21364143895,-135.53235113995856,5.88122833120168,-15.991164750921243,-125.42241472023899,-0.0005485269542012869,-0.0005076099879948144,5881.228331201681,288745.472040622,119881.24316148147,-312.03597065768344,176.50361951772507,251,261,0.0038477683640240987,51.97818087750861,128.1145306384227,0.20281597733443743,0.06033696084541942
2025-09-12,False,246874.28362957548,246958.79122671872,-116.70189485886553,70.57246067954114,-102.76675839516284,-84.50759714324383,-0.00047255614703640254,-0.00034219311134245974,70572.46067954114,284768.2356085528,82499.17017480978,1036.107276784564,-1152.8091716434296,255,265,0.004372622819510236,45.73913832851501,128.09823462313415,0.1998055744674245,0.05097673424143565
2025-09-13,False,245744.02225325053,246874.28362957548,-1196.6244011259769,14.906061611142498,-81.26908641216454,-1130.2613763249549,-0.004847100246866788,-0.004578287214479029,14906.061611142497,279268.35361731076,80198.43562248115,167.29871039322586,-1363.9231115192028,250,259,0.004554574315723138,43.9118973884271,125.21732215555798,0.1991442935890456,0.0517734602295604
2025-09-14,False,244649.29917549464,245744.02225325053,-1099.022446841525,37.70813445051981,-42.007503536169835,-1094.7230777558748,-0.004472224539846311,-0.004454729224817979,37708.13445051981,264470.0363840599,59952.4193519564,-876.7254325960096,-222.29701424551513,248,257,0.004119658304063043,48.54771566922153,124.25187458007457,0.20020726573910988,0.044424805914322574
2025-09-15,False,246491.78488812642,244649.29917549464,1807.5218503713606,16.45884038517863,-51.42270264560665,1842.4857126317888,0.0073882159338407435,0.007531130147689962,16458.840385178628,270693.2639518057,59454.008330046694,1701.985013722082,105.53683664927871,246,254,0.004307526611532316,46.43035738062545,122.80777807443961,0.19925331902244123,0.047322224035544536
2025-09-16,False,249142.2167332144,246491.78488812642,2635.430550003341,10.571831737501777,-25.573126822122056,2650.4318450879614,0.01069175815007168,0.010752617359198788,10571.831737501776,273163.97572384647,55392.53223832867,1328.4392696093587,1306.991280393982,247,254,0.004215283476768135,47.44639384332471,122.80254421741036,0.1995891370280042,0.04657627213210745
2025-09-17,False,249176.74906969853,249142.2167332144,27.564307269409255,9.385833195073573,-16.353862409822675,34.53233648415836,0.00011063683879366608,0.0001386049178535493,9385.833195073572,276410.53984477615,55879.03017819574,-759.6177520523447,787.182059321754,247,254,0.0041538273953511265,48.14836558298876,122.80254421741039,0.19958715271060218,0.045828359257437216
2025-09-18,False,248012.8302659938,249176.74906969853,-1181.6627311394736,2.700594604654858,-20.44452203941305,-1163.9188037047156,-0.004742267228187268,-0.0046710570229774925,2700.594604654858,276000.4111187819,54992.25349649406,-1224.455465260835,42.792734121361065,247,253,0.004154970663483005,48.13511723626592,122.32378820016609,0.20012025301429767,0.04488713777131935
2025-09-19,False,256603.1498794997,248012.8302659938,8620.141078951368,79.02572748884886,-49.204262043363016,8590.319613505882,0.03475683523996023,0.034636593616115596,79025.72748884886,291319.21665503515,96463.12663432391,8612.091490418126,8.04958853324274,248,255,0.004610920139887969,43.37529038289944,123.47994286022444,0.19776724104073087,0.053900017962211486
2025-09-20,False,255499.1510570577,256603.1498794997,-1072.2964481725971,34.919721954817454,-3.217347685429253,-1103.9988224419853,-0.004178812491881512,-0.0043023588095486,34919.721954817454,300954.98508969997,111130.08354959826,-2599.7648481671026,1527.4683999945048,248,254,0.004688628966016624,42.65639304146442,124.88771218938842,0.19749964182918206,0.05737825230429371
2025-09-21,False,256359.0485466367,255499.1510570577,864.718894165865,8.994741896807245,-4.173337309953826,859.8974895790116,0.0033844296178219286,0.0033655590870710194,8994.741896807245,299723.75017368124,115887.63134488829,-183.75601850420452,1048.4749126700697,248,253,0.004791224463389883,41.74298272356378,124.40202479063782,0.19718687489122486,0.05781797526449547
2025-09-22,False,258118.3809141419,256359.0485466367,1690.2612258025238,7.1237884703927135,-76.19493017306202,1759.332367505193,0.00659333554007567,0.0068627668010132125,7123.788470392714,300495.048151833,115659.44096129916,1065.3149582981987,624.9462675043261,248,253,0.0047911390736362506,41.74372668506351,124.40202479063782,0.19804464309880032,0.05997928117110285
2025-09-23,False,258948.1774534233,258118.3809141419,791.6425914165056,12.994272047221319,-51.1482199121218,829.7965392814061,0.0030669748842095455,0.0032147905792010295,12994.272047221319,305425.0700684907,121689.9195419322,883.5218178551615,-91.87922643865596,248,253,0.004965690209812134,40.27637479374022,124.40202479063782,0.20046282231151788,0.06342177526047947
2025-09-24,False,257958.21615921496,258948.1774534233,-1002.7396920050851,9.572818124708386,-22.351215921452347,-989.9612942083412,-0.003872356630837638,-0.0038230093138477655,9572.818124708385,312412.4829702164,125551.97016086857,-541.6956587648203,-461.044033240265,249,251,0.005173043410818498,38.66196049732265,123.41563380520905,0.20210464748642926,0.06832706016003669
2025-09-25,False,255375.5571886628,257958.21615921496,-2837.793915398824,7.911815622568328,-263.0467604692258,-2582.6589705521665,-0.011000982863237444,-0.010011927547824713,7911.815622568329,314780.07440590893,128095.90424893629,-3071.9686617769767,234.17474637815235,245,247,0.005371147990483661,37.235987605322045,121.43399769694045,0.20255847505915378,0.07183687170355046
2025-09-26,False,255770.42200835398,255375.5571886628,395.178811059818,86.28625457151438,-85.97226320288229,394.8648196911859,0.0015474417967412334,0.0015462122688565422,86286.25457151438,274585.89245124825,80291.27337576807,-477.1434312611108,872.322242320929,250,254,0.0042679232370641095,46.86119896982481,124.37176149563611,0.19914119407217953,0.05730396740246839
2025-09-27,False,256408.3359995633,255770.42200835398,621.6616425113027,7.104531669576637,-23.356880367594766,637.9139912093208,0.002430545477580664,0.0024940881990978816,7104.531669576638,271361.28781685885,77067.4932313771,1414.872658108361,-793.2110155970583,247,251,0.004294024126748803,46.57635683836479,122.9056030937142,0.19839811209735,0.05862670735767962
2025-09-28,False,256513.5055383665,256408.3359995633,58.97475065874983,8.551326524921462,-54.7461146693631,105.16953880319147,0.00023000325020185874,0.0004101642732994866,8551.326524921464,267529.5027602003,75023.61124578194,-382.28049044979497,441.2552411085446,244,247,0.0043212406948960665,46.28300391510831,120.95235049200787,0.1974929373550825,0.0604534400246547
2025-09-29,False,257831.03871208386,256513.5055383665,1283.719025323046,7.9257403690317645,-41.739888763341,1317.5331737173553,0.005004489033155571,0.005136311130878421,7925.740369031765,264869.52320853097,74177.88101206798,3242.9143520264174,-1959.1953267033718,243,245,0.0043408349945686835,46.07408488234244,119.98680952749969,0.197150132482345,0.061790612293459654
2025-09-30,False,256158.5488581552,257831.03871208386,-1670.3995152970645,9.54305979573591,-7.452721164138865,-1672.4898539286614,-0.006478659526956237,-0.006486766924118498,9543.05979573591,263680.0774081091,75927.62690765821,718.1851563199059,-2388.5846716169704,244,244,0.004349590941864852,45.98133541133678,119.4924404061117,0.19624751515178296,0.0640541809005223
2025-10-01,False,254755.05396531866,256158.5488581552,-1410.7836800068126,11.33540836801572,-18.624195538281654,-1403.4948928365468,-0.005507462804952169,-0.0054790086026514605,11335.40836801572,258777.2670987324,75767.99481086545,6.504149939785151,-1417.2878299465976,246,244,0.004330180744405329,46.18744847046017,119.48890208428776,0.19552983780462027,0.06533962631360701
2025-10-02,False,254490.86905969784,254755.05396531866,-213.9430618775582,11.352234710094825,38.889609033165556,-264.18490562081854,-0.0008397990875842783,-0.0010370153663635802,11352.234710094825,265176.1388908534,83545.31852768088,436.9145890281296,-650.8576509056877,245,242,0.004375566650939692,45.708365556961226,118.50221377125074,0.1976453980020873,0.06272515058281036
2025-10-03,False,251137.56039471735,254490.86905969784,-3294.3100348217795,72.27200206942777,-13.273371910730532,-3353.308664980477,-0.012944708181451525,-0.013176538228543932,72272.00206942778,278684.3501510755,82699.88129646357,811.6682027723417,-4105.97823759412,251,254,0.0043945830896457636,45.51057425020072,121.11789057517247,0.19560210786888266,0.06759863379487818
2025-10-04,False,251527.86599103446,251137.56039471735,354.0900737813239,17.223634720614907,-53.4391572563971,390.3055963171061,0.001409944706099694,0.0015541506244771029,17223.634720614908,291227.685106027,92325.71551280971,-169.436112119516,523.5261859008407,251,253,0.004581375282875911,43.65501353874073,120.63688315178209,0.19665991134522331,0.07031565880388266
2025-10-05,False,252386.02381635577,251527.86599103446,868.2393475298867,15.96297235038951,-5.881450141808678,858.157825321306,0.0034518614631781374,0.0034117803287524984,15962.972350389511,298915.6259014162,101039.55708162732,-174.0574527115716,1042.2968002414586,251,252,0.0047063025842443255,42.49620512492256,120.16398806626704,0.19648721905154912,0.07336029987214814
2025-10-06,False,256919.58386536548,252386.02381635577,4544.550271096524,11.594990516319758,-0.6047684295103366,4533.560049009714,0.018006346795190552,0.01796280150722006,11594.990516319758,299675.6870952119,105272.74111617153,4322.848309825364,221.70196127116054,248,249,0.004806076078455313,41.61398961130899,118.73441808872052,0.19585586235273278,0.0743182831337072
2025-10-07,False,260716.15089488777,256919.58386536548,3784.9042655928915,7.421157345160107,-19.083921274571882,3796.567029522303,0.014731863599686932,0.014777258208201957,7421.157345160107,304568.6695008848,106677.61809912337,2540.1829629441586,1244.721302648733,249,249,0.004789136164843017,41.76118471389418,118.73441808872052,0.19622954246469076,0.07259750053491468
2025-10-08,False,259303.38114221228,260716.15089488777,-1404.7224985787764,22.474214032785866,-14.426959936063941,-1412.7697526754982,-0.005387938160935471,-0.0054188041202137905,22474.214032785865,297262.69211070845,108453.43374518317,-2149.057230551048,744.3347319722715,248,248,0.004515196373793386,44.29486193796982,118.25586373183395,0.19898989010157897,0.07014495669485933
2025-10-09,False,257800.04686795687,259303.38114221228,-1496.669364428299,6.003812646605826,0.6610971805014856,-1503.3342742554064,-0.005771885263645931,-0.005797588398706294,6003.812646605826,298731.6863913104,105956.15824121982,-2042.9662759610994,546.2969115328003,248,247,0.004612767748311916,43.35791674601259,117.7818602768715,0.19791072090419926,0.06942391611517611
2025-10-10,False,243176.05534112203,257800.04686795687,-14627.90199106339,87.966567871489,-91.87703210004749,-14623.99152683483,-0.056741269711854184,-0.05672610111791455,87966.56787148901,252659.26849688924,129663.68193207185,-16080.895972936605,1452.9939818732107,258,264,0.003689887736184848,54.20219104193929,122.80767657012451,0.20326187488454872,0.06066504094690036
2025-10-11,False,244886.78271222458,243176.05534112203,1633.3301092005568,38.52630854684098,-115.9235704488406,1710.7273711025564,0.0067166568143781965,0.007034933471154409,38526.308546840984,239460.586996102,130979.82205564764,-829.2240969490877,2462.554206149645,257,263,0.004278489594795564,46.74546836418249,122.35234522691663,0.202682702205693,0.05787711831490804
2025-10-12,False,246009.93160814513,244886.78271222458,1062.6361824947621,20.795061613668157,-81.30777503945328,1123.1488959205471,0.004339295778749745,0.004586400635759916,20795.061613668156,241209.41636604042,128642.26145846074,2933.6535030851746,-1871.0173205904125,257,262,0.004396430517181682,45.49145021589228,121.90496565807764,0.19936657838754349,0.06464753353511767
2025-10-13,False,247162.01394074268,246009.93160814513,1070.9978648787946,14.162604066933802,-95.24707178568607,1152.0823325975468,0.004353474097073141,0.004683072447793008,14162.604066933802,238719.23623049713,123798.72071061977,4060.937580718091,-2989.939715839296,257,262,0.004334692042396924,46.13937923244195,121.90496565807761,0.19647301372711062,0.062297469647993875
2025-10-14,False,246751.4931343128,247162.01394074268,-418.3782210620209,12.476339904097895,-20.33375453624361,-410.52080642987517,-0.0016927286454395353,-0.0016609381024395517,12476.339904097895,237481.47528891702,117251.36866682439,-355.9315277197902,-62.44669334223114,258,261,0.0042775535563294095,46.755697471996356,121.43932752013485,0.19365774454785412,0.061944380342999414
2025-10-15,False,250752.57299989255,246751.4931343128,3939.812171434461,10.483620771859293,-71.75131491716374,4001.0798655797653,0.015966720692911576,0.016215017849565274,10483.620771859292,231610.94177352026,111325.79420546282,1623.09483308517,2316.717338349291,261,261,0.004191456531014196,47.7161097866871,121.43932752013484,0.19072364080396031,0.06304154127305567
2025-10-16,False,259379.0055975243,250752.57299989255,8607.064638241802,15.393729600578038,-34.761688990506755,8626.43259763173,0.03432493048932937,0.03440216981396808,15393.729600578037,223674.66268190468,105360.78381621737,6539.924464462241,2067.1401737795627,259,259,0.004056124081532926,49.30815625453309,120.5251723219494,0.18745914413606826,0.062194872272963116
2025-10-17,False,252245.48610679162,259379.0055975243,-7050.340819276383,89.02075820824821,-5.842086751956993,-7133.519490732674,-0.02718161712060969,-0.027502301022009786,89020.75820824821,232492.92501435624,141457.56206235767,-7019.204607077223,-31.136212199158834,268,274,0.003925074169693194,50.95445113987059,133.14531012486248,0.19935614914636335,0.05834628136509787
2025-10-18,False,253434.24768298728,252245.48610679162,1247.0959378729358,13.458773848299895,44.87558782896993,1188.761576195666,0.004943977222827133,0.004712716943098785,13458.773848299896,215749.98100023132,127949.6603336539,1007.9602326033117,239.13570526962405,267,272,0.00391635709744463,51.067866137768,132.16671964825926,0.19857741648564203,0.06009343053910587
2025-10-19,False,254869.72872271444,253434.24768298728,1490.7108247976798,17.83511158564178,37.394673484882176,1435.481039727156,0.005882041746237714,0.005664116246525422,17835.111585641782,221747.6779305564,139274.89314578005,1284.938504173174,205.772320624506,265,269,0.004089842175792852,48.90164250928051,131.50814031059338,0.20107467363739134,0.06541980247477001
2025-10-20,False,259661.58042369617,254869.72872271444,4821.31558546045,6.493613905122518,22.970270573593776,4791.851700981734,0.018916783917896352,0.018801180214677554,6493.613905122518,222549.50195057155,139226.5795381911,4812.414163481343,8.90142197910626,266,268,0.003649265919886841,54.805542920314714,132.14499641165335,0.2013724192725428,0.06384478800311416
2025-10-21,False,247332.4948970358,259661.58042369617,-12319.362147897893,10.518766074791044,-0.7953873123053441,-12329.085526660378,-0.047443915760645404,-0.047481362111956284,10518.766074791045,221203.5349502058,136801.1480348098,-11777.247615322853,-542.1145325750381,265,267,0.003627227027922305,55.138539291972876,131.65441190524623,0.2003392883235684,0.06352651235734617
2025-10-22,False,249216.59171824285,247332.4948970358,1912.7776562230465,28.05611110431424,0.6247239116681058,1884.0968212070643,0.007733628599910955,0.007617667957424727,28056.11110431424,185583.0204511086,105987.93549400964,346.04935592964756,1566.7283002933987,264,264,0.0036689131774747803,54.512055839286695,130.18936079417406,0.19909558148018458,0.06559948446180187
2025-10-23,False,247711.76138896617,249216.59171824285,-1477.7506604461535,6.073601600216885,21.006067230298896,-1504.8303292766693,-0.005929583781953234,-0.006038242955260328,6073.601600216885,182892.79812821883,107124.20551872143,619.5137905875315,-2097.264451033685,261,260,0.0036970314064499552,54.09745766591916,128.22139738615095,0.19720399436060967,0.06612052400025784
2025-10-24,False,256138.79192744454,247711.76138896617,8523.883680849001,32.85694166135212,63.996200709280025,8427.03053847837,0.034410492392666345,0.03401950109767269,32856.94166135212,168053.80260699682,101020.31591407294,9941.216000871125,-1417.3323200221223,264,267,0.0035501506298056627,56.33563779544423,133.42663701033229,0.20669490822195047,0.056997879315548575
2025-10-25,False,255110.9865043525,256138.79192744454,-920.5689135525159,19.377858846020636,87.85865069350092,-1027.8054230920375,-0.003594023797118876,-0.0040126894304365265,19377.858846020637,172006.5851739076,103499.56225995874,-1773.625870902679,853.0569573501633,265,267,0.003539661577346247,56.50257676609409,133.42663701033226,0.20538085485441535,0.058049011843945314
2025-10-26,False,251718.62215416762,255110.9865043525,-3329.928078634359,4.315371659045407,58.120899891485216,-3392.3643501848896,-0.013052860342326127,-0.013297601944426692,4315.371659045408,172122.34132496547,103744.66077292924,-2378.1852383872856,-951.7428402470728,260,262,0.0036091443924108776,55.414795933504266,130.93981152697594,0.20463177096222077,0.057022455854291075
2025-10-27,False,251804.84187011005,251718.62215416762,155.94774302456108,3.3971258047869357,66.33090127734624,86.21971594242791,0.0006195320063727717,0.00034252418515790927,3397.125804786936,169765.29118652406,101055.67123265148,-946.0916426908325,1102.0393857153933,259,261,0.0036425715068651244,54.906265978049206,130.43003550341808,0.2048107536876861,0.057356624407360016
2025-10-28,False,247452.44407343812,251804.84187011005,-4300.803043226966,3.443088039183603,48.151665405767886,-4352.397796671918,-0.01707990605456854,-0.017284805821633248,3443.0880391836026,167311.68817485226,99516.93665640436,-3853.8434728347233,-446.9595703922433,259,260,0.0036792220448488345,54.359317693264494,129.92915459156347,0.20482426107836804,0.05753354102465325
2025-10-29,False,250312.19404892714,247452.44407343812,2890.060866738996,4.827161875663879,25.48372937432314,2859.749975489009,0.011679257715802934,0.011556765932125132,4827.16187566388,164823.72488777834,98005.73097936457,2051.241790358812,838.8190763801837,261,262,0.0037045936926401912,53.98702707866026,130.92780372393273,0.20350183462176877,0.06103399653266849
2025-10-30,False,255351.62506575693,250312.19404892714,5115.663998814502,6.69982851738716,69.53315346732447,5039.431016829791,0.020437134588075924,0.020132582976939435,6699.82851738716,165147.27343800003,97617.24455606009,3899.047704634626,1216.6162941798743,259,260,0.003779036979011713,52.923536104773355,129.92547390277414,0.20302973321744425,0.0629342625627178
2025-10-31,False,251757.3792281715,255351.62506575693,-3523.4197842939443,41.15325192728103,29.67280136420536,-3594.2458375854308,-0.013798305702525332,-0.014075672464038002,41153.25192728103,171917.17413017008,100824.93727916793,-1830.853749906363,-1692.5660343875813,264,268,0.0038294295292348192,52.22710026993582,131.2018500210386,0.1924983513964317,0.06792682465102406
2025-11-01,False,245059.59991296785,251757.3792281715,-6608.081634899407,26.562587280539084,63.13509302372139,-6697.7793152036675,-0.026247817065613806,-0.02660410326695278,26562.587280539083,156479.21345290705,103496.7182616573,-4702.563220860978,-1905.5184140384285,260,263,0.003581980845626281,55.83502777358699,130.03736109923844,0.19973957248407706,0.06263716379461143
2025-11-02,False,244939.88252558367,245059.59991296785,-60.392437513348,10.054916766618023,49.270033104215926,-119.71738738418195,-0.0002464397947878646,-0.0004885235568273971,10054.916766618022,153573.38223587128,100070.48201926668,-952.411672139778,892.0192346264299,256,258,0.0037514583675308717,53.3126001693138,127.57011178626703,0.19803943840527508,0.062990554524478
2025-11-03,False,266254.90444183734,244939.88252558367,21364.96958566494,3.963830976222631,45.98383843507506,21315.021916253645,0.08722536062877959,0.0870214425534695,3963.830976222631,153108.15218920007,99000.80950920803,18460.63569877493,2904.3338868900087,252,253,0.003871951440266787,51.653540362122804,125.10890914185025,0.19598118382923088,0.0626023402906389
2025-11-04,False,267363.0603610234,266254.90444183734,1223.7501014175923,35.18285013357231,80.41133209796588,1108.155919186054,0.004596159849085211,0.00416201129330982,35182.85013357231,164654.03239721205,106913.97756487782,734.1661962385961,489.58390517899585,255,256,0.0038262719652824664,52.27019977008755,126.59990902678449,0.19338873831599826,0.06586201950464664
2025-11-05,False,274736.6759310208,267363.0603610234,7582.991122358983,12.15639091372378,197.21916144782872,7373.615569997431,0.02836214962575452,0.027579036386106415,12156.390913723779,164506.14512261085,105648.36362951469,9173.46170868589,-1590.4705863269103,257,256,0.003740973197614716,53.46202430092846,126.59137040425203,0.1924714215778511,0.06591265959735701
2025-11-06,False,271556.6043380835,274736.6759310208,-3269.3258128963002,19.830793541130145,-109.08501350010796,-3180.0715929373227,-0.011899852110451909,-0.01157498023211053,19830.793541130144,166835.68013177929,106047.21730798876,-4260.710312569415,991.3844996731139,254,253,0.003766428425693785,53.10070374247442,125.1096308512428,0.1913266677310395,0.06515849427666143
2025-11-07,False,273697.4657897553,271556.6043380835,1442.512629436508,44.69581324948471,-743.0446354847572,2140.8614516717807,0.005312014535432192,0.007883665569062882,44695.81324948471,177488.9252467482,98422.24778196061,4519.044671732751,-3076.532042296243,257,258,0.0037689958721933907,53.064531451346156,125.13306877053134,0.1888301070230532,0.06584355702576997
2025-11-08,False,273537.8069065379,273697.4657897553,-481.82728781060564,8.859695222154391,-331.0280998154077,-159.65888321735235,-0.0017604375196543776,-0.0005833407436077493,8859.69522215439,179744.19684246706,98845.77803600176,148.19135137907273,-630.0186391896784,256,256,0.003847304864615371,51.98444288609677,124.16836359185481,0.19006351361167778,0.06216007376374757
2025-11-09,False,272358.97777342674,273537.8069065379,-1340.1473300682312,5.2664018483500055,-166.5845988053945,-1178.8291331111866,-0.004899312987934173,-0.0043095656371697376,5266.401848350006,179795.86993174066,100942.43366992883,-1557.3847765084947,217.2374464402634,254,254,0.0039239830859412825,50.96861928802737,123.21082788503979,0.18944691421778667,0.06234931027206455
2025-11-10,False,274228.7548271917,272358.97777342674,1809.131237192562,2.912286266993744,-63.55810283939686,1869.777053764965,0.006642451267744013,0.006865119956943067,2912.286266993744,179246.62683511185,102181.44217020372,2264.635345898915,-455.50410870635415,249,249,0.004080221335954542,49.01694872227104,120.80900132443682,0.1887455669349759,0.06376326764747528
2025-11-11,False,277608.4801992795,274228.7548271917,3305.062108142114,3.59522129768885,-78.25848524334464,3379.7253720877698,0.012052208420757465,0.012324474777335226,3595.22129768885,181187.56866778072,105067.98073984956,1339.1673539640515,1965.894754178063,246,246,0.00419958026107426,47.6238070394301,119.35089970035246,0.1894499680895796,0.06511000960580232
2025-11-12,False,279012.08814231737,277608.4801992795,1441.8968050916244,5.579657984074156,32.70920406966222,1403.607943037888,0.0051939940885687924,0.005056070124480048,5579.657984074156,185314.82227823316,110974.73282093072,1232.2706518044624,209.6261532871623,245,243,0.004252149524539923,47.03503459738748,117.89507582113792,0.18900987987116039,0.06642650972014465
2025-11-13,False,280852.0911040733,279012.08814231737,1808.5366970605378,4.59269276146256,-36.05895745684193,1840.002961755917,0.006481929543275009,0.0065947069677403216,4592.69276146256,188669.6633258381,115635.38241279553,196.1068442175161,1612.4298528430218,242,240,0.004340939947534305,46.0729709273223,116.46625753711949,0.18969599196571388,0.0677270498696259
2025-11-14,False,280240.53787039814,280852.0911040733,-679.6099197774582,8.538932729600049,-76.59561883193311,-611.5532336751253,-0.0024198143482065805,-0.00217749218555224,8538.932729600048,188213.21744774695,110814.12361660953,-1619.3656006606034,939.7556808831453,245,242,0.004110156520190378,48.65994738096646,117.91080637772446,0.18459224816132827,0.0661812042102911
2025-11-15,False,278523.8763968355,280240.53787039814,-2110.2218684331856,4.737602425649385,-398.2979972961593,-1716.6614735626758,-0.007530037889839808,-0.006125671491383499,4737.602425649385,185363.25753795484,107733.14696252003,-1089.0534481418551,-1021.1684202913302,242,238,0.004193748259486026,47.690034695719056,115.97616598480775,0.18370311512438,0.06700511085695528
2025-11-16,False,277971.2260262996,278523.8763968355,-1300.4209704481793,2.826994262939394,-750.5975941752008,-552.650370535918,-0.004668974837171103,-0.0019842118301861933,2826.994262939394,185541.65432119736,107721.83891745593,-1968.2747963642644,667.853825916085,236,231,0.00437198351935416,45.74582660584789,112.56958378827989,0.18283710540900452,0.06860528307819883
2025-11-17,False,275288.8445904446,277971.2260262996,-2917.625545798438,5.65491613786752,-240.89902608132536,-2682.3814358549803,-0.010496142307630048,-0.009649852879381094,5654.91613786752,184825.46375687054,109292.83581536867,-3968.2997317659374,1050.6741859674987,233,228,0.004473928466672041,44.70344161509834,111.09833660998548,0.1806819705870789,0.07046206381695826
2025-11-18,False,275245.9177242122,275288.8445904446,-381.8227293568091,5.588865027561443,-344.4847281520374,-42.92686623233311,-0.0013869894725478547,-0.00015593391114774989,5588.865027561444,181740.95635434758,107761.20411853379,432.126054450682,-813.9487838074909,232,226,0.004578199951282417,43.68529162732992,110.1276398053129,0.17878488608199739,0.07181707486202124
2025-11-19,False,276254.17617162096,275245.9177242122,905.5974399988564,6.827711998259754,-109.48871940814833,1008.258447408745,0.003290139405105498,0.003663118624047999,6827.711998259754,179565.28719944262,105393.82358701219,34.55388805515571,871.0435519437011,232,226,0.004589540838903147,43.577344013306124,110.13409946558092,0.17812971215647264,0.07237376984129777
2025-11-20,False,275803.18299287924,276254.17617162096,-926.2032337141171,5.798353580246951,-481.0084085526244,-450.99317874173965,-0.003352721202443361,-0.001632529813636422,5798.3535802469505,178054.48745770968,106700.79290351609,-2988.517915267526,2062.3146815534083,230,224,0.004693162193671391,42.61519030168931,109.15448977524383,0.17526706287906077,0.07296184341027145
2025-11-21,False,278842.7629649243,275803.18299287924,2966.7923312243674,26.483998859435587,-99.27163968009322,3039.579972045025,0.010756918390245571,0.01102082992321195,26483.998859435585,184536.19513113122,125407.93428499246,1762.2693823724485,1204.5229488519183,237,233,0.004629475418130035,43.20143902627853,115.5361106713241,0.18408424834959522,0.07458694218373012
2025-11-22,False,275220.6988682937,278842.7629649243,-3600.8742738984065,6.700259237733046,14.489563494433439,-3622.0640966305727,-0.012913637189685148,-0.012989629202197345,6700.259237733046,186096.05036840512,125995.14785825863,-3327.4755627398927,-273.39871115851446,235,231,0.004649371096655689,43.016570594646836,114.5429174380232,0.18211672543370266,0.07608019936489044
2025-11-23,False,275357.6562474969,275220.6988682937,137.6415705909529,6.65014645333194,-5.9659550655467335,136.9573792031677,0.0005001134404386532,0.0004976274668523691,6650.14645333194,183630.593584723,122097.70849708708,-384.21369253650846,521.8552631274614,232,228,0.0047162710040026465,42.40638416033816,113.05380163024738,0.17990680897824463,0.07702528167604246
2025-11-24,False,276642.87349625025,275357.6562474969,1320.9883319451305,4.932103423258608,30.838979768515685,1285.2172487533562,0.004797354647578058,0.00466744693526218,4932.103423258608,182943.33756355857,120616.16397200656,2922.129247085134,-1601.140915140004,231,226,0.004748515005892899,42.1184306571213,112.06595881279888,0.17755857756108923,0.07712731240523639
2025-11-25,False,274178.1785693126,276642.87349625025,-2443.784281669723,6.608942495695816,14.30170277220395,-2464.6949269376228,-0.008833714929232931,-0.008909302075229603,6608.9424956958155,181630.70237666357,120258.97112324522,-1903.5459298983599,-540.2383517713632,231,226,0.004777910997526805,41.859297944965114,112.06466767189907,0.178207805171079,0.07543709329051697
2025-11-26,False,274364.4518405842,274178.1785693126,212.8964706757239,7.803442030713795,18.819757373404606,186.2732712716055,0.000776489477706204,0.0006793876604024319,7803.442030713795,179226.1044401642,116270.15793161048,977.2678437138575,-764.3713730381339,229,224,0.004819656420122808,41.49673390928224,111.07278614932443,0.1766197441390735,0.07648570042671009
2025-11-27,False,269351.33794602216,274364.4518405842,-4837.317499696702,5.908267395562245,169.88812746978027,-5013.113894562045,-0.017630992161139593,-0.018271732583909402,5908.267395562245,182236.99351731897,116703.35020246214,-2748.0076325689934,-2089.309867127709,226,221,0.0049157769844945225,40.68532820566219,109.59401109805411,0.1755892962197398,0.07598158667002575
2025-11-28,False,274260.6445692294,269351.33794602216,5039.967791433431,50.47991927661862,80.18124894958412,4909.306623207228,0.018711500859310514,0.0182264051875289,50479.91927661862,189914.13022390133,116929.75303878638,2751.2682504847835,2288.699540948646,231,227,0.004852705692162556,41.21412108774974,112.09790356870889,0.19005459639751449,0.0782706923269254
2025-11-29,False,287664.68133156374,274260.6445692294,13465.143576991393,10.786040666111104,50.32077399092036,13404.03676233436,0.049096156680228674,0.04887335105402222,10786.040666111105,195998.38540082602,117058.48055220928,7092.41015872524,6372.733418266155,227,223,0.004955239273326133,40.36132040617948,110.1356344064031,0.18678685469120415,0.07832943427985908
2025-11-30,False,286655.2089324753,287664.68133156374,-853.0094969892,20.324255183392822,136.13864691584564,-1009.4723990884384,-0.0029652910223136398,-0.003509198259639373,20324.255183392823,201086.33237142547,124353.82002515977,-1108.9269279442005,255.91743095500024,221,217,0.0050167784911552445,39.866220992736075,107.21848961508145,0.18432244872210943,0.07756348292417642
2025-12-01,False,289571.6013460143,286655.2089324753,2601.124369436016,3.8029316965914366,-319.0709757995544,2916.392413538979,0.009074052340171284,0.010173868545420245,3802.931696591437,201686.19669227873,121897.13863071047,1318.2255971664824,1282.8987722695329,217,213,0.005055012152184368,39.56469222602683,105.25531775436048,0.18188549991963282,0.07770850705542713
2025-12-02,False,289069.7327987907,289571.6013460143,-725.3031779945641,12.599955240752541,-236.034586011707,-501.86854722360965,-0.002504745543496464,-0.0017331414575558392,12599.95524075254,198011.53240882594,125118.06134868912,185.06852800440265,-910.3717059989672,217,212,0.0048539523554596165,41.20353587217322,104.75682386970108,0.18792301385005653,0.07441433102238267
2025-12-03,False,290148.1341950119,289069.7327987907,1093.0931699847072,20.80712660006144,-6.115352836602206,1078.401396221248,0.0037814168899708484,0.0037305925659532053,20807.12660006144,208057.17615399236,133585.2921344579,1002.5948182582368,90.49835172647039,216,211,0.004722273878332062,42.35247788521772,104.25852587025908,0.18838484724304327,0.06685656080667034
2025-12-04,False,290903.60167001764,290148.1341950119,803.6687115904994,3.384613621678575,44.81662296310616,755.4674750057146,0.002769856555583929,0.0026037302535192462,3384.6136216785753,208809.31482822515,132967.55606364296,681.5454279822485,122.12328360825116,215,210,0.004758064055989343,42.03390237007099,103.7711997353218,0.18835798035957446,0.06665179117934245
2025-12-05,False,291385.9124127596,290903.60167001764,520.728390385608,36.074338883148194,2.3433087604667477,482.31074274199307,0.001790037618634536,0.0016579744629256787,36074.33888314819,206427.51989513473,148031.6242925512,-71.14776929390985,591.8761596795177,214,210,0.00478850617256083,41.766678958469974,105.32170201363708,0.19354399589407426,0.06825214830315633
2025-12-06,False,291578.6421964844,291385.9124127596,144.23588525666037,3.046958386403329,-51.54085685448743,192.72978372474446,0.000494999514775253,0.000661424507893625,3046.958386403329,208441.54505895262,148375.50231932144,84.23619266427549,59.99969259238489,210,206,0.004875501094879338,41.02142448702491,103.33132311337297,0.19235125554644336,0.06924551432340471
2025-12-07,False,292341.2503768141,291578.6421964844,818.9865106355024,1.8268263393873985,54.551503966360706,762.6081803297544,0.0028088014419232286,0.002615445955111692,1826.8263393873985,209705.5476604563,147590.77088577085,-272.93937986081477,1091.9258904963172,209,205,0.004903286819652893,40.788966127451246,102.83122756726294,0.19172726646359134,0.06896372611609686
2025-12-08,False,290342.5861403346,292341.2503768141,-1970.4502531811067,3.589014798485656,24.624968499909777,-1998.664236479502,-0.006740240218037274,-0.006836750660070442,3589.014798485656,210865.09156908342,147465.22554301593,-1054.5348381078838,-915.9154150732232,208,203,0.0049493245175597535,40.409554736291426,101.83451141067935,0.19032958380882953,0.06889350629869327
2025-12-09,False,288900.9026453118,290342.5861403346,-1405.524213086293,12.074464051071956,24.084817885458897,-1441.683495022824,-0.004840916490311018,-0.004965456546309051,12074.464051071956,210213.73273963333,156065.294474018,-394.2072989936666,-1011.3169140926263,203,198,0.005253151587365774,38.072383153955634,99.34567050387142,0.1916127267191526,0.07253910642551054
2025-12-10,False,288958.1820425214,288900.9026453118,125.82674859551094,8.266708857837601,60.280642528010915,57.27939720966242,0.0004355360175180568,0.00019826659136467026,8266.708857837602,216196.4032531333,157495.98185685594,449.8631472010139,-324.036398605503,202,197,0.005246526187446004,38.120461588196044,98.84219039158386,0.19133452169423956,0.08411102536196718
2025-12-11,False,290981.7587878381,288958.1820425214,2084.4445896098127,3.248643744158821,57.619200548982136,2023.5767453166716,0.007213654844018495,0.0070030089856354845,3248.6437441588214,216510.38149746633,156945.34355946063,2385.9494175724126,-301.5048279625995,198,193,0.005386024641978892,37.133138686591224,96.84354394832343,0.1913455640637747,0.08537418154387165
2025-12-12,False,293583.3482345117,290981.7587878381,2709.664764727601,41.346828722246954,66.72848933176931,2601.589446673585,0.009312146493359,0.008940730365749378,41346.82872224695,214590.19144963083,141614.66708037877,1956.8832435119753,752.7815212156254,198,194,0.005141035292540743,38.90267010813659,96.10068896038437,0.18434505149083,0.08228465786881048
2025-12-13,False,292179.66902666073,293583.3482345117,-1387.0570396893734,4.8177754940535635,11.804392667499243,-1403.6792078509263,-0.004724576676540268,-0.004781194901863713,4817.775494053563,217064.12568103883,143130.76620439012,202.4367283493168,-1589.4937680386904,195,191,0.0051009746079814,39.20819360423079,94.63440998724437,0.18423619452607534,0.08290957426928956
2025-12-14,False,294248.1458922466,292179.66902666073,2115.3965588030455,5.884301608791022,41.035391608343424,2068.4768655859107,0.007240053922472,0.007079468850370855,5884.301608791022,214428.40343879955,142006.97863812651,733.5422299518613,1381.8543288511842,192,188,0.005107555424271349,39.15767591078707,93.17484758216867,0.18598468031582185,0.08117340748655527
2025-12-15,False,295147.3608179512,294248.1458922466,1007.9170074465409,11.43235187711221,97.26972986484434,899.2149257045844,0.003425397989816524,0.0030559748234875064,11432.351877112209,208632.1649371054,144340.4673722822,-471.91259610275466,1479.8296035492954,190,185,0.004901223186332435,40.80614009941856,92.54369832313765,0.18726434593982114,0.07968526253128408
2025-12-16,False,295578.5716900767,295147.3608179512,432.3068129150106,9.120659055560216,-8.024718265996498,431.2108721254469,0.0014647151569200723,0.0014610019582435654,9120.659055560216,213046.45698521036,149900.46748049563,-96.42994303975145,528.736755954762,189,184,0.004840229628571761,41.320353650042705,92.05142996318116,0.1866683921210224,0.07887032610940242
2025-12-17,False,300496.59804159607,295578.5716900767,4948.35211005209,9.217792989368848,21.1079655433262,4918.026351519396,0.016741241023522473,0.016638643063327675,9217.792989368847,221133.22432926303,157839.7726497539,4898.889871902584,49.46223814950531,187,182,0.004822526340800206,41.47203889959756,91.04044843272911,0.18661070471209001,0.07602622034588462
2025-12-18,False,301886.7515418432,300496.59804159607,1546.168717968997,7.526656658379396,148.48856106348765,1390.15350024713,0.005145378443701947,0.00462618714922922,7526.656658379396,223674.33399361605,161109.91348259343,76.5550622397152,1469.6136557292818,187,182,0.004741433504495413,42.181336047500714,91.04044843272915,0.18706988535080618,0.07705549516821467
2025-12-19,False,296954.1045991485,301886.7515418432,-5023.810347713254,34.06232437280485,-125.22572939139957,-4932.646942694659,-0.016641374031999962,-0.01633939521195241,34062.324372804855,225218.31923795003,157262.8019491423,-2715.739803114527,-2308.0705445987264,193,190,0.004350089395617496,45.976066653133685,94.49666602584935,0.1947492980074464,0.07054007953388583
2025-12-20,False,296831.0991118858,296954.1045991485,-293.29177535268485,7.555882082567975,-177.84217017258032,-123.00548726267249,-0.0009876670192809514,-0.0004142238997797817,7555.882082567975,224772.64944380132,157152.04961319343,94.23227172072603,-387.5240470734107,188,185,0.0044807320705104944,44.63556330812117,92.01590985338724,0.19413514832293052,0.06857155767725662
2025-12-21,False,294003.69918139186,296831.0991118858,-2857.412768994266,17.976232479275218,-47.98907097956012,-2827.399930493981,-0.009626392846112157,-0.009525282017125292,17976.23247927522,239896.66956572758,172461.68908429664,-1770.8590349034425,-1086.5537340908245,185,182,0.004538742606868677,44.065067646121044,90.52671969961196,0.19480509853672873,0.06888020468027937
2025-12-22,False,298518.52408039884,294003.69918139186,4543.94989834476,5.5024545880885345,23.622544749715146,4514.824899006956,0.015455417435211498,0.015356354058053665,5502.454588088534,238262.93503716553,173520.21657021058,5581.326103707321,-1037.3762053625592,181,176,0.004692223046426929,42.62371972114531,87.56790703822311,0.19492248804468232,0.07093624278110561
2025-12-23,False,300737.72418543824,298518.52408039884,2184.5987681639035,7.368482741201966,-41.96981961670832,2219.2001050394097,0.007318134694969663,0.00743404487837318,7368.482741201966,240346.9819083698,176833.91677326235,2446.5959791330247,-261.99721096912134,179,174,0.004721758372237883,42.35710178985922,86.57706502787363,0.19669105914668375,0.07104800883239902
2025-12-24,False,297995.51615037816,300737.72418543824,-2800.351122816473,4.736125045767308,-62.87921280216288,-2742.2080350600777,-0.009311605753489527,-0.009118270886991223,4736.125045767308,241968.0740966744,177716.8901158838,-3609.4258759577133,809.0747531412401,180,174,0.004703020246416908,42.52586413005007,86.57706502787364,0.19609641532922437,0.07130497231886179
2025-12-25,False,299524.85374152975,297995.51615037816,1516.3351175756447,4.42060065236847,-17.423074228326442,1529.3375911516027,0.00508844944099915,0.0051320825591880705,4420.60065236847,241222.3131132367,175880.7407047312,1018.6145553448073,497.7205622308375,179,173,0.0047287506732096845,42.29446926290324,86.08929491231935,0.19652872426950574,0.07143250877642822
2025-12-26,False,296368.57485996035,299524.85374152975,-3107.9738645157636,61.70190853525605,-13.396891481624959,-3156.278881569395,-0.01037634715681304,-0.01053761930652024,61701.90853525605,212762.79624980598,134191.7498069765,-940.9313487254142,-2167.042515790349,185,181,0.005130768763832076,38.98051329263643,87.44612561537826,0.1879171403441048,0.08167183477169199
2025-12-27,False,294525.56291338184,296368.57485996035,-1848.5814899060979,5.3926169752140485,-10.962160302787002,-1843.0119465785249,-0.006237440966133426,-0.006218648341678541,5392.616975214049,212937.19512461836,133636.57915143544,158.07332800474,-2006.6548179108381,185,181,0.005159273511923804,38.76514775535198,87.44612561537825,0.18889901348358046,0.08079067794255648
2025-12-28,False,295246.6496026681,294525.56291338184,678.1380252142364,5.474134150960409,-48.422798223034206,721.0866892863103,0.002302475949816528,0.0024482991634188897,5474.134150960409,213581.60034158215,134074.04943796922,261.83133926068615,416.30668595355013,184,180,0.005253148120742602,38.07240827843388,86.96699819364176,0.18873890045431224,0.07917148615630266
2025-12-29,False,292787.90952636325,295246.6496026681,-2435.4399326504763,4.52472542940553,18.77541822496983,-2458.7400763048518,-0.00824883173417209,-0.008327749288988485,4524.725429405529,214468.7213544754,135831.46125313995,-4145.828500195348,1710.3885675448728,183,179,0.005351556200280323,37.372306767426586,86.48763382610313,0.18793219285554366,0.08192021497931248
2025-12-30,False,293746.7484447864,292787.90952636325,999.0098831093679,6.980397705867465,33.190566980321066,958.8389184231794,0.0034120598925189392,0.0032748583094645975,6980.3977058674645,214144.51257381495,136303.77008084263,317.5855162073824,681.4243669019856,183,179,0.0054485093582307825,36.70728759928994,86.48763382610313,0.18717683773988572,0.08458657816222845
2025-12-31,False,291812.1172152658,293746.7484447864,-1896.795157999038,6.300475558725124,31.535595962828182,-1934.6312295205914,-0.0064572464820170285,-0.006586051555509323,6300.475558725125,217922.5746128315,138805.2523232112,-2383.184252708721,486.3890947096827,183,179,0.005531352510301355,36.15752198536046,86.48763382610315,0.18606367580568395,0.08598510775503647
2026-01-01,False,291083.1732508722,291812.1172152658,-652.3971034991221,83.27844309774044,-6.73158220324715,-728.9439643936154,-0.0022356751656678383,-0.0024979907323583943,83278.44309774044,190618.8705413047,95757.2480501115,1194.9270496619456,-1847.324153161068,178,173,0.0059487458152326506,33.620532161228034,90.00940219664749,0.1888657782541199,0.09030399389741557
2026-01-02,False,287557.6028391672,291083.1732508722,-3451.3563101078703,50.992039674044,23.222061923069603,-3525.570411704984,-0.011856942026440304,-0.012111900431518401,50992.039674044,168785.65341847678,74161.27993921407,-1643.4039861432038,-1807.9523239646667,180,176,0.005802494785215796,34.46793274327121,88.93550808601523,0.18058956358544043,0.07366911234550134
2026-01-03,False,286585.70479358366,287557.6028391672,-944.8058811027942,5.148987397822937,21.943177082904217,-971.8980455835213,-0.003285623025697673,-0.0033798377646342744,5148.987397822937,166964.30420069097,73359.5817082313,62.29337064287509,-1007.0992517456693,179,175,0.005869976940910395,34.07168409915105,88.43708363589185,0.18137016144292845,0.07403394941889284
2026-01-04,False,287100.1095591662,286585.70479358366,623.3814108677827,67.77486252547278,41.20178275979946,514.4047655825104,0.0021752006483253578,0.0017949421655661989,67774.8625254728,218529.67168441086,137093.54219311316,1089.8523972044245,-466.47098633664194,174,169,0.005809069148505239,34.42892396133088,86.65832962899174,0.18828897519498058,0.07197516544002647
2026-01-05,False,289130.01368368237,287100.1095591662,2057.5690280834356,5.224716906460144,22.44018666080595,2029.9041245161693,0.007166730208646638,0.007070370428046954,5224.716906460144,220932.88744359039,139284.00341859326,2413.3828199981945,-355.8137919147586,171,166,0.006014496275911663,33.25299257412617,85.1404915015074,0.18688935363931727,0.07173830359016134
2026-01-06,False,290268.0272519706,289130.01368368237,1150.4013835123094,8.258763089104598,4.129052134969774,1138.013568288235,0.003978837647657313,0.003935992510045183,8258.763089104597,225735.917546865,142031.92835515077,1514.1068039846227,-363.7054204723136,171,166,0.005933141250412244,33.70895644631816,85.1404915015074,0.18887315581412073,0.06780999972692518
2026-01-07,False,291424.24443374656,290268.0272519706,1187.3018434329892,4.385999109226094,26.69866254779595,1156.2171817759672,0.004090363842940021,0.003983274330011893,4385.999109226094,228740.6170255559,142710.690684498,-726.0884574736262,1913.3903009066153,173,168,0.005911153234702881,33.834345356816456,86.15855544912668,0.18825005477742873,0.07337636892889132
2026-01-08,False,292823.8421684872,291424.24443374656,1443.717966386564,3.5499217951077355,40.57030985078584,1399.5977347406704,0.004954007753170255,0.004802612553599191,3549.9217951077353,227600.79848546357,142105.8320461,141.85883998365904,1301.859126402905,174,168,0.005949873885698397,33.61415785311624,86.15855544912668,0.1869689740468373,0.07592431677022908
2026-01-09,False,293255.8032892439,292823.8421684872,520.3481834070927,103.11059077152413,-14.723528121133612,431.9611207567022,0.0017770007372135048,0.0014751569324336546,103110.59077152413,182638.82949703274,93539.83006726558,1222.9115000853956,-702.563316678303,180,176,0.006094833306614453,32.81467924363885,87.83819230702322,0.1872339151363865,0.07881345551649314
2026-01-10,False,292349.09680723964,293255.8032892439,-899.4856827790359,1.9942310375756875,5.226568187663293,-906.7064820042748,-0.003067239156702572,-0.0030918620256935635,1994.2310375756877,183611.85905765073,94528.65256535147,-888.4838283343958,-11.00185444464006,176,171,0.006292598475885678,31.78337228514333,85.35848167722325,0.18825112651563575,0.077769858044616
2026-01-11,False,293204.3731407755,292349.09680723964,873.3171978074924,21.913899470617704,-3.8730351989845246,855.2763335358593,0.0029872409641248663,0.0029255309589678183,21913.899470617704,172417.77107193647,108845.96919966013,1056.2120215501882,-182.89482374269585,174,168,0.006069987997615482,32.948994310790646,84.43847001623048,0.19643045701421719,0.07825421309501349
2026-01-12,False,297065.28374379996,293204.3731407755,3855.617626332255,0.8077457630571989,-6.100722455257797,3860.9106030244557,0.013149932195864852,0.013167984370992742,807.7457630571989,173247.24704869164,109498.01740306205,2759.868261776722,1095.7493645555328,174,168,0.006111237616995378,32.72659525523916,84.43847001623045,0.19678922092910833,0.07690487030218066
2026-01-13,False,299786.2526334417,297065.28374379996,2463.917259255251,3.8528489508692787,-260.9044793373827,2720.9688896417642,0.008294194556171107,0.009159498058307035,3852.8489508692787,175376.1726101492,112492.12029022406,3382.211684711123,-918.2944254558724,175,169,0.00605508063600607,33.0301133911769,84.94506180468149,0.1967922777748025,0.07916960412812639
2026-01-14,False,302673.749083482,299786.2526334417,2525.760642263958,5.459565604236381,-367.195373380576,2887.496450040297,0.008425205025502909,0.009631850775929115,5459.565604236382,177428.2596693112,110996.70363589011,2206.5051395092423,319.2555027547161,178,171,0.005949034758391124,33.61889922023059,85.95585670986692,0.19714411680242247,0.06876957044099252
2026-01-15,False,300584.097703334,302673.749083482,-2897.880402397955,2.8866279954891105,-811.115650245418,-2089.651380148026,-0.00957427068311324,-0.006903972962556685,2886.6279954891106,178541.3547599549,112369.25278253756,-4623.644193244699,1725.763790846744,177,170,0.005905452157947417,33.867008765932475,85.47566317056884,0.19726265986721928,0.06838765656178189
2026-01-16,False,299993.5738513059,300584.097703334,-537.5666444168727,42.39512132195864,10.562086289319838,-590.5238520281512,-0.0017884068003738247,-0.001964587802682022,42395.12132195864,178052.68984757276,70795.62352184668,411.81656998252083,-949.3832143993936,186,183,0.005245179071919416,38.13025203862338,90.90378174652545,0.1879671823807843,0.06167487176757322
2026-01-17,False,301130.1558691611,299993.5738513059,1137.7048192529544,2.1519259894761205,-1.0291245917471876,1136.5820178552256,0.0037924306332537193,0.0037886878817563643,2151.925989476121,178565.26883309006,70462.04079583449,-399.35766658546567,1537.0624858384203,184,181,0.005316685720663845,37.617420044724376,89.9007394156063,0.18990782385772975,0.05954762120628294
2026-01-18,False,303274.66625938215,301130.1558691611,2170.7219815366416,2.9975756244889653,23.214015691117204,2144.5103902210353,0.00720858386059417,0.007121539800725935,2997.5756244889653,178706.84032484394,70989.31794315962,1340.5101096780238,830.211871858617,181,178,0.005441569743904139,36.75410027116677,88.41755140515984,0.18834426231829024,0.06223143286208083
2026-01-19,False,305856.90375672694,303274.66625938215,2626.424835086523,1.8029677459457933,42.384369995762455,2582.237497344815,0.008660218367333779,0.008514517645652279,1802.9677459457935,180491.38178615994,73200.50745665212,-224.51198400087702,2850.9368190873997,182,178,0.005441740792080855,36.75294499345722,88.41755140515984,0.18788020859110915,0.0636512191922178
2026-01-20,False,308340.40898098046,305856.90375672694,2489.9218418803994,5.589597020160226,0.8270206067150774,2483.5052242535244,0.00814080640749845,0.008119827258268656,5589.597020160226,180361.70226401222,74124.74045759608,-471.50239468160225,2961.424236562002,180,176,0.004866339513265928,41.09865319811498,88.73397980991456,0.18806943377870716,0.0646494244671205
2026-01-21,False,308961.94013052195,308340.40898098046,578.0259563984594,4.071797301016237,-47.57699044406371,621.5311495415069,0.0018746357582801094,0.0020157304441398897,4071.797301016237,179463.33134707858,73173.43777853664,1426.2955535423866,-848.2695971439274,182,176,0.004877090847516052,41.008053008047185,88.73397980991456,0.1853766737365143,0.06958019361744482
2026-01-22,False,315645.35612472834,308961.94013052195,6722.322360058498,3.8762198126229492,35.03014603951729,6683.415994206357,0.02175776847212518,0.021631842392570835,3876.219812622949,179571.85062534997,71024.57023161961,3840.376284249903,2881.9460758085947,181,175,0.004888223587115533,40.91465875807391,88.23520848339733,0.1861738425731849,0.06884504307085718
2026-01-23,False,315569.18005473824,315645.35612472834,-2.4511786526208255,48.90536859097221,24.819522746514203,-76.17606999010724,-7.765609742258441e-06,-0.0002413343599454256,48905.36859097221,174262.98318968227,35481.340212826835,326.17683710161344,-328.62801575423424,188,185,0.004335675436887228,46.12891414759329,92.04997470975427,0.1895531042792754,0.0529093137820333
2026-01-24,False,317231.0817555172,315569.18005473824,1671.8662378790975,2.693515798691533,7.271021301446815,1661.9017007789591,0.005297938910222785,0.0052663625151565426,2693.515798691533,173827.08840899012,35198.366010091915,1105.2350902573785,566.6311476217195,185,182,0.004372839244300383,45.73687456283299,90.57400296209788,0.189592562162069,0.053430845877767454
2026-01-25,False,321581.9570371008,317231.0817555172,4345.343603503019,3.9507268317437148,-9.482404912285498,4350.8752815835605,0.013697723373940629,0.013715160751293221,3950.7268317437147,172594.81016562355,33385.85143430212,-931.7324118227086,5277.076015325728,183,180,0.004372068780920721,45.744934497092174,89.59710777152925,0.18842272726396184,0.05271096359481685
2026-01-26,False,322048.9361178642,321581.9570371008,457.4747176803699,7.321098950244018,-16.825462033271993,466.9790807633979,0.0014225758245124157,0.0014521308504554025,7321.098950244018,172663.89880739828,31279.8341031785,462.7946539811366,-5.319936300766614,182,179,0.004336889205911097,46.116004007527756,89.10710983412696,0.18652726240987316,0.054518146765743125
2026-01-27,False,326716.05829811876,322048.9361178642,4690.394386862988,4.108570049136353,19.16363655931666,4667.122180254534,0.01456422878896388,0.014491965837596961,4108.570049136353,173280.73993184278,28669.913775978068,3155.403993474966,1534.9903933880205,184,180,0.0042774267448595455,46.757083622847,89.61285003531336,0.18730874829506394,0.05277739765891248
2026-01-28,False,335247.16471411794,326716.05829811876,8585.653508982472,37.26948054014031,17.27761244317672,8531.106415999155,0.0262786394819575,0.026111683828576225,37269.48054014031,193174.24992677,43542.51436968795,7025.864638431157,1559.7888705513124,183,178,0.00460720098109176,43.41030504655918,88.98807973520385,0.18470314586333852,0.06873062091878529
2026-01-29,False,339794.91292271996,335247.16471411794,4558.41326571943,25.41946976427661,-14.75441264686792,4547.748208602021,0.01359717171540173,0.013565359195446481,25419.469764276608,183389.21513927844,27102.563135039243,-2116.6441138618306,6675.057379581262,183,177,0.004033700323168867,49.58226540807583,90.50820506851416,0.18566517175915564,0.06339895716439538
2026-01-30,False,329423.7437312946,339794.91292271996,-10301.301657398277,68.55988234810278,1.3076516790181614,-10371.169191425399,-0.030316232720473707,-0.03052184949509273,68559.88234810278,202493.80975915314,51739.92826890008,-11663.913955751235,1362.6122983529567,194,190,0.004025417236120247,49.684290663186694,92.07560839283767,0.18903944450523869,0.04599315221882802
2026-01-31,False,337824.65780707257,329423.7437312946,8407.715632639753,25.426037267136806,-18.624480405351406,8400.914075777968,0.025522494333310063,0.025501847500799615,25426.037267136806,167477.4005597836,18372.058080347182,-1906.8636268905095,10314.579259530263,192,188,0.004056578921478656,49.302627625718266,91.11571427691635,0.1893241060073554,0.047162563598020055
2026-02-01,False,335086.96882315323,337824.65780707257,-2676.046687509732,17.1182787096206,44.524017699981286,-2737.6889839193336,-0.007921407232026232,-0.008103875548015189,17118.2787096206,168728.71106933674,23356.81172264001,-2152.16580623572,-523.8808812740115,190,185,0.004027117082456087,49.66331892144108,90.46362040155725,0.18670697697973146,0.053256685825872306
2026-02-02,False,335148.74460613367,335086.96882315323,105.84921928101909,3.642301055596696,40.43113524496901,61.775782980453386,0.00031588581213040987,0.00018435746157904577,3642.301055596696,165833.17535775938,22179.770052947377,1277.3218707587966,-1171.4726514777776,191,185,0.004026575530059371,49.6699983663416,90.46362040155725,0.18630685891753632,0.055603035064488375
2026-02-03,False,335227.2828858904,335148.74460613367,147.12273939034705,37.12238915243745,31.46207048116984,78.53827975673977,0.00043897744436800887,0.00023433857658944194,37122.38915243745,177890.98574353522,42656.896141418976,2522.196912720413,-2375.0741733300656,191,184,0.004244919870590707,47.11514141541823,91.6565319904513,0.18415703829506647,0.06889883821251187
2026-02-04,False,339551.0517747963,335227.2828858904,4400.3747418469975,11.720391552317666,64.88546138882243,4323.768888905857,0.01312654120501541,0.012898022057404097,11720.391552317666,176753.412415424,42311.045433201216,2555.987016083879,1844.3877257631186,188,181,0.0043496051111356565,45.981185622568205,90.15342531565035,0.18395584944465512,0.07145053549801644
2026-02-05,False,342826.0502274464,339551.0517747963,3358.9973440818458,4.576423638085802,79.42246779360023,3274.9984526501594,0.009892466321410973,0.009645084106004384,4576.423638085802,179317.033981137,43253.608532558785,-8230.712519664632,11589.709863746479,187,180,0.004384371378165205,45.616573677136145,89.66390485226468,0.1830760739976609,0.07220107001332972
2026-02-06,False,335826.78552315524,342826.0502274464,-6871.9771357103,109.39794852481005,17.889620056083537,-6999.264704291194,-0.020045084471122066,-0.020416373550515086,109397.94852481005,89169.04245433047,-45231.84833085061,1451.08587803862,-8323.063013748919,201,199,0.00410454772773734,48.72644034529265,97.49601534588773,0.18237061620404374,0.060224321253888095
2026-02-07,False,336966.66645813343,335826.78552315524,1140.2983658530097,11.223975425415667,-10.806544550572356,1139.8809349781666,0.0033954955798913967,0.0033942525853095534,11223.975425415667,88610.97906159952,-46208.25259860995,-691.6895320138567,1831.9878978668667,200,198,0.0041099846806715926,48.661981865907826,97.00233093172504,0.18546685665168544,0.05161860235427854
2026-02-08,False,336666.98445942736,336966.66645813343,-301.43418438110297,2.5556970018691785,-4.307882676883285,-299.68199870608885,-0.0008945519375832825,-0.0008893520592290483,2555.697001869178,87956.84502636455,-46424.060439981935,-508.95250369405164,207.51831931294856,202,198,0.0040900588322499935,48.89905211705169,97.00233093172504,0.18333645118986927,0.052927246222005966
2026-02-09,False,337823.4553575179,336666.98445942736,1153.0474015599393,3.512531293255096,-6.936027823807198,1156.4708980904916,0.003424890039073303,0.0034350588310504827,3512.531293255096,88051.58466636753,-46124.227166797704,1268.5443592356696,-115.49695767573024,202,197,0.004098323748375827,48.80043946729693,96.53184960856217,0.18318637044887248,0.054360432638955736
2026-02-10,False,338730.6955922856,337823.4553575179,921.5213766199486,4.417348870292082,9.863792981934877,907.2402347677215,0.0027278194039093715,0.0026855454243329287,4417.348870292082,88525.52956034384,-46488.60914609677,1951.2135391273005,-1029.6921625073521,202,197,0.0040912435780666,48.88489188769202,96.53184960856217,0.1830059984834897,0.05530102346999838
2026-02-11,False,335628.5620614597,338730.6955922856,-3079.014303798299,11.750460174966921,11.368766852656657,-3102.1335308259227,-0.00908985912367495,-0.009158111653866223,11750.46017496692,83495.23290257464,-45855.80823926899,-3297.861951961142,218.84764816284252,199,192,0.0037156446812146656,53.8264600517773,96.30134761261954,0.18489240061324042,0.049373624576962066
2026-02-12,False,330113.97450029076,335628.5620614597,-5583.341530246398,4.3190459060929385,-73.07301498353765,-5514.5875611689535,-0.01663547791032155,-0.016430626545303174,4319.045906092939,81751.60256951985,-46780.815204171624,-2144.4589211746224,-3438.8826090717757,200,192,0.003709056718377072,53.92206568561498,96.30134761261954,0.18427152786998321,0.05001890071882386
2026-02-13,False,328750.90477644367,330113.97450029076,-1355.8172644529016,38.635788683086915,-31.383329288888127,-1363.0697238471005,-0.004107118659563766,-0.004129088221455768,38635.78868308691,68512.89026789943,-58014.78420838874,493.3698840022784,-1849.18714845518,210,203,0.0030697810776442566,65.15122575238479,98.3598986681614,0.18680037321499957,0.03492599601242978
2026-02-14,False,326945.39636774804,328750.90477644367,-1816.767265417217,3.0692760903879965,-14.328132811946828,-1805.5084086956583,-0.005526273050571983,-0.005492025671909361,3069.276090387996,68772.27790046835,-58260.5435721102,134.37513144183131,-1951.1423968590482,204,197,0.003161305051585971,63.26501135967994,95.44529371459473,0.18776058920721772,0.03381558766523001
2026-02-15,False,331959.6802624301,326945.39636774804,5017.068541786062,2.9489710744362747,-0.16432397046115987,5014.283894682087,0.015345279662977319,0.015336762500371843,2948.9710744362746,69045.22289986772,-58545.222241831085,76.70672149687609,4940.361820289186,200,193,0.003229499627515198,61.929098333379144,93.49724988585002,0.1887793528547645,0.03139575191171805
2026-02-16,False,329098.52082770044,331959.6802624301,-2850.6513897932973,4.850484670341747,5.657560266006955,-2861.159434729646,-0.008587342256564774,-0.008618996838615346,4850.484670341747,68157.77704400868,-57714.61310256265,-14.023096203350875,-2836.6282935899467,198,190,0.003268966224045416,61.18142137072794,92.07076364252212,0.18612136106140584,0.034114580036192624
2026-02-17,False,327159.7885165763,329098.52082770044,-1917.4781623698866,3.083532194449117,18.1706165598084,-1938.7323111241442,-0.0058264563375955815,-0.0058910392737351975,3083.532194449117,67930.65430555747,-57627.10360111718,-246.52604285298793,-1670.9521195168986,198,190,0.0032723758179051036,61.1176744754321,92.07076364252215,0.1874148864889916,0.03335020287011406
2026-02-18,False,329775.8294319147,327159.7885165763,2612.934262351771,3.8315382846023254,-6.938191271292412,2616.040915338461,0.0079867219446481,0.007996217772362063,3831.5382846023253,66768.67604032718,-56844.72861778989,-321.97615252542494,2934.9104148771958,195,187,0.00333494393034105,59.97102325481883,90.58177058671869,0.18610161785395837,0.0352133893410869
2026-02-19,False,329309.43216347316,329775.8294319147,-446.5844126581675,2.758131734641017,17.054724048776258,-466.3972684415848,-0.0013542060175467437,-0.0014142857869390239,2758.131734641017,65846.42561263367,-56483.15458446646,66.55236386746591,-513.1367765256335,193,185,0.0033575370062566717,59.567474499106304,89.63665946139726,0.18398048577238071,0.036948030105391945
2026-02-20,False,330060.91898452275,329309.43216347316,814.0581453033938,30.978298885823293,31.593025367969464,751.486821049601,0.002472015878668442,0.0022820081894178905,30978.298885823293,62923.015316754354,-48186.089969647495,156.45265463283997,657.6054906705539,197,191,0.004067859398441263,49.16590776874853,92.40528112188075,0.1764793187335049,0.05417155489525941
2026-02-21,False,330093.39006584464,330060.91898452275,51.128083316226764,2.38760824867237,16.269393745646624,32.47108132190777,0.00015490498988347137,9.837905505992488e-05,2387.60824867237,62328.4371966085,-49345.36978871844,-89.68698821784253,140.81507153406943,195,189,0.0040205601984155065,49.74431176999154,91.42619269721455,0.17713412775717507,0.0507799294157242
2026-02-22,False,330946.49465031223,330093.39006584464,885.5706916758195,2.51877948534468,29.947327722877727,853.1045844675971,0.002682788320902676,0.0025844340121364624,2518.77948534468,60919.24929970947,-49916.77265212746,-177.10031654976598,1062.6710082255854,193,186,0.004016126836782779,49.79922401061793,89.98487919530214,0.17805628058717593,0.0501059612823002
2026-02-23,False,329657.71422790486,330946.49465031223,-1264.3529718457014,31.865150246819876,-7.437699685134042,-1288.7804224073873,-0.0038204150588802997,-0.0038942259345250067,31865.150246819878,67687.98769209116,-32381.526533281416,-689.4210209900142,-574.9319508556871,188,181,0.004185870093716895,47.77979142262572,88.55483252249896,0.17672012156214476,0.05446364538497789
2026-02-24,False,332211.74175710796,329657.71422790486,2654.2141870152473,4.651701164325572,95.53495664783402,2554.027529203088,0.008051424469867823,0.007747513311450652,4651.701164325572,67762.92192690464,-33846.05777692372,514.1867869040026,2140.027400111245,185,178,0.004236256107816765,47.21149876442995,87.0879611955339,0.17738887792002242,0.05539867248498003
2026-02-25,False,330546.308095493,332211.74175710796,-1672.2221328406004,4.48188222503594,-11.270353450689798,-1665.4336616149465,-0.005033603339833854,-0.005013169169777887,4481.88222503594,67547.69647105547,-34782.54212356754,210.2695081052597,-1882.4916409458601,182,175,0.00421283397326954,47.47398099925166,85.59913964633694,0.1764157434645478,0.054737720566054415
2026-02-26,False,330374.12822726724,330546.308095493,-180.44786984156428,4.337563265439806,-12.605564881231347,-172.17986822577274,-0.0005459079875411402,-0.0005208948459228621,4337.563265439807,68335.0433487292,-37124.85287364543,-263.03767688129295,82.58980703972856,182,175,0.004119531475700961,48.54921031182773,85.60484346031504,0.1805459057397316,0.04808545270404471
2026-02-27,False,331975.2854246528,330374.12822726724,1610.846927803889,17.08303516783299,-7.39330474950096,1601.1571973855569,0.004875826495396072,0.004846496927520023,17083.03516783299,74175.49449423078,-37818.620658092004,-784.7152579958067,2395.5621857996957,190,184,0.00401833340679786,49.77187797848177,87.72592398922244,0.18138080820179767,0.047573399624036276
2026-02-28,False,331005.24743484106,331975.2854246528,-974.8325428915572,3.611268790126672,-8.405821869950788,-970.037989811733,-0.002936461193623437,-0.002922018693562955,3611.268790126672,72130.11301548989,-38326.85224204238,315.0516872911813,-1289.884230182738,185,179,0.004052073135547212,49.35745069492459,85.32771253909377,0.1804155507917907,0.047944777238766535
2026-03-01,False,332478.2224464754,331005.24743484106,1464.790346934876,3.7797011468069277,-11.964365846253289,1472.9750116343223,0.0044252783250006405,0.004450005016685664,3779.7011468069277,71672.13960023085,-38767.16748428176,-146.41399955331636,1611.2043464881922,183,177,0.00406695449016966,49.17684731496876,84.42338227828982,0.181195553456695,0.047224843251545634
2026-03-02,False,331313.57676052424,332478.2224464754,-1159.9474201163227,5.823400763865448,-1.125134929008877,-1164.6456859511793,-0.0034887921728559497,-0.0035029232212003656,5823.4007638654475,72380.90069204508,-41609.18232171178,19.69745342400074,-1179.6448735403237,181,175,0.004085055424248935,48.958944060537775,83.47040574140667,0.17955024600148395,0.04828336870294237
2026-03-03,False,331065.8789910214,331313.57676052424,-239.35299931253553,8.71538757432033,-0.3706173840240252,-247.69776950283182,-0.0007224364351526154,-0.0007476233600951086,8715.38757432033,80328.30321452151,-40600.01849042389,-630.4411974114973,391.08819809896204,178,172,0.0043024626748354,46.48500524357284,82.07352605844878,0.17995261938332294,0.050523454842623786
2026-03-04,False,330872.4159176832,331065.8789910214,-199.18504275575253,4.6563524009229065,-10.37832181846234,-193.46307333821312,-0.0006016477547091299,-0.0005843642779733876,4656.352400922906,80886.23626687971,-43327.70872477244,655.3581566530428,-854.5431994087952,176,170,0.0043354882869996204,46.13090539299098,81.13809480098773,0.17993227543137652,0.05115224705178865
2026-03-05,False,332740.05754866614,330872.4159176832,1862.3367185139534,2.449182843894712,-7.754095312836529,1867.6416309828953,0.0056285644523999204,0.005644597558255023,2449.182843894712,81089.4847518055,-44386.82728516966,1486.3710736655528,375.9656448484003,172,165,0.004499865028002968,44.44577754118987,78.7839496875912,0.1801431596516698,0.05078288511581202
2026-03-06,False,330545.8050430986,332740.05754866614,-2170.086745545869,38.02316147441178,-13.85740145269046,-2194.25250556759,-0.006521868035766853,-0.00659449457853947,38023.161474411776,89449.5575165959,-21875.19107551006,-3349.635570516685,1179.5488249708162,178,173,0.005104452587329281,39.18147863621214,81.67234750022267,0.1763225388202733,0.06521277353892165
2026-03-07,False,332210.7293618588,330545.8050430986,1671.094193068505,6.547350514758273,-0.37747620647776436,1664.9243187602244,0.005055560129860422,0.005036894413296643,6547.350514758273,87112.18544043976,-23838.62400050783,-580.749006154626,2251.8431992231313,175,169,0.005246783768600351,38.11859013457165,79.82229961561771,0.176633426955401,0.06658390179914475
2026-03-08,False,334265.3349829698,332210.7293618588,2034.3962534954376,6.203198114286048,-26.412565729826674,2054.605621110978,0.006123812609554468,0.006184645586425385,6203.198114286048,84616.12419720262,-25384.207057603722,141.15563707304534,1893.2406164223923,172,166,0.0053232700160112025,37.57089146303773,78.4113864470262,0.17515594562975956,0.06719134353045791
2026-03-09,False,331391.8308008373,334265.3349829698,-2964.174953265651,7.59931626505513,-98.27008739822695,-2873.504182132479,-0.008867730641039013,-0.008596476754847699,7599.316265055129,80632.98649672896,-28395.33596453289,-2809.5292797016327,-154.64567356401886,168,162,0.005373249323852886,37.2214256115311,76.50036563028502,0.17488742798205836,0.06667046341443632
2026-03-10,False,328042.4847020592,331391.8308008373,-3893.690526047697,32.86338713430983,-577.2078144038634,-3349.3460987781436,-0.011749506669003438,-0.010106906047394578,32863.387134309836,77629.04697038527,-24352.841779268005,-4007.7182316208546,114.02770557315722,168,161,0.005815500709959348,34.39084783490605,77.4359647431187,0.17178300245192768,0.07525979559333397
2026-03-11,False,329487.28667362215,328042.4847020592,1403.29676399118,6.5814966005013815,-48.086704172273215,1444.8019715629516,0.004277789705396568,0.00440431358418461,6581.496600501381,77212.84416738515,-29321.055885536298,827.7916032783468,575.505160712833,168,160,0.005734395309438885,34.87726067137324,76.9488753473302,0.17330755801860256,0.07155609370441784
2026-03-12,False,328655.6625170271,329487.28667362215,-845.4108197774447,7.5215316466109154,-21.308194829036708,-831.6241565950189,-0.0025658374510057415,-0.002523994673636057,7521.531646610916,76701.50538511659,-32288.261416613073,-37.25832710243306,-808.1524926750117,167,159,0.00543207896326844,36.81831603560887,76.46635013819599,0.17632243355619093,0.06381928951517088
2026-03-13,False,327788.35941657535,328655.6625170271,-831.9839186267982,68.9861689886407,-33.66698716367279,-867.303100451766,-0.002531475989961665,-0.0026389416017039793,68986.1689886407,128498.38090400302,13316.190281641186,53.51891015006481,-885.502828776863,172,169,0.005638066181373947,35.47315578889884,78.63196390434611,0.18263945812515145,0.05931498772078081
2026-03-14,False,328367.14139585284,327788.35941657535,598.6644240658973,17.083242726946168,2.7992020614460538,578.781979277505,0.0018263748753355653,0.0017657185273682956,17083.24272694617,127973.500422446,5988.040243429048,668.7116836210017,-70.04725955510446,169,165,0.005231549750509433,38.2295896126238,77.69363641940174,0.1856998061921818,0.05096579247811754
2026-03-15,False,327422.24996537535,328367.14139585284,-948.0739295074768,3.525879914391965,-6.708378944369907,-944.891430477499,-0.002887237515536171,-0.0028775456230512855,3525.879914391965,128667.73689111134,5634.647100748703,-172.3424207283168,-775.7315087791599,169,164,0.005239020988332374,38.17507134356065,77.21355395124864,0.18502365426861414,0.05247494810320016
2026-03-16,False,326370.0230673631,327422.24996537535,-1072.6506168238416,3.1152054483914178,-23.538924259957156,-1052.2268980122758,-0.003276046807867436,-0.0032136694990140347,3115.2054483914176,129285.09735294365,3919.4132514696194,-890.1504656656631,-182.50015115817814,168,163,0.005248020544129301,38.10960691145351,76.7384228159629,0.18651009181320935,0.050588499565338785
2026-03-17,False,327666.548743497,326370.0230673631,1285.3616848145525,3.3153007229157256,-14.479292042260761,1296.5256761338976,0.0039383570609033925,0.00397256360724739,3315.3007229157256,130289.51005256668,2192.553427155837,-643.7610944299208,1929.1227792444733,168,163,0.0052377227013763366,38.18453389054851,76.7384228159629,0.1874420689413398,0.046095673335924056
2026-03-18,False,328842.4483085434,327666.548743497,1182.360893983127,29.25006732770445,-22.788738391005566,1175.899565046428,0.0036084272212623674,0.0035887080007271123,29250.067327704448,121849.69928643682,23388.44921669936,-1138.3130496026313,2320.673943585758,166,160,0.005301937983134681,37.7220557155128,76.66731427443551,0.18579032677023902,0.0576651942907551
2026-03-19,False,326989.6229938689,328842.4483085434,-1860.4187887394874,4.457647871720883,-12.05112193668781,-1852.8253146745203,-0.005657477610657825,-0.00563438608429307,4457.647871720883,119890.12288810058,22446.15574031221,-2107.7132967469543,247.2945080074671,166,160,0.00529879773018983,37.7444111256602,76.66383949107227,0.1855491935994192,0.05953770906598307
2026-03-20,False,321131.0948504597,326989.6229938689,-6073.190786968082,132.6352876623359,-347.29793122124903,-5858.5281434091685,-0.018573038285933482,-0.017916556769506466,132635.2876623359,91155.44545287642,21541.933377793488,-6377.679082627534,304.48829565945255,171,166,0.0057595200292900285,34.725115805292866,80.45694952934109,0.2011589974289621,0.060878725333244656
2026-03-21,False,319825.8581477771,321131.0948504597,-1548.5542270268982,13.042552304133729,-256.3600766484278,-1305.2367026826041,-0.004822187112549812,-0.004064498030906694,13042.55230413373,89452.58438438075,16232.454229095745,-2186.32118838473,637.7669613578315,169,163,0.005957361380410224,33.57190998311202,79.02398713078335,0.20073621403301384,0.06266480177953844
2026-03-22,False,321957.2340065271,319825.8581477771,2097.49849750912,14.220229888604914,-48.09759112953144,2131.3758587500465,0.006558251761306807,0.0066641761585307276,14220.229888604914,85900.06298477823,7697.457509908996,385.1782867058048,1712.3202108033151,168,162,0.006209573936991463,32.208328949683136,78.54270115684561,0.19790583880063095,0.06931914097151835
2026-03-23,False,318195.3610391039,321957.2340065271,-3578.7197996449063,17.368512137957932,165.78465564035125,-3761.8729674232154,-0.011115512936641623,-0.011684387148595488,17368.512137957932,92505.57564363407,-3935.673844944867,-2702.7098099563245,-876.0099896885814,168,161,0.0061395213794830225,32.575829228049855,78.05201640415112,0.19418235007651144,0.06982799460956103
2026-03-24,False,313886.63918974285,318195.3610391039,-4004.5236542449984,12.247338592539142,291.9508565235004,-4308.721849361038,-0.012585110107098235,-0.013541120886522063,12247.338592539143,95436.62929435461,-13810.901679490704,-3401.6434314547337,-602.8802227902647,167,160,0.006019441316299048,33.22567485764055,77.55505272214775,0.19183969814260202,0.06412110009784544
2026-03-25,False,314851.5460242344,313886.63918974285,1166.5268645994363,7.85307502111887,193.7669550868037,964.9068344915137,0.003716395408261633,0.003074061505078056,7853.07502111887,95028.2403086225,-20066.914964531326,1052.2768244007393,114.25004019869681,167,160,0.005951235526690785,33.60646694337958,77.57122274303397,0.1913498072651094,0.06170640971204208
2026-03-26,False,315223.7008657119,314851.5460242344,462.0384291010072,6.719681607019134,83.1639060164569,372.15484147753114,0.0014674802615244065,0.0011820009975396027,6719.681607019134,95865.87334551528,-22864.233749182487,-3010.8453512367946,3472.8837803378015,166,159,0.005960763740404183,33.55274738442134,77.074254598319,0.19071242048801879,0.06149041671489658
2026-03-27,False,312988.0611635306,315223.7008657119,-2219.0632022711266,40.395496442917235,-23.818996532753914,-2235.63970218129,-0.007039645801304982,-0.007092232265662322,40395.49644291723,101825.50670542239,-14464.22199685337,-4545.653408246476,2326.590205975349,172,169,0.006351804266873255,31.487116352603255,79.4344516409232,0.19251964487115505,0.07188794209246939
2026-03-28,False,314225.5849807765,312988.0611635306,1171.9400493161565,10.762469565158566,-76.34623749483978,1237.5238172458376,0.003744360232014853,0.003953901029468513,10762.469565158568,102620.30334830571,-19781.829554010597,1136.768917662857,35.17113165329954,167,164,0.006619633637264195,30.213152412866357,77.10894570448829,0.19024167226623748,0.07614664755819259
2026-03-29,False,313980.7598734224,314225.5849807765,50.95817623759132,15.850947844202683,279.93233574745966,-244.825107354071,0.00016217067824285795,-0.0007791380430369754,15850.947844202683,101010.91320061882,-24639.700312689572,325.3932866875438,-274.4351104499524,164,161,0.006869859273849657,29.112677862457318,75.68631184263519,0.18838157834722205,0.07955669070174029
2026-03-30,False,316291.7370605243,313980.7598734224,2379.2664153662,9.278291907218776,59.010936357059435,2310.9771871019216,0.007577745898587457,0.00736025095306338,9278.291907218776,98024.45806201176,-28930.519415713134,2256.364225296003,122.90219007019692,161,158,0.00703072580135118,28.446565212593498,74.28963622037276,0.18686975375691764,0.08084434708020759
2026-03-31,False,310403.4830001156,316291.7370605243,-5867.949162036117,10.923231579361893,9.38166679322163,-5888.2540604087,-0.018552331517004663,-0.018616528256891984,10923.231579361895,97139.48512296396,-36553.754053309174,-4246.526142723362,-1621.4230193127548,158,155,0.006957042297931201,28.74784878905703,72.89299653152159,0.18413925744318066,0.07924613451825102
2026-04-01,False,308360.2555511509,310403.4830001156,-2037.24739051786,10.098492287479644,-4.118433840608406,-2043.2274489647311,-0.006563223359568749,-0.006582488795604044,10098.492287479643,95038.7408729919,-40455.28030431924,-2566.051225029947,528.803834512087,155,152,0.007013267159610464,28.51737933951864,71.47024047745327,0.18379078936364934,0.07764619462060605
2026-04-02,False,303752.2857130658,308360.2555511509,-4617.507114630793,8.378883193208765,-17.916159738958022,-4607.969838085043,-0.014974391256673606,-0.01494346224953323,8378.883193208765,96715.7505237946,-45753.97254723848,-2939.8103749815173,-1677.6967396492753,153,150,0.00689209416945071,29.018756140405394,70.50330583035749,0.18195971201090125,0.07711227389733108
2026-04-03,False,302572.8155190585,303752.2857130658,-1273.9204634569764,43.410188679740145,-137.86045812939562,-1179.470194007321,-0.004193945275066548,-0.0038830002257875564,43410.188679740146,102420.59598480546,-51177.13232386303,-2575.4420138891073,1301.5215504321309,161,160,0.006279138492402061,31.851503234401626,71.99584149965818,0.18459492881032075,0.07025995719220525
2026-04-04,False,308864.07387448556,302572.8155190585,6124.497546174418,21.716752576129544,-188.47756182876918,6291.258355427058,0.02024140052260791,0.020792543258172456,21716.752576129544,103123.58401156939,-43893.403455376676,7408.717473508105,-1284.2199273336892,160,159,0.006520122347554978,30.674271024223845,71.5572676739084,0.18376439849892356,0.07367061153932179
2026-04-05,False,306391.63778036076,308864.07387448556,-2596.381115131344,14.110391750084117,-138.0554127566105,-2472.4360941248174,-0.008406225698448977,-0.00800493260064151,14110.391750084116,102861.81638444657,-48407.71648468159,-391.20041454869164,-2205.180700582652,158,157,0.006434319537813016,31.083317952216394,70.64019156020811,0.1854569142931773,0.07141627895931908
2026-04-06,False,303828.1291958095,306391.63778036076,-2632.35253932029,9.364215290818812,-78.20817005983517,-2563.5085845512735,-0.008591463391071112,-0.008366770722342444,9364.21529081881,98911.66178196356,-51110.07169095845,-125.42614686226078,-2506.926392458029,156,155,0.006364658993036302,31.42352170302037,69.7285329799877,0.18581990112896882,0.06935864421405899
2026-04-07,False,298070.7358149564,303828.1291958095,-5776.431498975687,8.480631914215802,-27.518750036871744,-5757.393380853031,-0.019012168209260584,-0.018949507394499795,8480.631914215803,97368.27287341679,-52144.629250403465,-302.6608208069758,-5473.77067816871,156,155,0.006225950739389517,32.12360784268122,69.7285329799877,0.1844724480570501,0.07641231624422462
2026-04-08,False,301758.4077374654,298070.7358149564,3626.3532979614465,6.762288806618654,-68.08091335415543,3687.6719225089837,0.012166082953586904,0.012371801318993979,6762.288806618653,96534.52496643564,-53632.53237213564,-543.806090738084,4170.159388699531,156,153,0.0062739868337558825,31.877656950751245,68.84903860964533,0.18626749388709316,0.0766913437520457
2026-04-09,False,301238.81154087884,301758.4077374654,-599.1693991916662,20.881560160268187,-100.45476276539652,-519.596196586538,-0.001985593056657938,-0.0017218946788670588,20881.560160268185,91895.20372151473,-48563.29320970681,245.89888885814284,-845.068288049809,156,151,0.006153953139050037,32.499434994214674,69.56182604514642,0.1805538946093519,0.0814782804288843
2026-04-10,False,300273.61737596954,301238.81154087884,-1003.8087969744101,36.65848153713905,-75.27311360225124,-965.194164909298,-0.003332269145000895,-0.0032040830329006886,36658.48153713906,103290.7326978076,-37861.98957618304,589.7778859000339,-1593.586682874444,161,157,0.006803084684615168,29.39842869401433,67.92298820838204,0.18637591775603365,0.09131287617174287
2026-04-11,False,299179.04705143144,300273.61737596954,-1088.1917530605754,8.582199296994178,-2.2036278194539705,-1094.5703245381155,-0.0036240005451363432,-0.0036452430756432896,8582.199296994178,104190.57605297884,-36293.27781994814,-354.75697522147937,-733.4347778390957,162,157,0.006868849290949251,29.11695853678582,67.92298820838205,0.1883719614885252,0.09054602292362375
2026-04-12,False,301738.5338156164,299179.04705143144,2468.212475619839,8.965459529909218,-100.23974809504303,2559.486764184973,0.008249950990704013,0.008555033480486269,8965.459529909218,103677.19805300694,-33976.358799620226,1525.874235143228,942.3382404766107,161,155,0.0071222722473674544,28.080926009803168,67.0664538257658,0.18852891778315395,0.09288765015893959
2026-04-13,False,302367.33466001844,301738.5338156164,588.9351581698708,7.503252652915256,-47.36893888512387,628.8008444020793,0.0019518062566372509,0.0020839262272889583,7503.2526529152565,103815.17059385273,-31411.93750841735,1548.1060073260032,-959.1708491561321,159,153,0.007253726727737465,27.572034004978665,66.22699182128109,0.18853476478216932,0.09411350288363145
2026-04-14,False,304686.34140059614,302367.33466001844,2336.509564914602,5.99090648885311,11.511917848066126,2319.0067405776826,0.00772738750877892,0.007669501545810733,5990.906488853109,105267.7013081928,-30258.541205004884,650.6509844828707,1685.8585804317315,159,153,0.007285282107499274,27.452608841890335,66.22699182128109,0.18935663250066387,0.09041703299663746
2026-04-15,False,309890.3017872752,304686.34140059614,5177.881724760312,5.7080520481650305,-31.786713966890904,5203.960386679038,0.016994137974673848,0.0170797298059284,5708.05204816503,105758.49275543889,-28348.25550925204,7306.178353082423,-2128.29662832211,159,153,0.007272689822772372,27.500141608371166,66.22699182128109,0.19001284756992193,0.09091903842521434
2026-04-16,False,306633.5541982259,309890.3017872752,-3242.4177072292723,12.154657624816224,2.1752241951619773,-3256.7475890492506,-0.010463114490930524,-0.010509356279516135,12154.657624816224,108603.90121215108,-29168.022420354588,4383.093346669983,-7625.511053899254,160,153,0.007277071280540093,27.483584025736835,66.2269918212811,0.19175964380608349,0.08810894672106337
2026-04-17,False,306934.58743983886,306633.5541982259,461.888108336247,155.32786758951167,5.526999133781089,301.0332416129542,0.0015063195205233654,0.000981736139086555,155327.86758951168,160737.96824675723,-431.8276695772074,-764.1619888450616,1226.0500971813087,164,166,0.0067423943410923354,29.663052898148642,66.44698072831093,0.19365650961303785,0.07241402604820936
2026-04-18,False,310320.79770271335,306934.58743983886,3493.1111984494923,8.135940719107127,98.76499485588364,3386.2102628745015,0.01138063724777894,0.011032351521928822,8135.940719107127,161738.9425779984,845.9285757109828,1.4241199806377836,3491.6870784688545,163,164,0.006906688566166558,28.95743713995297,65.68248470942397,0.19329735677086127,0.07156815394240727
2026-04-19,False,312716.73187699454,310320.79770271335,2524.4545355551354,10.139335403862349,118.38102587005213,2395.9341742812207,0.00813498339216554,0.0077208301603314405,10139.33540386235,160837.08773606853,1059.7363643133867,85.87443793544315,2438.5800976196924,161,162,0.007050247163573414,28.36779978911124,64.90569175274263,0.1924469914337723,0.07173270126702032
2026-04-20,False,312571.6135720542,312716.73187699454,-77.21133365941569,10.138397122018176,57.76857415893442,-145.1183049403683,-0.00024690502870113886,-0.00046405673297151813,10138.397122018176,157796.45879491128,7.360214539090521,2022.3320336328552,-2099.543367292271,161,160,0.006748519883448946,29.636128136854005,64.81770075522057,0.19219113533748408,0.06939234302198435
2026-04-21,False,319044.08133286587,312571.6135720542,6505.281598120089,6.120384644683783,26.69345266375499,6472.46776081165,0.020812131734478465,0.02070715151271922,6120.384644683783,161127.83142913878,1100.261059470511,8035.576398547575,-1530.2948004274867,160,159,0.006864009949614327,29.137486901696224,64.41827179036349,0.19376567789754692,0.06747323898218321
2026-04-22,False,319083.0679679245,319044.08133286587,113.94411830837146,12.19180856807591,62.765674681662105,38.98663505863344,0.00035714224138667217,0.0001221982708337968,12191.808568075909,164510.36437490478,947.4495050025653,543.5620866245473,-429.61796831617573,161,159,0.0069308378427160545,28.856540080531456,64.4182717903635,0.193820460272186,0.07002928070658049
2026-04-23,False,316820.1057856747,319083.0679679245,-2152.68294456518,5.549551114184201,104.72968657044822,-2262.962182249813,-0.006746465609330221,-0.00709207855077191,5549.551114184202,167546.06883415277,2869.8839908865048,315.63835790306416,-2468.3213024682445,160,158,0.0070239026506199445,28.474198739407015,64.03192789888487,0.19345442128304705,0.06909499718457428
2026-04-24,False,315679.96898153843,316820.1057856747,-1014.9748228616564,50.578003765132614,74.58397750950428,-1140.1368041362934,-0.003203631348915323,-0.0035986882881340345,50578.00376513261,166081.03975275482,37406.59013393523,-2117.0083478183774,1102.033524956721,171,172,0.006448010697946539,31.017318265878945,69.77580677755935,0.19833809302318203,0.06621494241568955
2026-04-25,False,318226.0055547406,315679.96898153843,2587.3594306568707,5.745055627350229,35.57780182732027,2546.0365732022,0.00819614699977427,0.008065245892592878,5745.05562735023,165687.61909820588,38714.36680188325,789.3547175621187,1798.0047130947523,168,169,0.006446108691949074,31.026470318409586,68.57040332053268,0.19855462845124758,0.06468719412092226
2026-04-26,False,317009.8713431215,318226.0055547406,-1188.5490459108878,6.558076057699051,21.027089650530428,-1216.1342116191172,-0.0037349211728908683,-0.0038216053697406583,6558.076057699051,167068.6055296822,39845.73974584708,32.54148975360408,-1221.0905356644923,167,168,0.006397648579303586,31.2614857663487,68.16623857759306,0.1989742565577791,0.062367165688566074
2026-04-27,False,318306.23559913255,317009.8713431215,1328.116409249989,4.856719917721297,26.895433321250465,1296.3642560110172,0.004189511208666678,0.004089349806422505,4856.719917721297,167087.18501866836,39693.16908496264,-709.7775765648875,2037.893985814876,163,164,0.0064911457279079885,30.811201655837326,66.5886172610945,0.1990423296951047,0.06471921613782426
2026-04-28,False,317892.9270945393,318306.23559913255,-321.7163266204666,4.369951550529869,87.22222642229974,-413.3085045932962,-0.0010107132397670921,-0.001298461853300943,4369.95155052987,167166.96542071088,41170.44761587634,537.6059222238712,-859.3222488443374,164,165,0.0064160434468701006,31.17185874069553,66.98447131678721,0.19874697296516014,0.06502254289429221
2026-04-29,False,320756.6292973591,317892.9270945393,2904.589493198812,7.018159688220522,33.869130690784004,2863.702202819807,0.009137005719963709,0.009008386027941292,7018.159688220523,166341.82977501702,40689.14857087034,1763.587534720949,1141.0019584778634,163,164,0.006418042037562213,31.16215176365013,66.57525000322562,0.19912716021256774,0.06633055937410295
2026-04-30,False,326903.366072139,320756.6292973591,6177.5087318239985,4.420321304212707,26.351635739853236,6146.736774779933,0.0192591771068186,0.019163241577406554,4420.321304212707,167039.78342728593,41471.0242301699,5659.865273968308,517.6434578556908,163,164,0.006387482258623289,31.311241566267228,66.57525000322563,0.1987516308100066,0.06647856338722877
2026-05-01,False,335394.46940381546,326903.366072139,8561.363898707898,63.71900913246544,6.541557899004925,8491.103331676428,0.026189280341697763,0.025974352707652033,63719.00913246544,176707.99239621524,27622.427600453506,8471.545860813128,89.81803789476916,172,179,0.005899454799217064,33.9014378119386,71.61413356147514,0.19683588953186515,0.06758834109127575
2026-05-02,False,335003.7069518673,335394.46940381546,-363.957120836203,19.03845985736587,7.7668712545483025,-390.76245194811713,-0.0010851613668023787,-0.0011650831709977857,19038.45985736587,178132.36143470273,23403.665492127693,470.6797094684159,-834.6368303046185,171,177,0.0057864458412559905,34.563530963004496,71.5374328328982,0.196497485177565,0.06658524768845756
2026-05-03,False,335379.73803145404,335003.7069518673,397.5616341014737,4.184399075082471,17.34615543966821,376.031079586723,0.001186738014688878,0.0011224684138816125,4184.399075082471,178266.9052912471,21930.978523099286,-873.7922178057645,1271.3538519072383,171,177,0.005772004981867925,34.650004743287035,71.53743283289822,0.19734641632656122,0.06566875655177655
2026-05-04,False,334741.21362269035,335379.73803145404,-601.2564197395425,5.338598586548507,31.92939043761847,-638.5244087637095,-0.001792763102710614,-0.0019038848694664574,5338.598586548507,178162.39428059978,22793.480168547496,1681.3836657391978,-2282.6400854787403,170,175,0.005833288074864639,34.285980296737016,70.72625936719298,0.19659470824492836,0.06664838794880965
2026-05-05,False,333437.2115192129,334741.21362269035,-1211.3977999133858,44.42628638791017,48.17801717610888,-1304.0021034774047,-0.0036189084301965725,-0.0038955528940252766,44426.286387910164,177764.34121862432,52106.91747895527,-397.5535351238904,-813.8442647894956,173,175,0.0061259904406235684,32.647781928246346,71.18320567661537,0.19688723442125072,0.07588365683053253
2026-05-06,False,334207.3715409305,333437.2115192129,825.3546240790274,5.238244005394118,49.95635835607411,770.1600217175592,0.002475292485558319,0.0023097602640345435,5238.244005394118,180726.95569437547,51047.66291996742,1448.211177228398,-622.8565531493706,172,174,0.006152590038728969,32.50663521233359,70.78747836852608,0.19827928758840135,0.07499907449742522
2026-05-07,False,329845.2504413166,334207.3715409305,-4337.474433775063,8.965676129306258,15.680989709520624,-4362.12109961389,-0.012978392468652808,-0.013052139094064415,8965.67612930626,180116.84209239692,49652.64223487552,-3980.2042355373605,-357.2701982377032,168,170,0.006306423500076665,31.713696360158604,69.18926003519206,0.1988116109887054,0.07306409562412917
2026-05-08,False,325732.0303442356,329845.2504413166,-3925.6006747011647,135.77633755795802,51.843084821830324,-4113.220097080953,-0.011901340611844209,-0.01247015105288819,135776.33755795803,176230.8275126467,45187.23025107314,-1192.5723736464379,-2733.0283010547273,178,183,0.007301977669289453,27.389839993780996,71.44973044105527,0.19762928907758848,0.07899014978201109
2026-05-09,False,327146.32124138117,325732.0303442356,1449.861969064945,5.232687380722066,30.338384538640184,1414.2908971455827,0.0044510881153834395,0.004341884633362434,5232.687380722065,176768.25421498538,42285.29169927562,1677.8679615433389,-228.00599247839352,176,181,0.007417305537259551,26.963969462405803,70.69199190313873,0.19972713061179131,0.07654009592097408
2026-05-10,False,327677.75011586235,327146.32124138117,593.6117813994199,21.943158839404667,40.239748078856216,531.428874481159,0.0018145146158052936,0.0016244378737459509,21943.158839404667,165227.3631670334,26348.867570773808,746.5542581655718,-152.9424767661519,173,178,0.007018752075827107,28.49509397672114,70.53122339659483,0.20105165499918856,0.07160779280932784
2026-05-11,False,327721.6045938445,327677.75011586235,87.8076136518439,13.632498506492706,30.32063716320208,43.854477982149106,0.0002679694108641686,0.0001338341647140911,13632.498506492704,164401.59390283245,31834.261864856097,1976.6417163513518,-1888.8341026995088,173,178,0.007090178566804168,28.208034271011055,70.88346420473431,0.19928023538307713,0.07013925180313837
2026-05-12,False,335916.95017138426,327721.6045938445,8304.481013349643,6.936322769233668,102.19911304065631,8195.345577539752,0.025340047457785526,0.025007034820595662,6936.3227692336695,165692.52203019997,32782.73556746803,6168.7794761219775,2135.7015372276664,174,178,0.007105543698630115,28.14703680431354,70.88346420473432,0.20081660937683007,0.07043444768349841
2026-05-13,False,339949.8144507213,335916.95017138426,4185.137517327756,10.252131666470323,142.0211063242551,4032.86427933703,0.012458845899834783,0.012005539694497313,10252.131666470323,167092.92175067426,34540.794079315994,1591.9031728249656,2593.234344502791,173,177,0.007179296377283542,27.85788320883819,70.49002556801254,0.19932626306017387,0.07046368632112787
2026-05-14,False,339480.795570476,339949.8144507213,-332.88370706996943,9.126599812147926,127.00857336323497,-469.0188802453523,-0.0009792142631636113,-0.001379670940556847,9126.599812147926,168192.37686344475,33830.2968221049,600.6641261645,-933.5478332344693,173,178,0.007177020337498504,27.866717745669437,70.87756471668884,0.1986338861837008,0.06909323908145894
2026-05-15,False,340374.62397253513,339480.795570476,1095.3309213920097,147.1541361314469,54.34838320143575,893.828402059127,0.0032264886134468237,0.002632927734710604,147154.1361314469,143846.71448412695,32467.479211210833,-1828.3409561154426,2923.671877507452,186,197,0.006389258728907662,31.302535784803467,80.05845602979298,0.19576187767656386,0.07532390223495439
2026-05-16,False,337282.7359342163,340374.62397253513,-2956.000949527474,10.091475497222849,125.79561329412894,-3091.8880383188257,-0.008684551495137293,-0.00908377951985137,10091.47549722285,144950.64103711135,31452.791602181576,-2882.827762508085,-73.17318701938859,185,195,0.006574609786671664,30.420056321129316,79.25172152439455,0.19691905563312906,0.07657807055546267
2026-05-17,False,339162.34368396085,337282.7359342163,1986.8767830265817,8.596407979766438,98.67262530226088,1879.6077497445544,0.005890834517584389,0.00557279560881869,8596.407979766438,143980.16489594092,29690.159500269536,494.49698357435545,1492.379799452226,181,190,0.00691001235689049,28.94350829931079,77.25512899054345,0.19747545489818016,0.07778087841062062
2026-05-18,False,341150.71013241226,339162.34368396085,2043.8436333173943,19.38685611876558,36.09032874723554,1988.3664484513931,0.006026151403240373,0.005862580222951278,19386.85611876558,144529.17898291422,19391.420893113926,1264.2490822340428,779.5945510833509,176,185,0.007096794970479448,28.1817356753211,75.92209489467214,0.1982975899725677,0.07895495940095763
2026-05-19,False,345118.0314644477,341150.71013241226,3989.3898506678433,27.610379623353126,-5.5418609909049765,3967.321332035395,0.011693922164545472,0.011629233691161135,27610.379623353125,127815.92282427185,41391.394728254265,1847.0382726428284,2142.3515780250154,175,183,0.006898424796130886,28.99212587084719,76.04217154345434,0.20038003763037035,0.07802689370901182
2026-05-20,False,338412.17228088976,345118.0314644477,-6678.5091680623245,12.787296312885085,14.562719182686056,-6705.859183557895,-0.019351377091840857,-0.019430625386632976,12787.296312885084,128552.07144595264,38960.62041478938,-6416.878327796804,-261.6308402655203,174,182,0.007047135495847345,28.380325611428034,75.65520724842168,0.20086784604079114,0.08034191210357848
2026-05-21,False,335376.76634410745,338412.17228088976,-3044.3150093400263,8.069224815021636,-16.978297372713044,-3035.405936782335,-0.008995879163628831,-0.00896955306401591,8069.224815021636,127013.30730450034,35864.78946613603,-895.6999851167476,-2148.615024223279,173,181,0.007215684022549706,27.717399954734823,75.22170323274595,0.19992499000346953,0.08143820452912541
2026-05-22,False,335017.66309908195,335376.76634410745,-281.93433858757294,94.22168394856202,-17.05277751065471,-359.10324502548025,-0.0008406495824409588,-0.001070745743481314,94221.68394856201,113362.77744461327,53299.450439444154,-941.7983144178925,659.8639758303199,179,191,0.005207523739125308,38.4059699041513,77.17052260904832,0.19807394108884493,0.05507826196116271
2026-05-23,False,332886.63581593276,335017.66309908195,-2140.153896347529,5.563025905727368,-14.68963910404231,-2131.0272831492143,-0.006388182272391338,-0.006360940087266264,5563.025905727368,112525.53784435058,53549.289624093086,-1389.6022596799507,-750.5516366675784,179,189,0.005321524363142387,37.58321607718789,76.36922641172065,0.1982051850250023,0.05668158199357515
2026-05-24,False,333622.5835388488,332886.63581593276,725.1465267404758,11.585891019537337,-22.387087195088238,735.9477229160267,0.0021783587826020153,0.0022108058532063256,11585.891019537337,112947.92301516293,45553.327029512744,-97.31981362477546,822.466340365251,179,188,0.005290072957842748,37.806661948488234,77.80975603114426,0.19898253704107746,0.05623198402102751
2026-05-25,False,341959.329213038,333622.5835388488,8381.997067140639,39.939640055897875,5.311752895499881,8336.745674189242,0.025124189670345246,0.024988553190130387,39939.64005589788,115363.33992509053,42810.93146506106,8314.874083418134,67.12298372250655,176,183,0.005797308533248303,34.498767635528544,78.76835404333157,0.199554331010106,0.06870097972362402
2026-05-26,False,339930.4793288351,341959.329213038,-2007.3516123960537,23.125776813450248,-1.627505006595818,-2028.8498842029082,-0.005870147239484989,-0.005933015159644761,23125.776813450248,119506.78041644162,43038.07456617637,-3346.624455313027,1339.2728429169729,175,181,0.005825272607240379,34.333157173007656,78.38870226241688,0.20199547403979495,0.07018309374914719
2026-05-27,False,333299.8184897373,339930.4793288351,-7292.373518523275,4.716936893425269,-666.429616318889,-6630.660839097812,-0.021452543864032052,-0.019505932072315223,4716.936893425269,118232.50188292887,41033.866829261315,-10601.150248756305,3308.7767302330294,176,181,0.005840637276180172,34.242838673728045,78.40662466517784,0.20131980258791124,0.07160115769837684
2026-05-28,False,342730.65065282676,333299.8184897373,9512.7229507709,10.41265447940447,71.47813320199796,9430.832163089497,0.028541038497636652,0.02829534143109617,10412.65447940447,112908.47657184736,35964.57816571628,8357.196090751955,1155.5268600189456,175,177,0.006003939362713085,33.31146234455359,76.66628211868027,0.2013039158811479,0.07237741666011446
2026-05-29,False,344040.5305886496,342730.65065282676,1397.9319289577472,91.76865202652945,-3.7166588916410204,1309.8799358228587,0.004078806276284287,0.0038218931785873964,91768.65202652945,106580.08463544113,15868.038478246832,1297.3520296599495,100.5798992977978,180,185,0.006346771714141816,31.512083466679904,76.5711710357166,0.19907329492989356,0.07138593853642325
2026-05-30,False,345452.9158343107,344040.5305886496,1421.4910255207865,5.921961389723443,3.183818469961646,1412.3852456611014,0.0041317545438283995,0.004105287371939944,5921.961389723443,107274.93359929774,12155.523240599645,1731.663520732151,-310.1724952113645,179,184,0.0063638640547685746,31.427446953417537,76.15944230649656,0.2001393034820418,0.0728080673660715
2026-05-31,False,348887.43012800725,345452.9158343107,3448.05703443823,15.95338986919322,-2.4106491275219777,3434.5142936965585,0.009981264816105992,0.009942061960605514,15953.38986919322,99824.75896562493,2204.865940128655,4794.839309027836,-1346.7822745896058,175,178,0.006362821491781183,31.432596413138224,74.07362026193502,0.1984184717764151,0.07156122809825567
2026-06-01,False,347923.55386299384,348887.43012800725,-1025.4422149756829,7.799367603722462,-69.36531756598006,-963.8762650134253,-0.002939177873503344,-0.002762714221775711,7799.367603722462,99668.40455209187,-515.6163389588255,2371.559032561491,-3397.001247537174,175,177,0.00632249893879189,31.633061853580354,73.67079625873909,0.1991987588160409,0.07161839779453122
2026-06-02,False,348312.1438859154,347923.55386299384,317.2235716029377,9.126262837357729,-80.49271415597461,388.5900229215546,0.0009117622767438583,0.0011168833458012287,9126.262837357728,100179.27445659193,-2139.6140807676275,-2566.1995628551417,2883.4231344580794,173,175,0.006331565597439571,31.587764024884816,72.8570299177531,0.19907212238420433,0.07227167689931313
2026-06-03,False,347430.47734809,348312.1438859154,-903.1128898104434,10.478262535015203,-31.924614520007697,-881.666537825451,-0.002592826307274101,-0.002531254087179424,10478.262535015203,100790.14363372998,-5659.259027491758,-1380.4121935418354,477.299303731392,173,175,0.006223113107265845,32.13825565318561,72.85814369391525,0.198003992177843,0.07234355682116828
2026-06-04,False,350023.9304801331,347430.47734809,2561.8175813215757,9.006765195217525,-40.6423159167407,2593.453132043099,0.00737361212774346,0.007464667900866747,9006.765195217526,101479.64814597818,-9905.75311086143,-2931.023767491014,5492.841348812589,171,173,0.00623270542009767,32.08879395376044,72.05212420027232,0.19648066539306078,0.07234669664670361
2026-06-05,False,351695.16395988653,350023.9304801331,1026.4921612886862,57.32479444705694,-702.0661129118224,1671.2334797534518,0.0029326342341240252,0.004774626344721618,57324.794447056935,97437.3852755538,-32174.416608929834,-1710.2713418297117,2736.763503118398,191,194,0.0053129512173885445,37.64386154072487,79.05982852993985,0.19230516931439406,0.07349032042386233
2026-06-06,False,351013.77418921905,351695.16395988653,-1683.4510047907916,9.259492958483609,-1011.320727081787,-681.3897706674882,-0.004786676580468424,-0.0019374442428932738,9259.49295848361,97474.4527245252,-33148.653369083826,319.76054666100003,-2003.2115514517914,191,194,0.005211590984177578,38.37599700498393,79.05982852993986,0.19216401799045707,0.07117890064326132
2026-06-07,False,341184.0526830756,351013.77418921905,-11420.083448292398,4.326824387068823,-1594.6887665360143,-9829.721506143453,-0.03253457353538564,-0.02800380563084285,4326.824387068824,99485.07786326716,-33353.43065634053,-3634.953131157465,-7785.130317134932,188,190,0.005266217034035095,37.97792584457072,77.48129146054083,0.19169583943544238,0.07269551120595477
2026-06-08,False,335300.65991092013,341184.0526830756,-6727.514668505527,11.759299917390061,-855.8811962674471,-5883.39277215547,-0.01971813927292401,-0.017244043869836228,11759.29991739006,95556.53008662374,-35454.22995477385,-2011.7867540830287,-4715.7279144224985,184,185,0.005431527072743783,36.82205709764939,75.47517501826964,0.19195463195869777,0.07188919501221536
2026-06-09,False,337758.0831165553,335300.65991092013,1868.6314301752882,8.497848511830819,-597.2896239717143,2457.4232056351716,0.005573002542469587,0.0073290139252575265,8497.84851183082,92777.70829015961,-35246.60140780534,47.28519579385522,1821.3462343814329,186,186,0.005425487194610443,36.86304894400553,75.85237306120362,0.1908027150806462,0.07194980930497906
2026-06-10,False,335897.759015183,337758.0831165553,-2659.5061339910785,17.133264798021063,-816.3152974167982,-1860.3241013723014,-0.007873997002385055,-0.005507859602372066,17133.264798021064,97498.41470989463,-37255.827948574115,-1591.567796945511,-1067.9383370455687,187,184,0.005557434133385549,35.987830930559575,76.75529730003488,0.18843316604085544,0.07855273344968511
2026-06-11,False,326416.5889009728,335897.759015183,-10404.145348333292,7.481026368037011,-930.4562604910774,-9481.170114210252,-0.03097414337873868,-0.02822635715703507,7481.02636803701,95918.24703107178,-39489.7022630789,-172.89891362135756,-10231.246434711933,182,179,0.005755729685926384,34.74798347271759,74.71173639746725,0.18874271056589023,0.0800274055092883
2026-06-12,False,328705.7254150392,326416.5889009728,1165.2202471256242,101.88677241483849,-1225.8030393556478,2289.1365140664334,0.003569733545249212,0.007012929464687545,101886.77241483849,135421.85509465027,-12299.621986037044,2959.9308095752904,-1794.710562449666,190,190,0.006597095627356871,30.316371218061317,76.93358530307249,0.19361177925221595,0.08087009415970053
2026-06-13,False,329429.4781057351,328705.7254150392,370.8807416294542,32.73679404944345,-385.60874311584143,723.7526906958522,0.0011283063024264722,0.00220182562923724,32736.79404944345,130793.44439311381,9331.92653920439,-3610.3772148561366,3981.2579564855905,186,185,0.006725747227144719,29.736472877364736,76.49451166528968,0.19362419472109058,0.0960215517877799
2026-06-14,False,331893.98207160964,329429.4781057351,1748.5014084546995,26.358678111882288,-742.3612355317583,2464.5039658745754,0.005307665296101684,0.007481127615068976,26358.678111882284,126274.1440968216,19784.036973444894,1446.7562050851666,301.74520336953265,182,180,0.006511875559828682,30.71311762064165,75.89988317000673,0.19541775141924006,0.09350452796413078
2026-06-15,False,333970.8034630358,331893.98207160964,1379.2194817375125,5.764039631354177,-703.3659493200081,2076.8213914261664,0.004155602560578912,0.0062574843281673915,5764.039631354177,128112.12180760349,18445.940327880366,1755.5519545984469,-376.33247286093444,181,179,0.006546037131680244,30.552836162825706,75.46461472468725,0.1962491236716599,0.0918764371360108
2026-06-16,False,329326.3947943216,333970.8034630358,-5397.110939104107,5.734528080339964,-758.4367984702659,-4644.408668714182,-0.01616042744796841,-0.013906630820883207,5734.528080339964,129281.20299239174,17645.239327296877,-3087.8278918432843,-2309.2830472608225,181,179,0.006523882144929062,30.65659304643596,75.46461472468727,0.19663163823659943,0.09150594578120211
2026-06-17,False,328995.2950903695,329326.3947943216,-814.3638205196289,9.193423680139805,-492.4575402476435,-331.09970395212525,-0.002472816735592159,-0.0010053846554234172,9193.423680139804,127376.57611936744,16702.038123746235,3360.8907081031443,-4175.254528622773,179,175,0.006749629039234917,29.631258079135915,73.76971720456001,0.196794852771812,0.09389898766734886
2026-06-18,False,331352.9624901474,328995.2950903695,2154.6677785696356,29.512563225027225,-232.51218443329708,2357.6673997779053,0.00654923584234779,0.007166264791508017,29512.56322502723,123816.62603771631,5690.745218036267,-1513.0448321824795,3667.7126107521153,177,174,0.0072030199077919715,27.76613178364912,74.23465233584864,0.19472770224579505,0.1030251244003794
2026-06-19,False,331476.24193902145,331352.9624901474,4.733342701997117,69.61627772816392,-188.16238390024267,123.27944887407587,1.4284896282277423e-05,0.00037204872999359865,69616.27772816391,140336.03278651315,28691.945462290707,-1445.2360039280093,1449.9693466300064,182,185,0.006008847918190152,33.28425061226037,76.5638777022752,0.20146205848539633,0.05587117621051013
2026-06-20,False,330559.5285660779,331476.24193902145,-1128.191813413483,4.848888341510456,-216.32732881143605,-916.7133729435575,-0.003403537480737536,-0.002765547743576134,4848.888341510456,140133.99507603154,29282.790875293907,-1356.5746952759941,228.38288186251154,180,183,0.006102280318858413,32.774633341887366,75.72148125865198,0.2012384174412813,0.05826142294236095
2026-06-21,False,329170.0500418,330559.5285660779,-1493.5826205993062,5.1789088347991115,-109.28300515624088,-1389.4785242778644,-0.004518346898297755,-0.004203413921556679,5178.908834799111,139495.98458706075,27100.591044467496,-356.36153969665554,-1137.2210809026515,179,181,0.006262836457727235,31.934412043162215,74.94769456629113,0.20056774250867282,0.05965494212730237
2026-06-22,False,327141.51175312995,329170.0500418,-2091.658451247754,6.397197232598764,-69.51735981028317,-2028.5382886700697,-0.006354340107741097,-0.006162584622788354,6397.197232598764,138711.179945905,24950.83050936155,-1249.6841588567606,-841.9742923909929,174,175,0.006692309690162714,29.885048549679013,72.46570790241087,0.2012983449727921,0.06890659767856251
2026-06-23,False,328741.0727120759,327141.51175312995,1556.6548662841715,6.808611688030227,-49.714704349805125,1599.5609589459464,0.004758353221338863,0.004889507755753784,6808.611688030227,137613.07714282285,22995.667612765832,-1116.766783265329,2673.4216495495007,172,173,0.006919127120022517,28.905380191851304,71.64832148813568,0.2003907532375723,0.07287752619224512
2026-06-24,False,329461.61639612063,328741.0727120759,706.1367216818398,9.64731671843074,-24.054279081324967,720.543684044734,0.0021480027301009072,0.002191827379829152,9647.316718430742,138108.78617508622,24366.454423903026,-3231.842271911034,3937.9789935928743,171,171,0.007110240108383696,28.128445305831466,70.8157162135661,0.20006379612329475,0.07794184971810722
2026-06-25,False,329815.77310948336,329461.61639612063,366.54610402209084,12.586418240889095,-0.1970275815034057,354.15671336270515,0.0011125608744096689,0.0010749559151585445,12586.418240889096,138556.84846404352,22088.194875080506,-404.56165478506364,771.107758807154,170,168,0.007188739381736811,27.82128957242566,69.56168325052752,0.19853240463305252,0.08197790750532281
2026-06-26,False,336532.96908444905,329815.77310948336,6404.9635594087,77.86437041204036,-390.09678596905957,6717.19597496572,0.01941982185698121,0.020366509192802997,77864.37041204036,122502.65422763448,-2487.77720585103,6268.115717107914,136.84784230078594,173,171,0.006948882167575905,28.781607627945913,68.38379906456274,0.19698366924785796,0.07499349872079743
2026-06-27,False,335913.87230002997,336532.96908444905,-1315.7065263669765,8.626973226517894,-705.236715174389,-619.0967844191055,-0.003909591770299377,-0.0018396318972948838,8626.973226517894,125431.03736883348,-2725.856704386677,-1355.1338708608,39.427344493823426,172,169,0.007018283160910691,28.496997829031457,67.58063521396483,0.19787729418106637,0.07623791405435741
2026-06-28,False,335725.34473827557,335913.87230002997,-448.9911886374657,9.681295906969284,-270.14492279006305,-188.52756175437196,-0.001336625920100251,-0.0005612377972469794,9681.295906969284,123939.50328062991,-5682.817339751012,-551.6934277763776,102.7022391389126,171,168,0.007067264929408999,28.299490962584454,67.18138338231122,0.19560420704034598,0.07773015195617762
2026-06-29,False,336179.2092792183,335725.34473827557,-146.8302748476009,9.272694547752875,-609.9675103380863,453.86454094273256,-0.0004373523689790733,0.001351892396734467,9272.694547752875,124632.89287472889,-4644.163047163076,356.043129930011,-502.873404777612,171,168,0.006921285108559646,28.896367778963093,67.18138338231124,0.1966083008488403,0.0763938340951897
2026-06-30,False,333560.32857878,336179.2092792183,-3473.432690429055,7.984256925001715,-862.5362469157736,-2618.8807004382834,-0.010332086561439163,-0.007790132846267527,7984.256925001715,124033.95755746478,-4863.582590153384,-3714.5118539102587,241.0791634812038,168,165,0.006822112807209214,29.316431089889274,66.25425078167697,0.1962543147090523,0.07264610193520678
2026-07-01,False,331310.83464837197,333560.32857878,-2244.8702089392054,4.623721468824774,0.0,-2249.4939304080303,-0.006730027574034524,-0.006743889298804149,4623.721468824774,121817.91735551937,-6234.537566245445,-3612.107967319647,1367.2377583804418,167,164,0.00689774178408566,28.994996661289388,65.86421093892096,0.19539666538640785,0.07456618571417228
2026-07-02,False,337089.2557771462,331310.83464837197,5794.9198296885825,16.498700914355243,0.0,5778.421128774227,0.01749088536702661,0.0174410871135772,16498.700914355242,115903.66794107555,-12956.296206642131,5996.347697478457,-201.42786778987374,164,160,0.007102792614183089,28.157938836709587,64.04179182176607,0.19288852046502564,0.07416834195839399
2026-07-03,False,334339.4080453254,337089.2557771462,-2672.9342143521517,76.91351746861864,0.0,-2749.84773182077,-0.007929455384716446,-0.008157624975263905,76913.51746861864,112059.98044046687,-27153.24154697552,1148.1489889354511,-3821.0832032876024,170,167,0.007482804181629334,26.72794785823879,66.19409457165133,0.18852411179432715,0.07846706654717311
2026-07-04,False,333623.41122817935,334339.4080453254,-707.3228459445638,8.673971201500455,0.0,-715.9968171460642,-0.0021155832334568054,-0.002141526843431507,8673.971201500455,110374.37567629055,-28396.85543131703,-817.6389644080602,110.31611846349696,167,164,0.007575736225154874,26.400074402789983,65.03485400476428,0.19174955693495116,0.07446915855923371
2026-07-05,False,333903.0386942047,333623.41122817935,285.3458594708721,5.718393445510026,0.0,279.6274660253621,0.0008552932733959483,0.0008381530090947751,5718.393445510026,109646.26084275698,-28610.06583564351,101.5487561073652,183.79710336350706,164,161,0.007691149736123762,26.00391448116538,63.86746504549197,0.19108447485517074,0.07345109916324014
2026-07-06,False,336912.3510282667,333903.0386942047,3026.3288688293396,17.016534767353125,0.0,3009.3123340619863,0.009063496039641957,0.009012533536174185,17016.534767353125,105148.41785117914,-40409.42002155518,1983.42585051594,1042.9030183133996,163,159,0.006752189149616941,29.62002330923242,63.74827895514917,0.1942659820246586,0.059692671811000186
2026-07-07,False,337626.10281912755,336912.3510282667,721.1883579251521,7.436567064320669,0.0,713.7517908608314,0.0021405815361890514,0.0021185088308055175,7436.567064320669,105704.65909981988,-41621.7826258575,-4594.608911851199,5315.797269776351,161,157,0.006768492029542753,29.548679251899934,62.97460801046705,0.19259294083650513,0.05866272975236374
2026-07-08,False,334372.4402764257,337626.10281912755,-3244.052914031942,9.609628669940117,0.0,-3253.662542701882,-0.009608418564040471,-0.009636880903266322,9609.628669940117,103519.47669242836,-44253.52443398913,-3299.9066965281845,55.85378249624385,162,157,0.006656601858896265,30.045360116094148,62.97460801046705,0.1909098036323222,0.0591394828486103
2026-07-09,False,335146.40307150985,334372.4402764257,777.971257135853,4.008462051703053,0.0,773.9627950841499,0.0023266608231608567,0.002314672807496679,4008.4620517030535,101714.70508821093,-47646.84668818027,2449.8350078700987,-1671.863750734245,161,156,0.006612942411457434,30.24372322575871,62.564489467222614,0.192774106121667,0.05801754771976942
2026-07-10,False,333329.44766178954,335146.40307150985,-1741.5180328313895,75.43737688894197,0.0,-1816.9554097203315,-0.005196290387934743,-0.005421378218797859,75437.37688894197,132353.09605665482,-41985.63459969612,-1191.2049238105883,-550.3131090208017,167,164,0.007919595727066419,25.253814322424272,62.19577521192184,0.19036740849332426,0.08261327010021981
2026-07-11,False,335254.08907975646,333329.44766178954,1933.3169924084657,8.675574441516344,0.0,1924.6414179669493,0.005800018588126941,0.005773991561404961,8675.574441516344,130124.21075981575,-43052.2785779118,-1078.6221507627392,3011.9391431712047,163,160,0.007818828822720794,25.579278499974123,60.923312828058314,0.19223912177926533,0.07863210727559795
2026-07-12,False,336515.23825350107,335254.08907975646,1267.5672569044173,6.418083159805927,0.0,1261.1491737446113,0.0037809151273405193,0.003761771190342098,6418.083159805927,125458.8002127293,-44618.72549628982,-366.2754420540782,1633.8426989584957,161,157,0.007816777346993252,25.585991658945055,59.80356185645318,0.19001386077427365,0.07598774439345024
2026-07-13,False,339543.92823932134,336515.23825350107,3063.9224664972176,35.23248067693272,0.0,3028.6899858202846,0.009104855050246274,0.009000157025693841,35232.48067693272,113713.52052102413,-35672.61484211899,1393.872227027152,1670.0502394700654,157,153,0.007528186741902748,26.56682237792763,58.79228802267007,0.19285409042428414,0.07188684910800802
2026-07-14,False,338349.79856032773,339543.92823932134,-1187.0772671849093,7.052411808712067,0.0,-1194.1296789936214,-0.003496093343033422,-0.0035168635916586347,7052.411808712068,114599.5463699798,-38103.11112516867,268.93471967241646,-1456.0119868573256,153,149,0.007485949085910637,26.716719243578822,57.278962161537606,0.19223182065023547,0.07125315610147855
2026-07-15,False,339801.7920638559,338349.79856032773,1455.653680567411,3.6601770392118866,0.0,1451.993503528199,0.004302215301327771,0.00429139757052141,3660.1770392118865,115383.09999317375,-40712.309561911214,2195.8834480482874,-740.2297674808765,153,148,0.0073900870726921935,27.063280585561547,56.895108293653514,0.19456507690186964,0.06718647590807557
2026-07-16,False,341187.66567644075,339801.7920638559,1392.863544529624,6.989931944811724,0.0,1385.8736125848122,0.0040990470829179015,0.00407847646761197,6989.931944811724,115960.41382214463,-41090.20372732382,340.630754034664,1052.2327904949607,153,149,0.007293914061554692,27.420120159377113,57.26664234728397,0.1948894555418783,0.06605033589845351
2026-07-17,False,342565.4441360204,341187.66567644075,1427.9066515318257,50.12819195217663,0.0,1377.778459579649,0.004185106307113562,0.0040381836689437674,50128.19195217663,117669.82922531075,-35365.62786688212,-474.54761858841783,1902.4542701202433,158,154,0.007236527788159831,27.63756401616165,59.6090344592667,0.19539014185187223,0.06947576105383131
2026-07-18,False,342306.080852237,342565.4441360204,-239.43565639361708,19.9276273897713,0.0,-259.3632837833884,-0.000698948654898612,-0.0007571203932653656,19927.6273897713,107044.5123100084,-46774.45881515733,-644.997531408093,405.5618750144761,155,151,0.007229115559869372,27.665901636743783,58.961961327565476,0.19202596908250835,0.06922484073307801
2026-07-19,False,343635.3480281809,342306.080852237,1333.1767500562876,3.9095741124036882,0.0,1329.2671759438838,0.0038946919865901503,0.0038832707050789656,3909.574112403688,107152.79115391562,-49444.99848885863,-415.0147990569852,1748.1915491132731,156,151,0.007166820366567568,27.906378250106297,58.98112885067683,0.19225771301122288,0.0685862557586134
2026-07-20,False,343172.20654126006,343635.3480281809,-453.38623997977993,9.755246941016232,0.0,-463.1414869207962,-0.001319381846429252,-0.0013477702150793138,9755.246941016232,103602.12893803407,-47754.289741268556,162.05423049926367,-615.4404704790436,155,150,0.006966857278819881,28.707348521122295,59.49075558949054,0.1911188514610295,0.06772537725939132
2026-07-21,False,341735.1293482989,343172.20654126006,-1430.51488285506,6.562310106101818,0.0,-1437.077192961162,-0.0041685044872160045,-0.004187626986011118,6562.310106101819,104485.90058579837,-48260.552320565344,-97.71392888982172,-1332.800953965238,152,147,0.007060440044217349,28.326846308085894,58.2692225444684,0.1935448212957866,0.06743790051937561
2026-07-22,False,342082.30602165987,341735.1293482989,454.4565323570898,107.279858996133,0.0,347.17667336095684,0.0013298502065730107,0.0010159232795967895,107279.85899613299,104189.17018788139,-49531.24076593897,270.9978790210045,183.45865333608526,152,147,0.007053134505908019,28.356186860249316,58.269222544468406,0.19474079968239824,0.06569587959694535
