date,ruined,equity,start_equity,gross_pnl,cost,funding,net_pnl,gross_return,net_return,traded_notional,gross_exposure,net_exposure,long_pnl,short_pnl,n_positions,n_live,multiplier,ex_ante_vol,ex_ante_vol_full_signal,held_ex_ante_vol,target_tracking_error
2020-01-01,False,100000.0,100000.0,0.0,0.0,0.0,0.0,0.0,0.0,0.0,0.0,0.0,0.0,0.0,0,0,0.0,,,,0.0
2020-01-02,False,100000.0,100000.0,0.0,0.0,0.0,0.0,0.0,0.0,0.0,0.0,0.0,0.0,0.0,0,0,0.0,,,,0.0
2020-01-03,False,100000.0,100000.0,0.0,0.0,0.0,0.0,0.0,0.0,0.0,0.0,0.0,0.0,0.0,0,0,0.0,,,,0.0
2020-01-04,False,100000.0,100000.0,0.0,0.0,0.0,0.0,0.0,0.0,0.0,0.0,0.0,0.0,0.0,0,0,0.0,,,,0.0
2020-01-05,False,100000.0,100000.0,0.0,0.0,0.0,0.0,0.0,0.0,0.0,0.0,0.0,0.0,0.0,0,0,0.0,,,,0.0
2020-01-06,False,100000.0,100000.0,0.0,0.0,0.0,0.0,0.0,0.0,0.0,0.0,0.0,0.0,0.0,0,0,0.0,,,,0.0
2020-01-07,False,100000.0,100000.0,0.0,0.0,0.0,0.0,0.0,0.0,0.0,0.0,0.0,0.0,0.0,0,0,0.0,,,,0.0
2020-01-08,False,100000.0,100000.0,0.0,0.0,0.0,0.0,0.0,0.0,0.0,0.0,0.0,0.0,0.0,0,0,0.0,,,,0.0
2020-01-09,False,100000.0,100000.0,0.0,0.0,0.0,0.0,0.0,0.0,0.0,0.0,0.0,0.0,0.0,0,0,0.0,,,,0.0
2020-01-10,False,100000.0,100000.0,0.0,0.0,0.0,0.0,0.0,0.0,0.0,0.0,0.0,0.0,0.0,0,0,0.0,,,,0.0
2020-01-11,False,100000.0,100000.0,0.0,0.0,0.0,0.0,0.0,0.0,0.0,0.0,0.0,0.0,0.0,0,0,0.0,,,,0.0
2020-01-12,False,100000.0,100000.0,0.0,0.0,0.0,0.0,0.0,0.0,0.0,0.0,0.0,0.0,0.0,0,0,0.0,,,,0.0
2020-01-13,False,100000.0,100000.0,0.0,0.0,0.0,0.0,0.0,0.0,0.0,0.0,0.0,0.0,0.0,0,0,0.0,,,,0.0
2020-01-14,False,100000.0,100000.0,0.0,0.0,0.0,0.0,0.0,0.0,0.0,0.0,0.0,0.0,0.0,0,0,0.0,,,,0.0
2020-01-15,False,100000.0,100000.0,0.0,0.0,0.0,0.0,0.0,0.0,0.0,0.0,0.0,0.0,0.0,0,0,0.0,,,,0.0
2020-01-16,False,100000.0,100000.0,0.0,0.0,0.0,0.0,0.0,0.0,0.0,0.0,0.0,0.0,0.0,0,0,0.0,,,,0.0
2020-01-17,False,100000.0,100000.0,0.0,0.0,0.0,0.0,0.0,0.0,0.0,0.0,0.0,0.0,0.0,0,0,0.0,,,,0.0
2020-01-18,False,100000.0,100000.0,0.0,0.0,0.0,0.0,0.0,0.0,0.0,0.0,0.0,0.0,0.0,0,0,0.0,,,,0.0
2020-01-19,False,100000.0,100000.0,0.0,0.0,0.0,0.0,0.0,0.0,0.0,0.0,0.0,0.0,0.0,0,0,0.0,,,,0.0
2020-01-20,False,100000.0,100000.0,0.0,0.0,0.0,0.0,0.0,0.0,0.0,0.0,0.0,0.0,0.0,0,0,0.0,,,,0.0
2020-01-21,False,100000.0,100000.0,0.0,0.0,0.0,0.0,0.0,0.0,0.0,0.0,0.0,0.0,0.0,0,0,0.0,,,,0.0
2020-01-22,False,100000.0,100000.0,0.0,0.0,0.0,0.0,0.0,0.0,0.0,0.0,0.0,0.0,0.0,0,0,0.0,,,,0.0
2020-01-23,False,100000.0,100000.0,0.0,0.0,0.0,0.0,0.0,0.0,0.0,0.0,0.0,0.0,0.0,0,0,0.0,,,,0.0
2020-01-24,False,100000.0,100000.0,0.0,0.0,0.0,0.0,0.0,0.0,0.0,0.0,0.0,0.0,0.0,0,0,0.0,,,,0.0
2020-01-25,False,100000.0,100000.0,0.0,0.0,0.0,0.0,0.0,0.0,0.0,0.0,0.0,0.0,0.0,0,0,0.0,,,,0.0
2020-01-26,False,100000.0,100000.0,0.0,0.0,0.0,0.0,0.0,0.0,0.0,0.0,0.0,0.0,0.0,0,0,0.0,,,,0.0
2020-01-27,False,100000.0,100000.0,0.0,0.0,0.0,0.0,0.0,0.0,0.0,0.0,0.0,0.0,0.0,0,0,0.0,,,,0.0
2020-01-28,False,100000.0,100000.0,0.0,0.0,0.0,0.0,0.0,0.0,0.0,0.0,0.0,0.0,0.0,0,0,0.0,,,,0.0
2020-01-29,False,100000.0,100000.0,0.0,0.0,0.0,0.0,0.0,0.0,0.0,0.0,0.0,0.0,0.0,0,0,0.0,,,,0.0
2020-01-30,False,100000.0,100000.0,0.0,0.0,0.0,0.0,0.0,0.0,0.0,0.0,0.0,0.0,0.0,0,0,0.0,,,,0.0
2020-01-31,False,100000.0,100000.0,0.0,0.0,0.0,0.0,0.0,0.0,0.0,0.0,0.0,0.0,0.0,0,0,0.0,,,,0.0
2020-02-01,False,100000.0,100000.0,0.0,0.0,0.0,0.0,0.0,0.0,0.0,0.0,0.0,0.0,0.0,0,0,0.0,,,,0.0
2020-02-02,False,100000.0,100000.0,0.0,0.0,0.0,0.0,0.0,0.0,0.0,0.0,0.0,0.0,0.0,0,0,0.0,,,,0.0
2020-02-03,False,100000.0,100000.0,0.0,0.0,0.0,0.0,0.0,0.0,0.0,0.0,0.0,0.0,0.0,0,0,0.0,,,,0.0
2020-02-04,False,100000.0,100000.0,0.0,0.0,0.0,0.0,0.0,0.0,0.0,0.0,0.0,0.0,0.0,0,0,0.0,,,,0.0
2020-02-05,False,100000.0,100000.0,0.0,0.0,0.0,0.0,0.0,0.0,0.0,0.0,0.0,0.0,0.0,0,0,0.0,,,,0.0
2020-02-06,False,100000.0,100000.0,0.0,0.0,0.0,0.0,0.0,0.0,0.0,0.0,0.0,0.0,0.0,0,0,0.0,,,,0.0
2020-02-07,False,100000.0,100000.0,0.0,0.0,0.0,0.0,0.0,0.0,0.0,0.0,0.0,0.0,0.0,0,0,0.0,,,,0.0
2020-02-08,False,100000.0,100000.0,0.0,0.0,0.0,0.0,0.0,0.0,0.0,0.0,0.0,0.0,0.0,0,0,0.0,,,,0.0
2020-02-09,False,100000.0,100000.0,0.0,0.0,0.0,0.0,0.0,0.0,0.0,0.0,0.0,0.0,0.0,0,0,0.0,,,,0.0
2020-02-10,False,100000.0,100000.0,0.0,0.0,0.0,0.0,0.0,0.0,0.0,0.0,0.0,0.0,0.0,0,0,0.0,,,,0.0
2020-02-11,False,100000.0,100000.0,0.0,0.0,0.0,0.0,0.0,0.0,0.0,0.0,0.0,0.0,0.0,0,0,0.0,,,,0.0
2020-02-12,False,100000.0,100000.0,0.0,0.0,0.0,0.0,0.0,0.0,0.0,0.0,0.0,0.0,0.0,0,0,0.0,,,,0.0
2020-02-13,False,100000.0,100000.0,0.0,0.0,0.0,0.0,0.0,0.0,0.0,0.0,0.0,0.0,0.0,0,0,0.0,,,,0.0
2020-02-14,False,100000.0,100000.0,0.0,0.0,0.0,0.0,0.0,0.0,0.0,0.0,0.0,0.0,0.0,0,0,0.0,,,,0.0
2020-02-15,False,100000.0,100000.0,0.0,0.0,0.0,0.0,0.0,0.0,0.0,0.0,0.0,0.0,0.0,0,0,0.0,,,,0.0
2020-02-16,False,100000.0,100000.0,0.0,0.0,0.0,0.0,0.0,0.0,0.0,0.0,0.0,0.0,0.0,0,0,0.0,,,,0.0
2020-02-17,False,100000.0,100000.0,0.0,0.0,0.0,0.0,0.0,0.0,0.0,0.0,0.0,0.0,0.0,0,0,0.0,,,,0.0
2020-02-18,False,100000.0,100000.0,0.0,0.0,0.0,0.0,0.0,0.0,0.0,0.0,0.0,0.0,0.0,0,0,0.0,,,,0.0
2020-02-19,False,100000.0,100000.0,0.0,0.0,0.0,0.0,0.0,0.0,0.0,0.0,0.0,0.0,0.0,0,0,0.0,,,,0.0
2020-02-20,False,100000.0,100000.0,0.0,0.0,0.0,0.0,0.0,0.0,0.0,0.0,0.0,0.0,0.0,0,0,0.0,,,,0.0
2020-02-21,False,100000.0,100000.0,0.0,0.0,0.0,0.0,0.0,0.0,0.0,0.0,0.0,0.0,0.0,0,0,0.0,,,,0.0
2020-02-22,False,100000.0,100000.0,0.0,0.0,0.0,0.0,0.0,0.0,0.0,0.0,0.0,0.0,0.0,0,0,0.0,,,,0.0
2020-02-23,False,100000.0,100000.0,0.0,0.0,0.0,0.0,0.0,0.0,0.0,0.0,0.0,0.0,0.0,0,0,0.0,,,,0.0
2020-02-24,False,100000.0,100000.0,0.0,0.0,0.0,0.0,0.0,0.0,0.0,0.0,0.0,0.0,0.0,0,0,0.0,,,,0.0
2020-02-25,False,100000.0,100000.0,0.0,0.0,0.0,0.0,0.0,0.0,0.0,0.0,0.0,0.0,0.0,0,0,0.0,,,,0.0
2020-02-26,False,100000.0,100000.0,0.0,0.0,0.0,0.0,0.0,0.0,0.0,0.0,0.0,0.0,0.0,0,0,0.0,,,,0.0
2020-02-27,False,100000.0,100000.0,0.0,0.0,0.0,0.0,0.0,0.0,0.0,0.0,0.0,0.0,0.0,0,0,0.0,,,,0.0
2020-02-28,False,100000.0,100000.0,0.0,0.0,0.0,0.0,0.0,0.0,0.0,0.0,0.0,0.0,0.0,0,0,0.0,,,,0.0
2020-02-29,False,100000.0,100000.0,0.0,0.0,0.0,0.0,0.0,0.0,0.0,0.0,0.0,0.0,0.0,0,0,0.0,,,,0.0
2020-03-01,False,100000.0,100000.0,0.0,0.0,0.0,0.0,0.0,0.0,0.0,0.0,0.0,0.0,0.0,0,0,0.0,,,,0.0
2020-03-02,False,100000.0,100000.0,0.0,0.0,0.0,0.0,0.0,0.0,0.0,0.0,0.0,0.0,0.0,0,0,0.0,,,,0.0
2020-03-03,False,100000.0,100000.0,0.0,0.0,0.0,0.0,0.0,0.0,0.0,0.0,0.0,0.0,0.0,0,0,0.0,,,,0.0
2020-03-04,False,100000.0,100000.0,0.0,0.0,0.0,0.0,0.0,0.0,0.0,0.0,0.0,0.0,0.0,0,0,0.0,,,,0.0
2020-03-05,False,100000.0,100000.0,0.0,0.0,0.0,0.0,0.0,0.0,0.0,0.0,0.0,0.0,0.0,0,0,0.0,,,,0.0
2020-03-06,False,100000.0,100000.0,0.0,0.0,0.0,0.0,0.0,0.0,0.0,0.0,0.0,0.0,0.0,0,0,0.0,,,,0.0
2020-03-07,False,100000.0,100000.0,0.0,0.0,0.0,0.0,0.0,0.0,0.0,0.0,0.0,0.0,0.0,0,0,0.0,,,,0.0
2020-03-08,False,100000.0,100000.0,0.0,0.0,0.0,0.0,0.0,0.0,0.0,0.0,0.0,0.0,0.0,0,0,0.0,,,,0.0
2020-03-09,False,100000.0,100000.0,0.0,0.0,0.0,0.0,0.0,0.0,0.0,0.0,0.0,0.0,0.0,0,0,0.0,,,,0.0
2020-03-10,False,100000.0,100000.0,0.0,0.0,0.0,0.0,0.0,0.0,0.0,0.0,0.0,0.0,0.0,0,0,0.0,,,,0.0
2020-03-11,False,100000.0,100000.0,0.0,0.0,0.0,0.0,0.0,0.0,0.0,0.0,0.0,0.0,0.0,0,0,0.0,,,,0.0
2020-03-12,False,100000.0,100000.0,0.0,0.0,0.0,0.0,0.0,0.0,0.0,0.0,0.0,0.0,0.0,0,0,0.0,,,,0.0
2020-03-13,False,100000.0,100000.0,0.0,0.0,0.0,0.0,0.0,0.0,0.0,0.0,0.0,0.0,0.0,0,0,0.0,,,,0.0
2020-03-14,False,100000.0,100000.0,0.0,0.0,0.0,0.0,0.0,0.0,0.0,0.0,0.0,0.0,0.0,0,0,0.0,,,,0.0
2020-03-15,False,100000.0,100000.0,0.0,0.0,0.0,0.0,0.0,0.0,0.0,0.0,0.0,0.0,0.0,0,0,0.0,,,,0.0
2020-03-16,False,100000.0,100000.0,0.0,0.0,0.0,0.0,0.0,0.0,0.0,0.0,0.0,0.0,0.0,0,0,0.0,,,,0.0
2020-03-17,False,100000.0,100000.0,0.0,0.0,0.0,0.0,0.0,0.0,0.0,0.0,0.0,0.0,0.0,0,0,0.0,,,,0.0
2020-03-18,False,100000.0,100000.0,0.0,0.0,0.0,0.0,0.0,0.0,0.0,0.0,0.0,0.0,0.0,0,0,0.0,,,,0.0
2020-03-19,False,100000.0,100000.0,0.0,0.0,0.0,0.0,0.0,0.0,0.0,0.0,0.0,0.0,0.0,0,0,0.0,,,,0.0
2020-03-20,False,100000.0,100000.0,0.0,0.0,0.0,0.0,0.0,0.0,0.0,0.0,0.0,0.0,0.0,0,0,0.0,,,,0.0
2020-03-21,False,100000.0,100000.0,0.0,0.0,0.0,0.0,0.0,0.0,0.0,0.0,0.0,0.0,0.0,0,0,0.0,,,,0.0
2020-03-22,False,100000.0,100000.0,0.0,0.0,0.0,0.0,0.0,0.0,0.0,0.0,0.0,0.0,0.0,0,0,0.0,,,,0.0
2020-03-23,False,100000.0,100000.0,0.0,0.0,0.0,0.0,0.0,0.0,0.0,0.0,0.0,0.0,0.0,0,0,0.0,,,,0.0
2020-03-24,False,100000.0,100000.0,0.0,0.0,0.0,0.0,0.0,0.0,0.0,0.0,0.0,0.0,0.0,0,0,0.0,,,,0.0
2020-03-25,False,100000.0,100000.0,0.0,0.0,0.0,0.0,0.0,0.0,0.0,0.0,0.0,0.0,0.0,0,0,0.0,,,,0.0
2020-03-26,False,100000.0,100000.0,0.0,0.0,0.0,0.0,0.0,0.0,0.0,0.0,0.0,0.0,0.0,0,0,0.0,,,,0.0
2020-03-27,False,100000.0,100000.0,0.0,0.0,0.0,0.0,0.0,0.0,0.0,0.0,0.0,0.0,0.0,0,0,0.0,,,,0.0
2020-03-28,False,100000.0,100000.0,0.0,0.0,0.0,0.0,0.0,0.0,0.0,0.0,0.0,0.0,0.0,0,0,0.0,,,,0.0
2020-03-29,False,100000.0,100000.0,0.0,0.0,0.0,0.0,0.0,0.0,0.0,0.0,0.0,0.0,0.0,0,0,0.0,,,,0.0
2020-03-30,False,100000.0,100000.0,0.0,0.0,0.0,0.0,0.0,0.0,0.0,0.0,0.0,0.0,0.0,0,0,0.0,,,,0.0
2020-03-31,False,100000.0,100000.0,0.0,0.0,0.0,0.0,0.0,0.0,0.0,0.0,0.0,0.0,0.0,0,0,0.0,,,,0.0
2020-04-01,False,100000.0,100000.0,0.0,0.0,0.0,0.0,0.0,0.0,0.0,0.0,0.0,0.0,0.0,0,0,0.0,,,,0.0
2020-04-02,False,100000.0,100000.0,0.0,0.0,0.0,0.0,0.0,0.0,0.0,0.0,0.0,0.0,0.0,0,0,0.0,,,,0.0
2020-04-03,False,100000.0,100000.0,0.0,0.0,0.0,0.0,0.0,0.0,0.0,0.0,0.0,0.0,0.0,0,0,0.0,,,,0.0
2020-04-04,False,100000.0,100000.0,0.0,0.0,0.0,0.0,0.0,0.0,0.0,0.0,0.0,0.0,0.0,0,0,0.0,,,,0.0
2020-04-05,False,100000.0,100000.0,0.0,0.0,0.0,0.0,0.0,0.0,0.0,0.0,0.0,0.0,0.0,0,0,0.0,,,,0.0
2020-04-06,False,100000.0,100000.0,0.0,0.0,0.0,0.0,0.0,0.0,0.0,0.0,0.0,0.0,0.0,0,0,0.0,,,,0.0
2020-04-07,False,100000.0,100000.0,0.0,0.0,0.0,0.0,0.0,0.0,0.0,0.0,0.0,0.0,0.0,0,0,0.0,,,,0.0
2020-04-08,False,100000.0,100000.0,0.0,0.0,0.0,0.0,0.0,0.0,0.0,0.0,0.0,0.0,0.0,0,0,0.0,,,,0.0
2020-04-09,False,100000.0,100000.0,0.0,0.0,0.0,0.0,0.0,0.0,0.0,0.0,0.0,0.0,0.0,0,0,0.0,,,,0.0
2020-04-10,False,100000.0,100000.0,0.0,0.0,0.0,0.0,0.0,0.0,0.0,0.0,0.0,0.0,0.0,0,0,0.0,,,,0.0
2020-04-11,False,100000.0,100000.0,0.0,0.0,0.0,0.0,0.0,0.0,0.0,0.0,0.0,0.0,0.0,0,0,0.0,,,,0.0
2020-04-12,False,100000.0,100000.0,0.0,0.0,0.0,0.0,0.0,0.0,0.0,0.0,0.0,0.0,0.0,0,0,0.0,,,,0.0
2020-04-13,False,100000.0,100000.0,0.0,0.0,0.0,0.0,0.0,0.0,0.0,0.0,0.0,0.0,0.0,0,0,0.0,,,,0.0
2020-04-14,False,100000.0,100000.0,0.0,0.0,0.0,0.0,0.0,0.0,0.0,0.0,0.0,0.0,0.0,0,0,0.0,,,,0.0
2020-04-15,False,100000.0,100000.0,0.0,0.0,0.0,0.0,0.0,0.0,0.0,0.0,0.0,0.0,0.0,0,0,0.0,,,,0.0
2020-04-16,False,100000.0,100000.0,0.0,0.0,0.0,0.0,0.0,0.0,0.0,0.0,0.0,0.0,0.0,0,0,0.0,,,,0.0
2020-04-17,False,100000.0,100000.0,0.0,0.0,0.0,0.0,0.0,0.0,0.0,0.0,0.0,0.0,0.0,0,0,0.0,,,,0.0
2020-04-18,False,100000.0,100000.0,0.0,0.0,0.0,0.0,0.0,0.0,0.0,0.0,0.0,0.0,0.0,0,0,0.0,,,,0.0
2020-04-19,False,100000.0,100000.0,0.0,0.0,0.0,0.0,0.0,0.0,0.0,0.0,0.0,0.0,0.0,0,0,0.0,,,,0.0
2020-04-20,False,100000.0,100000.0,0.0,0.0,0.0,0.0,0.0,0.0,0.0,0.0,0.0,0.0,0.0,0,0,0.0,,,,0.0
2020-04-21,False,100000.0,100000.0,0.0,0.0,0.0,0.0,0.0,0.0,0.0,0.0,0.0,0.0,0.0,0,0,0.0,,,,0.0
2020-04-22,False,100000.0,100000.0,0.0,0.0,0.0,0.0,0.0,0.0,0.0,0.0,0.0,0.0,0.0,0,0,0.0,,,,0.0
2020-04-23,False,100000.0,100000.0,0.0,0.0,0.0,0.0,0.0,0.0,0.0,0.0,0.0,0.0,0.0,0,0,0.0,,,,0.0
2020-04-24,False,100000.0,100000.0,0.0,0.0,0.0,0.0,0.0,0.0,0.0,0.0,0.0,0.0,0.0,0,0,0.0,,,,0.0
2020-04-25,False,100000.0,100000.0,0.0,0.0,0.0,0.0,0.0,0.0,0.0,0.0,0.0,0.0,0.0,0,0,0.0,,,,0.0
2020-04-26,False,100000.0,100000.0,0.0,0.0,0.0,0.0,0.0,0.0,0.0,0.0,0.0,0.0,0.0,0,0,0.0,,,,0.0
2020-04-27,False,100000.0,100000.0,0.0,0.0,0.0,0.0,0.0,0.0,0.0,0.0,0.0,0.0,0.0,0,0,0.0,,,,0.0
2020-04-28,False,100000.0,100000.0,0.0,0.0,0.0,0.0,0.0,0.0,0.0,0.0,0.0,0.0,0.0,0,0,0.0,,,,0.0
2020-04-29,False,100000.0,100000.0,0.0,0.0,0.0,0.0,0.0,0.0,0.0,0.0,0.0,0.0,0.0,0,0,0.0,,,,0.0
2020-04-30,False,100000.0,100000.0,0.0,0.0,0.0,0.0,0.0,0.0,0.0,0.0,0.0,0.0,0.0,0,0,0.0,,,,0.0
2020-05-01,False,100000.0,100000.0,0.0,0.0,0.0,0.0,0.0,0.0,0.0,0.0,0.0,0.0,0.0,0,0,0.0,,,,0.0
2020-05-02,False,100000.0,100000.0,0.0,0.0,0.0,0.0,0.0,0.0,0.0,0.0,0.0,0.0,0.0,0,0,0.0,,,,0.0
2020-05-03,False,100000.0,100000.0,0.0,0.0,0.0,0.0,0.0,0.0,0.0,0.0,0.0,0.0,0.0,0,0,0.0,,,,0.0
2020-05-04,False,100000.0,100000.0,0.0,0.0,0.0,0.0,0.0,0.0,0.0,0.0,0.0,0.0,0.0,0,0,0.0,,,,0.0
2020-05-05,False,100000.0,100000.0,0.0,0.0,0.0,0.0,0.0,0.0,0.0,0.0,0.0,0.0,0.0,0,0,0.0,,,,0.0
2020-05-06,False,100000.0,100000.0,0.0,0.0,0.0,0.0,0.0,0.0,0.0,0.0,0.0,0.0,0.0,0,0,0.0,,,,0.0
2020-05-07,False,100000.0,100000.0,0.0,0.0,0.0,0.0,0.0,0.0,0.0,0.0,0.0,0.0,0.0,0,0,0.0,,,,0.0
2020-05-08,False,99885.78225283512,100000.0,-102.89817394880339,11.319573216067468,0.0,-114.21774716487086,-0.001028981739488034,-0.0011421774716487087,11319.573216067469,11319.573216067469,11319.573216067469,-102.89817394880339,0.0,4,5,0.09059679984897401,2.2075834944876918,4.839434025013354,0.15923942330992533,0.02735405923265526
2020-05-09,False,99686.4216541433,99885.78225283512,-199.15520082173848,0.20539787008943877,0.0,-199.3605986918279,-0.0019938293151434546,-0.00199588564253517,205.39787008943875,11422.072912208103,11422.072912208103,-199.15520082173848,0.0,5,5,0.08588854339493932,2.3285992763941126,4.839434025013355,0.16106684047846995,0.025783975115608093
2020-05-10,False,98617.40076544211,99686.4216541433,-1068.6783387679395,0.3425499332481806,0.0,-1069.0208887011877,-0.010720400241425676,-0.010723836516171665,342.5499332481806,11565.467644634547,11565.467644634547,-1068.6783387679395,0.0,5,5,0.08294067754641322,2.411362023032437,4.839434025013355,0.16428251173440425,0.02353038251222173
2020-05-11,False,98413.23540730894,98617.40076544211,-203.2638359828477,0.9015221503284718,0.0,-204.16535813317617,-0.0020611356049253754,-0.0020702772183052768,901.5221503284718,11398.311456195079,11398.311456195079,-203.2638359828477,0.0,5,5,0.09385567907721029,2.1309312549480377,4.839434025013355,0.16540025856988272,0.023083593883806687
2020-05-12,False,98829.99516031315,98413.23540730894,422.09163859290936,5.331885588702961,0.0,416.7597530042064,0.004288972279449737,0.004234793737644505,5331.885588702961,16526.933208915194,16526.933208915194,422.09163859290936,0.0,5,5,0.0873214552235358,2.2903878489887317,4.839434025013354,0.17055573395867515,0.0277407832983603
2020-05-13,False,99649.6094958008,98829.99516031315,821.1762075392556,1.5618720515943862,0.0,819.6143354876613,0.008308977514439996,0.008293173890762177,1561.8720515943862,18510.896899102485,18510.896899102485,821.1762075392556,0.0,5,5,0.09494323348098653,2.10652189384357,4.839434025013354,0.17906769358049535,0.03457917968619422
2020-05-14,False,100326.02979313432,99649.6094958008,676.6761970674401,0.25589973392221643,0.0,676.4202973335179,0.0067905554320908295,0.006787987436739749,255.89973392221646,19587.972840563958,19587.972840563958,676.6761970674401,0.0,5,5,0.0998709255937249,2.002584824472343,4.839434025013354,0.1850641048513741,0.04182586361252203
2020-05-15,False,99488.69289212162,100326.02979313432,-837.3183463933518,0.018554619354602436,0.0,-837.3369010127064,-0.008345973105083967,-0.008346158048307503,18.554619354602437,20283.203656986003,20283.203656986003,-837.3183463933518,0.0,5,5,0.10198574263378564,1.961058426746646,4.83723851505582,0.19012458223500422,0.04061452936703827
2020-05-16,False,99697.70051128129,99488.69289212162,211.08430056167578,2.0766814019993296,0.0,209.00761915967644,0.0021216913643700235,0.0021008178224465094,2076.68140199933,20595.66516065127,20595.66516065127,211.08430056167578,0.0,5,5,0.11157728857322889,1.7924794781936175,4.83723851505582,0.19223254409110635,0.05080712945769975
2020-05-17,False,100239.74664474471,99697.70051128129,543.6116687424425,1.5655352790242234,0.0,542.0461334634183,0.005452599868950138,0.005436897046608242,1565.5352790242234,21886.181179654974,21062.798573685635,551.2043005304936,-7.592631788051059,5,5,0.11933400535572913,1.675968215462217,4.83723851505582,0.19465916003566455,0.05096418401723269
2020-05-18,False,100523.35268552473,100239.74664474471,283.78524549727916,0.17920471725670267,0.0,283.60604078002245,0.002831065071453443,0.00282927731037807,179.20471725670268,22449.061723041465,21525.937872569702,298.7888771757529,-15.00363167847372,5,5,0.12227613916925374,1.6356420914072325,4.83723851505582,0.19797545828440097,0.04811403847866048
2020-05-19,False,100574.77094330426,100523.35268552473,51.48130128110543,0.06304350157064437,0.0,51.418257779534784,0.0005121327522984487,0.0005115055995037357,63.043501570644366,22825.897733466336,21872.766619637623,48.27417263529001,3.207128645815423,5,5,0.11376860569554509,1.7579542157281756,4.83723851505582,0.1924050880935783,0.03534770648952778
2020-05-20,False,100059.33234827666,100574.77094330426,-515.4324367763869,0.006158251212921187,0.0,-515.4385950275998,-0.0051248681149564344,-0.005124929345533001,6.158251212921186,22877.123028668735,21930.406172131654,-528.9344721582607,13.502035381873855,5,5,0.1089403743163081,1.8358666495793425,4.8372385150558195,0.19205539914564243,0.020894785501875075
2020-05-21,False,99078.32232189637,100059.33234827666,-980.8471748721755,0.1628515081170558,0.0,-981.0100263802925,-0.009802655602959046,-0.009804283152376927,162.8515081170558,22497.538029245654,21577.825243472325,-1003.197858039189,22.35068316701341,5,5,0.11278829593305069,1.7732336351523281,4.83723851505582,0.19048082296093907,0.03282567343346357
2020-05-22,False,99815.29309251356,99078.32232189637,748.222972606728,11.252201989536365,0.0,736.9707706171916,0.00755183328776824,0.0074382645299830704,11252.201989536366,25906.08896477831,23900.81987752142,776.9147794780272,-28.69180687129918,6,6,0.0786171757498909,2.5439733505089386,5.721763539791482,0.2260316837862857,0.04496331041613198
2020-05-23,False,99548.9910879494,99815.29309251356,-265.65302909915397,0.6489754650047381,0.0,-266.3020045641587,-0.002661446165898988,-0.002667947929755988,648.9754650047382,27165.49600796075,24232.09379612104,-269.3771958863796,3.7241667872256525,6,6,0.07975664090563729,2.5076281765254707,5.721763539791482,0.22196442886114295,0.04149746425605839
2020-05-24,False,98554.32374138165,99548.9910879494,-993.6708688559828,0.9964777117653948,0.0,-994.6673465677482,-0.009981727167662562,-0.009991737090423959,996.4777117653948,27718.22782522637,23879.202667338024,-1084.827204493879,91.15633563789619,6,6,0.08301037708001724,2.409337326671959,5.721763539791483,0.21915547320179746,0.03918452401816659
2020-05-25,False,98963.84699111828,98554.32374138165,412.8509206595316,3.3276709229130503,0.0,409.52324973661854,0.004189069591131302,0.004155304751633795,3327.67092291305,29454.15458188566,22425.443724076533,532.1645053662592,-119.31358470672755,6,6,0.0947726649076814,2.110313139287802,5.721763539791483,0.2106273416659477,0.054428789024322646
2020-05-26,False,98812.83038229866,98963.84699111828,-149.64633960616274,1.3702692134567809,0.0,-151.01660881961953,-0.001512131390967381,-0.0015259775505005665,1370.269213456781,31217.27041442089,22456.52983786405,-200.03038668566776,50.384047079505024,6,6,0.1012064064752332,1.976159484023802,5.721763539791482,0.21026865073051942,0.057659456813306406
2020-05-27,False,99399.60757878356,98812.83038229866,590.485288658656,3.7080921737663193,0.0,586.7771964848897,0.005975795717763749,0.005938269293721244,3708.0921737663193,34159.57331071825,22415.49535727778,726.0721610959899,-135.5868724373339,6,6,0.11030257635794438,1.813194275272205,5.721763539791483,0.20850282276106646,0.061252724600855436
2020-05-28,False,100499.41707903688,99399.60757878356,1100.0448323160363,0.23533206271233847,0.0,1099.809500253324,0.011066893110660895,0.01106452557553229,235.33206271233848,35077.253152681114,22879.471661485873,1279.1123877901086,-179.06755547407244,6,6,0.11271030948644817,1.7744605698562756,5.721763539791483,0.21134483854247374,0.05722249692934
2020-05-29,False,100121.24054809098,100499.41707903688,-378.1765309459046,0.0,0.0,-378.1765309459046,-0.003762972382700399,-0.003762972382700399,0.0,36535.4330959453,23979.51649380191,-415.2630793540157,37.08654840811113,6,6,0.1050999508426656,1.9029504618836557,5.7203690165856775,0.21642800265475062,0.027174834905513475
2020-05-30,False,101099.11696483765,100121.24054809098,977.961244103664,0.0848273569853161,0.0,977.8764167466786,0.009767769943221212,0.009766922696857494,84.8273569853161,35998.25611119785,23516.51260587069,1356.282575245022,-378.32133114135803,6,6,0.10178875909034142,1.9648535043294157,5.7203690165856775,0.21058369385030304,0.026451980362669922
2020-05-31,False,100642.42595760472,101099.11696483765,-452.34970159160207,4.341305641329508,0.0,-456.69100723293155,-0.004474319016544226,-0.0045172601002219336,4341.305641329508,33391.554376254724,24564.008607116113,-687.2699800325299,234.92027844092786,6,6,0.08708488370963391,2.2966098303220757,5.7203690165856775,0.21836918816292844,0.04969911535997381
2020-06-01,False,102442.13354186124,100642.42595760472,1800.1491782628768,0.4415940063525618,0.0,1799.7075842565243,0.017886583725845236,0.01788219597383955,441.5940063525618,32027.770111428705,23928.26323769969,2050.616769482637,-250.4675912197602,6,6,0.08454746089103285,2.365535261405019,5.7203690165856775,0.21372966546084785,0.04843136935690782
2020-06-02,False,101444.02415888738,102442.13354186124,-991.2269681108631,6.8824148630008875,0.0,-998.1093829738641,-0.009675969582435679,-0.009743153021759387,6882.414863000888,27446.439609130215,23742.06304577734,-1012.8330761000975,21.606107989234435,6,6,0.07358177300477761,2.718064431350603,5.7203690165856775,0.21079959706934065,0.04221233496422205
2020-06-03,False,101886.22254280091,101444.02415888738,443.8609010662481,1.6625171527078204,0.0,442.1983839135403,0.004375426790749626,0.004359038273372753,1662.5171527078205,24866.10972361828,23151.065893163654,452.09185460973157,-8.230953543483452,6,6,0.07000231581768278,2.8570483370991484,5.7203690165856775,0.21025356168986392,0.0399319195175197
2020-06-04,False,101752.22807595943,101886.22254280091,-117.19193782119267,16.802529020289263,0.0,-133.99446684148194,-0.0011502236013506346,-0.001315138234565452,16802.52902028926,42128.961552060755,18493.26786162764,17.075287372005892,-134.26722519319856,6,6,0.09948912881598468,2.010269889586836,5.7203690165856775,0.17170715617339496,0.05093924533231114
2020-06-05,False,101187.50688431988,101752.22807595943,-561.868100668401,2.853090971152472,0.0,-564.7211916395535,-0.005521924298787431,-0.005549963890893685,2853.090971152472,43740.21586468103,21223.39363694375,-567.5770114021174,5.708910733716352,7,7,0.07467244242733935,2.678364246550683,6.666017995609824,0.19714501798282813,0.040793579981161884
2020-06-06,False,101413.34919099895,101187.50688431988,227.11099029989936,1.2686836208235779,0.0,225.8423066790758,0.0022444568237019458,0.0022319188764801214,1268.6836208235777,42205.72767289114,21487.42445090964,109.46686296621594,117.6441273336834,7,7,0.07118641390273989,2.8095248662652783,6.666017995609825,0.1947795595011923,0.03801827553088814
2020-06-07,False,101544.4712393852,101413.34919099895,132.73749599148772,1.6154476052417712,0.0,131.12204838624595,0.0013088759719540844,0.0012929466330837225,1615.4476052417713,40703.20186531461,22239.43003443369,144.03455766513932,-11.297061673651585,7,7,0.06853277052322881,2.918311903532502,6.666017995609824,0.1988909128550986,0.03924777739496698
2020-06-08,False,101866.38892038183,101544.4712393852,323.7203260992424,1.8026451026063428,0.0,321.9176809966361,0.0031879660423470083,0.0031702137700607433,1802.6451026063426,39104.32712404717,22837.9820346209,382.4007619801182,-58.68043588087581,7,7,0.06551108362673735,3.052918512835789,6.666017995609825,0.197710369986171,0.034756220842757056
2020-06-09,False,101657.88344970079,101866.38892038183,-206.79959682773213,1.7058738532992284,0.0,-208.50547068103137,-0.0020301062894196188,-0.002046852478927058,1705.8738532992284,37839.534468608945,23995.027517539933,-243.10843801149642,36.30884118376429,7,7,0.06323844365002279,3.1626331778000347,6.666017995609825,0.20641269229468415,0.0426924529458494
2020-06-10,False,101782.71148871598,101657.88344970079,125.87793622648272,1.0498972112963265,0.0,124.82803901518639,0.0012382506103303414,0.0012279228602762513,1049.8972112963265,36510.219978117355,24302.306581699704,194.81255915120386,-68.93462292472114,7,7,0.06122677850569956,3.2665445558495643,6.666017995609824,0.20751421441304418,0.04427701747879216
2020-06-11,False,99802.73810970855,101782.71148871598,-1977.0845437851872,2.8888352222578875,0.0,-1979.9733790074451,-0.019424561547511675,-0.01945294392385049,2888.835222257888,33885.131937935395,24579.56780511758,-2378.6359299056135,401.5513861204262,7,7,0.058300631327076254,3.4304945838059058,6.666017995609825,0.2086931328997526,0.041419141385853016
2020-06-12,False,100598.99837708329,99802.73810970855,817.0728086784126,20.812541303669185,0.0,796.2602673747434,0.00818687767644453,0.007978340899820316,20812.541303669183,24151.72877942695,21266.517199330447,854.6093105828279,-37.53650190441537,8,8,0.04875320396216171,4.102294490331832,7.630135781356701,0.20913990001025684,0.04297016185588433
2020-06-13,False,100639.45056771323,100598.99837708329,41.82751423432631,1.3753236043903632,0.0,40.45219062993595,0.0004157845993410479,0.0004021132544312793,1375.323604390363,26182.20621811787,20916.81733319588,36.363861598762035,5.463652635564272,8,8,0.052116815051173306,3.837533045786101,7.630135781356702,0.20834645723999073,0.040811594228967275
2020-06-14,False,99914.24252550604,100639.45056771323,-723.260163010407,1.9478791967861846,0.0,-725.2080422071932,-0.007186646577763022,-0.007206001603906329,1947.8791967861846,28160.985623867247,20086.547014529595,-774.6378359747363,51.37767296432935,8,8,0.0556578056117805,3.59338636875163,7.630135781356702,0.20444124213958925,0.03548515795334493
2020-06-15,False,100057.60027744733,99914.24252550604,146.5485426175036,3.1907906762064484,0.0,143.35775194129715,0.0014667432681591196,0.0014348079744957371,3190.790676206448,30525.760791134635,18293.23981268242,181.9067566703206,-35.35821405281692,8,8,0.061699951281447216,3.241493645395126,7.630135781356701,0.195735920319535,0.03554527338299692
2020-06-16,False,100519.29171966502,100057.60027744733,464.88666035806983,3.195218140379962,0.0,461.6914422176899,0.0046461903850281904,0.004614256597574564,3195.218140379962,33938.24390223773,17821.046811333006,484.01345859144567,-19.12679823337583,8,8,0.06736436293665662,2.9689288413231485,7.630135781356702,0.1932374533183369,0.04576679419160845
2020-06-17,False,101300.36106104634,100519.29171966502,783.5738941804527,2.504552799142049,0.0,781.0693413813107,0.007795258808286637,0.0077703426677498836,2504.5527991420486,36945.9369582046,17207.668394219963,829.0862015152791,-45.51230733482633,8,8,0.07292154931072008,2.7426734880219876,7.630135781356702,0.19287945617527413,0.05351275369943377
2020-06-18,False,101127.29140439346,101300.36106104634,-171.05963326596012,2.0100233869170694,0.0,-173.0696566528772,-0.0016886379423946471,-0.001708480155846441,2010.0233869170693,39830.55885397177,17010.35713438129,-359.7106304038237,188.65099713786358,8,8,0.07628702971254642,2.621677639745716,7.630135781356703,0.19191486259513882,0.059444442253021236
2020-06-19,False,100858.44439297562,101127.29140439346,-263.5695736552673,5.2774377625700435,0.0,-268.84701141783734,-0.0026063149719029906,-0.0026585010602405723,5277.437762570044,44559.63498900013,16039.95458277152,-461.0084875022592,197.43891384699194,8,8,0.08319665807081152,2.4039427140183105,7.627152234688521,0.19151396556851746,0.06613541744718615
2020-06-20,False,101036.84887278998,100858.44439297562,182.68569047899285,4.281210664629456,0.0,178.40447981436338,0.0018113078342473043,0.0017688601176441357,4281.210664629456,48182.39825228034,18824.746227440148,242.2349644281606,-59.54927394916775,8,8,0.07342215377516406,2.7239734837042118,7.62715223468852,0.21467608127027984,0.05448061539420853
2020-06-21,False,101006.68839547329,101036.84887278998,-27.03860295583197,3.1218743608636363,0.0,-30.160477316695605,-0.0002676113047614421,-0.00029850967892584444,3121.8743608636364,51606.0568515213,17350.989073963992,-189.33874057140739,162.30013761557544,8,8,0.0784831053993118,2.5483191443868853,7.627152234688521,0.2074979096536021,0.059644461471765615
2020-06-22,False,102940.9963687838,101006.68839547329,1939.6327715955877,5.3247982850742615,0.0,1934.3079733105135,0.01920301321038572,0.019150295926316115,5324.798285074261,56205.3664322704,15802.701672966461,2375.6574041704084,-436.0246325748207,8,8,0.08451955902795358,2.366316179357408,7.627152234688521,0.20059547724274482,0.07621217847303965
2020-06-23,False,104189.87215636387,102940.9963687838,1249.653464706547,0.7776771264760173,0.0,1248.8757875800711,0.012139512038815825,0.01213195744779856,777.6771264760173,59794.72559549165,16964.657318086032,1206.3107901007181,43.34267460582877,8,8,0.08517494912704575,2.3481082413290655,7.627152234688521,0.21155525668145153,0.06136159501414066
2020-06-24,False,104212.42199348686,104189.87215636387,23.643435941489727,1.0935988184935184,0.0,22.54983712299621,0.00022692643202408994,0.00021643022163569164,1093.5988184935184,61927.36574159925,17167.581836730536,-649.5489407881466,673.1923767296364,8,8,0.08618139011677345,2.3206866323344917,7.627152234688521,0.21622092807939353,0.07669002357779078
2020-06-25,False,104643.46564455565,104212.42199348686,435.44353652179177,4.399885453001151,0.0,431.0436510687906,0.004178422573740839,0.00413620221873099,4399.88545300115,64292.087519246954,14482.561500353328,206.1013923755577,229.3421441462341,8,8,0.09109901985605562,2.195413302097184,7.627152234688521,0.20253054092891917,0.07951914269186916
2020-06-26,False,103711.61952707861,104643.46564455565,-926.33714159243,5.508975884602592,0.0,-931.8461174770326,-0.008852317112077845,-0.008904962309278357,5508.975884602592,68859.33141840536,12849.323332816992,-775.8831080630691,-150.45403352936097,8,8,0.09637816020071115,2.075158932101344,7.622128008435845,0.1978628723436681,0.08969962676880103
2020-06-27,False,103004.75222615697,103711.61952707861,-701.8620194768873,5.005281444753451,0.0,-706.8673009216408,-0.006767438621413433,-0.006815700151486701,5005.281444753451,72902.14123860365,11488.382000939679,-2032.5491845386593,1330.687165061772,8,8,0.10173361579942694,1.96591852583231,7.622128008435845,0.19737220524195576,0.09483233340260805
2020-06-28,False,104074.26683949014,103004.75222615697,1083.753011648194,14.238398315014571,0.0,1069.5146133331793,0.010521388462434321,0.010383157963284605,14238.39831501457,83777.3032040178,7099.7720279042,1565.2867629484115,-481.53375130021766,8,8,0.11372847567853663,1.7585745241615416,7.622128008435844,0.19558043111211115,0.10698245287003813
2020-06-29,False,105028.08852386163,104074.26683949014,960.4567772787988,6.6350929073148555,0.0,953.8216843714839,0.009228571158325578,0.009164817714666465,6635.092907314855,92459.21662558126,5125.090427010855,1128.0376310973531,-167.58085381855426,8,8,0.11961167387136784,1.6720775951608449,7.622128008435846,0.19411264126644243,0.1168661951354495
2020-06-30,False,104994.39899502145,105028.08852386163,-28.599027298004266,5.090501542187191,0.0,-33.68952884019146,-0.00027229884595592513,-0.0003207668473613841,5090.501542187191,98845.33665268437,3410.5696534809013,-562.5508005621455,533.9517732641411,8,8,0.12297216874299313,1.6263842627512892,7.622128008435845,0.1939184912482747,0.12101841317979448
2020-07-01,False,108675.72566612923,104994.39899502145,3686.753190640811,5.426519533028543,0.0,3681.3266711077827,0.03511380822148072,0.035062124326101826,5426.519533028543,103175.35361188663,2007.0567088553298,4114.190510158723,-427.43731951791034,8,8,0.1267977584088217,1.5773149502782173,7.622128008435845,0.19368800863637012,0.12486330315576895
2020-07-02,False,108865.56601216868,108675.72566612923,192.77923711545216,2.93889107600868,0.0,189.8403460394435,0.001773894178610811,0.0017468514231288974,2938.89107600868,109290.50735409696,3024.6389684764335,-420.14444710638895,612.9236842218411,8,8,0.12690104001745187,1.5760312127662257,7.622128008435845,0.21281069180402964,0.12398776968764207
2020-07-03,False,108915.74786118574,108865.56601216868,51.64104760425987,1.459198587205693,0.0,50.181849017054176,0.00047435612100237077,0.0004609524467217209,1459.198587205693,109716.63780997445,1758.2196183861897,346.70050443524997,-295.0594568309901,8,8,0.12685946223562108,1.5765477519409008,7.606279213321019,0.2064341726569089,0.10921346945469244
2020-07-04,False,109631.73813396048,108915.74786118574,716.2685437347611,0.27827096001561225,0.0,715.9902727747456,0.006576354271997957,0.006573799352571886,278.2709600156122,110080.12681122507,2085.2282493064104,1441.5258004989983,-725.2572567642371,8,8,0.1140852626033615,1.7530748094548982,7.606279213321019,0.20953034528260608,0.08503153051816292
2020-07-05,False,109156.38417334875,109631.73813396048,-475.0176236638638,0.3363369478588138,0.0,-475.3539606117226,-0.004332847693096259,-0.00433591557246754,336.3369478588138,111910.5729206295,2735.415292681243,-898.8396205276954,423.8219968638315,8,8,0.11421864960151125,1.7510275309484467,7.606279213321019,0.2145215885892312,0.08378141228419322
2020-07-06,False,111055.34054515396,109156.38417334875,1898.9563718052075,0.0,0.0,1898.9563718052075,0.017396658804578195,0.017396658804578195,0.0,110587.91130323797,2260.3976690173795,5560.980435415677,-3662.02406361047,8,8,0.11497395930885611,1.7395243340514812,7.6062792133210175,0.21052333417458974,0.07270467856995969
2020-07-07,False,116309.32007989564,111055.34054515396,5263.585628537092,9.60609379540933,0.0,5253.979534741683,0.047396060402849084,0.04730956214217784,9606.093795409332,110204.82200685478,2893.0224689546567,4465.37630760238,798.2093209347125,8,8,0.11138418859382351,1.7955869906214896,7.606279213321019,0.21280528688989134,0.07040014416228815
2020-07-08,False,117858.77950796163,116309.32007989564,1554.028931451587,4.569503385597142,0.0,1549.4594280659899,0.013361172865459858,0.013321885357094594,4569.5033855971415,109302.48560792532,3587.10471189461,6270.9136876778475,-4716.88475622626,8,8,0.10749279840616094,1.8605897601093342,7.60627921332102,0.21048963492562808,0.05916347729954545
2020-07-09,False,115938.29049837377,117858.77950796163,-1898.2431955266375,22.245814061230586,0.0,-1920.489009587868,-0.016106082240554737,-0.01629483198116891,22245.814061230587,98044.46999059882,5708.587435170824,-2644.96682417422,746.7236286475833,8,8,0.09823743853706608,2.0358837015537388,7.606279213321018,0.196141374493835,0.05859028660904184
2020-07-10,False,115737.65353961328,115938.29049837377,-197.4107291018448,3.2262296586404413,0.0,-200.63695876048524,-0.0017027224418546504,-0.0017305495699309066,3226.2296586404414,91426.5498791366,5684.005670884448,-659.5657186823371,462.1549895804923,8,8,0.09220885962677675,2.16898897578299,7.592663371512502,0.19574826310128823,0.05770924643116715
2020-07-11,False,116273.6651749924,115737.65353961328,543.1394677584924,7.127832379371088,0.0,536.0116353791213,0.0046928501757865105,0.004631264061316586,7127.832379371088,83176.99679150266,8031.058819840806,839.5423576724263,-296.402889913934,8,8,0.08555556491787365,2.337662081852696,7.592663371512502,0.19295933299347204,0.058042629319045386
2020-07-12,False,120450.51974766362,116273.6651749924,4186.572480702061,9.717908030845873,0.0,4176.854572671215,0.036006196883888106,0.03592261899016453,9717.908030845872,75500.93939995709,10449.132858498315,4223.423307668892,-36.85082696683164,8,8,0.07840389248849008,2.550893758614862,7.5926633715125025,0.19007313805918866,0.058189690855238646
2020-07-13,False,120104.84259468564,120450.51974766362,-332.5127592795401,13.164393698443687,0.0,-345.6771529779838,-0.0027605755456774593,-0.0028698685045291297,13164.393698443688,69216.27503929706,12412.129610683012,-787.8017154142865,455.2889561347465,8,8,0.07123058844139421,2.8077825043457603,7.592663371512502,0.19065513266269923,0.054312612835173836
2020-07-14,False,123153.18439037687,120104.84259468564,3054.69886289132,6.357067200089506,0.0,3048.3417956912303,0.02543360281649862,0.025380673500221648,6357.067200089506,63631.727367271524,14958.881329950127,3057.221467881107,-2.522604989786295,8,8,0.06604802710800585,3.0280995323743363,7.592663371512502,0.19299349110882677,0.05338952764000866
2020-07-15,False,124027.8539987552,123153.18439037687,881.6656690697928,6.996060691458848,0.0,874.6696083783339,0.00715909761841843,0.007102289824725638,6996.060691458848,60220.84781047805,16456.135197922475,654.2866809357479,227.3789881340449,8,8,0.06273412589531469,3.188057490969792,7.592663371512502,0.19359508066662495,0.05161529906910206
2020-07-16,False,123195.87228013953,124027.8539987552,-828.5930092650909,3.3887093505796018,0.0,-831.9817186156705,-0.006680701008286469,-0.006708023172149867,3388.709350579602,57421.420926691266,17604.93901523542,-1174.2557797292334,345.66277046414257,8,8,0.06072799354895378,3.2933740819014035,7.5926633715125025,0.1945735606846185,0.051480459597117105
2020-07-17,False,122699.68328072008,123195.87228013953,-495.48689625725723,0.7021031621956567,0.0,-496.1889994194529,-0.004021943974961691,-0.004027643055208464,702.1031621956568,55297.900924135545,17478.449168165986,-552.6049058930321,57.11800963577481,8,8,0.06049921364067349,3.305828092045488,7.56809327541984,0.19151475509076965,0.04469242973219078
2020-07-18,False,121949.77836642921,122699.68328072008,-749.2679088514816,0.6370054393972677,0.0,-749.9049142908789,-0.006106518687071581,-0.006111710268845593,637.0054393972678,54060.91430492971,17619.967711306,-382.984661607729,-366.2832472437526,8,8,0.06025372288727504,3.3192969731375377,7.568093275419842,0.19076108954477933,0.0411503198346844
2020-07-19,False,122424.78053562081,121949.77836642921,477.9500580024682,2.947888810866436,0.0,475.00216919160175,0.003919236790790594,0.0038950638168799012,2947.888810866436,51096.3240796993,19706.456719281712,558.035531528614,-80.0854735261459,8,8,0.05774763763147152,3.463345137620024,7.568093275419841,0.19897420883170291,0.05149532503902448
2020-07-20,False,120582.22868507059,122424.78053562081,-1839.1739454172307,3.3779051329943255,0.0,-1842.551850550225,-0.015022889462171453,-0.015050481140246886,3377.905132994326,48356.53995175974,21196.662200650924,-2142.361587071849,303.18764165461823,8,8,0.05546527271220535,3.6058598510413384,7.568093275419842,0.20165224149024097,0.05135998361650021
2020-07-21,False,121044.77847842638,120582.22868507059,462.65527572889494,0.105482373109533,0.0,462.5497933557854,0.003836844622744784,0.0038359698472968614,105.482373109533,45805.508349923744,19462.970628343224,914.052339656898,-451.39706392800304,8,8,0.055449878503880626,3.606860923707942,7.568093275419843,0.18920715222349496,0.04335658021114593
2020-07-22,False,121408.98407147237,121044.77847842638,367.1033210856415,2.8977280396476255,0.0,364.20559304599385,0.0030327893999250017,0.0030088500935288643,2897.728039647626,44273.229713861,21625.26349118255,719.7171721644145,-352.61385107877305,8,8,0.05317340197016624,3.7612789964466278,7.568093275419842,0.19835484335042472,0.04801917579140212
2020-07-23,False,122359.36148105188,121408.98407147237,956.0745123365808,5.697102757072851,0.0,950.377409579508,0.007874825076979052,0.00782790019081314,5697.10275707285,39648.457980031344,23834.1800894171,945.7491202716111,10.325392064969703,8,8,0.049565275053636317,4.035083025032606,7.568093275419842,0.2032591641163166,0.0464268587912869
2020-07-24,False,121702.34948560178,122359.36148105188,-650.764776459544,6.247218990553744,0.0,-657.0119954500977,-0.005318471497257029,-0.005369527819510894,6247.218990553744,39188.69902949313,26063.37882589449,-755.3985011624247,104.63372470288064,8,8,0.045417908404209346,4.403549327283947,7.558264735318274,0.20458031965191728,0.04106124828844137
2020-07-25,False,123865.61063346079,121702.34948560178,2165.503588930923,2.2424410719145804,0.0,2163.2611478590084,0.017793441113370754,0.01777501549479073,2242.4410719145803,39016.433227408554,26782.408440223087,2715.7725373449675,-550.2689484140446,8,8,0.04339236326001314,4.60910595722966,7.558264735318272,0.20558631189068538,0.04126997508017657
2020-07-26,False,124101.19071583299,123865.61063346079,244.81161423098433,9.231531858795945,0.0,235.5800823721884,0.0019764292363230918,0.0019019006257459915,9231.531858795945,37405.447153391455,28659.71530367257,168.73113553141943,76.0804786995649,8,8,0.03912059766566052,5.1123963317042325,7.558264735318273,0.20712761860987614,0.03974454668984566
2020-07-27,False,123598.62491683208,124101.19071583299,-498.17042787944956,4.395371121454452,0.0,-502.565799000904,-0.004014227623489614,-0.0040496452620803584,4395.371121454452,36145.27967307844,29684.815191816735,-199.54455031671102,-298.6258775627385,8,8,0.03612227849275264,5.536749295594043,7.558264735318273,0.2069407989267843,0.037454062048620534
2020-07-28,False,124415.16153150205,123598.62491683208,821.3104765783324,4.773861908361975,0.0,816.5366146699705,0.0066449806956265225,0.006606356787702189,4773.861908361975,33197.179699111,30377.80058905233,927.4065647718357,-106.09608819350332,8,8,0.03249606257018849,6.1545917930216465,7.558264735318274,0.20618867272740243,0.03303395267591704
2020-07-29,False,124360.43849891354,124415.16153150205,-50.08510447608688,4.637928112423093,0.0,-54.72303258850997,-0.00040256431659581364,-0.000439842153600018,4637.928112423093,31386.732764654964,31052.51022538046,-50.720486580407425,0.6353821043205435,8,8,0.029640864951286584,6.747441423477046,7.558264735318273,0.20560202368475028,0.030014674445342393
2020-07-30,False,124895.38878559005,124360.43849891354,536.3685984356911,1.4183117591835002,0.0,534.9502866765075,0.004313016300922555,0.004301611454041158,1418.3117591835003,31649.641376875297,31649.641376875297,536.3685984356911,0.0,8,8,0.028016016501015366,7.138773636600034,7.558264735318273,0.20409059908384597,0.02433937841895778
2020-07-31,False,126049.13942680624,124895.38878559005,1154.7967844820141,1.0461432658182521,0.0,1153.7506412161958,0.00924611225210622,0.009237736096060828,1046.143265818252,32098.395932902728,32098.395932902728,1154.7967844820141,0.0,8,8,0.027442726821950116,7.287905509449216,7.515168369331074,0.20352478809892363,0.02616663226161246
2020-08-01,False,128626.98328603113,126049.13942680624,2578.498926098423,0.655066873532502,0.0,2577.8438592248904,0.020456299327578482,0.020451102410911606,655.0668735325021,32979.88926777358,32979.88926777358,2578.498926098423,0.0,8,8,0.02706491050099385,7.3896420234848295,7.515168369331074,0.20457415445548224,0.02084422110153073
2020-08-02,False,127440.2102104893,128626.98328603113,-1184.7352582912165,2.037817250619248,0.0,-1186.7730755418359,-0.009210627723863276,-0.009226470568020537,2037.8172506192482,33520.57094325275,33520.57094325275,-1184.7352582912165,0.0,8,8,0.026884057034057836,7.439353359004994,7.515168369331075,0.2076405847466385,0.023839061393262344
2020-08-03,False,129449.64637396269,127440.2102104893,2009.524134263559,0.08797079016068142,0.0,2009.4361634733984,0.015768368013082262,0.015767677722396026,87.97079016068142,32367.61992437999,32367.61992437999,2009.524134263559,0.0,8,8,0.0268615557480352,7.4455851282786965,7.515168369331074,0.20359975697689764,0.023214274566818717
2020-08-04,False,129843.27631873204,129449.64637396269,395.2947133049392,1.6647685355980542,0.0,393.62994476934114,0.0030536561850697196,0.003040795829076249,1664.7685355980543,32712.37552304549,32712.37552304549,395.2947133049392,0.0,8,8,0.02683036049706989,7.454241996556169,7.515168369331074,0.20502886825442698,0.022849105564998532
2020-08-05,False,129954.26427291075,129843.27631873204,111.44326153339917,0.4553073546914058,0.0,110.98795417870777,0.0008582905845646905,0.0008547839928673759,455.30735469140586,32676.79675542718,32676.79675542718,111.44326153339917,0.0,8,8,0.026811261432902436,7.459552043103894,7.515168369331074,0.20498658742235687,0.02004614706596202
2020-08-06,False,130534.2788376361,129954.26427291075,580.2011317008063,0.18656697545879797,0.0,580.0145647253474,0.004464656353887346,0.004463220718231196,186.56697545879797,32601.67304150178,32601.67304150178,580.2011317008063,0.0,8,8,0.02680022437152351,7.4626240895396885,7.515168369331075,0.203984394786812,0.018981987562676456
2020-08-07,False,129684.94418631284,130534.2788376361,-849.073116886138,0.26153443711325597,0.0,-849.3346513232513,-0.006504598826046682,-0.006506602395066575,261.534437113256,32920.339736089336,32920.339736089336,-849.073116886138,0.0,8,8,0.026808998574976085,7.460181678948761,7.509142377570474,0.20566719749186207,0.01936443397699503
2020-08-08,False,131944.11475894405,129684.94418631284,2259.1745228931873,0.0039502619750676335,0.0,2259.170572631212,0.017420484213244734,0.01742045375279306,3.950261975067633,32075.21688117826,32075.21688117826,2259.1745228931873,0.0,8,8,0.02681430178350811,7.4587062387359335,7.509142377570474,0.20243123183936348,0.017561981428859202
2020-08-09,False,131949.05337816125,131944.11475894405,6.912727274387201,1.974108057178557,0.0,4.938619217208644,5.2391327093417104e-05,3.742962864415195e-05,1974.108057178557,32360.283346892895,32360.283346892895,6.912727274387201,0.0,8,8,0.026819144175306647,7.45735951500448,7.509142377570474,0.20421143615662082,0.01943280928024524
2020-08-10,False,132118.1619776913,131949.05337816125,169.66256081285368,0.5539612827805588,0.0,169.10859953007312,0.001285818704031221,0.0012816204072750258,553.9612827805588,31859.83483811157,31859.83483811157,169.66256081285368,0.0,8,8,0.026818535999380645,7.45752862887888,7.509142377570475,0.2018405099862644,0.019666729769896318
2020-08-11,False,130654.59089909404,132118.1619776913,-1463.5503639147128,0.020714682564494068,0.0,-1463.5710785972772,-0.011077586472644382,-0.011077743261705434,20.71468256449407,32050.21208148892,32050.21208148892,-1463.5503639147128,0.0,8,8,0.026794596090305937,7.464191634982636,7.509142377570474,0.19592981117631475,0.018716140980553228
2020-08-12,False,132241.00561552218,130654.59089909404,1586.708046171436,0.2933297432858933,0.0,1586.41471642815,0.012144296157161963,0.012142051079195184,293.3297432858933,30879.9914608601,30879.9914608601,1586.708046171436,0.0,8,8,0.026830057601136013,7.454326150665133,7.509142377570474,0.19265024070347447,0.01980990112648013
2020-08-13,False,133430.8740384987,132241.00561552218,1191.5047421822421,1.6363192057225675,0.0,1189.8684229765195,0.009010100434704996,0.008997726669108565,1636.3192057225674,31297.74343392367,31297.74343392367,1191.5047421822421,0.0,8,8,0.026862310957069993,7.445375802537244,7.509142377570474,0.19630507699927116,0.021030391476139613
2020-08-14,False,133522.76215523,133430.8740384987,108.11760459270178,16.22948786139046,0.0,91.88811673131133,0.0008102892630494701,0.0006886570847523559,16229.487861390458,33626.10449829461,33626.10449829461,108.11760459270178,0.0,8,8,0.027060332037335478,7.390892311449006,7.472437549117048,0.19917354404042104,0.024387895078764675
2020-08-15,False,134443.54913555286,133522.76215523,921.0023022308537,0.21532190801434398,0.0,920.7869803228394,0.006897717567886447,0.00689610494465623,215.321908014344,33711.39426403495,33711.39426403495,921.0023022308537,0.0,8,8,0.027078311575545504,7.385984884693496,7.472437549117048,0.19924601368207934,0.0253097674650971
2020-08-16,False,134645.93742156724,134443.54913555286,203.1418593624199,0.7535733480524368,0.0,202.38828601436745,0.0015109825697743361,0.0015053774414294078,753.5733480524368,33969.03185090336,33969.03185090336,203.1418593624199,0.0,8,8,0.027091451082007393,7.382402640397091,7.472437549117048,0.20012407539530688,0.024291727450641017
2020-08-17,False,134679.18993860894,134645.93742156724,33.28580127068683,0.03328422898235112,0.0,33.25251704170448,0.00024720984463475685,0.000246962646467328,33.284228982351124,34170.9921106032,34170.9921106032,33.28580127068683,0.0,8,8,0.027096590076663162,7.381002533313196,7.472437549117048,0.200354497923761,0.02276714178745317
2020-08-18,False,133684.5454315275,134679.18993860894,-994.5058598496908,0.13864723171782226,0.0,-994.6445070814086,-0.0073842578077802385,-0.007385287270697123,138.64723171782225,34157.32699960795,34157.32699960795,-994.5058598496908,0.0,8,8,0.02709549829062891,7.3812999434363915,7.472437549117048,0.1990860666901943,0.01893598440423145
2020-08-19,False,132772.85335630382,133684.5454315275,-911.5121326267608,0.17994259691798653,0.0,-911.6920752236788,-0.00681838076110026,-0.006819726785027985,179.94259691798652,33342.76373667624,33342.76373667624,-911.5121326267608,0.0,8,8,0.02712562571904761,7.373101806811411,7.472437549117048,0.19688141249670058,0.02017205287209409
2020-08-20,False,133214.47227149166,132772.85335630382,441.840612439029,0.22169725119124997,0.0,441.61891518783773,0.003327793304654857,0.0033261235563170973,221.69725119124996,32652.948855240727,32652.948855240727,441.840612439029,0.0,8,8,0.027192500477645237,7.354969071874011,7.472437549117048,0.1955000645529963,0.020024788098660228
2020-08-21,False,131061.94805022664,133214.47227149166,-2137.095495186614,15.428726078411596,0.0,-2152.5242212650255,-0.016042517443834513,-0.01615833613691891,15428.726078411597,31706.90021376258,31706.90021376258,-2137.095495186614,0.0,8,8,0.027256593283077554,7.337674151823347,7.458623437664371,0.19723534958714706,0.021607460894618125
2020-08-22,False,132181.92632342063,131061.94805022664,1120.722513928124,0.7442407341274911,0.0,1119.9782731939965,0.008551090004389616,0.008545411462713717,744.2407341274911,30314.045452703453,30314.045452703453,1120.722513928124,0.0,8,8,0.02739280117977826,7.301188319055254,7.458623437664371,0.19431166354279672,0.021971334310884043
2020-08-23,False,131685.80159397842,132181.92632342063,-495.95252189735226,0.17220754484786538,0.0,-496.12472944220013,-0.0037520448951838055,-0.0037533477022288968,172.2075448478654,31262.560421783717,31262.560421783717,-495.95252189735226,0.0,8,8,0.027497384238173984,7.273419110256481,7.458623437664371,0.20065279720730986,0.020198276963640276
2020-08-24,False,132172.5946669985,131685.80159397842,486.82673689717694,0.033663877096796566,0.0,486.79307302008016,0.0036968809925172525,0.003696625354652811,33.66387709679657,30800.271776983165,30800.271776983165,486.82673689717694,0.0,8,8,0.02762348282364879,7.240216640197798,7.458623437664371,0.19712447767048197,0.018960749503424655
2020-08-25,False,130329.70898196466,132172.5946669985,-1842.8856850338514,0.0,0.0,-1842.8856850338514,-0.01394302419254838,-0.01394302419254838,0.0,31287.098513880333,31287.098513880333,-1842.8856850338514,0.0,8,8,0.027738043130926003,7.210313974060189,7.45862343766437,0.19908453210478275,0.018173778905109367
2020-08-26,False,130936.45700150651,130329.70898196466,606.9827540874405,0.2347345455976756,0.0,606.7480195418428,0.004657286192294316,0.004655485109890072,234.7345455976756,29678.94737444416,29678.94737444416,606.9827540874405,0.0,8,8,0.02805513988318706,7.128818492181406,7.458623437664371,0.1935480507086436,0.020740411421441136
2020-08-27,False,129896.81628602085,130936.45700150651,-1039.4657395781978,0.17497590746528477,0.0,-1039.6407154856631,-0.007938703729903416,-0.007940040072061071,174.97590746528476,30460.906035996886,30460.906035996886,-1039.4657395781978,0.0,8,8,0.02828354842212634,7.071248522817567,7.458623437664371,0.19722692238834202,0.018869063356793062
2020-08-28,False,130606.38025760243,129896.81628602085,709.798107638888,0.23413605731111875,0.0,709.5639715815769,0.0054643225902933435,0.005462520113034813,234.13605731111875,29655.57635372981,29655.57635372981,709.798107638888,0.0,8,8,0.028733232156287324,6.960581354445242,7.462327459920595,0.1938793961898123,0.02168142714333968
2020-08-29,False,131421.07493814745,130606.38025760243,814.6946805450042,0.0,0.0,814.6946805450042,0.006237786231714984,0.006237786231714984,0.0,30365.374461368694,30365.374461368694,814.6946805450042,0.0,8,8,0.029141180472852104,6.863139953658357,7.462327459920595,0.19772669001927856,0.017518366415448003
2020-08-30,False,132360.20768755357,131421.07493814745,939.1327494061336,0.0,0.0,939.1327494061336,0.007145982863464866,0.007145982863464866,0.0,31180.0691419137,31180.0691419137,939.1327494061336,0.0,8,8,0.029492234842162766,6.781446067765454,7.462327459920593,0.20381010726123946,0.01864050156871728
2020-08-31,False,132123.82941094012,132360.20768755357,-236.37827661345176,0.0,0.0,-236.37827661345176,-0.001785871152238147,-0.001785871152238147,0.0,32119.20189131983,32119.20189131983,-236.37827661345176,0.0,8,8,0.02958103563862121,6.76108850424691,7.462327459920593,0.20632905783450406,0.013921017319644062
2020-09-01,False,133468.53604767966,132123.82941094012,1344.7066367395366,0.0,0.0,1344.7066367395366,0.010177623845257638,0.010177623845257638,0.0,31882.823614706384,31882.823614706384,1344.7066367395366,0.0,8,8,0.02975865440534951,6.720733984667243,7.462327459920594,0.20459455942695312,0.014835076511711355
2020-09-02,False,131321.43721432413,133468.53604767966,-2146.950600995798,0.14823235971882515,0.0,-2147.098833355517,-0.016085818160385245,-0.016086928776895385,148.23235971882514,33079.2978917271,33079.2978917271,-2146.950600995798,0.0,8,8,0.029783399180003497,6.71515023490937,7.462327459920595,0.21061344668622095,0.01809863744259813
2020-09-03,False,126551.7013572764,131321.43721432413,-4769.670478795009,0.06537825272666942,0.0,-4769.735857047736,-0.036320577812521446,-0.03632107566157118,65.37825272666942,30997.725543457967,30997.725543457967,-4769.670478795009,0.0,8,8,0.030388325443280635,6.581474861893825,7.462327459920593,0.20372451138293923,0.015024020887540103
2020-09-04,False,127746.97829162196,126551.7013572764,1209.853460037658,14.576525692099185,0.0,1195.2769343455586,0.009560151677629693,0.009444969301290499,14576.525692099185,28569.238556275133,28569.238556275133,1209.853460037658,0.0,8,8,0.03306272354732344,6.049108438200362,7.467691113080512,0.20342597324561984,0.02088563018481186
2020-09-05,False,125512.50186738328,127746.97829162196,-2233.7016798938957,0.7747443447748381,0.0,-2234.4764242386705,-0.01748535824303242,-0.0174914229214705,774.744344774838,29267.113551941737,29267.113551941737,-2233.7016798938957,0.0,8,8,0.034926944794952196,5.726238042696049,7.467691113080514,0.2060338485033794,0.02046067160550297
2020-09-06,False,127392.09370914077,125512.50186738328,1881.0170008835264,1.4251591260440288,0.0,1879.5918417574824,0.014986690352734838,0.014975335634241936,1425.1591260440287,27664.79795963369,27664.79795963369,1881.0170008835264,0.0,8,8,0.03848858739613224,5.196345554113483,7.467691113080513,0.20196834764220092,0.02154546654601948
2020-09-07,False,127353.97534855496,127392.09370914077,-37.07102287849309,1.0473377073216097,0.0,-38.1183605858147,-0.0002909994003484467,-0.00029922077168184256,1047.3377073216097,28758.09525084959,28758.09525084959,-37.07102287849309,0.0,8,8,0.04208182487473186,4.752645604019196,7.467691113080514,0.2118916431752351,0.025742096945105413
2020-09-08,False,126499.04227985704,127353.97534855496,-850.6896183138658,4.243450384062656,0.0,-854.9330686979284,-0.0066797256700123755,-0.006713045795061073,4243.450384062655,30283.54332013574,30283.54332013574,-850.6896183138658,0.0,8,8,0.039995289075771705,5.000588934889228,7.467691113080513,0.21285596448716937,0.028018766900247235
2020-09-09,False,127199.82222401338,126499.04227985704,702.6021139362858,1.822169779942716,0.0,700.7799441563432,0.005554208959004618,0.005539804345759313,1822.1697799427156,29599.02551820389,29599.02551820389,702.6021139362858,0.0,8,8,0.04308013291697021,4.6425112101085375,7.467691113080514,0.2062023700006132,0.0329884276705662
2020-09-10,False,127643.04609733143,127199.82222401338,444.98835194576844,1.7644786277172428,0.0,443.2238733180512,0.0034983409895187846,0.0034844692828067277,1764.478627717243,30122.549804402515,29918.442252080044,446.48646422298805,-1.4981122772196205,8,8,0.045875777049379375,4.359599179861863,7.467691113080513,0.2064238253287241,0.0359718754679806
2020-09-11,False,128023.8095405398,127643.04609733143,401.34527049918995,20.58182729081169,0.0,380.76344320837825,0.0031442783823346933,0.0029830331917810498,20581.827290811692,29028.827689852948,28373.401295045154,398.21815366894305,3.1271168302469174,8,8,0.0508825336549306,3.9306218781544433,7.00097768383129,0.20580807356327352,0.04074924319632982
2020-09-12,False,129761.65889889335,128023.8095405398,1739.1624054763076,1.3130471227600455,0.0,1737.8493583535476,0.013584679378921211,0.013574423106064838,1313.0471227600456,29415.404794619528,28361.422106428938,1751.0948147059562,-11.93240922964846,8,8,0.05249419942775945,3.8099447592344466,7.000977683831291,0.20579278827323516,0.04188558828302923
2020-09-13,False,130416.08152228431,129761.65889889335,655.0718980509471,0.6492746599913047,0.0,654.4226233909558,0.005048270063820321,0.0050432664698041784,649.2746599913047,31416.434777697083,29451.309851913942,623.3093209833386,31.76257706760861,8,8,0.05197593217421881,3.84793483510055,7.000977683831291,0.21280960075678765,0.03616251095761509
2020-09-14,False,130571.97553722809,130416.08152228431,157.97045602998313,2.076441086205493,0.0,155.89401494377762,0.0012112804968993842,0.0011953588324699043,2076.441086205493,32454.314821255615,28954.73099223325,186.67936452878484,-28.70890849880174,8,8,0.0533584563215357,3.748234371601923,7.000977683831291,0.2107790088070034,0.03731829848994963
2020-09-15,False,128135.7990047011,130571.97553722809,-2435.5322448794536,0.6442876475422289,0.0,-2436.1765325269957,-0.018652794635745137,-0.018657728984366972,644.2876475422288,33064.558199363564,28484.29805878447,-2444.3989106109143,8.866665731460792,8,8,0.05438508516465776,3.6774788417536644,7.000977683831291,0.20683327518620925,0.03316009255165988
2020-09-16,False,128506.0793091479,128135.7990047011,371.43179006610137,1.1514856192962717,0.0,370.2803044468051,0.002898735505231244,0.0028897490578196658,1151.4856192962716,31762.778242317454,25969.16715061612,319.3117636000958,52.12002646600551,8,8,0.054982426211525284,3.637525911107875,7.00097768383129,0.1964638849189187,0.03405937195878797
2020-09-17,False,128430.6362521045,128506.0793091479,-74.15949374398224,1.2835632994293038,0.0,-75.44305704341154,-0.0005770893808500396,-0.0005870777277541688,1283.5632994293037,33313.533278880845,25974.883187103595,10.073198025463434,-84.23269176944565,8,8,0.057136911238226264,3.50036422455742,7.000977683831291,0.19643478924060054,0.0338136161298604
2020-09-18,False,128204.41916569957,128430.6362521045,-224.8570772575086,1.3600091474132427,0.0,-226.21708640492184,-0.0017508056007456245,-0.0017613950456561334,1360.0091474132428,34767.848316088995,26355.473924574115,-319.88250628951545,95.02542903200687,8,8,0.05959826004165774,3.355802667061167,6.853799993016746,0.1969656654331055,0.031930234535849686
2020-09-19,False,128068.28876331101,128204.41916569957,-134.67726774829674,1.4531346402649679,0.0,-136.13040238856172,-0.001050488498171278,-0.0010618230110509537,1453.1346402649679,35806.07502103244,25913.943615150383,-121.08934334321859,-13.58792440507813,8,8,0.06190320729163361,3.2308503670540922,6.853799993016745,0.19388560130409682,0.03460018508623169
2020-09-20,False,127248.16054791042,128068.28876331101,-818.6452573542775,1.482958046309206,0.0,-820.1282154005868,-0.006392255766509492,-0.006403835198550236,1482.9580463092059,37181.53164840351,25908.61506098016,-952.5738221772482,133.92856482297083,8,8,0.0642424605242511,3.1132057889423668,6.853799993016746,0.19499999026591433,0.03430340330324867
2020-09-21,False,124739.77728190298,127248.16054791042,-2506.1022185920356,2.2810474154044607,0.0,-2508.38326600744,-0.019694604682701553,-0.019712530658256584,2281.0474154044605,38376.07667680776,25332.805507791403,-3136.5858505485394,630.4836319565037,8,8,0.06765867607282862,2.9560140932216523,6.853799993016746,0.19350738561412487,0.03561747576714264
2020-09-22,False,125287.60602912905,124739.77728190298,553.1086976417482,5.2799504156821895,0.0,547.8287472260661,0.004434100410422909,0.004391772690021822,5279.9504156821895,39888.9576099849,23171.539422799953,749.3230874851095,-196.21438984336118,8,8,0.07591124769068475,2.6346556812626662,6.853799993016746,0.18958795157925723,0.047834250719345925
2020-09-23,False,123830.73473372092,125287.60602912905,-1454.1726757903084,2.6986196178216955,0.0,-1456.8712954081302,-0.011606676205882783,-0.011628215603939398,2698.6196178216956,43533.11470513506,22978.157290498137,-2050.8106383034205,596.6379625131119,8,8,0.08352022296270971,2.3946296226878663,6.853799993016745,0.19194814017061007,0.05510738331503718
2020-09-24,False,127533.48708322196,123830.73473372092,3709.348075144873,6.595725643839678,0.0,3702.752349501033,0.029954987209930225,0.029901723166411282,6595.725643839678,43385.9727931059,23378.56444236809,4407.166585168394,-697.8185100235213,8,8,0.06600324819872298,3.0301539008783145,6.853799993016745,0.21125871477340558,0.03401517854973815
2020-09-25,False,127078.31364434403,127533.48708322196,-452.66585731199467,2.5075815659315053,0.0,-455.1734388779262,-0.0035493882247304006,-0.0035690503669903013,2507.5815659315053,46146.33297701542,24580.330951581458,1060.9923888927021,-1513.6582462046968,8,8,0.06793557206747272,2.943965788664628,6.838684210520894,0.22523790120525092,0.035337972868380724
2020-09-26,False,127671.02619415679,127078.31364434403,595.7429854491352,3.0304356363742366,0.0,592.7125498127609,0.004687998828159224,0.0046641518353131,3030.4356363742363,45915.74223958962,23935.413155743663,511.69011983382285,84.05286561531229,8,8,0.06716687636198856,2.977658197503808,6.838684210520894,0.21756521518765584,0.03447848349853367
2020-09-27,False,127626.31677374558,127671.02619415679,-43.56398198593905,1.1454384252612462,0.0,-44.7094204112003,-0.00034122058296679435,-0.00035019237914801494,1145.4384252612463,45413.958921226775,23623.640134224803,564.843131165718,-608.4071131516571,8,8,0.06690789116182976,2.9891840338572484,6.838684210520893,0.21353520984947102,0.03146120861835034
2020-09-28,False,127587.09087127488,127626.31677374558,-37.145938015265415,2.0799644554419063,0.0,-39.22590247070732,-0.0002910523390024433,-0.0003073496396534465,2079.9644554419065,44636.519029586,24414.864383624197,-157.36994211211976,120.22400409685434,8,8,0.06569343809084557,3.0444440999331737,6.838684210520894,0.21766813157908865,0.031723998679133995
2020-09-29,False,128447.9499784205,127587.09087127488,862.1372296592075,1.278122513595567,0.0,860.8591071456119,0.006757244982794025,0.006747227335202349,1278.122513595567,43298.813226673126,24380.73227678773,953.2154292292228,-91.07819957001519,8,8,0.06478635972138803,3.0870695754491306,6.838684210520893,0.21436035792683208,0.02967985334321968
2020-09-30,False,128322.95327936093,128447.9499784205,-123.12058026033061,1.8761187992459203,0.0,-124.99669905957653,-0.0009585250701238526,-0.0009731311327317891,1876.1187992459204,42585.48285296577,24914.975842211556,-110.39694718034494,-12.723633079985683,8,8,0.06342133806930092,3.1535127780094876,6.838684210520894,0.21480971839794358,0.03021468810092288
2020-10-01,False,127297.09074952113,128322.95327936093,-1024.8786926709413,0.9838371688496107,0.0,-1025.8625298397908,-0.007986713728757205,-0.00799438061253526,983.8371688496106,41554.80655703626,25197.07270873624,-1208.236942533831,183.35824986288975,8,8,0.06204560290829177,3.2234355155773984,6.838684210520893,0.2132003271860079,0.028013270198880228
2020-10-02,False,127071.25873561107,127297.09074952113,-225.69803198941972,0.13398192063411601,0.0,-225.83201391005383,-0.001773002278846414,-0.0017740547924572532,133.98192063411602,40137.365222056695,24198.040158648157,-597.0915750761828,371.3935430867631,8,8,0.06232146135203592,3.2091673664431233,6.784630045541863,0.20601407602928368,0.02169097708247549
2020-10-03,False,127479.68332042075,127071.25873561107,408.54397601722786,0.1193912075577756,0.0,408.4245848096701,0.0032150777452142724,0.0032141381841463666,119.3912075577756,39288.27131145152,23852.950919100957,426.6025812855925,-18.058605268364662,8,8,0.06294383056075316,3.1774361080068165,6.784630045541862,0.20042979380680434,0.025166695461126983
2020-10-04,False,128010.41714344098,127479.68332042075,530.8655275151633,0.13170449492916236,0.0,530.7338230202341,0.004164314765207178,0.004163281624148942,131.70449492916237,39864.63699293464,24129.790400189027,766.2915847663305,-235.42605725116718,8,8,0.06350472866566663,3.1493717743908505,6.784630045541863,0.2024417070810813,0.024290850192534515
2020-10-05,False,128113.9861248547,128010.41714344098,103.61257152832262,0.043590114609648484,0.0,103.56898141371298,0.0008094073423119966,0.0008090668222544705,43.59011460964848,40822.76452034248,24704.246042313833,131.99888138115028,-28.386309852827672,8,8,0.06304341870369722,3.1724167900855114,6.784630045541862,0.2055309547390764,0.028614081017925858
2020-10-06,False,126899.0199751751,128113.9861248547,-1214.649981792377,0.3161678872141356,0.0,-1214.9661496795911,-0.00948100998597162,-0.00948347784991667,316.1678872141356,40687.00685870293,25104.001466715694,-1466.4587849348577,251.8088031424807,8,8,0.06265022031610837,3.1923271616744313,6.784630045541862,0.20780617053834188,0.02489650414301656
2020-10-07,False,127054.60015129363,126899.0199751751,155.7150742781914,0.13489815966509355,0.0,155.5801761185263,0.0012270786197454756,0.0012260155842729282,134.89815966509354,39103.637430290684,23922.782903402178,241.48595340137052,-85.77087912317914,8,8,0.06342588791937595,3.1532865610684198,6.784630045541862,0.1991370128776407,0.027799004642239476
2020-10-08,False,127728.91588428713,127054.60015129363,684.3285579071558,10.012824913659905,0.0,674.3157329934959,0.005386098237232444,0.005307290977190409,10012.824913659906,34815.76160830537,28877.57456291508,804.8894415324652,-120.56088362530951,8,8,0.05049977242650124,3.96041388683653,6.784630045541863,0.21891004508277234,0.0356860139937
2020-10-09,False,128990.63554677374,127728.91588428713,1262.1875959081428,0.46793342152474904,0.0,1261.719662486618,0.00988176864392704,0.009878105155371726,467.93342152474906,35273.27851193839,29093.96969929748,1305.2277732196121,-43.040177311469385,8,8,0.0507631443302925,3.9398662679106664,6.742847598173903,0.217971317927219,0.032998410967487526
2020-10-10,False,129333.63190934777,128990.63554677374,344.01705341700756,1.020690842993161,0.0,342.9963625740144,0.002666992467776952,0.0026590795612417874,1020.6908429931609,35600.85561947631,29335.466452212466,362.15099332167546,-18.133939904667912,8,8,0.05030589379646398,3.975677299546521,6.742847598173904,0.21766634344484123,0.03258726707331166
2020-10-11,False,129701.94563867869,129333.63190934777,368.67496517475956,0.36123584383830987,0.0,368.31372933092126,0.0028505730468712915,0.002847779992671039,361.23584383830985,35720.431100860325,29418.77405378714,409.9203611139085,-41.2453959391489,8,8,0.04945848512705533,4.043795508216927,6.742847598173903,0.21574713987661395,0.03254464427388301
2020-10-12,False,131217.68551843386,129701.94563867869,1516.303446777181,0.5635670220216039,0.0,1515.7398797551596,0.011690676183079562,0.011686331090033761,563.5670220216039,35983.7379037863,29599.59006483481,1524.365635773577,-8.062188996395953,8,8,0.04823561678825779,4.146313726596462,6.742847598173903,0.21279103382567627,0.03114353167448225
2020-10-13,False,130698.90441804973,131217.68551843386,-517.0429847869062,1.738115597221156,0.0,-518.7811003841274,-0.003940345257151106,-0.003953591303904286,1738.115597221156,36215.298633489314,29815.02641654504,-389.6896477700503,-127.3533370168559,8,8,0.04703220413888175,4.252405424364516,6.742847598173903,0.2118538452978521,0.030851342221603625
2020-10-14,False,130465.57454644106,130698.90441804973,-232.86298667613272,0.4668849325454039,0.0,-233.32987160867813,-0.0017816751235442947,-0.001785247341189303,466.8849325454039,35911.776586212465,29368.5981982745,-179.44123893047697,-53.42174774565575,8,8,0.0459953961178579,4.348261280053401,6.742847598173903,0.2084034911251159,0.03300479124332374
2020-10-15,False,130502.59101256514,130465.57454644106,37.78024253427349,0.7637764101845355,0.0,37.01646612408896,0.0002895801644657233,0.0002837259273396479,763.7764101845355,35383.85690168896,29317.18508029646,62.134921075631155,-24.354678541357664,8,8,0.0452217070223796,4.422654808254425,6.742847598173904,0.20680876212053,0.03249515619964492
2020-10-16,False,129754.49169963111,130502.59101256514,-747.4702480628798,0.6290648711554421,0.0,-748.0993129340353,-0.005727627645269597,-0.005732447970033072,629.064871155442,35065.801570980424,29476.49912814774,-869.2250850405255,121.7548369776457,8,8,0.04482221219842294,4.462073382603748,6.705349285311646,0.20638728498347675,0.03264820741268127
2020-10-17,False,129997.80207896698,129754.49169963111,243.4603791215751,0.14999978570425537,0.0,243.31037933587083,0.0018763156167661767,0.0018751595890731123,149.99978570425537,34120.115818894,28879.028665789112,190.8637332680996,52.596645853475515,8,8,0.04474497462717257,4.469775693615987,6.705349285311646,0.2023952161647692,0.027662715990095125
2020-10-18,False,130521.82680674632,129997.80207896698,524.061625414745,0.0368976354041265,0.0,524.0247277793409,0.0040313114301456,0.0040310275973821676,36.897635404126504,34221.4852709045,29153.941969221523,566.7642410696375,-42.702615654892455,8,8,0.04400548573106833,4.5448879083454345,6.705349285311648,0.20336101665085912,0.027420117805525782
2020-10-19,False,130460.9637737544,130521.82680674632,-60.55683415169906,0.3061988402300101,0.0,-60.86303299192907,-0.00046395944366731036,-0.0004663054025595604,306.1988402300101,34606.86635918762,29718.271427389063,-48.69753897530833,-11.859295176390724,8,8,0.04377232430673401,4.56909709885412,6.705349285311646,0.20611982451141642,0.03022331417713324
2020-10-20,False,129174.90651222959,130460.9637737544,-1285.6755728253056,0.38168869950271866,0.0,-1286.0572615248084,-0.009854867966903312,-0.00985779365968115,381.6886995027187,34333.94119967775,29654.79261047497,-1360.6386130940566,74.96304026875096,8,8,0.04346297066285987,4.601618272975177,6.705349285311647,0.20509760963421644,0.03045632576113843
2020-10-21,False,130666.17184302883,129174.90651222959,1491.5049708613587,0.23964006211149444,0.0,1491.2653307992473,0.01154639868634355,0.011544543526788326,239.64006211149444,33076.39842977869,28547.175921113412,1699.4357321790812,-207.9307613177224,8,8,0.04368192295125649,4.57855301432528,6.705349285311646,0.1957533130909849,0.031039979779170664
2020-10-22,False,132189.64792346858,130666.17184302883,1524.4259636309494,0.9498831911954456,0.0,1523.476080439754,0.011666569412183166,0.011659299870435692,949.8831911954455,34033.881732080044,29647.850946788978,1595.9713180635838,-71.54535443263455,8,8,0.04306492901223684,4.644150230531444,6.705349285311646,0.20306017823687678,0.030315059829141785
2020-10-23,False,132092.7376860476,132189.64792346858,-95.387911275559,1.5223261454347576,0.0,-96.91023742099377,-0.0007215989510069956,-0.0007331151791636521,1522.3261454347578,34179.07225914151,30613.46157360347,-71.11579276842814,-24.27211850713087,8,8,0.04215671021916942,4.744203211308847,6.697641891074057,0.2073639152198553,0.033395263371267324
2020-10-24,False,132464.0905442253,132092.7376860476,372.2757828738243,0.9229246961122078,0.0,371.3528581777121,0.0028182910687992065,0.0028113041237764927,922.9246961122078,33209.30388876801,30781.72615680354,415.4822452347395,-43.20646236091514,8,8,0.041320099381988114,4.840259413489751,6.697641891074057,0.20750964515263376,0.034210168235356976
2020-10-25,False,131826.0839275042,132464.0905442253,-636.5766804675386,1.4299362535733988,0.0,-638.006616721112,-0.004805654708775637,-0.004816449606077226,1429.9362535733987,32238.056342790263,31170.91543545327,-645.5285601690372,8.951879701498648,8,8,0.04024216801386535,4.9699111621195575,6.697641891074056,0.20657101876755282,0.034248293262737484
2020-10-26,False,131606.1663354396,131826.0839275042,-219.3451628136746,0.5724292509227749,0.0,-219.91759206459736,-0.0016638980411061912,-0.001668240347528929,572.4292509227748,31579.03883663673,30965.55729564292,-232.65075310168442,13.305590288009812,8,8,0.039622452614984725,5.047643111430272,6.697641891074057,0.20452628821286956,0.03190795947387314
2020-10-27,False,132161.05829847814,131606.1663354396,555.4943193659192,0.6023563273800744,0.0,554.8919630385391,0.004220883677669538,0.00421630671639065,602.3563273800744,31110.08986563359,30633.809991159284,559.8888576383157,-4.394538272396519,8,8,0.0394685786113177,5.067322083462352,6.697641891074055,0.20145871198146278,0.030923349929228232
2020-10-28,False,131064.0893164478,132161.05829847814,-1096.2921915554534,0.6767904748805397,0.0,-1096.968982030334,-0.008295122675845564,-0.008300243628141149,676.7904748805397,31345.387307028206,31080.615783672794,-1094.309109333318,-1.983082222135373,8,8,0.039263179725001415,5.093830947997495,6.697641891074056,0.20344144092499364,0.030363341849701204
2020-10-29,False,130700.82094289667,131064.0893164478,-363.0329784139256,0.23539513721294883,0.0,-363.26837355113855,-0.0027698889932954887,-0.0027716850240651725,235.39513721294884,30226.244793864385,30219.718729330296,-363.0447745577055,0.011796143779942685,8,8,0.039349685921860084,5.082632689804856,6.697641891074056,0.19878969938389868,0.028524796393022293
2020-10-30,False,130050.47591662336,130700.82094289667,-650.1128923985572,0.23213387475571798,0.0,-650.3450262733129,-0.004974053626507765,-0.00497582969702577,232.133874755718,30088.819625672088,30088.819625672088,-650.1128923985572,0.0,8,8,0.03969324654060926,5.0386405101780865,6.689225448118022,0.19702781276836218,0.026577717633790496
2020-10-31,False,130246.19566921119,130050.47591662336,195.9494995519836,0.2297469641534427,0.0,195.71975258783016,0.0015067188195267256,0.0015049522211153462,229.74696415344272,29668.453697426972,29668.453697426972,195.9494995519836,0.0,8,8,0.040224534032853976,4.972089914991858,6.689225448118022,0.19484812301697,0.029572232863487802
2020-11-01,False,130749.01882604018,130246.19566921119,503.0922773445359,0.26912051553721483,0.0,502.82315682899866,0.003862625505179815,0.0038605592604487927,269.1205155372148,30133.52371251617,30133.52371251617,503.0922773445359,0.0,8,8,0.04066174561854381,4.91862798700875,6.689225448118021,0.19620056197074195,0.032156594048375106
2020-11-02,False,129563.6129442557,130749.01882604018,-1184.9961172070118,0.40976457747071143,0.0,-1185.4058817844825,-0.00906313582959757,-0.009066269807818973,409.7645774707114,30710.981508211284,30710.981508211284,-1184.9961172070118,0.0,8,8,0.04064334852157134,4.920854390081826,6.689225448118021,0.19802526734193368,0.03183802838288629
2020-11-03,False,129260.09932527546,129563.6129442557,-301.4547870200373,2.0588319602049334,0.0,-303.51361898024226,-0.0023266932757558807,-0.0023425837863199133,2058.8319602049332,31584.817351209203,31584.817351209203,-301.4547870200373,0.0,8,8,0.04031282512587315,4.961200297312781,6.689225448118022,0.19016341705491996,0.024554087992039692
2020-11-04,False,129553.53120774415,129260.09932527546,294.22447281038717,0.7925903416958138,0.0,293.43188246869136,0.002276220383136087,0.0022700886352430166,792.5903416958138,32075.95290588498,32075.95290588498,294.22447281038717,0.0,8,8,0.04095110618824289,4.883872955241933,6.689225448118022,0.19259037071983304,0.027020653206107834
2020-11-05,False,131075.34813265086,129553.53120774415,1522.3139306985065,0.49700579180453813,0.0,1521.816924906702,0.01175046265823057,0.011746626361472225,497.00579180453815,32867.183170499906,32867.183170499906,1522.3139306985065,0.0,8,8,0.041211419877379224,4.853023763682046,6.689225448118022,0.19206366595858984,0.024602465061051577
2020-11-06,False,133421.7249377341,131075.34813265086,2347.265938659559,0.8891335763277993,0.0,2346.3768050832314,0.017907760475936934,0.01790097709836827,889.1335763277993,35098.35540021562,35098.35540021562,2347.265938659559,0.0,8,8,0.04120406046456654,4.853890557023868,6.682611850880637,0.1962504612754333,0.030766048954891875
2020-11-07,False,131716.1747517236,133421.7249377341,-1705.2843971818174,0.26578882870644066,0.0,-1705.550186010524,-0.012781159874657952,-0.012783151970239317,265.78882870644065,37179.83251016874,37179.83251016874,-1705.2843971818174,0.0,8,8,0.04049094329038968,4.9393761603837225,6.682611850880638,0.2085111044158121,0.02825810377731068
2020-11-08,False,133302.38256507556,131716.1747517236,1586.2786061172367,0.07079276526934905,0.0,1586.2078133519674,0.012043157259214888,0.012042619794735657,70.79276526934905,35545.34087825628,35545.34087825628,1586.2786061172367,0.0,8,8,0.04042369679564803,4.947593017309881,6.6826118508806385,0.20298580190622711,0.025522027362575604
2020-11-09,False,132795.12700991152,133302.38256507556,-506.5600013036243,0.6955538604099375,0.0,-507.2555551640342,-0.0038000821257364384,-0.0038052999909165327,695.5538604099374,36439.38741876139,36439.38741876139,-506.5600013036243,0.0,8,8,0.03975499841318856,5.030813934925245,6.6826118508806385,0.2060390518184312,0.027249276524371393
2020-11-10,False,133191.09724019995,132795.12700991152,396.0570372740906,0.08680698565264469,0.0,395.97023028843796,0.0029824666476242745,0.002981812956576966,86.8069856526447,35957.86871546096,35957.86871546096,396.0570372740906,0.0,8,8,0.039337650173894984,5.084187772169544,6.682611850880637,0.20389332429012577,0.025038341600874304
2020-11-11,False,133216.47714978413,133191.09724019995,25.73241542299077,0.3525058388080292,0.0,25.37990958418274,0.00019319921493389554,0.00019055259780923658,352.50583880802924,36083.29218089397,36083.29218089397,25.73241542299077,0.0,8,8,0.03903540459593863,5.123553913946332,6.6826118508806385,0.20391509403914126,0.023701000042936463
2020-11-12,False,133051.15113781195,133216.47714978413,-165.15347379641415,0.17253817575550692,0.0,-165.32601197216965,-0.0012397375859948701,-0.0012410327574289676,172.53817575550693,35936.48642056146,35936.48642056146,-165.15347379641415,0.0,8,8,0.03874908587560262,5.161412081876361,6.6826118508806385,0.1999477776297993,0.02612063384965502
2020-11-13,False,133969.62429013292,133051.15113781195,928.5954697880213,10.122317467041288,0.0,918.47315232098,0.0069792366458084915,0.006903158255050663,10122.317467041288,41005.43272593031,33254.03726448385,982.9863339471461,-54.39086415912485,9,9,0.041811064211903,4.783422851577716,7.226393948562535,0.1970582560664534,0.041719448300266006
2020-11-14,False,133310.6630657871,133969.62429013292,-652.8853637953763,6.075860550448203,0.0,-658.9612243458245,-0.00487338355433055,-0.004918736077954038,6075.860550448203,39167.51571918947,39167.51571918947,-652.8853637953763,0.0,9,9,0.038605872898604544,5.180558940482583,7.226393948562535,0.2097390727558117,0.03936055337961165
2020-11-15,False,132646.44034772785,133310.6630657871,-660.2626365176346,3.960081541632878,0.0,-664.2227180592675,-0.004952811885661415,-0.004982517547988507,3960.081541632878,42055.74813789995,42055.74813789995,-660.2626365176346,0.0,9,9,0.03702142559061814,5.402277108709812,7.226393948562535,0.20799867210752182,0.034040275256072366
2020-11-16,False,134403.504138539,132646.44034772785,1759.7504453690326,2.6866545578828998,0.0,1757.0637908111496,0.013266473195631262,0.013246218942664954,2686.6545578829,43808.15527276076,43808.15527276076,1759.7504453690326,0.0,9,9,0.03604088529243046,5.54925325438677,7.226393948562533,0.20977151981522751,0.03317377123583613
2020-11-17,False,136068.01527560395,134403.504138539,1670.4426922701732,5.931555205206607,0.0,1664.5111370649665,0.012428565036134268,0.012384432591498802,5931.555205206607,47500.91243059292,47500.91243059292,1670.4426922701732,0.0,9,9,0.03394683844508315,5.891564845531821,7.226393948562535,0.2144989077371111,0.03434732174107645
2020-11-18,False,135520.7102738265,136068.01527560395,-542.2476500238046,5.057351753644263,0.0,-547.3050017774489,-0.003985122065060545,-0.0040222898869281655,5057.351753644263,49696.62522989116,49696.62522989116,-542.2476500238046,0.0,9,9,0.03228971969493827,6.193921839196144,7.226393948562535,0.2147445022643118,0.0342995061218751
2020-11-19,False,135884.63502314765,135520.7102738265,365.56042926666265,1.635679945492911,0.0,363.9247493211697,0.002697450659224182,0.0026853810652692216,1635.679945492911,49885.488567419125,49885.488567419125,365.56042926666265,0.0,9,9,0.031712419545820485,6.306677411069975,7.226393948562535,0.2141217222297255,0.03307949412419829
2020-11-20,False,137895.4076605312,135884.63502314765,2011.762288312965,0.9896509294045922,0.0,2010.7726373835603,0.014804928371557724,0.014797645348504852,989.6509294045923,50643.17158017245,50643.17158017245,2011.762288312965,0.0,9,9,0.031467063845662106,6.355851978467035,7.2024586280552985,0.21413021146289468,0.03331465500152627
2020-11-21,False,144638.18392507214,137895.4076605312,6745.000490008935,2.224225468004219,0.0,6742.776264540931,0.04891388773884098,0.048897757937959724,2224.2254680042192,53924.53435520722,53924.53435520722,6745.000490008935,0.0,9,9,0.030701906961091822,6.514253341118444,7.202458628055299,0.21216679460299434,0.03107511377875034
2020-11-22,False,142923.5700058148,144638.18392507214,-1705.583480609878,9.030438647467355,0.0,-1714.6139192573455,-0.011792069247035296,-0.011854503926470607,9030.438647467356,51639.0961977488,51639.0961977488,-1705.583480609878,0.0,9,9,0.030144256793457894,6.6347630120841234,7.202458628055299,0.21764271585992181,0.03008378910965663
2020-11-23,False,146750.68645851995,142923.5700058148,3827.1876011309564,0.07114842581082416,0.0,3827.1164527051455,0.026777861768882825,0.02677736396137768,71.14842581082416,49862.36429132811,49862.36429132811,3827.1876011309564,0.0,9,9,0.029555300887514083,6.766975601472963,7.202458628055299,0.21054777626666887,0.025047182858612526
2020-11-24,False,151303.5601343622,146750.68645851995,4556.479450214896,3.6057743726358384,0.0,4552.87367584226,0.03104911847552287,0.031024547725909003,3605.7743726358385,51108.503181132095,51108.503181132095,4556.479450214896,0.0,9,9,0.02899337084023214,6.898128579187955,7.202458628055299,0.2101954647868237,0.03053933613670697
2020-11-25,False,146738.68170673595,151303.5601343622,-4558.957183409689,5.921244216547266,0.0,-4564.878427626236,-0.030131195719130435,-0.030170330582918764,5921.244216547266,50274.70384790735,50274.70384790735,-4558.957183409689,0.0,9,9,0.02854625107058785,7.006173928248906,7.2024586280553,0.2097543377922546,0.02945498393922661
2020-11-26,False,141636.09062564909,146738.68170673595,-5102.050141193436,0.5409398934184435,0.0,-5102.591081086854,-0.03476963321362065,-0.0347733196300933,540.9398934184435,46067.43058595523,46067.43058595523,-5102.050141193436,0.0,9,9,0.028485753234950294,7.02105358950495,7.202458628055301,0.20694525223010568,0.024456814539751272
2020-11-27,False,141868.21777624096,141636.09062564909,244.04406365173622,11.916913059868294,0.0,232.12715059186792,0.0017230358630608937,0.0016388983172755806,11916.913059868293,38230.667226930396,38230.667226930396,244.04406365173622,0.0,9,9,0.028830144395962237,6.937183430410106,7.281244318070531,0.19295462761815446,0.02652827031231838
2020-11-28,False,143910.87313648395,141868.21777624096,2042.7718480840938,0.1164878411034324,0.0,2042.6553602429904,0.014399080217572186,0.014398259118647215,116.4878411034324,38466.777404283355,38466.777404283355,2042.7718480840938,0.0,9,9,0.02884740498329332,6.933032628613492,7.281244318070532,0.19367577126353905,0.025452311347029983
2020-11-29,False,144941.32602824454,143910.87313648395,1030.7311658575713,0.27827409698550126,0.0,1030.4528917605858,0.0071622883204942684,0.0071603546646771595,278.2740969855013,40231.27515538195,40231.27515538195,1030.7311658575713,0.0,9,9,0.028825931606472434,6.938197270789784,7.281244318070531,0.20153936992794128,0.022149209479530325
2020-11-30,False,147467.2536303509,144941.32602824454,2526.238786320302,0.31118421394261986,0.0,2525.9276021063597,0.01742938922628607,0.017427242259492888,311.18421394261986,40950.822107296895,40950.822107296895,2526.238786320302,0.0,9,9,0.028717688948741805,6.964348710544917,7.281244318070531,0.2037438600474142,0.01851696549694759
2020-12-01,False,144891.11841527946,147467.2536303509,-2575.3445387421975,0.7906763292526302,0.0,-2576.13521507145,-0.017463840109192583,-0.01746920181702797,790.6763292526302,42686.38456436457,42686.38456436457,-2575.3445387421975,0.0,9,9,0.028539854635385484,7.007744172320612,7.281244318070531,0.20987234481064532,0.01670999113074557
2020-12-02,False,145678.9772124931,144891.11841527946,787.8587972136443,0.0,0.0,787.8587972136443,0.005437592074867722,0.005437592074867722,0.0,40111.04002562237,40111.04002562237,787.8587972136443,0.0,9,9,0.02859584897953842,6.99402210940157,7.281244318070531,0.2026005939525,0.011339464879591712
2020-12-03,False,146223.45232135433,145678.9772124931,544.4751088612153,0.0,0.0,544.4751088612153,0.0037374995299906755,0.0037374995299906755,0.0,40898.898822836025,40898.898822836025,544.4751088612153,0.0,9,9,0.028574175046167032,6.999327178365144,7.281244318070532,0.20563496404642342,0.014260325032327143
2020-12-04,False,143286.69822533504,146223.45232135433,-2936.6444131178196,0.10968290145432093,0.0,-2936.7540960192737,-0.020083265485101358,-0.02008401558981926,109.68290145432093,41333.69103024292,41333.69103024292,-2936.6444131178196,0.0,9,9,0.02848675874356551,7.020805764544038,7.296734251543875,0.20708705202242222,0.014522809280392079
2020-12-05,False,144814.30402778237,143286.69822533504,1527.6058024473311,0.0,0.0,1527.6058024473311,0.010661183636494945,0.010661183636494945,0.0,38397.0466171251,38397.0466171251,1527.6058024473311,0.0,9,9,0.028632952315791858,6.984959070731052,7.296734251543875,0.19897829420348379,0.01084573064171553
2020-12-06,False,145081.49504977142,144814.30402778237,267.3837269255974,0.19270493654350504,0.0,267.19102198905387,0.0018463903046089998,0.0018450596008650756,192.70493654350503,39731.947483028925,39731.947483028925,267.3837269255974,0.0,9,9,0.02864791532227079,6.981310777769603,7.296734251543875,0.2038902374803105,0.010291435838400203
2020-12-07,False,144498.36390168229,145081.49504977142,-583.1021047058057,0.029043383328467825,0.0,-583.1311480891342,-0.004019134931755201,-0.004019335118438683,29.043383328467826,39970.28782662606,39970.28782662606,-583.1021047058057,0.0,9,9,0.02867843707038863,6.973880742144981,7.296734251543873,0.20527351975765765,0.011793681264645296
2020-12-08,False,141994.80475163588,144498.36390168229,-2503.5364293062044,0.022720740207955715,0.0,-2503.5591500464125,-0.01732570779147111,-0.017325865030207898,22.720740207955714,39364.46498171229,39364.46498171229,-2503.5364293062044,0.0,9,9,0.028747610500451704,6.957099964772984,7.296734251543875,0.2026604405524836,0.010489340960477907
2020-12-09,False,142768.9345408576,141994.80475163588,774.1734192508541,0.04363002914225035,0.0,774.1297892217118,0.005452124960522086,0.005451817695554057,43.63002914225035,36817.29852326384,36817.29852326384,774.1734192508541,0.0,9,9,0.029019345517615435,6.891954192371267,7.296734251543874,0.19456587610830012,0.013911247961877173
2020-12-10,False,141842.78315442914,142768.9345408576,-926.0288944663297,0.12249196212821971,0.0,-926.151386428458,-0.0064862072231919535,-0.006487065196689635,122.49196212821971,37468.979980386466,37468.979980386466,-926.0288944663297,0.0,9,9,0.029254712650675092,6.83650536541451,7.2967342515438744,0.1975671094933997,0.010773958990252637
2020-12-11,False,140932.3736340186,141842.78315442914,-910.1946826639452,0.21483774660975724,0.0,-910.4095204105549,-0.006416926278674219,-0.0064184408974784475,214.83774660975723,36328.11333931038,36328.11333931038,-910.1946826639452,0.0,9,9,0.029456900822155282,6.789580519943053,7.326386725042523,0.19383862021182255,0.014199312686959006
2020-12-12,False,142101.3064911727,140932.3736340186,1169.5692291458186,0.6363719917211783,0.0,1168.9328571540973,0.008298797494059273,0.00829428205182757,636.3719917211783,35629.71186370862,35629.71186370862,1169.5692291458186,0.0,9,9,0.02980186288909041,6.710989871482637,7.326386725042524,0.1895888378404561,0.018985831143890474
2020-12-13,False,143582.04168844022,142101.3064911727,1481.027504388501,0.2923071209846953,0.0,1480.7351972675162,0.010422335592533782,0.010420278559222812,292.3071209846953,36670.2297706872,36670.2297706872,1481.027504388501,0.0,9,9,0.030002992430177688,6.666001748506775,7.326386725042523,0.1939939826833477,0.014014803351525778
2020-12-14,False,143877.56047227242,143582.04168844022,295.6703635836749,0.15157975147015715,0.0,295.51878383220475,0.002059243343434636,0.002058187642110935,151.57975147015713,37999.67752360554,37999.67752360554,295.6703635836749,0.0,9,9,0.03006184180095944,6.652952314904967,7.326386725042523,0.19994813687411575,0.008837281028786833
2020-12-15,False,143332.7916355389,143877.56047227242,-544.6550823383466,0.11375439517821179,0.0,-544.7688367335248,-0.003785545713664714,-0.0037863363469977014,113.75439517821178,38382.59296671164,38382.59296671164,-544.6550823383466,0.0,9,9,0.0301072769218893,6.642912293891026,7.326386725042523,0.2014894450608731,0.011240914057897303
2020-12-16,False,146460.6626337592,143332.7916355389,3128.1145553244373,0.2435571041229323,0.0,3127.8709982203145,0.021824137516825087,0.021822438274793004,243.5571041229323,37918.02863346555,37918.02863346555,3128.1145553244373,0.0,9,9,0.03013435222493934,6.636943728111036,7.326386725042523,0.19929127050685336,0.00981602215537198
2020-12-17,False,147156.1020365125,146460.6626337592,695.8350889752039,0.3956862219220452,0.0,695.4394027532819,0.004751003282807856,0.004748301627531918,395.6862219220452,40650.45696686794,40650.45696686794,695.8350889752039,0.0,9,9,0.029959552102544435,6.675667223443377,7.326386725042523,0.21373807429274966,0.019025326210493465
2020-12-18,False,148067.73246781863,147156.1020365125,912.4887364698212,0.8583051636879958,0.0,911.6304313061332,0.006200821602650319,0.006194988985777422,858.3051636879959,40487.986892155146,40487.986892155146,912.4887364698212,0.0,9,9,0.029690105805524503,6.736250834201661,7.318703679425896,0.2122923328340802,0.018518575529913518
2020-12-19,False,149426.94241692856,148067.73246781863,1359.60182328561,0.3918741756696795,0.0,1359.2099491099402,0.009182296511369275,0.009179649924100471,391.8741756696795,41008.60145295529,41008.60145295529,1359.60182328561,0.0,9,9,0.029366917264270733,6.810384563017449,7.318703679425896,0.21346211031204523,0.021026288925032305
2020-12-20,False,150144.85476714664,149426.94241692856,719.4414558819723,1.5291056639034108,0.0,717.9123502180688,0.004814670261234408,0.004804437128981477,1529.105663903411,40839.097612337486,40839.097612337486,719.4414558819723,0.0,9,9,0.02906934498620314,6.880099984878359,7.318703679425894,0.21070531054396863,0.01834921802045561
2020-12-21,False,148076.9426054258,150144.85476714664,-2066.912416164171,0.999745556654404,0.0,-2067.9121617208257,-0.013766122184937066,-0.013772780725172793,999.745556654404,40558.793511565054,40558.793511565054,-2066.912416164171,0.0,9,9,0.02876780559739049,6.952216057040578,7.318703679425895,0.20872053808256652,0.016651157291442915
2020-12-22,False,148715.21904315965,148076.9426054258,638.2764377338399,0.0,0.0,638.2764377338399,0.004310437712335994,0.004310437712335994,0.0,38491.88109540089,38491.88109540089,638.2764377338399,0.0,9,9,0.028594089004008023,6.994452593749921,7.318703679425896,0.201830502128571,0.013401199154960743
2020-12-23,False,143894.75124973652,148715.21904315965,-4820.115112596889,0.35268082625363334,0.0,-4820.467793423143,-0.032411713768165255,-0.032414085286215144,352.6808262536333,38907.59657165861,38907.59657165861,-4820.115112596889,0.0,9,9,0.02851098476233526,7.0148401280131205,7.318703679425894,0.203639355936567,0.01732560780431747
2020-12-24,False,147022.51956249902,143894.75124973652,3128.272552491058,0.5042397285705913,0.0,3127.7683127624873,0.021740004588921974,0.02173650036292213,504.2397285705913,34591.72118763231,34591.72118763231,3128.272552491058,0.0,9,9,0.029134487817531068,6.864716526084052,7.318703679425896,0.19537480246522831,0.01483127114897856
2020-12-25,False,147891.283847683,147022.51956249902,879.8904289926877,11.126143808721478,0.0,868.7642851839662,0.0059847323499217266,0.005909055890003681,11126.143808721477,38614.9117528944,38614.9117528944,879.8904289926877,0.0,10,10,0.029763138297136293,6.719721489156381,7.911165514231503,0.21220659323932994,0.026966638991808095
2020-12-26,False,148044.4593822789,147891.283847683,154.061355127191,0.8858205312918269,0.0,153.1755345958992,0.0010417203172423787,0.0010357306435561044,885.8205312918269,39130.431292716465,39130.431292716465,154.061355127191,0.0,10,10,0.029587535500329436,6.759603211892155,7.911165514231503,0.21243900359481863,0.024767582156788096
2020-12-27,False,148352.60720151107,148044.4593822789,308.64798208181827,0.500162849641466,0.0,308.1478192321768,0.002084833051974141,0.0020814545881550394,500.162849641466,39098.906997360325,39098.906997360325,308.64798208181827,0.0,10,10,0.02961209020062815,6.753998067848567,7.911165514231501,0.21121425877137806,0.02227853096574003
2020-12-28,False,151453.00525714087,148352.60720151107,3100.9835842844773,0.5855286546629741,0.0,3100.3980556298143,0.0209027912807244,0.020898844409377084,585.5286546629741,39222.8998216911,39222.8998216911,3100.9835842844773,0.0,10,10,0.029724030588490956,6.728562581867323,7.9111655142315005,0.21036235073551246,0.022752404838669138
2020-12-29,False,153324.88031393365,151453.00525714087,1873.2231078843936,1.3480510916155253,0.0,1871.875056792778,0.012368345578247102,0.012359444790248034,1348.0510916155251,40975.83231436006,40975.83231436006,1873.2231078843936,0.0,10,10,0.028670969685082925,6.975697096985771,7.911165514231501,0.22002212340399904,0.02494459197746703
2020-12-30,False,152893.44292680855,153324.88031393365,-429.5268169280371,1.910570197050699,0.0,-431.43738712508775,-0.00280141628709299,-0.002813877214459369,1910.570197050699,40938.485225193755,40938.485225193755,-429.5268169280371,0.0,10,10,0.027974165886256556,7.149453564163574,7.911165514231502,0.2194601293036267,0.023712528701269386
2020-12-31,False,154710.27884434434,152893.44292680855,1817.3332615944335,0.49734405864287284,0.0,1816.8359175357905,0.011886273386258998,0.01188302050602344,497.3440586428728,40011.61434962285,40011.61434962285,1817.3332615944335,0.0,10,10,0.02802932954411239,7.135382945398006,7.911165514231502,0.2144258587215881,0.02189431437810075
2021-01-01,False,155151.24189849195,154710.27884434434,443.12890433156,2.1658501839620214,0.0,440.963054147598,0.0028642499234158626,0.002850250529192411,2165.850183962021,39663.097427255256,39663.097427255256,443.12890433156,0.0,10,10,0.028856252340859694,6.9309069534578915,7.7173613692961,0.21002333985750257,0.016996378748478577
2021-01-02,False,161015.74568602454,155151.24189849195,5865.944353233317,1.4405657007210413,0.0,5864.503787532596,0.03780791105153463,0.03779862613906411,1440.5657007210414,39027.14747856354,39027.14747856354,5865.944353233317,0.0,10,10,0.02907386208363279,6.87903104942465,7.717361369296099,0.20622190555164782,0.018550780552239146
2021-01-03,False,164843.44583066864,161015.74568602454,3834.170564615819,6.470419971721167,0.0,3827.7001446440977,0.023812395168434808,0.02377221015457698,6470.419971721167,39488.122821616525,39488.122821616525,3834.170564615819,0.0,10,10,0.029546004799147686,6.769104701620079,7.717361369296099,0.20933923444748936,0.01747828152094423
2021-01-04,False,164229.79889751202,164843.44583066864,-611.6539262801776,1.9930068764488547,0.0,-613.6469331566265,-0.0037105140771473803,-0.0037226043781381523,1993.0068764488547,41329.2865097835,41329.2865097835,-611.6539262801776,0.0,10,10,0.02962333550655516,6.751434184571933,7.717361369296098,0.21725674975969292,0.02265019537243528
2021-01-05,False,165623.80944211193,164229.79889751202,1394.4975584409085,0.48701384099766326,0.0,1394.0105445999109,0.008491136004563629,0.008488170563186565,487.01384099766324,40230.618742505656,40230.618742505656,1394.4975584409085,0.0,10,10,0.029698568728969928,6.734331267786212,7.717361369296098,0.21155900217539772,0.019632337850950282
2021-01-06,False,168212.13148702984,165623.80944211193,2588.948571869672,0.6265269517684439,0.0,2588.3220449179034,0.015631499967246856,0.01562771713581773,626.526951768444,41048.24734911277,41048.24734911277,2588.948571869672,0.0,10,10,0.02981758950539502,6.707450310958677,7.717361369296099,0.21250092426422199,0.02114957191602577
2021-01-07,False,167982.30463732113,168212.13148702984,-227.9548795773431,1.8719701313685095,0.0,-229.8268497087116,-0.0013551631357511201,-0.001366291763126684,1871.9701313685093,41765.225789613934,41765.225789613934,-227.9548795773431,0.0,10,10,0.029853541524324508,6.699372663609812,7.717361369296098,0.21329693160443924,0.019923205317883358
2021-01-08,False,167488.33368076108,167982.30463732113,-476.94567838045435,17.025278179586046,0.0,-493.9709565600404,-0.002839261429411833,-0.0029406130462761456,17025.278179586043,36828.344341343094,36828.344341343094,-476.94567838045435,0.0,10,10,0.03570337972392226,5.601710581645424,7.340036539714086,0.20653490016598178,0.021689887071966042
2021-01-09,False,169774.84791733418,167488.33368076108,2286.8855231494113,0.3712865763054351,0.0,2286.514236573106,0.013653998895877125,0.013651782105201942,371.2865763054351,36459.97518741457,36459.97518741457,2286.8855231494113,0.0,10,10,0.035414592604062545,5.6473895446437306,7.340036539714087,0.205320208967817,0.019906438433329086
2021-01-10,False,168274.72237369494,169774.84791733418,-1499.4210145639177,0.7045290753253229,0.0,-1500.125543639243,-0.008831820690506566,-0.008835970475259539,704.529075325323,38042.331635238654,38042.331635238654,-1499.4210145639177,0.0,10,10,0.03513804961963416,5.69183555049241,7.340036539714086,0.21381159870520838,0.02079932220103834
2021-01-11,False,164060.02620941855,168274.72237369494,-4214.574833962103,0.1213303142822183,0.0,-4214.696164276385,-0.02504579876591693,-0.025046519791110562,121.3303142822183,36421.58030639253,36421.58030639253,-4214.574833962103,0.0,10,10,0.034986856812278935,5.716432346955166,7.340036539714087,0.2075126341344774,0.021280966265982363
2021-01-12,False,163141.08411025006,164060.02620941855,-917.9899510598639,0.95214810862769,0.0,-918.9420991684916,-0.005595451690883387,-0.005601255347816932,952.1481086276899,33159.15358105811,33159.15358105811,-917.9899510598639,0.0,10,10,0.03514765462261036,5.690280109653198,7.340036539714086,0.19996045417095826,0.014848954035377391
2021-01-13,False,168187.32080721724,163141.08411025006,5046.728018848836,0.49132188163750107,0.0,5046.236696967198,0.03093474612096042,0.03093173448300106,491.32188163750106,32732.485511635747,32732.485511635747,5046.728018848836,0.0,10,10,0.03527191989249403,5.670232882405718,7.340036539714086,0.19927879514922117,0.012463695540616054
2021-01-14,False,173014.6066606186,168187.32080721724,4830.204768278514,2.918914877173593,0.0,4827.28585340134,0.02871919681635859,0.028701841674109076,2918.9148771735927,34860.298653310994,34860.298653310994,4830.204768278514,0.0,10,10,0.035275959393945046,5.669583575785867,7.340036539714086,0.2120383174286945,0.0174837094451384
2021-01-15,False,172208.54083814716,173014.6066606186,-786.5798168595342,19.486005611882696,0.0,-806.0658224714168,-0.004546320290762911,-0.004658946652131959,19486.005611882698,35188.287044919314,35188.287044919314,-786.5798168595342,0.0,11,11,0.033345554529331634,5.9978009909559225,7.9697987017979575,0.21476712619900032,0.02503729155512918
2021-01-16,False,173601.77561249313,172208.54083814716,1393.736528179194,0.5017538332324839,0.0,1393.2347743459616,0.00809330664667276,0.008090393005858024,501.7538332324839,34216.02179360961,34216.02179360961,1393.736528179194,0.0,11,11,0.033490952075299736,5.971762150873702,7.969798701797958,0.2111944721669074,0.019114730696260705
2021-01-17,False,175001.55866109295,173601.77561249313,1400.5387312312512,0.7556826314489825,0.0,1399.7830485998022,0.008067536903294568,0.008063183937267676,755.6826314489824,34854.07569033982,34854.07569033982,1400.5387312312512,0.0,11,11,0.03363575498063455,5.946053540797524,7.9697987017979575,0.21456426572271708,0.017850402394609628
2021-01-18,False,175124.0604420084,175001.55866109295,123.61914000897846,1.1173590935146585,0.0,122.5017809154638,0.0007063887942185624,0.0007000039419803116,1117.3590935146585,35137.25532805641,35137.25532805641,123.61914000897846,0.0,11,11,0.03376816879735531,5.922737510589079,7.9697987017979575,0.21561170527517945,0.020396014753123207
2021-01-19,False,174386.8963719737,175124.0604420084,-737.1586447474347,0.0054252872450438186,0.0,-737.1640700346798,-0.004209351033129692,-0.004209382012809077,5.425287245043819,35255.44918082035,35255.44918082035,-737.1586447474347,0.0,11,11,0.03384069328926089,5.9100444039504545,7.9697987017979575,0.2157338695511529,0.020026118556027626
2021-01-20,False,174840.73289680877,174386.8963719737,454.06827266313474,0.231747828066043,0.0,453.8365248350687,0.0026037981184927465,0.002602469189353646,231.74782806604298,34286.54270800687,34286.54270800687,454.06827266313474,0.0,11,11,0.033888965668163934,5.901625973432544,7.9697987017979575,0.21092520666334072,0.017667478694583003
2021-01-21,False,169750.72408579921,174840.73289680877,-5090.008811009541,0.0,0.0,-5090.008811009541,-0.02911225963582337,-0.02911225963582337,0.0,34740.61098067001,34740.61098067001,-5090.008811009541,0.0,11,11,0.033896436473220236,5.900325249765099,7.9697987017979575,0.21147227250156575,0.018183061839346256
2021-01-22,False,172681.16541807225,169750.72408579921,2939.0239160656847,8.582583792649425,0.0,2930.441332273035,0.017313763648985542,0.01726320372449113,8582.583792649424,33286.779949266725,33286.779949266725,2939.0239160656847,0.0,12,12,0.025140868789432395,7.9551745675577905,8.462400054477612,0.21303481965533955,0.02106182365557868
2021-01-23,False,173618.3099739351,172681.16541807225,938.9319329599131,1.787377097072898,0.0,937.1445558628402,0.005437373153503442,0.005427022417841302,1787.377097072898,34438.426768259524,34438.426768259524,938.9319329599131,0.0,12,12,0.02524702350780722,7.9217258992195,8.462400054477612,0.21742784022875616,0.019738686862260522
2021-01-24,False,174045.5180527667,173618.3099739351,427.77066137039145,0.562582538796951,0.0,427.2080788315945,0.0024638568445609892,0.0024606165034997186,562.582538796951,34814.77616242249,34814.77616242249,427.77066137039145,0.0,12,12,0.025305872244925455,7.903303947173987,8.462400054477612,0.21859341139039087,0.019332468493674614
2021-01-25,False,173260.8404874867,174045.5180527667,-784.219143425628,0.45842185437566924,0.0,-784.6775652800036,-0.004505827855836369,-0.004508461775166809,458.4218543756692,34784.12496941721,34784.12496941721,-784.219143425628,0.0,12,12,0.025351817882904172,7.888980621577779,8.462400054477612,0.2161580679260281,0.01738059305727755
2021-01-26,False,173772.67012373943,173260.8404874867,511.82963625270924,0.0,0.0,511.82963625270924,0.0029540987727672643,0.0029540987727672643,0.0,33999.90582599158,33999.90582599158,511.82963625270924,0.0,12,12,0.025387806996167477,7.877797402122675,8.462400054477612,0.2086295540221884,0.01499163474196527
2021-01-27,False,170797.42385090305,173772.67012373943,-2974.7023547672334,0.5439180691326192,0.0,-2975.246272836366,-0.017118355565630763,-0.01712148562094237,543.9180691326192,33967.81739311166,33967.81739311166,-2974.7023547672334,0.0,12,12,0.02545839399621167,7.855955094015787,8.462400054477612,0.20777370577328677,0.015634023722220634
2021-01-28,False,195597.3023063196,170797.42385090305,24800.554358771587,0.6759033550424065,0.0,24799.878455416547,0.14520449898835205,0.14520054164906787,675.9033550424065,31669.018393386843,31669.018393386843,24800.554358771587,0.0,12,12,0.02567256836047202,7.790416494048154,8.462400054477612,0.198745907324395,0.01293849274981396
2021-01-29,False,196653.57549432004,195597.3023063196,1090.7836571732405,34.51046917278041,0.0,1056.27318800046,0.005576680477243976,0.005400244152377212,34510.46917278042,32859.62418717984,29258.56169691688,1218.7609252582,-127.97726808495946,12,12,0.036643313473434885,5.458021697328026,8.425053467907881,0.1905141469851153,0.028646329269684766
2021-01-30,False,195238.27032812373,196653.57549432004,-1414.5645500668043,0.7406161295089173,0.0,-1415.3051661963132,-0.007193179918092368,-0.007196946013509892,740.6161295089173,33465.74625101408,29608.729224581202,-315.18535880505,-1099.3791912617542,12,12,0.03566116251081549,5.608342126798111,8.425053467907881,0.19370683355603402,0.0232803209352216
2021-01-31,False,196063.451035387,195238.27032812373,829.8291135325447,4.648406269286954,0.0,825.1807072632578,0.004250340428328458,0.004226531539520568,4648.406269286954,31647.183137651333,30113.811735303538,917.9083386449234,-88.0792251123789,12,12,0.0341387144651005,5.858451413115073,8.425053467907881,0.19307814083095146,0.020465545637041158
2021-02-01,False,197442.64505787438,196063.451035387,1382.2128237761226,3.0188012887445357,0.0,1379.194022487378,0.007049824005834981,0.007034426942931097,3018.8012887445357,30618.5720480857,30618.5720480857,1382.2128237761226,0.0,12,12,0.03254076292118682,6.146137399556262,8.425053467907881,0.19816459286490415,0.01858984489916081
2021-02-02,False,199064.58540555986,197442.64505787438,1623.3090261128823,1.3686784273896426,0.0,1621.9403476854927,0.008221673821463736,0.008214741791015156,1368.6784273896426,31518.992010240716,31518.992010240716,1623.3090261128823,0.0,12,12,0.031919501402075556,6.265762033080977,8.42505346790788,0.1996475990649079,0.015839035955305145
2021-02-03,False,202112.536771748,199064.58540555986,3049.9694458987315,2.018079710576444,0.0,3047.951366188155,0.015321507035944858,0.01531136922209683,2018.0797105764443,32473.23576014135,32473.23576014135,3049.9694458987315,0.0,12,12,0.03132520043484373,6.384635923272034,8.425053467907881,0.20175371828756758,0.01330290083249721
2021-02-04,False,204817.8680905819,202112.536771748,2707.521606406471,2.190287572562841,0.0,2705.3313188339084,0.013396109165974992,0.013385272195604191,2190.287572562841,34014.80268304127,34014.80268304127,2707.521606406471,0.0,12,12,0.030667263713328608,6.521612161735708,8.425053467907881,0.2097716804103933,0.01459711225945652
2021-02-05,False,207008.42567786132,204817.8680905819,2193.569935526045,3.012348246618599,0.0,2190.557587279426,0.0107098563029468,0.010695148854447792,3012.3482466185988,34491.395139533895,34491.395139533895,2193.569935526045,0.0,12,12,0.030503673035444018,6.556587456455103,8.186485415747352,0.20747315415681983,0.014637209647917803
2021-02-06,False,207578.80964552445,207008.42567786132,573.1026087845325,2.7186411213940795,0.0,570.3839676631385,0.002768498948329635,0.0027553659509045704,2718.6411213940796,35181.8864536978,35181.8864536978,573.1026087845325,0.0,12,12,0.029853548968300957,6.6993709931225816,8.186485415747354,0.20810485338842824,0.016238191123220523
2021-02-07,False,209787.25572382318,207578.80964552445,2210.1914766850173,1.7453983862902016,0.0,2208.446078298727,0.010647481216696873,0.010639072851752153,1745.3983862902016,34955.846370721534,34955.846370721534,2210.1914766850173,0.0,12,12,0.029350448004771736,6.814206037587039,8.186485415747352,0.20717987567925947,0.016200674199363253
2021-02-08,False,214257.45483368298,209787.25572382318,4472.948664055352,2.749554195550613,0.0,4470.199109859802,0.021321355525732298,0.021308249132848404,2749.5541955506133,35247.28686812952,35247.28686812952,4472.948664055352,0.0,12,12,0.029020058824132167,6.891784789687825,8.186485415747354,0.20986100588783266,0.01447726051361457
2021-02-09,False,215597.94513802216,214257.45483368298,1343.8748018845713,3.3844975453956585,0.0,1340.4903043391757,0.006272242909483603,0.006256446504415584,3384.497545395658,36492.2060735332,36492.2060735332,1343.8748018845713,0.0,12,12,0.028614735671169282,6.989405818677878,8.186485415747354,0.21367259003395436,0.018563480533639407
2021-02-10,False,219672.3405621367,215597.94513802216,4076.346841277894,1.9514171633395665,0.0,4074.3954241145543,0.01890716926206456,0.01889811807578312,1951.4171633395663,36498.64457734496,36498.64457734496,4076.346841277894,0.0,12,12,0.02819719950157224,7.092902966794566,8.186485415747354,0.21163633373044438,0.0190087468855401
2021-02-11,False,220128.630784134,219672.3405621367,460.88217846115697,4.59195646384282,0.0,456.2902219973141,0.0020980437376948305,0.0020771400752123705,4591.95646384282,36303.06654186181,36303.06654186181,460.88217846115697,0.0,12,12,0.027812556036400097,7.190996747592959,8.186485415747354,0.21182381461785502,0.016774806295709304
2021-02-12,False,221976.13149686132,220128.630784134,1854.455401016951,6.954688289643921,0.0,1847.5007127273072,0.00842441709836235,0.00839282335126607,6954.688289643921,36046.03680765651,36046.03680765651,1854.455401016951,0.0,12,12,0.0283201059579392,7.062120470065983,7.923150853760963,0.20301670955118212,0.013936257724147805
2021-02-13,False,222106.87653306936,221976.13149686132,131.04186779476424,0.29683158671259,0.0,130.74503620805166,0.000590342154857389,0.00058900493186539,296.83158671259,37603.660621960866,37603.660621960866,131.04186779476424,0.0,12,12,0.02789009052370177,7.171005767443978,7.923150853760963,0.2097941452558305,0.015473188063570393
2021-02-14,False,220914.1176857336,222106.87653306936,-1191.8408973818518,0.9179499539051008,0.0,-1192.7588473357569,-0.005366069326558646,-0.005370202246566498,917.9499539051008,37487.38945376124,37487.38945376124,-1191.8408973818518,0.0,12,12,0.02752246026185525,7.266792216144643,7.923150853760963,0.20913162932711613,0.016797677842885446
2021-02-15,False,219909.3978105443,220914.1176857336,-1003.5671339722486,1.1527412170505562,0.0,-1004.7198751892992,-0.004542793120174854,-0.004548011171556661,1152.7412170505563,36962.467706253,36962.467706253,-1003.5671339722486,0.0,12,12,0.02726905814987402,7.334320052448309,7.923150853760963,0.20677940271185188,0.017160689207189956
2021-02-16,False,219136.2235268536,219909.3978105443,-772.3008306964481,0.8734529942401237,0.0,-773.1742836906882,-0.0035119046224745634,-0.0035158764990880064,873.4529942401236,36810.685205886504,36810.685205886504,-772.3008306964481,0.0,12,12,0.027168120954111932,7.361569110274803,7.923150853760963,0.20705207916203783,0.017064047464081297
2021-02-17,False,220544.70092575665,219136.2235268536,1409.2756087550126,0.7982098519715981,0.0,1408.477398903041,0.006431048167544586,0.0064274056394443705,798.209851971598,36469.8446120528,36469.8446120528,1409.2756087550126,0.0,12,12,0.02714209258593648,7.368628611326338,7.923150853760963,0.2056705060546737,0.016227828063651126
2021-02-18,False,222417.55248412266,220544.70092575665,1874.2771705030486,1.425612137046639,0.0,1872.851558366002,0.008498400381580687,0.008491936330841483,1425.612137046639,36978.30209396529,36978.30209396529,1874.2771705030486,0.0,12,12,0.02711156284538257,7.376926263550405,7.923150853760963,0.2075751076941693,0.01752722729595495
2021-02-19,False,226299.56102289978,222417.55248412266,3882.9205690148533,0.9120302377244367,0.0,3882.0085387771287,0.017457797397946086,0.017453696866187064,912.0302377244366,38137.64005392259,38137.64005392259,3882.9205690148533,0.0,12,12,0.027256199375197,7.337780196236713,7.870737836964707,0.21308612264143942,0.016527363025645954
2021-02-20,False,224398.21622277962,226299.56102289978,-1897.433569775944,3.9112303442085854,0.0,-1901.3448001201527,-0.00838461003282255,-0.0084018934527573,3911.2303442085854,38109.330278728856,38109.330278728856,-1897.433569775944,0.0,12,12,0.027202963661230057,7.352140101008262,7.870737836964707,0.2101930258791682,0.016507636963672863
2021-02-21,False,225925.67515986788,224398.21622277962,1528.5205060542437,1.0615689659903056,0.0,1527.4589370882534,0.0068116428543119455,0.006806912117214925,1061.5689659903057,36286.57931027886,36286.57931027886,1528.5205060542437,0.0,12,12,0.027231896484586834,7.34432874013014,7.870737836964707,0.20304000306904596,0.01571670087955414
2021-02-22,False,225780.97922125715,225925.67515986788,-143.47351848719214,1.2224201235308099,0.0,-144.69593861072295,-0.000635047426042518,-0.0006404581440703198,1222.4201235308099,38767.04963030108,38767.04963030108,-143.47351848719214,0.0,12,12,0.026842280999827293,7.45093161051726,7.870737836964707,0.20785337802910156,0.015151709071022812
2021-02-23,False,221637.89160465813,225780.97922125715,-4141.1876595255935,1.8999570734200915,0.0,-4143.087616599014,-0.01834161439909152,-0.01835002944397251,1899.9570734200915,37710.53627753872,37710.53627753872,-4141.1876595255935,0.0,12,12,0.02677652100560481,7.469230224424465,7.870737836964707,0.20295591223169826,0.012216819476774493
2021-02-24,False,223658.746879822,221637.89160465813,2022.86862756754,2.013352403663225,0.0,2020.8552751638767,0.009126907916881779,0.00911782394487191,2013.3524036632248,34857.7415004076,34857.7415004076,2022.86862756754,0.0,12,12,0.02696470604939021,7.417102920894734,7.870737836964707,0.19651049935111578,0.010322827974314677
2021-02-25,False,220411.8787094581,223658.746879822,-3245.768760734725,1.0994096291714168,0.0,-3246.8681703638968,-0.014512147662522523,-0.014517063229852255,1099.4096291714168,36126.17469060875,36126.17469060875,-3245.768760734725,0.0,12,12,0.02692749883365699,7.427351542580618,7.870737836964708,0.20277524207080985,0.009697649588432115
2021-02-26,False,220168.8740892391,220411.8787094581,-242.16338165399623,0.8412385649936729,0.0,-243.00462021898988,-0.0010986857109149296,-0.0011025023771033366,841.2385649936728,33721.644494867694,33721.644494867694,-242.16338165399623,0.0,12,12,0.027125884109065083,7.373031573675524,7.869466625886684,0.19244120286564734,0.01007113932610024
2021-02-27,False,220415.2725702089,220168.8740892391,247.07048919909926,0.6720082292890082,0.0,246.39848096981024,0.0011221862773343537,0.0011191340374023064,672.0082292890081,33607.02662912587,33607.02662912587,247.07048919909926,0.0,12,12,0.02726735877909653,7.334777145827645,7.869466625886684,0.1917713102462742,0.011016720107419315
2021-02-28,False,219222.64573820817,220415.2725702089,-1192.334948021623,0.2918839791143023,0.0,-1192.6268320007373,-0.005409493335548372,-0.005410817581258348,291.8839791143023,33955.745123587985,33955.745123587985,-1192.334948021623,0.0,12,12,0.027412048732116518,7.296061741115903,7.869466625886684,0.19255138981517533,0.010417536632643309
2021-03-01,False,222367.55081890977,219222.64573820817,3145.4179394515345,0.5128587499176906,0.0,3144.905080701617,0.01434805208585858,0.01434571264347027,512.8587499176906,33276.26892548405,33276.26892548405,3145.4179394515345,0.0,12,12,0.027638057566902203,7.236398560784129,7.869466625886684,0.18993381835533502,0.012239657148797043
2021-03-02,False,221516.05498235076,222367.55081890977,-851.4958365590229,0.0,0.0,-851.4958365590229,-0.003829227031656514,-0.003829227031656514,0.0,36421.68686493559,36421.68686493559,-851.4958365590229,0.0,12,12,0.027791102151757407,7.196547978121578,7.869466625886684,0.20498318375727775,0.008714608591335408
2021-03-03,False,222269.98897456191,221516.05498235076,753.9339922111601,0.0,0.0,753.9339922111601,0.003403518504657505,0.003403518504657505,0.0,35570.19102837656,35570.19102837656,753.9339922111601,0.0,12,12,0.027936925571275518,7.158983886388634,7.869466625886684,0.2004560951672738,0.005724344646167126
2021-03-04,False,221564.0479681122,222269.98897456191,-705.9010835037616,0.03992294595810199,0.0,-705.9410064497197,-0.003175872220808675,-0.003176051835457248,39.92294595810199,36364.04796654583,36364.04796654583,-705.9010835037616,0.0,12,12,0.02797274671290831,7.149816285567265,7.869466625886684,0.2015995201285021,0.007376487419145984
2021-03-05,False,220612.76815951726,221564.0479681122,-944.5043251118212,6.775483483121747,0.0,-951.279808594943,-0.004262895238526043,-0.004293475486293032,6775.483483121748,36247.360391821996,36247.360391821996,-944.5043251118212,0.0,12,12,0.02762682626689859,7.239340417456217,7.931573445782902,0.2011168818528834,0.00929084960295535
2021-03-06,False,221391.14839347007,220612.76815951726,778.717287874226,0.3370539214080159,0.0,778.380233952818,0.0035297924701763552,0.00352826466231546,337.05392140801587,35639.9099881182,35639.9099881182,778.717287874226,0.0,12,12,0.027768655130335336,7.202365367039826,7.931573445782902,0.19831177172522554,0.0077285803645837335
2021-03-07,False,222674.99853922732,221391.14839347007,1283.8501457572647,0.0,0.0,1283.8501457572647,0.0057990129915922685,0.0057990129915922685,0.0,36418.62727599242,36418.62727599242,1283.8501457572647,0.0,12,12,0.027856068760734327,7.1797640118521775,7.9315734457829015,0.20112117377753994,0.006825920911475762
2021-03-08,False,223878.15955680225,222674.99853922732,1203.2132253592056,0.052207784290588276,0.0,1203.161017574915,0.0054034500202196824,0.0054032155628956306,52.20778429058828,37650.269637459096,37650.269637459096,1203.2132253592056,0.0,12,12,0.02791375926392222,7.164925301139736,7.9315734457829015,0.2047897218313361,0.006512141683838389
2021-03-09,False,225959.36649780645,223878.15955680225,2081.9347613861273,0.7278203819246669,0.0,2081.2069410042027,0.009299409846443283,0.00929615888000973,727.8203819246669,38268.519099189194,38268.519099189194,2081.9347613861273,0.0,12,12,0.027793694101912677,7.195876851297598,7.931573445782903,0.20327941051281573,0.01060754052640811
2021-03-10,False,224403.17101513912,225959.36649780645,-1555.7324810158061,0.4630016515296861,0.0,-1556.195482667336,-0.006885009925140274,-0.0068870589734214135,463.0016515296861,39887.45220904563,39887.45220904563,-1555.7324810158061,0.0,12,12,0.02777674209089791,7.200268460048722,7.931573445782902,0.20531503282796149,0.01188163313697985
2021-03-11,False,225678.88578947747,224403.17101513912,1276.0706126002308,0.3558382618680557,0.0,1275.7147743383628,0.005686508826179386,0.005684923116582421,355.8382618680557,38570.46132377694,38570.46132377694,1276.0706126002308,0.0,12,12,0.027852006013972898,7.180811317492294,7.931573445782902,0.1993769890118647,0.012143408785848452
2021-03-12,False,224066.66102692124,225678.88578947747,-1604.655116056163,7.569646500071045,0.0,-1612.224762556234,-0.007110346678833974,-0.007143888347889946,7569.646500071045,38497.09332046889,38497.09332046889,-1604.655116056163,0.0,12,12,0.028235328647154747,7.083324670993474,7.812159774456748,0.1969503300572503,0.011427879499587535
2021-03-13,False,226435.9744533304,224066.66102692124,2369.9383207687847,0.6248943596371409,0.0,2369.3134264091477,0.010576934158375488,0.010574145281365525,624.894359637141,37517.33256404987,37517.33256404987,2369.9383207687847,0.0,12,12,0.02830921014815066,7.064838579152845,7.812159774456747,0.19117786550812535,0.011464734544813239
2021-03-14,False,224481.30178380286,226435.9744533304,-1954.4956016203969,0.17706790713869394,0.0,-1954.6726695275356,-0.008631559567065296,-0.008632341544874106,177.06790713869395,39710.20297767997,39710.20297767997,-1954.4956016203969,0.0,12,12,0.02834641832184217,7.055565106293911,7.812159774456746,0.20021627835157071,0.009315850959401713
2021-03-15,False,223390.19727840018,224481.30178380286,-1091.0824626174563,0.02204278520961816,0.0,-1091.1045054026658,-0.004860460332096051,-0.00486055852640014,22.04278520961816,37777.750161269185,37777.750161269185,-1091.0824626174563,0.0,12,12,0.02847245638355348,7.024332474367257,7.812159774456747,0.1910377309052357,0.01293528186006396
2021-03-16,False,224540.7353463408,223390.19727840018,1150.7559122747607,0.21784433414027013,0.0,1150.5380679406205,0.005151326809746402,0.00515035163564837,217.84433414027012,36904.512032791994,36904.512032791994,1150.7559122747607,0.0,12,12,0.02861264042453404,6.989917638936569,7.812159774456747,0.18768695633971008,0.01447505037512881
2021-03-17,False,225752.1834846594,224540.7353463408,1211.649458364515,0.20132004590437988,0.0,1211.4481383186107,0.005396123142180048,0.005395226556330741,201.32004590437987,38256.58799097113,38256.58799097113,1211.649458364515,0.0,12,12,0.02868552596765953,6.97215732510824,7.812159774456746,0.1931599023911643,0.01298982579870776
2021-03-18,False,224927.58823361236,225752.1834846594,-823.8213818687511,0.7738691783135614,0.0,-824.5952510470647,-0.003649228854190606,-0.0036526568129654374,773.8691783135614,39812.647160504705,39812.647160504705,-823.8213818687511,0.0,12,12,0.02746684166167545,7.281507006284618,7.812159774456746,0.20116156331260487,0.013115263613104505
2021-03-19,False,225441.32540639024,224927.58823361236,513.8019868045021,0.06481402661863195,0.0,513.7371727778835,0.0022842995420857912,0.0022840113870082946,64.81402661863194,38988.99189372651,38988.99189372651,513.8019868045021,0.0,12,12,0.02733790256022787,7.315850203188849,7.855572502316812,0.199249007546358,0.01251972332549422
2021-03-20,False,226300.92572777698,225441.32540639024,859.6202724840066,0.019951097266088708,0.0,859.6003213867405,0.0038130554410750472,0.003812966943115633,19.95109726608871,39482.84278326494,39482.84278326494,859.6202724840066,0.0,12,12,0.02736611641458167,7.308307725148486,7.855572502316813,0.20105154744971906,0.012522019465927335
2021-03-21,False,225831.62512357577,226300.92572777698,-468.32671653662555,0.9738876645777272,0.0,-469.30060420120327,-0.002069486525653843,-0.002073790032859771,973.8876645777273,39368.57539117121,39368.57539117121,-468.32671653662555,0.0,12,12,0.02732162219299593,7.320209561029333,7.855572502316811,0.20021111963100613,0.011539698846179136
2021-03-22,False,225146.3693463796,225831.62512357577,-685.2557771961602,0.0,0.0,-685.2557771961602,-0.0030343658768836566,-0.0030343658768836566,0.0,38900.24867463458,38900.24867463458,-685.2557771961602,0.0,12,12,0.027291486335909484,7.328292696790383,7.855572502316812,0.19803364621381417,0.01148528958483968
2021-03-23,False,224811.33239783946,225146.3693463796,-334.7718767378378,0.2650718022889016,0.0,-335.0369485401267,-0.0014869077290018534,-0.0014880850600112693,265.0718022889016,38361.090979422544,38361.090979422544,-334.7718767378378,0.0,12,12,0.027160435831294467,7.363652087259897,7.855572502316812,0.19293843176356673,0.014437451886769889
2021-03-24,False,222234.16486611334,224811.33239783946,-2577.033718744094,0.13381298204333028,0.0,-2577.1675317261374,-0.011463095259733715,-0.011463690483206732,133.8129820433303,38160.13208472804,38160.13208472804,-2577.033718744094,0.0,12,12,0.027122263687629353,7.37401576444452,7.855572502316812,0.19151393011313006,0.014726653963729366
2021-03-25,False,222193.01062059373,222234.16486611334,-40.64431886884227,0.5099266507744201,0.0,-41.15424551961669,-0.00018288960607532487,-0.00018518415269052073,509.92665077442007,36093.025016758365,36093.025016758365,-40.64431886884227,0.0,12,12,0.027290291806432065,7.328613465132018,7.855572502316812,0.18507919129373498,0.01676619178084953
2021-03-26,False,225552.06364771118,222193.01062059373,3359.412184538468,0.35915742101087833,0.0,3359.053027117457,0.015119342301341968,0.015117725880465326,359.15742101087835,36411.538118900404,36411.538118900404,3359.412184538468,0.0,12,12,0.027514395908866417,7.268922082187191,7.815305520049731,0.1861094518344087,0.01623366109341375
2021-03-27,False,226187.88864252612,225552.06364771118,636.1918839744484,0.36688915951678974,0.0,635.8249948149316,0.0028205988173449557,0.0028189721899774946,366.88915951678973,39404.061143922074,39404.061143922074,636.1918839744484,0.0,12,12,0.027508323034195727,7.270526805700917,7.815305520049732,0.19848824623669542,0.01305407153503993
2021-03-28,False,226639.48722991216,226187.88864252612,452.21394220486593,0.615354818805542,0.0,451.5985873860604,0.0019992845104078844,0.001996563963244645,615.354818805542,39424.898209090985,39424.898209090985,452.21394220486593,0.0,12,12,0.027502111393875723,7.272168930438439,7.815305520049733,0.19855163755191468,0.013121634264115322
2021-03-29,False,228117.513382282,226639.48722991216,1478.5172996306646,0.49114726084381166,0.0,1478.026152369821,0.006523652686042294,0.006521485600037791,491.14726084381164,39385.964890452036,39385.964890452036,1478.5172996306646,0.0,12,12,0.02744442267303246,7.287455173780163,7.815305520049732,0.19625841824350435,0.014848552963609754
2021-03-30,False,228924.527932097,228117.513382282,809.885693966375,2.871144151373853,0.0,807.0145498150011,0.00355030037789847,0.003537714127466385,2871.1441513738528,43036.13782403322,43036.13782403322,809.885693966375,0.0,12,12,0.027290583474933565,7.328535140470715,7.815305520049731,0.19818727333559719,0.01400932155018529
2021-03-31,False,229330.54714563745,228924.527932097,406.894917627069,0.8757040866322495,0.0,406.01921354043674,0.0017774194897445027,0.001773594193719902,875.7040866322495,43288.523200331874,43288.523200331874,406.894917627069,0.0,12,12,0.02725126338489307,7.339109280007598,7.815305520049733,0.19769983964785587,0.013791874127277245
2021-04-01,False,231156.94723942524,229330.54714563745,1829.0993686046447,2.6992748168570753,0.0,1826.4000937877877,0.007975820889848863,0.007964050653173228,2699.274816857075,46153.84287492739,46153.84287492739,1829.0993686046447,0.0,12,12,0.026864278459374308,7.444830513592666,7.815305520049733,0.197435483899157,0.01276542743866772
2021-04-02,False,232371.83920459257,231156.94723942524,1215.9029336053834,1.0109684380582775,0.0,1214.8919651673252,0.005260075235143111,0.005255701719875101,1010.9684380582776,47548.76947151836,47548.76947151836,1215.9029336053834,0.0,12,12,0.026817843650677763,7.457721157791352,7.815437320635038,0.20063073451365662,0.011974840406316033
2021-04-03,False,231098.99780472438,232371.83920459257,-1271.7474757362515,1.0939241319419917,0.0,-1272.8413998681935,-0.0054728984376481915,-0.005477606082669579,1093.9241319419916,49662.61949758999,49662.61949758999,-1271.7474757362515,0.0,12,12,0.0266268835419692,7.511205721268909,7.815437320635037,0.20083917830932524,0.011799419579698009
2021-04-04,False,234011.81268349418,231098.99780472438,2914.3561621419753,1.5412833721774823,0.0,2912.814878769798,0.01261085590948589,0.012604186545331054,1541.2833721774823,48333.59718602581,48333.59718602581,2914.3561621419753,0.0,12,12,0.026640168106112933,7.507460133260473,7.815437320635037,0.19713336370190718,0.012216440674455036
2021-04-05,False,241524.959941688,234011.81268349418,7513.626236686187,0.47897849236778167,0.0,7513.14725819382,0.032107892975678634,0.0321058461623709,478.97849236778166,50768.9748558,50768.9748558,7513.626236686187,0.0,12,12,0.026592498268023807,7.520918041780615,7.815437320635037,0.20322656020301286,0.012320475543117989
2021-04-06,False,245846.53950768497,241524.959941688,4330.0899688720065,8.510402875038853,0.0,4321.579565996967,0.017928126227274528,0.017892890105603732,8510.402875038853,50799.43071191235,50799.43071191235,4330.0899688720065,0.0,12,12,0.02659951448223337,7.518934232186311,7.815437320635037,0.2020461509965071,0.009367834324814526
2021-04-07,False,241684.7316875922,245846.53950768497,-4158.95119433986,2.8566257529213455,0.0,-4161.807820092781,-0.016916858796012683,-0.016928478344364437,2856.6257529213453,52272.89492786302,52272.89492786302,-4158.95119433986,0.0,12,12,0.026465853826064128,7.556907149658471,7.815437320635037,0.20554951100511923,0.00848021259721417
2021-04-08,False,245229.4056917344,241684.7316875922,3546.044051261426,1.3700471192193917,0.0,3544.6740041422067,0.014672188956665794,0.01466652021992081,1370.0471192193918,48713.44948949516,48713.44948949516,3546.044051261426,0.0,12,12,0.026442396536187168,7.563610950554136,7.815437320635038,0.19576498134841,0.010963184795195972
2021-04-09,False,244950.25882960885,245229.4056917344,-270.2788761685342,8.867985957024038,0.0,-279.14686212555824,-0.0011021470912354135,-0.0011383090920036717,8867.985957024039,52211.10877949179,52211.10877949179,-270.2788761685342,0.0,12,12,0.026118603868615784,7.657377132639191,7.904587238678777,0.20228696967865756,0.01022776899523577
2021-04-10,False,249836.13623238387,244950.25882960885,4886.0165742863,0.13917151129078503,0.0,4885.87740277501,0.01994697453120508,0.019946406368868956,139.17151129078502,51801.65839203247,51801.65839203247,4886.0165742863,0.0,12,12,0.026034308703346647,7.68217056496263,7.904587238678778,0.19869506661384975,0.006277006341977795
2021-04-11,False,252341.4934204152,249836.13623238387,2509.8596662845785,4.502478253230651,0.0,2505.357188031348,0.010046023382102118,0.010028001656657876,4502.478253230651,53024.02304713093,53024.02304713093,2509.8596662845785,0.0,12,12,0.0260149281274814,7.687893620921671,7.904587238678777,0.2016219574708446,0.008944068614182996
2021-04-12,False,253077.66695529458,252341.4934204152,737.5785654475062,1.4050305681212434,0.0,736.173534879385,0.0029229381004679186,0.0029173701276820068,1405.0305681212435,54128.85214529427,54128.85214529427,737.5785654475062,0.0,12,12,0.02589577654304798,7.723267138466729,7.904587238678778,0.20253434540995155,0.008350134898081812
2021-04-13,False,260046.98623222162,253077.66695529458,6970.201352816303,0.8820758892719663,0.0,6969.319276927032,0.027541748099201374,0.027538262703196727,882.0758892719664,53984.35482146981,53984.35482146981,6970.201352816303,0.0,12,12,0.02586322520795421,7.7329876066071686,7.904587238678778,0.20178692707485896,0.006890447879840842
2021-04-14,False,263989.2318176592,260046.98623222162,3948.552955682067,6.307370244480746,0.0,3942.245585437586,0.015183998141612818,0.015159743408512975,6307.370244480746,55227.64400253293,55227.64400253293,3948.552955682067,0.0,12,12,0.02585861371401949,7.7343666683712495,7.904587238678777,0.203763196985937,0.010414308743706196
2021-04-15,False,269600.84182462556,263989.2318176592,5615.651131311418,4.041124345109106,0.0,5611.610006966309,0.021272273466026146,0.021256965552452232,4041.124345109106,56324.97987036396,56324.97987036396,5615.651131311418,0.0,12,12,0.025828995515450242,7.743235693403762,7.904587238678777,0.20564669505646518,0.011686049688215492
2021-04-16,False,277218.98685690545,269600.84182462556,7632.536427262236,14.391394982335964,0.0,7618.1450322799,0.028310506657197962,0.028257126278691213,14391.394982335964,55361.81582166678,55361.81582166678,7632.536427262236,0.0,12,12,0.026225943224246154,7.626036489513099,7.762126564454463,0.19988999643083205,0.012330885066006934
2021-04-17,False,274467.0442861578,277218.98685690545,-2738.662206712631,13.28036403499323,0.0,-2751.9425707476244,-0.009879057122902877,-0.00992696280276112,13280.364034993232,53223.86732324023,53223.86732324023,-2738.662206712631,0.0,12,12,0.026286485646412443,7.608472379695832,7.762126564454463,0.1954214142933762,0.01657924021407217
2021-04-18,False,274798.0794156573,274467.0442861578,331.9827868071784,0.9476573076745144,0.0,331.0351294995039,0.001209554275161192,0.0012061015571485825,947.6573076745144,51432.86242420211,51432.86242420211,331.9827868071784,0.0,12,12,0.02626490390478984,7.6147242238159,7.762126564454463,0.19087921993166593,0.015497481398240063
2021-04-19,False,275029.70548293804,274798.0794156573,234.9418921077299,3.3158248270352115,0.0,231.62606728069468,0.0008549619146077026,0.0008428955099440088,3315.8248270352115,51210.98792780882,51210.98792780882,234.9418921077299,0.0,12,12,0.026283616711891434,7.609302866964822,7.762126564454463,0.19409999996826305,0.017421843454016296
2021-04-20,False,275815.73512411606,275029.70548293804,789.0718556898908,3.042214511850848,0.0,786.0296411780399,0.0028690422887386697,0.0028579808853658635,3042.214511850848,50406.33630495053,50406.33630495053,789.0718556898908,0.0,12,12,0.02630101530567241,7.604269176515991,7.762126564454464,0.19228849938363393,0.016191462353672186
2021-04-21,False,273776.9299271102,275815.73512411606,-2037.7957712126197,1.009425793264947,0.0,-2038.8051970058846,-0.007388250602510474,-0.007391910385708886,1009.4257932649471,52204.833953905356,52204.833953905356,-2037.7957712126197,0.0,12,12,0.02629844476272957,7.605012456228669,7.762126564454463,0.19186484261828335,0.014856860475403895
2021-04-22,False,271843.25426146446,273776.9299271102,-1932.1540718235233,1.5215938221925858,0.0,-1933.675665645716,-0.0070574027999288904,-0.007062960586783312,1521.5938221925858,51688.63200488532,51688.63200488532,-1932.1540718235233,0.0,12,12,0.026318861289553627,7.599112963119843,7.762126564454464,0.1882741049039628,0.015903364049892493
2021-04-23,False,271043.14347336284,271843.25426146446,-789.7419478788598,10.368840222738982,0.0,-800.1107881015988,-0.0029051371902694694,-0.0029432799069276728,10368.840222738982,51534.00846193477,51534.00846193477,-789.7419478788598,0.0,12,12,0.026668600565249792,7.499456130465566,7.694155990269877,0.191699441356612,0.01588238705947558
2021-04-24,False,270191.3104178345,271043.14347336284,-850.3153486372155,1.517706891140118,0.0,-851.8330555283557,-0.00313719556872237,-0.003142795071708098,1517.706891140118,52094.92962296537,52094.92962296537,-850.3153486372155,0.0,12,12,0.02668343259470165,7.4952875455653585,7.694155990269876,0.1918104188749634,0.015063513171659592
2021-04-25,False,271756.9512976114,270191.3104178345,1567.1938775845472,1.552997807631011,0.0,1565.640879776916,0.005800311916622991,0.00579456414551507,1552.997807631011,52310.99081979338,52310.99081979338,1567.1938775845472,0.0,12,12,0.02675120936005075,7.476297512690117,7.694155990269877,0.1937893301450485,0.020142261446115566
2021-04-26,False,277210.9191821268,271756.9512976114,5456.496150840317,2.528266324907182,0.0,5453.967884515409,0.020078589065656318,0.020069285655705496,2528.266324907182,52258.37451723449,52258.37451723449,5456.496150840317,0.0,12,12,0.026840757385164747,7.451354562391847,7.694155990269876,0.19124981390695986,0.01918980513579061
2021-04-27,False,278404.5378007535,277210.9191821268,1197.6706801047203,4.052061478044794,0.0,1193.6186186266755,0.004320431113025003,0.004305813862413087,4052.061478044794,55605.825101421295,55605.825101421295,1197.6706801047203,0.0,12,12,0.026877081838829277,7.441284035198358,7.694155990269876,0.19849752500619594,0.01267188413034151
2021-04-28,False,280090.31164583185,278404.5378007535,1686.3590766234943,0.5852315451249215,0.0,1685.7738450783693,0.006057225539299131,0.006055123448759415,585.2315451249215,56828.81627084689,56828.81627084689,1686.3590766234943,0.0,12,12,0.026884174837341478,7.43932076063591,7.694155990269876,0.20054405952275142,0.01222777460366415
2021-04-29,False,279293.4036979828,280090.31164583185,-795.67147020682,1.236477642272228,0.0,-796.9079478490922,-0.0028407675564763174,-0.002845182124174167,1236.477642272228,57278.69770519815,57278.69770519815,-795.67147020682,0.0,12,12,0.026894503458482502,7.436463748391688,7.694155990269876,0.20102760010595033,0.01053085455494934
2021-04-30,False,283316.0720743845,279293.4036979828,4023.0549803786425,0.38660397692615744,0.0,4022.668376401716,0.014404403853121504,0.014403019631468547,386.60397692615743,56571.69291536061,56571.69291536061,4023.0549803786425,0.0,12,12,0.026823992871117846,7.456011525239618,7.658351091211448,0.1974962639873343,0.015318606836061477
2021-05-01,False,287696.4874033008,283316.0720743845,4382.588328158872,2.1729992425612514,0.0,4380.4153289163105,0.015468901203064208,0.015461231326707913,2172.999242561252,58987.69891645568,58987.69891645568,4382.588328158872,0.0,12,12,0.026790448190327595,7.465347297631545,7.658351091211448,0.20200824478789917,0.015746196293206005
2021-05-02,False,285378.71102961176,287696.4874033008,-2315.317549039821,2.4588246492175356,0.0,-2317.776373689039,-0.00804777830253501,-0.008056324895061775,2458.824649217536,60911.462595397024,60911.462595397024,-2315.317549039821,0.0,12,12,0.0267681605428707,7.471563078818542,7.658351091211449,0.20559988979549448,0.01599211696813017
2021-05-03,False,288300.0130308629,285378.71102961176,2921.3020012511133,0.0,0.0,2921.3020012511133,0.010236579984230113,0.010236579984230113,0.0,58596.1450463572,58596.1450463572,2921.3020012511133,0.0,12,12,0.0267633361019758,7.472909925651422,7.65835109121145,0.19892126765004126,0.012328271829556911
2021-05-04,False,286569.51462157565,288300.0130308629,-1728.7733736717955,1.725035615440654,0.0,-1730.4984092872362,-0.005996438763555408,-0.0060024222374973814,1725.035615440654,59971.58458895514,59971.58458895514,-1728.7733736717955,0.0,12,12,0.026733798840411244,7.481166488680119,7.65835109121145,0.20110526916214932,0.01759671864490976
2021-05-05,False,294988.35057886783,286569.51462157565,8422.604404012283,3.7684467200833227,0.0,8418.8359572922,0.02939113888347337,0.029377988682465217,3768.4467200833224,58268.79094914136,58268.79094914136,8422.604404012283,0.0,12,12,0.026769420278648388,7.471211476309871,7.658351091211448,0.1990100599162212,0.01759139570105938
2021-05-06,False,293711.8898321869,294988.35057886783,-1272.5267444319536,3.9340022489415256,0.0,-1276.4607466808952,-0.004313820332005728,-0.004327156459487446,3934.0022489415255,62757.39310421211,62757.39310421211,-1272.5267444319536,0.0,12,12,0.02677616954227027,7.469328265354366,7.65835109121145,0.21058246616430076,0.01793054995976787
2021-05-07,False,294437.286672865,293711.8898321869,725.7315501099654,0.33470943193181074,0.0,725.3968406780335,0.0024708960557388877,0.0024697564715289223,334.70943193181074,61608.55576465978,61608.55576465978,725.7315501099654,0.0,12,12,0.026716706855254336,7.4859525570856915,7.668311659285481,0.2066601239271642,0.01922762119705494
2021-05-08,False,295281.77619270264,294437.286672865,845.3932248981473,0.9037050604692558,0.0,844.489519837678,0.002871216599130744,0.0028681473375209757,903.7050604692558,61614.25155553382,61614.25155553382,845.3932248981473,0.0,12,12,0.026696902757492633,7.491505730711362,7.6683116592854805,0.20735403415767922,0.017299165317449985
2021-05-09,False,294928.03092783707,295281.77619270264,-353.1080356367021,0.6372292288659355,0.0,-353.745264865568,-0.0011958341628447184,-0.0011979922006250454,637.2292288659355,61957.29418523676,61957.29418523676,-353.1080356367021,0.0,12,12,0.02664874873053126,7.505042807914714,7.6683116592854805,0.20535604730989931,0.014925375425831371
2021-05-10,False,289959.9303296218,294928.03092783707,-4966.89984340023,1.200754815027851,0.0,-4968.100598215257,-0.016841057215804388,-0.016845128564367796,1200.7548150278512,61887.25146503577,61887.25146503577,-4966.89984340023,0.0,12,12,0.026630920942455418,7.510066979364464,7.668311659285481,0.20445898772095708,0.017269277363445225
2021-05-11,False,293610.1668601967,289959.9303296218,3652.207159982766,1.9706294079285036,0.0,3650.2365305748376,0.012595558137398485,0.012588761924536632,1970.6294079285035,58735.102557298356,58735.102557298356,3652.207159982766,0.0,12,12,0.026664673822578804,7.500560529288992,7.6683116592854805,0.19928994275813822,0.017041747247169028
2021-05-12,False,286371.7072000818,293610.1668601967,-7238.058810208499,0.40084990637223383,0.0,-7238.459660114871,-0.02465193520922905,-0.024653300454549602,400.8499063722338,61986.459810908884,61986.459810908884,-7238.058810208499,0.0,12,12,0.02666135626141463,7.501493848962513,7.6683116592854805,0.20795685847468937,0.01748218705125937
2021-05-13,False,289200.62201924773,286371.7072000818,2830.3650186591103,1.4501994931446662,0.0,2828.9148191659656,0.00988353579455248,0.00987847174857069,1450.1994931446661,56198.60049384505,56198.60049384505,2830.3650186591103,0.0,12,12,0.02675842181632409,7.474282353901349,7.6683116592854805,0.19716289191276098,0.013227228845964473
2021-05-14,False,292762.34548616223,289200.62201924773,3564.1216471305243,2.3981802160036314,0.0,3561.7234669145205,0.01232404557862021,0.012315753133744885,2398.1802160036314,57983.807352120384,57983.807352120384,3564.1216471305243,0.0,12,12,0.02656678612737413,7.5281970141628145,7.740157128451603,0.2057206927190629,0.012748733440919001
2021-05-15,False,291385.55316327966,292762.34548616223,-1375.5993779967116,1.1929448858756322,0.0,-1376.7923228825873,-0.004698689565805965,-0.004702764355150526,1192.9448858756323,60354.98411337528,60354.98411337528,-1375.5993779967116,0.0,12,12,0.02660002535102295,7.518789826728818,7.740157128451603,0.2103393235666857,0.015407798495229047
2021-05-16,False,292273.54785102804,291385.55316327966,889.0512346021217,1.0565468537645706,0.0,887.9946877483571,0.0030511163815453005,0.003047490440443229,1056.5468537645706,58142.170079936084,58142.170079936084,889.0512346021217,0.0,12,12,0.026657845474833783,7.502481781163039,7.740157128451603,0.20424384808926918,0.010750146907356303
2021-05-17,False,290259.9371545143,292273.54785102804,-2012.7769825393373,0.8337139744137476,0.0,-2013.610696513751,-0.006886620418914032,-0.006889472931502133,833.7139744137476,58197.507340124466,58197.507340124466,-2012.7769825393373,0.0,12,12,0.026709029033810016,7.488104481328284,7.740157128451603,0.20359797121830556,0.00948386501114272
2021-05-18,False,294620.64073383185,290259.9371545143,4361.057984189624,0.3544048720945575,0.0,4360.70357931753,0.015024663847660446,0.015023442856311903,354.4048720945575,56402.67466073337,56402.67466073337,4361.057984189624,0.0,12,12,0.026804017691843946,7.461567974597218,7.740157128451603,0.20152272777908856,0.008389601027508447
2021-05-19,False,275429.86825759587,294620.64073383185,-19186.699432961406,4.0730432745798,0.0,-19190.772476235987,-0.06512340542458864,-0.06513723012901002,4073.0432745798,57265.72555127815,57265.72555127815,-19186.699432961406,0.0,12,12,0.026883378539078094,7.439541116801109,7.740157128451603,0.20322113024708077,0.00881453167209751
2021-05-20,False,283071.57174382906,275429.86825759587,7645.9316110651525,4.228124831970748,0.0,7641.703486233182,0.027759994438636165,0.027744643435280145,4228.124831970747,42307.1509502875,42307.1509502875,7645.9316110651525,0.0,12,12,0.02792047988725196,7.163200661580204,7.740157128451603,0.18997425872888782,0.010896403986549409
2021-05-21,False,277075.780336409,283071.57174382906,-5991.453116551951,4.338290868092691,0.0,-5995.7914074200435,-0.021165859502041515,-0.021181185275807375,4338.29086809269,45614.79169325995,45614.79169325995,-5991.453116551951,0.0,12,12,0.026526305451411363,7.539685478113152,8.26918249060751,0.21481562812276225,0.014473114520017255
2021-05-22,False,273008.79963304347,277075.780336409,-4065.8719818410727,1.10872152442901,0.0,-4066.9807033655015,-0.014674223697591077,-0.014678225207658406,1108.72152442901,40311.61984333087,40311.61984333087,-4065.8719818410727,0.0,12,12,0.027096810416764632,7.380942514040738,8.269182490607513,0.19803916244647446,0.011900961235605918
2021-05-23,False,267317.9747807001,273008.79963304347,-5687.299509584028,3.5253427593017403,0.0,-5690.824852343329,-0.020831927458852754,-0.020844840386069898,3525.3427593017404,39025.9589566112,39025.9589566112,-5687.299509584028,0.0,12,12,0.026791930974580522,7.464934132211476,8.26918249060751,0.19810355004897431,0.012355898519494727
2021-05-24,False,276657.3799646652,267317.9747807001,9343.377497723599,3.972313758494299,0.0,9339.405183965104,0.03495229793428083,0.03493743805154472,3972.313758494299,36522.08018968985,36522.08018968985,9343.377497723599,0.0,12,12,0.027637714213098297,7.236488461307496,8.269182490607509,0.19522939338186,0.013201107792085044
2021-05-25,False,275565.9668237958,276657.3799646652,-1086.8067937917879,4.606347077639877,0.0,-1091.4131408694277,-0.003928349187470059,-0.003944999193619282,4606.347077639877,41259.11060977356,41259.11060977356,-1086.8067937917879,0.0,12,12,0.028292385553333965,7.069039817196754,8.26918249060751,0.21835947939282885,0.016244265907138806
2021-05-26,False,279536.211915399,275565.9668237958,3970.569022835702,0.3239312325229802,0.0,3970.245091603179,0.014408778662332382,0.014407603149854347,323.93123252298017,39848.3725834588,39848.3725834588,3970.569022835702,0.0,12,12,0.028771473620343553,6.951329731633393,8.26918249060751,0.21081838308589693,0.015364068917257665
2021-05-27,False,277536.1605076785,279536.211915399,-1997.7787953747152,2.2726123457873393,0.0,-2000.0514077205025,-0.0071467620659442085,-0.0071548920049249775,2272.612345787339,41546.32926050716,41546.32926050716,-1997.7787953747152,0.0,12,12,0.029129547068489223,6.865880871053751,8.26918249060751,0.21766397075218985,0.018878416943013083
2021-05-28,False,273550.9423426184,277536.1605076785,-3984.599073201749,0.6190918583377563,0.0,-3985.218165060087,-0.014357044739370127,-0.014359275410347217,619.0918583377563,39431.449025935486,39431.449025935486,-3984.599073201749,0.0,12,12,0.028907228391769704,6.918684741735491,8.452801892714927,0.21357890646723954,0.0160328983564334
2021-05-29,False,271368.18061465595,273550.9423426184,-2180.8348617162433,1.9268662462010928,0.0,-2182.761727962444,-0.00797231712323908,-0.007979361026029908,1926.866246201093,36784.91078243003,36784.91078243003,-2180.8348617162433,0.0,12,12,0.029597194941664722,6.757397124767893,8.452801892714927,0.2057473375707844,0.01583180486349298
2021-05-30,False,273176.8478236755,271368.18061465595,1810.6594941458827,1.9922851263365542,0.0,1808.6672090195461,0.006672335312285663,0.006664993680994095,1992.2851263365542,35872.87858353621,35686.9111882533,1812.6273422024035,-1.967848056520852,12,12,0.030433249960305497,6.571759515032497,8.452801892714927,0.20388919521485846,0.014487533991195782
2021-05-31,False,277895.152152162,273176.8478236755,4718.994727207044,0.690398720565944,0.0,4718.304328486478,0.017274504647088403,0.017271977351213712,690.3987205659439,37585.40364298018,37199.87054359898,4737.906922331821,-18.91219512477757,12,12,0.031113930366398403,6.427988931157046,8.452801892714927,0.21176595039119386,0.015797283830790543
2021-06-01,False,277909.14940414357,277895.152152162,18.11533746762129,4.118085486017037,0.0,13.997251981604254,6.518766998030324e-05,5.03688239006776e-05,4118.0854860170375,39279.70261159231,39253.994468442346,17.925520517470293,0.18981695015097633,12,12,0.030386998264341335,6.581762313610847,8.452801892714927,0.21986876443768089,0.020141764984459302
2021-06-02,False,280575.3941876696,277909.14940414357,2667.358622029918,1.113838503840667,0.0,2666.2447835260773,0.009597951804569656,0.009593943881454391,1113.838503840667,38321.25567886824,38158.271302069305,2669.303252907304,-1.9446308773860004,12,12,0.030752599175866917,6.503515324225013,8.452801892714927,0.21419065699152237,0.017856030242101622
2021-06-03,False,282799.1590605473,280575.3941876696,2225.1243880204893,1.359515142820959,0.0,2223.7648728776685,0.007930575646031744,0.007925730192114601,1359.515142820959,39675.650968446964,39466.11478127827,2229.802003143683,-4.67761512319369,12,12,0.03096885006731069,6.458102240325381,8.452801892714927,0.2191380498826047,0.018606667248603062
2021-06-04,False,280110.30290063797,282799.1590605473,-2686.694370422538,2.16178948677508,0.0,-2688.856159909313,-0.009500361950677926,-0.00950800620780357,2161.78948677508,39748.34109993876,39529.44968252368,-2693.4410508211317,6.746680398593719,12,12,0.0309824695491855,6.455263344404959,8.477815488162836,0.21761944288251617,0.018812027804665933
2021-06-05,False,279880.2738630793,280110.30290063797,-229.08480083153066,0.9442367271410042,0.0,-230.02903755867166,-0.0008178378248114375,-0.0008212087708900469,944.236727141004,37975.39275612332,37769.99469950543,-232.79393155488825,3.7091307233575144,12,12,0.031119434113231863,6.426852084529416,8.477815488162836,0.20810042368068085,0.016997601861334782
2021-06-06,False,281031.92424168775,279880.2738630793,1152.5277330306774,0.8773544222675358,0.0,1151.65037860841,0.0041179312751226885,0.0041147965260738975,877.3544222675358,38534.67770926687,38174.738876061674,1154.0678540849344,-1.540121054256883,12,12,0.03149988046480987,6.349230443062482,8.477815488162836,0.21059263469523493,0.01701917645017196
2021-06-07,False,277497.58695025503,281031.92424168775,-3533.5685964317217,0.7686950009907988,0.0,-3534.3372914327124,-0.0125735487381599,-0.012576283996807347,768.6950009907988,39249.88428589131,38760.13094744194,-3548.963216255489,15.39461982376726,12,12,0.03177339597647454,6.294574245324068,8.477815488162836,0.21200653214807652,0.017701546037617477
2021-06-08,False,278191.8703950709,277497.58695025503,696.2728467855788,1.9894019697139635,0.0,694.2834448158649,0.002509113158199803,0.002501944079752751,1989.4019697139638,37554.386169917016,36799.57806814947,694.2661951556213,2.006651629957512,12,12,0.03247264983557468,6.159029245001575,8.477815488162836,0.20551232565394165,0.01679415496392248
2021-06-09,False,279762.11481720075,278191.8703950709,1570.833405238424,0.5889831085401261,0.0,1570.2444221298838,0.005646582709292056,0.005644465526256823,588.9831085401262,38451.78529265518,37439.69280491557,1631.4482667716823,-60.61486153325847,12,12,0.03315029393749977,6.033129008661944,8.477815488162832,0.20997721224272897,0.01565409491347517
2021-06-10,False,277954.41033421975,279762.11481720075,-1807.4922601684661,0.21222281252370523,0.0,-1807.70448298099,-0.006460818547034143,-0.0064615771301348695,212.22281252370522,39949.65402558244,38816.33181477631,-1818.1118894099504,10.619629241484363,12,12,0.03329002232789293,6.007806123711269,8.477815488162836,0.2141435018743996,0.01690575932139229
2021-06-11,False,275707.9519852333,277954.41033421975,-2245.8800386748526,0.5783103115956169,0.0,-2246.458348986448,-0.008080030232203717,-0.00808211082632309,578.3103115956169,38547.24023127884,37435.15727895569,-2236.3154881131845,-9.56455056166825,12,12,0.03380883355853879,5.915613730172239,8.499346163302919,0.2085943430721901,0.016528509728865878
2021-06-12,False,275563.70902846457,275707.9519852333,-142.6131000655495,1.6298567031595257,0.0,-144.24295676870904,-0.000517261468298846,-0.0005231730014679975,1629.8567031595258,37588.23451886217,36457.02246541568,-169.36854886388988,26.755448798340353,12,12,0.034585055976324816,5.782844478751456,8.499346163302919,0.20603236535341948,0.017393617701340784
2021-06-13,False,277621.4327380595,275563.70902846457,2059.0412052708534,1.3174956759340115,0.0,2057.7237095949195,0.0074721058608561665,0.007467324768017132,1317.4956759340116,37922.4052147121,36844.70405886228,2111.4723076276705,-52.43110235681701,12,12,0.035186903630820485,5.683932922839464,8.499346163302919,0.20631532998413823,0.018232008461181688
2021-06-14,False,278332.509781923,277621.4327380595,711.3990955600217,0.32205169647296816,0.0,711.0770438635487,0.0025624790151963475,0.0025613189761701932,322.05169647296816,39764.2569282236,38581.69356766016,734.0752505031713,-22.676154943149665,12,12,0.035583194342230826,5.6206308538926235,8.499346163302919,0.21378601123947968,0.01567682384518749
2021-06-15,False,277665.68832850555,278332.509781923,-666.3885873715632,0.432866045902957,0.0,-666.8214534174662,-0.002394217577722728,-0.002395772789674943,432.866045902957,40580.29823588936,39352.38256543961,-671.790444642298,5.401857270734749,12,12,0.035687490673699175,5.604204616924642,8.499346163302919,0.21571501671563756,0.017240879489209826
2021-06-16,False,276473.9994515757,277665.68832850555,-1189.8530134250561,1.8358635048283678,0.0,-1191.6888769298846,-0.004285200020887507,-0.004291811797502328,1835.8635048283677,41569.30390251971,40352.19194661143,-1216.9637438196612,27.110730394604868,12,12,0.03559730535355183,5.618402798009665,8.49934616330292,0.21425463973929906,0.016222730954963807
2021-06-17,False,276449.1416671611,276473.9994515757,-24.02164294827351,0.8361414663537442,0.0,-24.857784414627254,-8.688572160826607e-05,-8.991002576711046e-05,836.1414663537441,40988.340348835,39825.44985371594,-28.332029058140705,4.310386109867192,12,12,0.036123821701189204,5.536512765852124,8.499346163302919,0.21216291617690458,0.014564386267153454
2021-06-18,False,274319.89985729504,276449.1416671611,-2128.9099333765207,0.3318764895446375,0.0,-2129.2418098660655,-0.007700909905300713,-0.007702110402750419,331.8764895446375,41023.01844912752,39824.45992755208,-2164.8334356951973,35.92350231867658,12,12,0.03636138878609472,5.500339967115991,8.524588377924328,0.20986420822117166,0.016812178179519584
2021-06-19,False,272842.43357076176,274319.89985729504,-1475.6131535092434,1.8531330240352122,0.0,-1477.4662865332787,-0.00537916918997447,-0.005385924562169485,1853.1330240352122,40398.541662483876,39151.12246573459,-1482.1907572023053,6.577603693061926,12,12,0.03716852285909976,5.380897184377483,8.524588377924328,0.2078747059240124,0.01586059301267112
2021-06-20,False,273035.3943268562,272842.43357076176,194.77379669058323,1.8130405961589655,0.0,192.96075609442426,0.0007138691520286143,0.000707224142407379,1813.0405961589656,40264.428866181,38881.52156004466,202.31514895409217,-7.541352263508922,12,12,0.03815949589141738,5.241159384523811,8.524588377924328,0.20699579977521548,0.01701434256439309
2021-06-21,False,262553.9527780975,273035.3943268562,-10480.529935413417,0.9116133453018348,0.0,-10481.44154875872,-0.038385242914209736,-0.03838858172435759,911.6133453018348,40995.28430142476,39437.30641563449,-10588.096919823922,107.5669844105047,12,12,0.03904514680380219,5.122275529017198,8.524588377924326,0.20965919826729432,0.018424014466100067
2021-06-22,False,262682.05654963583,262553.9527780975,135.2479865434427,7.144215005094783,0.0,128.1037715383479,0.0005151245491160064,0.0004879140846400331,7144.215005094784,36794.62660273035,34857.620077953776,126.0187336263607,9.229252917082006,12,12,0.042506950929480466,4.705112825707079,8.524588377924326,0.20536231294543683,0.02110849332863184
2021-06-23,False,268677.7179006187,262682.05654963583,5997.114322312172,1.4529713293124917,0.0,5995.661350982859,0.02283031586201614,0.022824784569363734,1452.971329312492,37699.59371354227,34714.10611996551,6094.9247073544375,-97.81038504226474,12,12,0.046069889661116664,4.341230280149803,8.524588377924328,0.20835981482754695,0.022434509514684932
2021-06-24,False,271027.35373679915,268677.7179006187,2352.687520227928,3.0516840474496933,0.0,2349.6358361804782,0.008756541251769024,0.008745183093484463,3051.6840474496935,41907.58362997652,37659.53639482799,2410.6293246322407,-57.94180440431251,12,12,0.04858999055845055,4.1160740659007375,8.524588377924328,0.22606027859210345,0.02564099518993573
2021-06-25,False,267649.165973598,271027.35373679915,-3375.584396494779,2.6033667063622437,0.0,-3378.187763201141,-0.012454773844609374,-0.012464379394272418,2603.366706362244,42451.11410217941,37408.85720869367,-3611.0419020937165,235.45750559893787,12,12,0.04970904678772221,4.0234124957994295,8.657660328236046,0.22594525903499316,0.024863417339365715
2021-06-26,False,268670.2872301742,267649.165973598,1023.7127830245385,2.5915264483585636,0.0,1021.1212565761799,0.003824830835174437,0.0038151482851133092,2591.526448358564,41097.72553823409,34280.95119276709,1068.6324813204017,-44.91969829586329,12,12,0.05244921391914776,3.813212535621731,8.657660328236046,0.21238697721711725,0.02872013656169566
2021-06-27,False,271131.220589271,268670.2872301742,2462.8224379253065,1.88907882850381,0.0,2460.9333590968026,0.009166709364535598,0.009159678148512497,1889.0788285038097,42007.330678697836,33628.19250974826,2708.3199364179723,-245.4974984926662,12,12,0.05504298869829037,3.6335236281639625,8.657660328236046,0.21267267346158486,0.030687400044966208
2021-06-28,False,271206.71223434515,271131.220589271,76.64317605730199,1.151530983142665,0.0,75.49164507415932,0.0002826792720171705,0.00027843213669782234,1151.530983142665,44168.739417935125,34939.4839645309,219.54788478819182,-142.9047087308899,12,12,0.05651819144798479,3.5386836499194314,8.657660328236046,0.22161522508425296,0.027894907935362978
2021-06-29,False,272311.6858497498,271206.71223434515,1106.0234264501719,1.0498110455629888,0.0,1104.9736154046088,0.00407815653727064,0.00407428564839435,1049.811045562989,44087.419448656976,34451.993286543846,1314.751243189212,-208.72781673904,12,12,0.05779059990355733,3.460770442490058,8.657660328236044,0.22056085955784638,0.0318627523686269
2021-06-30,False,272698.5414868055,272311.6858497498,387.3508354499031,0.49519839417870937,0.0,386.8556370557244,0.0014224539583792492,0.0014206354598721672,495.19839417870935,45115.700114406536,35062.8183188153,372.2173911765086,15.133444273394515,12,12,0.05815183598338691,3.4392723224961794,8.657660328236044,0.22373946098784983,0.031801814181120484
2021-07-01,False,270828.6359184387,272698.5414868055,-1868.7865598687058,1.1190084980453556,0.0,-1869.9055683667511,-0.006852939328827056,-0.006857042792277738,1119.0084980453557,45240.09491674341,35203.70719277241,-2165.8568714531725,297.070311584467,12,12,0.05819526957601531,3.4367054480048034,8.657660328236046,0.22223078140842445,0.03251086619784379
2021-07-02,False,271365.5157988232,270828.6359184387,538.150480886071,1.2706005015824637,0.0,536.8798803844886,0.0019870516242164933,0.0019823600948393524,1270.6005015824637,43177.38824185452,33280.561179743214,545.8400729146633,-7.689592028592476,12,12,0.05899010339402753,3.3903992109335594,8.77623373830729,0.21570116482361337,0.03164898792865305
2021-07-03,False,271753.3932484817,271365.5157988232,388.92090914529075,1.043459486833177,0.0,387.8774496584576,0.0014331994542505439,0.001429354236542017,1043.459486833177,43635.872873768996,33389.12006562586,511.1762543454224,-122.25534520013174,12,12,0.059942760975001765,3.336516315680004,8.776233738307292,0.21681538695158178,0.03163235475595486
2021-07-04,False,271681.93701428414,271753.3932484817,-70.72856672930793,0.7276674682136894,0.0,-71.45623419752162,-0.0002602674648652362,-0.0002629451406046826,727.6674682136894,44216.0587725926,33662.20615088841,144.38146617959717,-215.11003290890508,12,12,0.060358565258876104,3.31353137938594,8.77623373830729,0.21754918685456093,0.031413883423274926
2021-07-05,False,269954.40458111884,271681.93701428414,-1726.9652925925564,0.567140572738101,0.0,-1727.5324331652944,-0.0063565701554231715,-0.006358657672094212,567.140572738101,44924.461203252155,33648.01012224306,-1965.470212137419,238.50491954486276,12,12,0.060510467209935775,3.3052132832839893,8.77623373830729,0.2164299445833049,0.03188432459178072
2021-07-06,False,270746.779120434,269954.40458111884,794.1632527496437,1.7887134344819016,0.0,792.3745393151618,0.002941842175095924,0.002935216191581199,1788.7134344819015,43482.44268988677,32378.991540134226,1088.5035039104266,-294.3402511607828,12,12,0.06163556612219213,3.2448797436775587,8.776233738307292,0.21192617265473151,0.0354499350734845
2021-07-07,False,271278.8220481968,270746.779120434,532.54062493877,0.49769717597938795,0.0,532.0429277627906,0.0019669324476132895,0.0019650942090288963,497.697175979388,44588.68029265143,32896.54864057733,508.34425974619717,24.196365192572596,12,12,0.06200432035358809,3.225581683009712,8.776233738307292,0.21445581843353453,0.031969181288702624
2021-07-08,False,268307.3726892564,271278.8220481968,-2970.1432856280726,1.3060733123228763,0.0,-2971.4493589403955,-0.010948673631074605,-0.010953488136322239,1306.0733123228763,46054.63008629651,33587.92877058029,-3332.2538570357574,362.1105714076849,12,12,0.06257678283319637,3.1960735426926097,8.776233738307292,0.2196558674649953,0.03401181993474789
2021-07-09,False,269310.61282553046,268307.3726892564,1005.3350357752141,2.094899501138878,0.0,1003.2401362740752,0.0037469527046487677,0.0037391448703722003,2094.899501138878,44455.16515899194,30846.45604792683,1178.489589636176,-173.15455386096195,12,12,0.06376922179807222,3.1363092470111678,8.917838263791172,0.21070640324271497,0.03545574474010231
2021-07-10,False,268148.70518235886,269310.61282553046,-1161.353717577126,0.5539255944551642,0.0,-1161.9076431715812,-0.00431232065232236,-0.00431437748026777,553.9255944551642,46360.73489694425,31297.865489246884,-1313.1207306572594,151.76701308013347,12,12,0.06461706107985177,3.095157790491991,8.91783826379117,0.21346384345250677,0.03418039175068789
2021-07-11,False,268508.07773899334,268148.70518235886,361.28844488659246,1.9158882521094078,0.0,359.37255663448303,0.0013473436116012286,0.0013401987393155076,1915.8882521094076,46811.735405316256,30302.89427067344,491.26920158542345,-129.980756698831,12,12,0.06616081303348909,3.022937458443333,8.917838263791172,0.2102326823389737,0.037378065258497815
2021-07-12,False,267137.2604247153,268508.07773899334,-1369.6496774785742,1.1676367994981491,0.0,-1370.8173142780722,-0.00510096265636358,-0.005105311265944827,1167.636799498149,48600.62216309866,30408.253921575826,-1593.6110463286393,223.96136885006527,12,12,0.06706491680738601,2.9821851650753644,8.917838263791172,0.2112338928096694,0.03758510815324362
2021-07-13,False,265637.6087594191,267137.2604247153,-1497.0468728777569,2.604792418444036,0.0,-1499.651665296201,-0.0056040361816155375,-0.005613786945751932,2604.7924184440362,49387.84216636399,29880.408500378213,-1707.6372387399163,210.59036586215962,12,12,0.06823650105052399,2.9309826400963184,8.91783826379117,0.20894132720311157,0.040156253699590264
2021-07-14,False,266713.79426886066,265637.6087594191,1079.2999447858876,3.1144353443708774,0.0,1076.1855094415168,0.0040630539848119955,0.004051329608286714,3114.4353443708774,50584.04990613279,29121.653873996613,1054.4944153997787,24.805529386108674,12,12,0.07038459240575887,2.841530982335219,8.917838263791172,0.20840198914732505,0.04195137506340547
2021-07-15,False,264350.02061460895,266713.79426886066,-2362.107800906108,1.6658533455860485,0.0,-2363.773654251694,-0.008856339085802915,-0.008862584932029776,1665.8533455860486,53279.592137732514,29653.907449975195,-2821.0050171884295,458.8972162823213,12,12,0.07232795592856313,2.76518252772878,8.917838263791172,0.2145419092524179,0.04080724816490445
2021-07-16,False,261852.42339464012,264350.02061460895,-2494.0978331435695,3.4993868252582194,0.0,-2497.5972199688276,-0.009434831241339939,-0.009448068943448388,3499.3868252582192,53499.07672951998,27310.49382529917,-2891.452722067158,397.35488892358876,12,12,0.07521800071292269,2.658937994953107,8.980351158080449,0.20813130373803043,0.04583428005644275
2021-07-17,False,263988.6224661585,261852.42339464012,2141.3853946753657,5.186323156987282,0.0,2136.1990715183783,0.008177833021037443,0.008158026738209307,5186.323156987281,55396.59227551652,25238.463289102096,2097.9848315722056,43.40056310316028,12,12,0.07950185100547497,2.515664697998375,8.980351158080449,0.2064297414937853,0.04936898670485627
2021-07-18,False,263149.62918686174,263988.6224661585,-836.6197025935087,2.373576703247271,0.0,-838.993279296756,-0.0031691506049688093,-0.003178141813306023,2373.576703247271,59824.75324723283,25401.069609932147,-740.399063923362,-96.22063867014674,12,12,0.08257342562584948,2.422086748662034,8.980351158080449,0.21505137448210557,0.049444890794722446
2021-07-19,False,261720.51117266496,263149.62918686174,-1418.9365102636823,10.181503933108115,0.0,-1429.1180141967905,-0.005392128100838401,-0.005430819031031118,10181.503933108115,69362.07875508774,20843.44427568669,-2717.386232746564,1298.4497224828815,12,12,0.08096879044485834,2.470087534976884,8.980351158080449,0.20032282672600651,0.05922093106588119
2021-07-20,False,261637.02072283006,261720.51117266496,-75.34348840371337,8.146961431178351,0.0,-83.49044983489172,-0.0002878776602801566,-0.0003190061392620869,8146.96143117835,73493.20423103664,18273.641354651092,-1431.80493018362,1356.4614417799064,12,12,0.08274107868221967,2.417179026250455,8.980351158080449,0.1974542806337832,0.06295455673481945
2021-07-21,False,264428.6854919458,261637.02072283006,2798.908985839738,7.244216723974398,0.0,2791.6647691157636,0.01069767947252699,0.010669991430888386,7244.216723974398,77949.15458304754,12881.734244097364,5697.652322040331,-2898.7433362005927,12,12,0.08516135173406714,2.3484831549473153,8.980351158080449,0.19320858060957227,0.06626599425179076
2021-07-22,False,264137.1495871575,264428.6854919458,-291.1579667608398,0.37793802750825856,0.0,-291.5359047883481,-0.0011010831378568727,-0.0011025124004454044,377.93802750825853,86167.61221378017,15302.70520242884,969.3724364982129,-1260.5304032590527,12,12,0.08608393150523047,2.3233139623490358,8.980351158080449,0.2125605260508575,0.05766136026268141
2021-07-23,False,264400.1324016188,264137.1495871575,263.2051961322415,0.22238167090945718,0.0,262.98281446133205,0.0009964717062466502,0.0009956297888137674,222.38167090945717,88175.13338262799,14789.165564758538,1309.0351364708351,-1045.8299403385936,12,12,0.08557909267081086,2.3370194022659416,8.99869236644446,0.2105003406736308,0.05666912395142218
2021-07-24,False,264590.47430502425,264400.1324016188,192.9953014586364,2.6533980532215153,0.0,190.34190340541488,0.0007299364781159798,0.0007199009383107612,2653.398053221515,92766.66356337586,12398.97270766928,427.9902842103918,-234.9949827517554,12,12,0.08376303442282075,2.3876880938963594,8.99869236644446,0.2068540193910248,0.06288693160661536
2021-07-25,False,264325.15333004,264590.47430502425,-265.1892629300465,0.13171205422607818,0.0,-265.32097498427254,-0.0010022630770310042,-0.0010027608729345492,131.71205422607818,93297.93677611194,12460.255954901833,-200.26196192098723,-64.92730100905919,12,12,0.08434195639689479,2.3712990372056795,8.99869236644446,0.20706374178769707,0.05951963333570437
2021-07-26,False,263636.7112079105,264325.15333004,-688.1514730977287,0.2906490317687485,0.0,-688.4421221294975,-0.0026034278782333417,-0.0026045274672361557,290.6490317687485,93003.98012723072,11904.417660203027,749.6149222829586,-1437.7663953806873,12,12,0.08436842547890279,2.3705550846152996,8.99869236644446,0.20349607811368445,0.06377062418209667
2021-07-27,False,262241.394738527,263636.7112079105,-1394.728303409452,0.5881659740469805,0.0,-1395.316469383499,-0.005290341762416898,-0.005292572733859958,588.1659740469804,94603.1954708474,10628.100213058324,312.83104809493216,-1707.5593515043845,12,12,0.08492879732304626,2.354913837284825,8.99869236644446,0.20400586256800118,0.05173608044837579
2021-07-28,False,258764.06497297023,262241.394738527,-3476.705579816389,0.6241857403973808,0.0,-3477.3297655567867,-0.01325765363352688,-0.013260033828846614,624.1857403973809,96766.69293059544,9376.478969797598,-179.2946631964519,-3297.4109166199373,12,12,0.0849190380981672,2.3551844731071747,8.99869236644446,0.20398688218383668,0.04715917973531063
2021-07-29,False,260630.1247339883,258764.06497297023,1872.0545812632022,5.99482024512655,0.0,1866.0597610180757,0.007234600296833147,0.007211433168716835,5994.82024512655,93889.98893889236,11883.846250164228,2836.582248392537,-964.527667129335,12,12,0.08593677694909282,2.327292308373118,8.998692366444455,0.20374247892902048,0.049746926929857424
2021-07-30,False,260466.30846515376,260630.1247339883,-127.27381952697897,36.542449307575446,0.0,-163.81626883455442,-0.0004883311921708236,-0.0006285392718963443,36542.44930757544,102671.03743625911,25901.64200017038,1654.6880678518269,-1781.9618873788058,12,12,0.08545417743893614,2.3404356111544815,9.229288168474154,0.2114581093271711,0.061226833662656875
2021-07-31,False,263256.3595628719,260466.30846515376,2792.9770198207143,2.925922102571318,0.0,2790.051097718143,0.010722987691877892,0.010711754292365254,2925.922102571318,103472.04085264275,24094.523786047495,3576.871496201478,-783.8944763807627,12,12,0.0812470032307181,2.461629254583798,9.229288168474154,0.2022531614827493,0.04945887493991504
2021-08-01,False,262180.4127504495,263256.3595628719,-1070.0918525451734,5.854959877250375,0.0,-1075.9468124224238,-0.0040648281178165034,-0.0040870686436939125,5854.959877250375,101977.84694797461,23531.83223110378,-2161.1496538317047,1091.0578012865317,12,12,0.0766551567896071,2.609087351408509,9.229288168474156,0.1945152975572482,0.05531958915593118
2021-08-02,False,260851.8846365378,262180.4127504495,-1327.3480958520458,1.1800180596526555,0.0,-1328.5281139116985,-0.00506272792054627,-0.00506722870703628,1180.0180596526557,97545.62143320372,23312.15289041325,-757.4842624160059,-569.8638334360401,12,12,0.07332234314859563,2.7276815144147597,9.229288168474154,0.1851810997824939,0.0538532595692059
2021-08-03,False,261886.5019896941,260851.8846365378,1037.7428774636805,3.125524307371814,0.0,1034.6173531563088,0.003978283994036065,0.003966302005438487,3125.5243073718143,94258.76257255416,23235.405383228295,315.3900719391526,722.3528055245279,12,12,0.07034384506371993,2.843176966212651,9.229288168474154,0.17743143405613834,0.061450312116854734
2021-08-04,False,262002.95030297502,261886.5019896941,117.43228940016643,0.9839761192522938,0.0,116.44831328091414,0.00044840909519188463,0.0004446518335087643,983.9761192522938,93465.45939841255,25257.124379944282,2008.4609417174993,-1891.028652317333,12,12,0.06844219786954371,2.922173837567519,9.229288168474156,0.17850982464858087,0.05794415940928959
2021-08-05,False,263048.5316173039,262002.95030297502,1052.171408526374,6.590094197476725,0.0,1045.5813143288974,0.004015876185018772,0.003990723436968202,6590.094197476726,90774.85479497066,28441.822547444062,1251.9264201938256,-199.75501166745138,12,12,0.06556149345952436,3.0505711423958615,9.229288168474154,0.18220256753993433,0.062314494949853874
2021-08-06,False,263766.7434172593,263048.5316173039,724.154643937186,5.9428439817625245,0.0,718.2117999554235,0.0027529317099200625,0.0027303395139278474,5942.843981762524,86283.69224506943,30267.825294374605,1919.2011266136365,-1195.0464826764508,12,12,0.06197195245614246,3.227266401547377,9.338094588561832,0.1803946406038553,0.059456628514210456
2021-08-07,False,268133.54255673167,263766.7434172593,4373.69407514171,6.894935669371893,0.0,4366.799139472338,0.016581673710938046,0.016555533434191843,6894.935669371893,82520.16229707023,32271.00291160758,5787.620761736692,-1413.9266865949817,12,12,0.058537239659941634,3.4166284772198536,9.338094588561832,0.1794055242336489,0.0580625671910436
2021-08-08,False,266278.0211168679,268133.54255673167,-1843.0288621480813,12.492577715696992,0.0,-1855.5214398637784,-0.006873548324369501,-0.0069201392044085175,12492.577715696993,77229.13202970491,35531.91379852478,-2999.0600300324504,1156.0311678843696,12,12,0.054782854377933024,3.650777278238383,9.338094588561834,0.18127336979494185,0.05231807881794624
2021-08-09,False,267014.0352437525,266278.0211168679,737.647060184546,1.6329332998921473,0.0,736.0141268846539,0.0027702138429998207,0.0027640814055833077,1632.9332998921473,71499.40715882354,35321.818236268846,2192.5327762087386,-1454.8857160241926,12,12,0.05252386750363847,3.80779271416267,9.338094588561832,0.1758172711392424,0.04753404749139483
2021-08-10,False,269883.0876735689,267014.0352437525,2876.3343074923446,7.28187767596438,0.0,2869.05242981638,0.010772221411007808,0.010744949894477537,7281.877675964381,68355.9530863708,38979.57759863259,2992.2459221115305,-115.91161461918617,12,12,0.04948854258961362,4.0413394602971175,9.33809458856183,0.18271809295694624,0.04922992503074997
2021-08-11,False,271377.5523753692,269883.0876735689,1500.9242072282266,6.459505427960808,0.0,1494.4647018002659,0.005561386673638609,0.005537452215634432,6459.505427960808,65567.52220251734,41363.65129070527,1874.263083325004,-373.33887609677737,12,12,0.04651361126588745,4.299816646287314,9.338094588561834,0.1845244747013974,0.048039397600673175
2021-08-12,False,271400.54910554603,271377.5523753692,29.703641505758625,6.706911328896976,0.0,22.99673017686165,0.0001094550424151242,8.474072367287253e-05,6706.911328896976,62279.21574857195,43126.07350128901,-160.93532501840372,190.6389665241623,12,12,0.04363666065768201,4.583302135994017,9.338094588561832,0.1852904246298482,0.04418274223649459
2021-08-13,False,275407.71383244003,271400.54910554603,4040.1072977637964,32.94257086982178,0.0,4007.1647268939746,0.014886142681283313,0.014764762783643495,32942.57086982178,57280.37770624418,46806.30986008671,4544.9052883046315,-504.797990540834,12,12,0.03548422474410079,5.636307442034499,9.516527111274854,0.1878670795227958,0.03420819742073989
2021-08-14,False,275413.23296385386,275407.71383244003,11.435490671897945,5.916359258075156,0.0,5.519131413822789,4.152204204002571e-05,2.0039857769491042e-05,5916.359258075156,56733.56266300908,48925.7257847162,45.188530338223075,-33.75303966632514,12,12,0.03385580952909691,5.907405635305006,9.516527111274852,0.19228765653076998,0.031136333337399787
2021-08-15,False,280715.3020433036,275413.23296385386,5304.285240482926,2.216161033191736,0.0,5302.069079449735,0.01925936957858186,0.019251322902649328,2216.161033191736,54880.64074890207,49424.85379684179,5363.058089396904,-58.77284891397801,12,12,0.03242198705955967,6.168653378110264,9.516527111274854,0.19259496211956265,0.03024806675087279
2021-08-16,False,282057.56392583164,280715.3020433036,1349.7680868087336,7.506204280710497,0.0,1342.261882528023,0.0048083167429202565,0.004781577180715868,7506.204280710497,53468.83421990207,49990.12988832975,1363.8099352106346,-14.041848401901134,12,12,0.03114324791237698,6.421937768427673,9.516527111274852,0.19225158075137339,0.028468098520471566
2021-08-17,False,280754.265644608,282057.56392583164,-1299.5248761036005,3.7734051200532055,0.0,-1303.2982812236537,-0.004607303764579477,-0.004620681902954966,3773.405120053206,52008.750588570976,49532.40044611423,-1210.3576987122083,-89.16717739139219,12,12,0.03012445842953471,6.639123503840834,9.516527111274854,0.1898189637114182,0.025912410204040386
2021-08-18,False,282816.98957832326,280754.265644608,2064.01065254006,1.2867188248269468,0.0,2062.723933715233,0.00735166266414909,0.007347079585698357,1286.7188248269467,50323.656933857535,48650.905397398215,2140.8589287254686,-76.84827618540795,12,12,0.029397654876675214,6.803263758249121,9.516527111274854,0.18659736829783788,0.026338267760925887
2021-08-19,False,285577.7878490593,282816.98957832326,2763.359916439965,2.5616457039145346,0.0,2760.7982707360507,0.009770841279939022,0.009761783670961097,2561.6457039145344,50166.710087374246,49256.52577115224,2794.3800147035863,-31.02009826362079,12,12,0.02881471395970835,6.940898329917842,9.516527111274852,0.18802268467048747,0.026668509056792945
2021-08-20,False,287735.18625351525,285577.7878490593,2185.8891603708453,28.490755914939054,0.0,2157.398404455906,0.0076542688310415295,0.007554503523208842,28490.755914939058,49170.55843658715,48710.59160721004,2196.3709453465117,-10.48178497566635,12,12,0.02760023855365935,7.246314179899841,9.539161180383884,0.19543549948525374,0.028164912543647808
2021-08-21,False,285743.2851428108,287735.18625351525,-1988.6677047079233,3.233405996566041,0.0,-1991.9011107044894,-0.0069114512222212725,-0.006922688659111306,3233.405996566041,53791.69037170649,53763.06306873005,-1988.9708081607769,0.3031034528535115,12,12,0.025635916094516008,7.801554633843714,9.539161180383882,0.19058846449267317,0.027541305854720477
2021-08-22,False,285916.23467741726,285743.2851428108,174.4311478763827,1.481613269880225,0.0,172.94953460650248,0.0006104470584119039,0.0006052619382466487,1481.6132698802248,53256.00863390235,53256.00863390235,174.4311478763827,0.0,12,12,0.02511717792176095,7.962677997623474,9.539161180383884,0.1889037570354699,0.02542813582679077
2021-08-23,False,287568.0418289366,285916.23467741726,1653.6793922966451,1.872240777321036,0.0,1651.8071515193242,0.005783789766825923,0.00577724155252311,1872.2407773210361,54677.593090729424,54677.593090729424,1653.6793922966451,0.0,12,12,0.024539576647362834,8.15009985192606,9.539161180383882,0.1882652950974356,0.025971508706047468
2021-08-24,False,283461.88929645985,287568.0418289366,-4105.339588258673,0.8129442181121811,0.0,-4106.152532476785,-0.014276063369728632,-0.014278890332742123,812.944218112181,56456.45552927623,56456.45552927623,-4105.339588258673,0.0,12,12,0.024188964469710455,8.268233237121045,9.539161180383884,0.19223129921395762,0.027064042206795032
2021-08-25,False,284647.6587565993,283461.88929645985,1187.987673913022,2.2182137735878573,0.0,1185.7694601394342,0.004190996104843427,0.004183170665666777,2218.2137735878573,54569.32971460541,54569.32971460541,1187.987673913022,0.0,12,12,0.024074576389883837,8.307518967770507,9.539161180383884,0.18746384647959244,0.025576048606132995
2021-08-26,False,281992.74281329603,284647.6587565993,-2654.8333668610853,0.08257644218619793,0.0,-2654.9159433032714,-0.009326735299555789,-0.009327025400105174,82.57644218619794,55839.89383070465,55839.89383070465,-2654.8333668610853,0.0,12,12,0.023991338519959767,8.33634187744917,9.539161180383884,0.19092911382107478,0.0235220868280493
2021-08-27,False,289146.2619896516,281992.74281329603,7175.91311491209,22.393938556542537,0.0,7153.519176355548,0.0254471552825144,0.02536774210920671,22393.93855654254,52026.12835702326,52026.12835702326,7175.91311491209,0.0,12,12,0.02453197623511852,8.152624887745159,9.60488955231166,0.19189136580521843,0.023294769075739775
2021-08-28,False,289924.8389356236,289146.2619896516,782.5310813886435,3.954135416644726,0.0,778.5769459719988,0.00270635032942826,0.002692675120938841,3954.135416644726,55247.90605529062,55247.90605529062,782.5310813886435,0.0,12,12,0.024436841481907563,8.184363766818027,9.604889552311661,0.2032047064605735,0.025792938893158052
2021-08-29,False,288682.93127549655,289924.8389356236,-1240.3830032792564,1.5246568477942173,0.0,-1241.9076601270506,-0.004278291600792016,-0.004283550401153487,1524.6568477942171,54510.91549336558,54510.91549336558,-1240.3830032792564,0.0,12,12,0.024269197516582578,8.240898771512517,9.60488955231166,0.20034125819829893,0.023376963281897128
2021-08-30,False,288956.4626485358,288682.93127549655,273.5499848469294,0.018611807679864343,0.0,273.53137303924956,0.0009475793516377821,0.0009475148801860145,18.61180767986434,53289.14429776619,53289.14429776619,273.5499848469294,0.0,12,12,0.02418494576718731,8.269607131860848,9.604889552311661,0.19620149383668892,0.02244097918050361
2021-08-31,False,289104.29827298137,288956.4626485358,151.4578746152368,3.6222501696569176,0.0,147.83562444557987,0.0005241546537045562,0.0005116190276228418,3622.250169656918,52336.320798626235,52336.320798626235,151.4578746152368,0.0,12,12,0.024234654839694027,8.252644872516166,9.604889552311661,0.1939428435224318,0.022759116185631673
2021-09-01,False,291943.74890729954,289104.29827298137,2839.9103660407604,0.45973172260729916,0.0,2839.4506343181533,0.009823134360178997,0.009821544166863457,459.73172260729916,52947.510395848774,52947.510395848774,2839.9103660407604,0.0,12,12,0.02424036216200503,8.250701811439319,9.60488955231166,0.1959355276956793,0.021477584870499625
2021-09-02,False,295664.1003437184,291943.74890729954,3721.0384218417807,0.6869854228651643,0.0,3720.3514364189155,0.012745737614759878,0.012743384471644342,686.9854228651643,55100.435339024356,55100.435339024356,3721.0384218417807,0.0,12,12,0.024122330790880865,8.291072771276623,9.604889552311661,0.202897862446863,0.024481895338018943
2021-09-03,False,297864.25252623775,295664.1003437184,2203.6110888706007,3.45890635126664,0.0,2200.152182519334,0.007453089794495972,0.007441391024346855,3458.90635126664,55419.32311624788,55419.32311624788,2203.6110888706007,0.0,12,12,0.024057173553468827,8.313528584539883,9.573517322435329,0.2022692256048066,0.02518272631792992
2021-09-04,False,297350.22312095325,297864.25252623775,-511.644950946499,2.384454338018111,0.0,-514.0294052845171,-0.0017177118321757329,-0.0017257170033830702,2384.4543380181112,55532.728970007374,55532.728970007374,-511.644950946499,0.0,12,12,0.02384698739390565,8.386803611558587,9.573517322435327,0.2002255814763911,0.024023035329006095
2021-09-05,False,299168.1097660588,297350.22312095325,1818.372597094891,0.48595198935947964,0.0,1817.8866451055314,0.006115255532716486,0.0061136212578729735,485.9519893594796,55276.828206224636,55276.828206224636,1818.372597094891,0.0,12,12,0.02367511592310747,8.447688309090614,9.573517322435329,0.19939988681946125,0.023358883910307927
2021-09-06,False,300935.9729961216,299168.1097660588,1768.6513074442973,0.7880773814849967,0.0,1767.8632300628124,0.005911897858456016,0.005909263629219146,788.0773814849967,56517.77849767598,56517.77849767598,1768.6513074442973,0.0,12,12,0.023465355421370782,8.523203523175809,9.573517322435329,0.20209895370242872,0.024771431107229007
2021-09-07,False,294644.19487054396,300935.9729961216,-6289.272251725037,2.505873852614084,0.0,-6291.778125577651,-0.020899037722572605,-0.02090736465613148,2505.873852614084,56543.97794662059,56543.97794662059,-6289.272251725037,0.0,12,12,0.023250779992883452,8.601861961672494,9.573517322435329,0.19917609449339568,0.022412476077541946
2021-09-08,False,295751.47094957303,294644.19487054396,1109.7986194657822,2.522540436688578,0.0,1107.2760790290936,0.0037665721530790305,0.0037580108425879248,2522.540436688578,51231.64259384041,51231.64259384041,1109.7986194657822,0.0,12,12,0.02380157687318645,8.402804615239969,9.573517322435327,0.19287708471794526,0.020123455469134823
2021-09-09,False,296477.9396040263,295751.47094957303,728.0212189446959,1.5525644913988141,0.0,726.4686544532971,0.0024615979646938992,0.002456348406724115,1552.564491398814,51413.29071466923,51413.29071466923,728.0212189446959,0.0,12,12,0.02399758202878719,8.334172991265644,9.573517322435327,0.19278760231631842,0.019432999475705107
2021-09-10,False,296913.7995491499,296477.9396040263,436.1436370680367,0.28369194449539825,0.0,435.8599451235413,0.0014710829333560089,0.001470126059651091,283.6919444953983,52062.40813339095,52062.40813339095,436.1436370680367,0.0,12,12,0.02414220196094139,8.284248484192586,9.591101661804421,0.19589946379339937,0.01759318603000708
2021-09-11,False,299155.84701401694,296913.7995491499,2245.1883295948687,3.140864727781198,0.0,2242.0474648670875,0.007561751366908797,0.0075511729945577965,3140.864727781198,50659.2551073136,50659.2551073136,2245.1883295948687,0.0,12,12,0.024385770389180952,8.201504271061802,9.591101661804421,0.1921522766410393,0.017103755991650465
2021-09-12,False,300120.4427154513,299155.84701401694,966.5268456078488,1.9311441734948585,0.0,964.5957014343539,0.003230847249870273,0.0032243919383904197,1931.1441734948585,51612.21452873841,51612.21452873841,966.5268456078488,0.0,12,12,0.02450567355726328,8.161375345699145,9.591101661804425,0.19410354031993482,0.01709422726750566
2021-09-13,False,297161.11848808086,300120.4427154513,-2958.661009558124,0.6632178123289323,0.0,-2959.324227370453,-0.009858245518994103,-0.009860455357838563,663.2178123289323,52770.63970140575,52770.63970140575,-2958.661009558124,0.0,12,12,0.0245393187964763,8.15018549042685,9.591101661804426,0.19780749124992927,0.01590981536870198
2021-09-14,False,296751.9344970117,297161.11848808086,-408.4150223511347,0.7689687180095407,0.0,-409.18399106914427,-0.0013743891678329252,-0.0013769768842943585,768.9687180095407,50580.947409857166,50580.947409857166,-408.4150223511347,0.0,12,12,0.02473960385317855,8.084203821004351,9.591101661804423,0.19087241714505762,0.01532551881702435
2021-09-15,False,298872.4982295428,296751.9344970117,2121.9533071607734,1.3895746297020415,0.0,2120.5637325310713,0.007150596375243314,0.007145913761692513,1389.5746297020414,51562.10701720807,51562.10701720807,2121.9533071607734,0.0,12,12,0.024800005757936373,8.06451425665484,9.591101661804421,0.1936166223220729,0.014460081724996557
2021-09-16,False,299568.6826883007,298872.4982295428,696.6604082880796,0.4759495302232317,0.0,696.1844587578563,0.0023309619065486047,0.0023293694230212053,475.9495302232317,53375.19106126424,53375.19106126424,696.6604082880796,0.0,12,12,0.024806231792944482,8.062490170590321,9.591101661804423,0.19967638511233146,0.01653491471324601
2021-09-17,False,298886.21014448325,299568.6826883007,-679.9731489633721,2.499394854028598,0.0,-682.4725438174007,-0.0022698405683176165,-0.002278183879880091,2499.3948540285983,52932.55532389765,52932.55532389765,-679.9731489633721,0.0,12,12,0.024976222407389254,8.00761607331098,9.548394805464032,0.19784576671340517,0.015391432420196664
2021-09-18,False,301148.7070435634,298886.21014448325,2263.4083502421495,0.9114511619800706,0.0,2262.4968990801694,0.007572809562368252,0.007569760070183452,911.4511619800705,52657.10196854657,52657.10196854657,2263.4083502421495,0.0,12,12,0.025049709209838,7.98412461895774,9.548394805464032,0.19677962003842817,0.014623213820685568
2021-09-19,False,298987.8503000427,301148.7070435634,-2159.7888252893945,1.0679182312968623,0.0,-2160.8567435206915,-0.007171834959852458,-0.007175381109001764,1067.9182312968624,53852.59208749185,53852.59208749185,-2159.7888252893945,0.0,12,12,0.025101786507689454,7.967560394107162,9.54839480546403,0.19925252873983712,0.01320893584606362
2021-09-20,False,292173.5469619408,298987.8503000427,-6814.020605045879,0.2827330559952036,0.0,-6814.303338101874,-0.022790292643021508,-0.02279123827695182,282.7330559952036,51975.536318197665,51975.536318197665,-6814.020605045879,0.0,12,12,0.025189628745965954,7.939775612295573,9.54839480546403,0.1933828793328686,0.012959545938244364
2021-09-21,False,290384.24477397266,292173.5469619408,-1786.3837892681652,2.918398699988358,0.0,-1789.3021879681535,-0.006114118844239049,-0.006124107423733443,2918.398699988358,48079.914413140155,48079.914413140155,-1786.3837892681652,0.0,12,12,0.02599718972346471,7.693139224947947,9.54839480546403,0.18935734600460402,0.012147809124755464
2021-09-22,False,298528.6034699588,290384.24477397266,8145.5639656615485,1.2052696754063255,0.0,8144.358695986142,0.028050984556692592,0.02804683395383759,1205.2696754063254,47498.80029927832,47498.80029927832,8145.5639656615485,0.0,12,12,0.026795973138643975,7.463808049261282,9.548394805464028,0.19047662768038837,0.011545736257952013
2021-09-23,False,299434.4775299827,298528.6034699588,909.0864707873379,3.2124107634489594,0.0,905.874060023889,0.003045224009426688,0.0030344631954674585,3212.410763448959,52431.953501490905,52431.953501490905,909.0864707873379,0.0,12,12,0.02730482451064038,7.324712888085484,9.54839480546403,0.2089016219666383,0.012183753711418834
2021-09-24,False,296046.36963347805,299434.4775299827,-3387.6407007933562,0.46719571126904885,0.0,-3388.1078965046254,-0.011313462393301547,-0.011315022653546536,467.19571126904884,52873.844261009195,52873.844261009195,-3387.6407007933562,0.0,12,12,0.02737526887938147,7.305864314291217,9.603071938305247,0.2110398183023549,0.013302734436661518
2021-09-25,False,295013.9435957383,296046.36963347805,-1032.3452967761152,0.0807409635856875,0.0,-1032.4260377397009,-0.003487106759843792,-0.0034873794906450026,80.7409635856875,49566.94452380152,49566.94452380152,-1032.3452967761152,0.0,12,12,0.027976563701199723,7.148840798894232,9.603071938305247,0.20156229627295869,0.012255601311202074
2021-09-26,False,294529.41153415764,295013.9435957383,-483.1959045116116,1.336157069054645,0.0,-484.53206158066627,-0.0016378748021949145,-0.0016424039341158302,1336.157069054645,49540.09372534815,49540.09372534815,-483.1959045116116,0.0,12,12,0.028516195577641807,7.013558293758179,9.603071938305247,0.20270046498774388,0.014823122087869102
2021-09-27,False,293834.53190779174,294529.41153415764,-693.8900838660921,0.9895424998044243,0.0,-694.8796263658966,-0.0023559279878085084,-0.0023592877286732665,989.5424998044243,49591.09010188244,49591.09010188244,-693.8900838660921,0.0,12,12,0.02908224137166899,6.8770490363522585,9.603071938305247,0.20382004672104012,0.016431850443385368
2021-09-28,False,291934.5006015674,293834.53190779174,-1899.0073519453574,1.0239542789837472,0.0,-1900.031306224341,-0.006462846077401431,-0.006466330876387906,1023.9542789837474,49295.21401786853,49295.21401786853,-1899.0073519453574,0.0,12,12,0.0298052737899714,6.7102218691007005,9.603071938305247,0.2040578948778626,0.017334105299434688
2021-09-29,False,293630.8597064255,291934.5006015674,1698.632824673839,2.273719815736563,0.0,1696.3591048581025,0.00581854087534565,0.005810752416595309,2273.719815736563,48813.98280014835,48714.168427160046,1699.7780697015817,-1.145245027742636,12,12,0.03068177252945591,6.518528217624677,9.603071938305247,0.20474326249234284,0.018966770937441483
2021-09-30,False,295395.26970602473,293630.8597064255,1765.5341205337406,1.124120934509637,0.0,1764.409999599231,0.006012767603169966,0.006008939255782932,1124.120934509637,50278.347112275864,49769.713180807594,1774.9497684726343,-9.415647938893727,12,12,0.03133814627252705,6.381998420095842,9.603071938305247,0.20879386741893113,0.018730708142495986
2021-10-01,False,299970.157502969,295395.26970602473,4575.630676469211,0.7428795249015937,0.0,4574.887796944309,0.015489857644040293,0.015487342778024864,742.8795249015936,51532.76499300059,50792.36777643974,4605.975911643481,-30.345235174269522,12,12,0.0315443272018497,6.3402842203675975,9.64947436377962,0.212102393551494,0.018427320038328594
2021-10-02,False,301025.6290635435,299970.157502969,1057.9951301295116,2.523569555006088,0.0,1055.4715605745055,0.003527001282182678,0.003518588546809223,2523.5695550060877,53645.51658481224,52844.428897902864,1064.0730177281453,-6.077887598633718,12,12,0.031420862072087566,6.365197732040209,9.64947436377962,0.21800968153400008,0.020865465065328638
2021-10-03,False,301646.5986973756,301025.6290635435,621.8474633745885,0.8778295425027282,0.0,620.9696338320858,0.0020657625243042767,0.0020628463953845117,877.8295425027281,53837.83794763629,53024.594485529655,636.1102396060489,-14.262776231460442,12,12,0.031240556646491533,6.401934583405094,9.64947436377962,0.2180157095051955,0.020184567683238605
2021-10-04,False,300914.76657223137,301646.5986973756,-731.2035738372628,0.6285513069741618,0.0,-731.8321251442369,-0.0024240405063238805,-0.0024261242404342216,628.5513069741619,53859.659656499636,53017.89064193007,-746.4830149034038,15.279441066141056,12,12,0.03100106380681903,6.451391515023035,9.64947436377962,0.2168733509787344,0.018942331915984455
2021-10-05,False,301291.4859837429,300914.76657223137,377.33511899338123,0.6157074818367437,0.0,376.7194115115445,0.001253960127286761,0.0012519140080854657,615.7074818367437,52482.18971869336,51670.97958625608,410.08204066117145,-32.74692166779024,12,12,0.030784345209957056,6.4968086420532645,9.64947436377962,0.2116031630798151,0.01582893592554601
2021-10-06,False,299439.14570580365,301291.4859837429,-1852.2633430331464,0.07693490615688461,0.0,-1852.3402779393032,-0.006147745386781659,-0.006148000737197239,76.93490615688461,52848.08377486543,51971.37979909257,-1835.5399432162997,-16.723399816846758,12,12,0.030359724257102746,6.587675115435524,9.64947436377962,0.21170664510236664,0.014938370305511095
2021-10-07,False,299490.3179902482,299439.14570580365,51.19433150937046,0.02204706478106709,0.0,51.17228444458939,0.0001709673976951178,0.00017089376983083472,22.047064781067093,51051.31429624705,50141.1635208405,46.88455666670289,4.309774842667565,12,12,0.029698513541432905,6.734343781919475,9.64947436377962,0.2022247771443726,0.015458619819390704
2021-10-08,False,299613.58201418904,299490.3179902482,123.8210282637336,0.5570043229050498,0.0,123.26402394082855,0.00041343916923473087,0.0004115793284003331,557.0043229050498,51650.893400976136,50749.362175254915,112.86609631322648,10.954931950507113,12,12,0.02925317174847555,6.836865476319588,9.684638392581183,0.204775909199003,0.01303140535547539
2021-10-09,False,299935.80108246073,299613.58201418904,322.3799704523272,0.1609021806393339,0.0,322.2190682716879,0.0010759858357724918,0.0010754488034405206,160.9021806393339,51913.70674597818,51034.08538415798,336.17124994886336,-13.791279496536177,12,12,0.02906737132222532,6.88056714117376,9.684638392581185,0.205301031738923,0.013980927576013226
2021-10-10,False,296960.0132153583,299935.80108246073,-2975.784527751373,0.0033393510702171623,0.0,-2975.787867102443,-0.009921404904022267,-0.009921416037575041,3.3393510702171625,52267.00862649379,51359.804705680515,-2998.5858151668535,22.80128741548052,12,12,0.028825123507631088,6.9383917799017425,9.684638392581185,0.20589259918621314,0.014361678906441824
2021-10-11,False,296756.79267016106,296960.0132153583,-202.7930676140773,0.4274775832046562,0.0,-203.22054519728195,-0.0006828968837195255,-0.0006843363959911479,427.4775832046562,49673.09910711611,48811.497761133796,-190.62255814384346,-12.17050947023383,12,12,0.028967250745616537,6.904348699030921,9.684638392581185,0.19767949862062834,0.015152755839833882
2021-10-12,False,297131.1660382481,296756.79267016106,374.6796977359478,0.30632964891265874,0.0,374.37336808703515,0.001262581706604426,0.0012615494483495893,306.32964891265874,49800.97670735517,48915.03434243239,364.94034330516746,9.739354430780349,12,12,0.029029267906126272,6.88959847856833,9.684638392581183,0.19759294075420925,0.015801375820035483
2021-10-13,False,297716.4436371555,297131.1660382481,585.446225777446,0.16862687003760402,0.0,585.2775989074083,0.0019703292440958033,0.001969761727492661,168.62687003760402,50324.80456626716,49458.34091020593,589.5276193891347,-4.0813936116886245,12,12,0.02908807141240565,6.87567068866253,9.684638392581183,0.19857033747831238,0.014785544112352072
2021-10-14,False,298360.82467108755,297716.4436371555,644.3810339320622,0.0,0.0,644.3810339320622,0.0021644119688511636,0.0021644119688511636,0.0,50918.41357926799,50043.78713598338,648.7202773206625,-4.339243388600308,12,12,0.029078525691976793,6.877927791751253,9.684638392581185,0.19976241928874805,0.013996606300907329
2021-10-15,False,300233.5449330014,298360.82467108755,1872.7202619138338,0.0,0.0,1872.7202619138338,0.0062766962250433425,0.0062766962250433425,0.0,51571.473099977244,50688.16816991544,1892.338946368575,-19.618684454741345,12,12,0.028135313145323818,7.1085044963589,9.978302438243768,0.20382792579268674,0.016534093322360215
2021-10-16,False,299810.3277645491,300233.5449330014,-422.7574543169303,0.45971413532877886,0.0,-423.2171684522591,-0.0014080953359534515,-0.0014096265244002036,459.71413532877887,53023.71659547178,52101.174296500496,-422.77955572637984,0.022101409449541393,12,12,0.02798199736242968,7.14745260710131,9.97830243824377,0.20664341534479982,0.017995230469340564
2021-10-17,False,299759.76712080557,299810.3277645491,-50.49121767742111,0.06942606614245597,0.0,-50.56064374356357,-0.0001684105349335181,-0.00016864210155985852,69.42606614245597,52531.48887219349,51608.99077604111,-60.14216647040315,9.650948792982035,12,12,0.02776952354679792,7.202140132615341,9.978302438243768,0.20361554686800648,0.0168829976709389
2021-10-18,False,299581.37755893444,299759.76712080557,-178.38956187114118,0.0,0.0,-178.38956187114118,-0.0005951084216023185,-0.0005951084216023185,0.0,52461.6957569301,51558.49955836368,-179.39885956933855,1.0092976981973696,12,12,0.02760636308483858,7.244706569473473,9.97830243824377,0.2000001928491947,0.016643237232037148
2021-10-19,False,299864.2054958405,299581.37755893444,282.82793690609606,0.0,0.0,282.82793690609606,0.0009440771626415844,0.0009440771626415844,0.0,52281.28759966257,51380.109996492545,288.0365023997131,-5.208565493617025,12,12,0.02749663541090139,7.273617190294761,9.978302438243768,0.19850806894900194,0.014881978720169066
2021-10-20,False,303726.8124741696,299864.2054958405,3862.656754116834,0.04977578776603036,0.0,3862.6069783290677,0.012881353236975174,0.012881187242545515,49.77578776603036,52524.75687978987,51712.71372116468,3880.1395239577682,-17.48276984093429,12,12,0.02728174271386458,7.330909982460908,9.97830243824377,0.19681752799112973,0.016661577977649777
2021-10-21,False,304350.538682344,303726.8124741696,625.7814790965953,2.0552709221575003,0.0,623.7262081744377,0.0020603432209325106,0.002053576380345026,2055.2709221575,54367.10825143108,53797.30848326996,616.3338205043649,9.44765859223037,12,12,0.027013908641663205,7.4035935581548005,9.978302438243768,0.20256947169738018,0.017412481751813095
2021-10-22,False,305701.68421603035,304350.538682344,1353.021177406979,1.8756437206548722,0.0,1351.1455336863241,0.0044456013886643745,0.004439438614224168,1875.6437206548724,53098.35069268834,52635.38853503666,1353.1881296058982,-0.16695219891916874,12,12,0.026393536700316047,7.577612741743896,10.19536985978544,0.2031542385145693,0.018978706998346244
2021-10-23,False,306408.0231670357,305701.68421603035,707.6340208402142,1.2950698348280916,0.0,706.3389510053862,0.0023147861375214084,0.0023105497531581715,1295.0698348280916,53156.635939665066,52781.612207890284,709.219694071076,-1.5856732308616954,12,12,0.026283913833266972,7.609216849085254,10.19536985978544,0.20257204549534116,0.018375332753196014
2021-10-24,False,307232.12470039027,306408.0231670357,824.3644561112137,0.2629227566374194,0.0,824.1015333545763,0.002690414068112761,0.0026895559875901955,262.9227566374194,53604.51855032959,53344.68146278224,821.8699111278518,2.49454498336195,12,12,0.02595193947619739,7.706553114592306,10.19536985978544,0.201053676076865,0.017704225064560528
2021-10-25,False,308854.3571125593,307232.12470039027,1622.7295904010516,0.49717823200762234,0.0,1622.232412169044,0.005281770556980398,0.005280152307480961,497.17823200762234,53926.71568446645,53696.77795975432,1623.5431239737575,-0.8135335727059642,12,12,0.02569372085228955,7.784002992395636,10.19536985978544,0.20054128372958419,0.01836162955058032
2021-10-26,False,307356.3221234301,308854.3571125593,-1497.2470765190492,0.7879126101629615,0.0,-1498.0349891292121,-0.004847744712156968,-0.004850295793571292,787.9126101629615,54763.159731849955,54594.011470225305,-1498.5729243105084,1.3258477914592888,12,12,0.025396693316365973,7.875040955474204,10.19536985978544,0.2020183184221385,0.01744108822098639
2021-10-27,False,303004.46890270466,307356.3221234301,-4351.707405379245,0.14581534619777267,0.0,-4351.853220725443,-0.014158509495801615,-0.014158983913718873,145.81534619777267,53409.07630594575,53242.57973990402,-4360.331535321229,8.624129941984426,12,12,0.025121516438297627,7.961302833418966,10.19536985978544,0.1936683561901952,0.016037601593964782
2021-10-28,False,307872.72473980463,303004.46890270466,4870.273621154205,2.017784054206639,0.0,4868.255837099999,0.016073273238481706,0.016066613983383875,2017.7840542066388,51057.904694889185,50908.65638873142,4874.359952039677,-4.086330885471966,12,12,0.025539763150279806,7.830926184521366,10.195369859785442,0.1898897398894957,0.016891382445250517
2021-10-29,False,308576.93092792813,307872.72473980463,706.479063689745,2.2728755662591396,0.0,704.2061881234858,0.002294711440537054,0.0022873289237253422,2272.8755662591398,53663.475411555184,53506.05444362647,708.7241659499493,-2.2451022602044017,12,12,0.025435672620824135,7.862972722658037,10.262541575535414,0.20139506501377782,0.015682581898542988
2021-10-30,False,306804.4173483084,308576.93092792813,-1772.275180821356,0.2383987983891061,0.0,-1772.513579619745,-0.005743381967964715,-0.005744154542886866,238.3987983891061,54136.04588137624,53974.134708927115,-1773.602388456704,1.327207635347967,12,12,0.02520179312206736,7.935943249406118,10.262541575535412,0.19986828778446766,0.015122956008587471
2021-10-31,False,308171.516819595,306804.4173483084,1367.359213835481,0.2597425488434292,0.0,1367.0994712866375,0.004456778118299215,0.004455931512011443,259.7425488434292,52620.85883412762,52461.6020769492,1368.9991855652245,-1.639971729743488,12,12,0.025223248340294605,7.929192834393828,10.262541575535412,0.19500246031240276,0.016712452556446232
2021-11-01,False,308479.39704207046,308171.516819595,307.8802224754538,0.0,0.0,307.8802224754538,0.000999054765517763,0.000999054765517763,0.0,53991.49799142259,53828.96129078468,306.46870451900793,1.4115179564458842,12,12,0.025128677162951817,7.959034162564982,10.262541575535414,0.1989363753645355,0.016399465099022348
2021-11-02,False,311016.10712127766,308479.39704207046,2536.882505111522,0.17242590434117072,0.0,2536.7100792071806,0.008223831249143493,0.008223272294782214,172.42590434117074,54436.418873644296,54276.70520891928,2538.518397309599,-1.6358921980774646,12,12,0.025075203870983137,7.976006936136567,10.262541575535412,0.19832752393315228,0.015687609921735086
2021-11-03,False,314516.14010786684,311016.10712127766,3500.7969728183075,0.7639862291511418,0.0,3500.0329865891563,0.011255998942373767,0.011253542522234558,763.9862291511417,56251.428439529984,56088.44299040881,3502.523974556926,-1.7270017386187677,12,12,0.024961554348485137,8.012321556896058,10.262541575535412,0.20231135748363183,0.018422380092872698
2021-11-04,False,314889.50276366336,314516.14010786684,376.71191478072296,3.349258984221371,0.0,373.3626557965016,0.0011977506612268782,0.0011871017356007633,3349.258984221371,56901.88286114582,56735.44340854741,374.5456834660618,2.166231314661184,12,12,0.02485767399804787,8.045805090842629,10.262541575535412,0.2032498295387526,0.020082312991394513
2021-11-05,False,313323.20074689353,314889.50276366336,-1565.1137654893046,1.1882512805175502,0.0,-1566.302016769822,-0.004970358655188269,-0.004974132205179897,1188.2512805175502,56298.30970506641,56136.202715097315,-1564.8186793654618,-0.2950861238427488,12,12,0.024533169116263756,8.152228481049118,10.380988206507197,0.20271908164719363,0.02008782729040093
2021-11-06,False,315890.1428889509,313323.20074689353,2567.1826339441413,0.2404918868089193,0.0,2566.9421420573326,0.008193401024324223,0.008192633472204764,240.49188680891928,54515.79907814102,54353.10191592424,2565.750718329365,1.4319156147760295,12,12,0.024539349221353826,8.150175385497288,10.380988206507197,0.19556213949144485,0.018425631666876635
2021-11-07,False,317371.22819929785,315890.1428889509,1482.7007166561725,1.6154063091749737,0.0,1481.0853103469976,0.004693722643879414,0.004688608820781291,1615.4063091749736,57115.58710781955,56955.75377683232,1484.5433051253287,-1.8425884691562306,12,12,0.024046794130326933,8.31711698931906,10.380988206507197,0.1963533923396966,0.019114221865747353
2021-11-08,False,319197.82608368056,317371.22819929785,1827.3753513076929,0.7774669249957445,0.0,1826.5978843826972,0.005757848188305734,0.005755398480027492,777.4669249957445,57829.56978960426,57666.05128167873,1832.5291596457757,-5.153808338082773,12,12,0.02398171808129512,8.339686060941265,10.380988206507197,0.19770461257659763,0.018721069976746017
2021-11-09,False,317765.95519567165,319197.82608368056,-1431.4576166665374,0.41327134237199564,0.0,-1431.8708880089093,-0.004484546885013146,-0.004485841603550055,413.2713423719956,59253.981415216134,59080.15529061443,-1420.708050726552,-10.749565939985317,12,12,0.023751861411619696,8.420392681398756,10.380988206507196,0.20083720361380705,0.018552554731509564
2021-11-10,False,315461.5838352076,317765.95519567165,-2304.3254144729162,0.04594599109899377,0.0,-2304.371360464015,-0.0072516434715417365,-0.007251788062207752,45.94599109899377,57837.32652257222,57694.64366504689,-2309.7769211918835,5.451506718967066,12,12,0.023444999216074763,8.530603825436367,10.380988206507197,0.19423418107613658,0.019144980081506856
2021-11-11,False,316350.97766076826,315461.5838352076,890.4594259004294,1.0656003397812048,0.0,889.3938255606482,0.0028227190616198516,0.0028193411532012537,1065.6003397812049,56455.91859035518,56455.91859035518,890.4594259004294,0.0,12,12,0.023425233002246398,8.537801949753103,10.380988206507196,0.1909145708569731,0.019926651658842595
2021-11-12,False,315183.22878670436,316350.97766076826,-1167.5281863198888,0.22068774403460817,0.0,-1167.7488740639235,-0.0036906103308201594,-0.0036913079349359,220.68774403460816,57567.065760290214,57567.065760290214,-1167.5281863198888,0.0,12,12,0.02326903879387549,8.595112233541888,10.424270981414823,0.19448547741111946,0.018078615398397908
2021-11-13,False,318498.3847313535,315183.22878670436,3315.8418188225974,0.6858741734457217,0.0,3315.1559446491515,0.01052036249386399,0.010518186381333871,685.8741734457217,57085.411747416045,57085.411747416045,3315.8418188225974,0.0,12,12,0.023229536531698076,8.609728382961416,10.424270981414821,0.19207470590829206,0.019578260116297853
2021-11-14,False,318130.4233208767,318498.3847313535,-366.51551274142867,1.4458977353620757,0.0,-367.9614104767907,-0.0011507609781147763,-0.001155300711453084,1445.8977353620758,59337.866535822985,59337.866535822985,-366.51551274142867,0.0,12,12,0.02322272870869747,8.612252354526072,10.424270981414821,0.19865039351459426,0.018367409128008882
2021-11-15,False,317185.4183580508,318130.4233208767,-944.9187782617931,0.08618456413759702,0.0,-945.0049628259308,-0.0029702245022593054,-0.0029704954117914335,86.18456413759702,59057.53558721916,59057.53558721916,-944.9187782617931,0.0,12,12,0.023174178568722326,8.630295110866866,10.424270981414821,0.19663697565315277,0.01669445431150554
2021-11-16,False,314353.37251955987,317185.4183580508,-2831.6558619901552,0.3899765007986914,0.0,-2832.045838490954,-0.008927446528433018,-0.008928676019066028,389.9765007986914,58502.59330975606,58502.59330975606,-2831.6558619901552,0.0,12,12,0.023204253359051893,8.61910947554711,10.424270981414821,0.193715017363605,0.01820206624663178
2021-11-17,False,316028.39652963175,314353.37251955987,1675.933083664234,0.909073592328503,0.0,1675.0240100719054,0.005331366640769706,0.00532847475643889,909.073592328503,56580.0110400944,56580.0110400944,1675.933083664234,0.0,12,12,0.023609675194015845,8.471103408093153,10.424270981414827,0.19133923697029512,0.016395546125952024
2021-11-18,False,311389.8188560327,316028.39652963175,-4637.092366774844,1.4853068242325738,0.0,-4638.577673599077,-0.014673024379124287,-0.014677724294829785,1485.3068242325737,58244.63852808615,58244.63852808615,-4637.092366774844,0.0,12,12,0.02390513182180825,8.366404397634126,10.424270981414821,0.1953397787238299,0.01815384923267794
2021-11-19,False,316305.97187496454,311389.8188560327,4919.29736601172,3.1443470798425626,0.0,4916.153018931878,0.015797874779862657,0.015787776996025685,3144.3470798425624,56751.89324115386,56751.89324115386,4919.29736601172,0.0,12,12,0.025582128173002375,7.8179578589972945,10.009369154696866,0.1874284445561968,0.017141842258780165
2021-11-20,False,319150.7262461582,316305.97187496454,2844.7742333040023,0.01986211036779082,0.0,2844.7543711936346,0.008993741776170254,0.008993678982191848,19.86211036779082,61691.05271753337,61691.05271753337,2844.7742333040023,0.0,12,12,0.02571667919728416,7.777053890423039,10.009369154696866,0.19498912809583732,0.017297389092715915
2021-11-21,False,320011.35364421946,319150.7262461582,861.9737330916977,1.3463350304023334,0.0,860.6273980612954,0.0027008358816231074,0.002696617388855637,1346.3350304023334,63189.491920435044,63189.491920435044,861.9737330916977,0.0,12,12,0.0259657521720193,7.702453550162127,10.009369154696863,0.19774364349626802,0.017981637524829255
2021-11-22,False,318664.111978699,320011.35364421946,-1347.1634563897424,0.07820913075638669,0.0,-1347.2416655204988,-0.004209736439187357,-0.004209980834049807,78.20913075638668,64129.674784283125,64129.674784283125,-1347.1634563897424,0.0,12,12,0.026089115194222343,7.66603230930161,10.009369154696866,0.1913416956597202,0.018977395713776525
2021-11-23,False,318424.2821735829,318664.111978699,-239.02902454755423,0.8007805685720741,0.0,-239.8298051161263,-0.000750097094596997,-0.0007526100244766742,800.7805685720741,63162.2727684405,63162.2727684405,-239.02902454755423,0.0,12,12,0.02665184465159941,7.504171010091707,10.009369154696866,0.190527399454121,0.019735674944244903
2021-11-24,False,314923.17036091664,318424.2821735829,-3499.461309285574,1.6505033806363856,0.0,-3501.1118126662104,-0.010989932317341017,-0.010995115663816262,1650.5033806363854,63541.81942265644,63541.81942265644,-3499.461309285574,0.0,12,12,0.02699481080329453,7.408831329004588,10.009369154696865,0.19052215194014904,0.020683300094463983
2021-11-25,False,316802.21226961946,314923.17036091664,1882.0966189763628,3.054710273525034,0.0,1879.0419087028379,0.005976367559171312,0.005966667700408859,3054.7102735250346,62494.220196731796,62494.220196731796,1882.0966189763628,0.0,12,12,0.027551132824023574,7.259229639574289,10.009369154696865,0.1906113704222897,0.021326337523750443
2021-11-26,False,310238.1942324429,316802.21226961946,-6562.937359588911,1.0806775876600487,0.0,-6564.018037176571,-0.020716198010648425,-0.02071960921658641,1080.6775876600486,64824.30933928845,64824.30933928845,-6562.937359588911,0.0,12,12,0.028803849160734415,6.943516433652251,9.73423613187202,0.1909942055628692,0.02205039635254936
2021-11-27,False,312299.76182497665,310238.1942324429,2066.106386069704,4.538793535905113,0.0,2061.567592533799,0.006659742173852696,0.006645112145634751,4538.7935359051135,61720.67134400974,61720.67134400974,2066.106386069704,0.0,12,12,0.03002450556612373,6.661225429992009,9.73423613187202,0.19135350768781165,0.023212609708898643
2021-11-28,False,313140.9889721953,312299.76182497665,842.9973101220771,1.7701629034188595,0.0,841.2271472186583,0.0026993210151550527,0.0026936528619260058,1770.1629034188593,63541.864337595514,63541.864337595514,842.9973101220771,0.0,12,12,0.030915985365874483,6.469145253923005,9.734236131872018,0.19594735231876342,0.02257386366693287
2021-11-29,False,315988.9167787141,313140.9889721953,2848.9897719288747,1.0619654101060798,0.0,2847.9278065187686,0.009098105557116461,0.009094714223986961,1061.9654101060798,63687.473150495716,63687.473150495716,2848.9897719288747,0.0,12,12,0.03163818492177775,6.321475157139387,9.734236131872018,0.19546383371122858,0.02313219676613581
2021-11-30,False,316616.0716498806,315988.9167787141,627.8365268747408,0.6816557082553383,0.0,627.1548711664855,0.0019868941394372147,0.0019847369254589386,681.6557082553384,65854.80721416925,65854.80721416925,627.8365268747408,0.0,12,12,0.03211182091818721,6.228236029017144,9.73423613187202,0.20126973012638383,0.024169853707275712
2021-12-01,False,318773.89848463744,316616.0716498806,2158.5505144096533,0.7236796528177473,0.0,2157.8268347568355,0.006817564576433172,0.0068152789070764445,723.6796528177472,66377.39333689703,66377.39333689703,2158.5505144096533,0.0,12,12,0.03243078247724072,6.166980403274453,9.734236131872018,0.19945314689665322,0.026122530514365562
2021-12-02,False,316736.69055214024,318773.89848463744,-2036.18984727101,1.0180852262068532,0.0,-2037.207932497217,-0.006387567667712102,-0.0063907614211249335,1018.0852262068531,67517.85862509985,67517.85862509985,-2036.18984727101,0.0,12,12,0.0329541053418561,6.069046570230307,9.73423613187202,0.20303795417785045,0.02604886975395376
2021-12-03,False,313342.8079296448,316736.69055214024,-3391.9825743085803,1.9000481868105612,0.0,-3393.882622495391,-0.010709155824024126,-0.010715154649684326,1900.0481868105614,66236.47564315128,66236.47564315128,-3391.9825743085803,0.0,12,12,0.03357602775264749,5.956630768636111,9.747886449124618,0.20129282105432802,0.028957190484907514
2021-12-04,False,307645.4764141885,313342.8079296448,-5695.379033323829,1.952482132477647,0.0,-5697.331515456307,-0.018176191982688234,-0.018182423120225357,1952.482132477647,63132.79439396317,63132.79439396317,-5695.379033323829,0.0,12,12,0.0345921636173939,5.7816562795000905,9.747886449124616,0.1959764550393289,0.029916695082883485
2021-12-05,False,305290.72645588766,307645.4764141885,-2347.3754543755053,7.374503925345784,0.0,-2354.749958300851,-0.007630131545360974,-0.007654102331511646,7374.503925345784,60579.76399068782,60579.76399068782,-2347.3754543755053,0.0,12,12,0.036807134595189944,5.433729145167865,9.747886449124618,0.19736699332326707,0.031723962005614885
2021-12-06,False,306979.53517282364,305290.72645588766,1696.747045556895,7.938328620943801,0.0,1688.8087169359512,0.005557807357119519,0.005531804835807785,7938.328620943801,63644.27914528074,60011.69731741751,1757.6799048743974,-60.93285931750226,12,12,0.03918900191497137,5.103472663936206,9.747886449124618,0.19894622247874308,0.03425711647093553
2021-12-07,False,305531.0995319898,306979.53517282364,-1444.2620335233469,4.17360731051197,0.0,-1448.4356408338588,-0.004704750213105427,-0.004718345931491548,4173.60731051197,69636.49921998462,61154.832605003285,-1423.1137971067244,-21.148236416622687,12,12,0.04113346360482116,4.86222122993208,9.747886449124616,0.20435068211598567,0.03553271133314471
2021-12-08,False,307402.6090297502,305531.0995319898,1876.2680458144548,4.758548054019152,0.0,1871.5094977604356,0.006141005117608348,0.006125430441049044,4758.548054019152,72763.81146957778,59927.95710830924,2043.603452403805,-167.33540658935033,12,12,0.04291356943867857,4.6605305178771115,9.747886449124616,0.2029573690492175,0.04197235319818396
2021-12-09,False,302875.3538370772,307402.6090297502,-4525.079910548363,2.17528212465487,0.0,-4527.2551926730175,-0.014720369240946907,-0.014727445570362327,2175.28212465487,76567.83814808176,60333.78317758746,-5079.587787300339,554.5078767519758,12,12,0.044251770785292986,4.519593147365523,9.747886449124616,0.20498777551062194,0.0424023155523243
2021-12-10,False,298993.06510773674,302875.3538370772,-3873.365350582789,8.923378757668706,0.0,-3882.2887293404574,-0.012788644904617596,-0.01281810711950111,8923.378757668706,79331.85130828318,58252.904922823065,-4275.081992610228,401.7166420274395,12,12,0.046442931988177616,4.30636033166277,9.7618572662855,0.205088899095626,0.04771449812306894
2021-12-11,False,301689.96216616593,298993.06510773674,2706.364615060609,9.467556631391291,0.0,2696.897058429218,0.00905159661173218,0.009019931808309466,9467.556631391291,82731.96771522418,55848.55461445095,3353.8700507889425,-647.5054357283334,12,12,0.04907101662953184,4.075725626593934,9.7618572662855,0.20568419232872073,0.05202060683683847
2021-12-12,False,302395.9578213369,301689.96216616593,708.2019695043512,2.2063143333802078,0.0,705.995655170971,0.00234744956185942,0.002340136377431477,2206.314333380208,87929.21281256489,57126.92418164709,767.5279047749402,-59.32593527058901,12,12,0.05067249262023708,3.946914581425702,9.761857266285498,0.21123076366495513,0.05078213824895505
2021-12-13,False,296446.3193831199,302395.9578213369,-5946.879942285927,2.758495931111472,0.0,-5949.638438217039,-0.019665871148315722,-0.019674993280605405,2758.4959311114717,90527.7704082223,56593.1655128467,-7330.825450245698,1383.945507959771,12,12,0.05205655715508087,3.841975169510023,9.7618572662855,0.21104054081620036,0.053216289951111266
2021-12-14,False,297866.32671062014,296446.3193831199,1429.650458276719,9.643130776478502,0.0,1420.0073275002405,0.004822628465253685,0.0047900993692725135,9643.130776478502,90605.88557352326,51244.58369759566,4382.184920829938,-2952.5344625532193,12,12,0.054968055652100514,3.6384768867544497,9.7618572662855,0.20573793904417806,0.060138428629694145
2021-12-15,False,307185.09487632336,297866.32671062014,9322.55639423656,3.7882285333356376,0.0,9318.768165703224,0.031297785477085865,0.031285067595963924,3788.2285333356376,95671.38076444305,53132.92740432643,8952.10141635941,370.45497787715055,12,12,0.05575122913394123,3.5873648546743953,9.7618572662855,0.2129699542859659,0.05865977830406893
2021-12-16,False,306662.7144333982,307185.09487632336,-516.5456368621801,5.834806062995385,0.0,-522.3804429251755,-0.001681545249030224,-0.0017005396799460357,5834.806062995385,99460.95484023128,56620.67773556761,-1381.5831404445014,865.0375035823213,12,12,0.05669626813572037,3.527569037193719,9.7618572662855,0.22324253195272883,0.05738810155661177
2021-12-17,False,310574.494092478,306662.7144333982,3912.959754915244,1.1800958354507562,0.0,3911.7796590797934,0.01275981581962117,0.01275596763143295,1180.095835450756,98067.45608139902,54924.03626325467,3346.4117202632897,566.5480346519548,12,12,0.05725130258235772,3.493370298645939,9.766578890185707,0.2196732296249659,0.05642934972533499
2021-12-18,False,313036.0404813404,310574.494092478,2466.2350276351863,4.688638772833984,0.0,2461.546388862352,0.007940880769496898,0.007925784105533764,4688.638772833983,101297.22103993472,54148.35724533592,3167.4185012354865,-701.1834736002997,12,12,0.058314003888570415,3.4297079031337128,9.766578890185707,0.21990104919646694,0.06085844514847157
2021-12-19,False,310347.7458964991,313036.0404813404,-2687.0519529749304,1.242631866342642,0.0,-2688.294584841273,-0.008583842131542363,-0.008587811744320597,1242.631866342642,104752.1465041635,55371.96040662848,-2992.927297886766,305.87534491183567,12,12,0.05858439637742524,3.4138783083385578,9.766578890185707,0.22417209617961578,0.06221841909088794
2021-12-20,False,310875.167803272,310347.7458964991,528.7755561492366,1.353649376272766,0.0,527.4219067729639,0.00170381632585011,0.0016994546077639598,1353.649376272766,102346.49844370807,51331.259077380775,365.1725717043721,163.60298444486457,12,12,0.0589840233427304,3.39074869202949,9.766578890185707,0.2106769202951092,0.061496589207118126
2021-12-21,False,314248.1107301033,310875.167803272,3375.5064105495912,2.5634837183444628,0.0,3372.942926831247,0.01085807668203875,0.010849830659249413,2563.483718344463,104747.9847728697,51474.888052934955,4091.1627100396486,-715.6562994900573,12,12,0.05938476742084532,3.3678670252701157,9.766578890185707,0.21305669025476923,0.06290989928544151
2021-12-22,False,311777.15223180066,314248.1107301033,-2469.4108558169683,1.5476424856516808,0.0,-2470.95849830262,-0.007858156569596242,-0.007863081475849635,1547.642485651681,108108.93021165706,53302.751977832886,-2019.4143882370668,-449.9964675799013,12,12,0.059226821104683455,3.3768484661113223,9.766578890185707,0.21847192210564742,0.05833104502637715
2021-12-23,False,313937.43902732135,311777.15223180066,2160.292422241458,0.005626720785360248,0.0,2160.2867955206725,0.006928963225102909,0.006928945177851064,5.6267207853602486,106533.88557021454,50827.71440123056,4167.125997422829,-2006.8335751813702,12,12,0.0591624924327855,3.380520187299749,9.766578890185707,0.21217804101458448,0.04979711215417644
2021-12-24,False,312563.74647755676,313937.43902732135,-1370.8518892689885,2.840660495589407,0.0,-1373.692549764578,-0.004366640352027864,-0.004375688844314705,2840.660495589407,109867.18464722933,50147.3463278826,-1762.2081919257107,391.356302656722,12,12,0.05748835871834881,3.478965210676038,9.448642506232337,0.21493760173514206,0.04698086847098589
2021-12-25,False,312567.7221291487,312563.74647755676,4.970053491103194,0.9944018991476951,0.0,3.975651591955499,1.5900927561540034e-05,1.2719490461575221e-05,994.4018991476951,106719.2182534992,49013.29568784332,643.8511751490286,-638.8811216579253,12,12,0.05703340078718711,3.5067170682364637,9.448642506232337,0.20922569486696138,0.0430040213692429
2021-12-26,False,313472.69567151676,312567.7221291487,907.0571568696756,2.0836145016495173,0.0,904.9735423680261,0.0029019540171678123,0.002895287895383207,2083.6145016495175,105918.33604865662,49627.02227603702,979.8405700462565,-72.7834131765809,12,12,0.05641879314432895,3.5449180823199407,9.448642506232337,0.20901458841640777,0.0382491338923105
2021-12-27,False,312660.7636515961,313472.69567151676,-810.5623529500849,1.369666970593802,0.0,-811.9320199206787,-0.0025857510530979733,-0.002590120387299983,1369.666970593802,105601.29306128566,50367.993841397365,-686.7903434068407,-123.77200954324421,12,12,0.05562109436362214,3.595758089413034,9.448642506232337,0.207094113106145,0.03655732240245504
2021-12-28,False,308867.79631812515,312660.7636515961,-3792.9673334709423,0.0,0.0,-3792.9673334709423,-0.01213125461977544,-0.01213125461977544,0.0,105038.27472742207,49557.43148844728,-5972.444293199812,2179.4769597288696,12,12,0.055376696683992574,3.6116274891097446,9.448642506232337,0.20562993758159656,0.03077781035317334
2021-12-29,False,307034.9145803865,308867.79631812515,-1831.7181787214752,1.1635590171745462,0.0,-1832.8817377386497,-0.005930427841803413,-0.005934195016727587,1163.5590171745462,98049.91249166794,46292.74676843641,-2666.3335292098072,834.6153504883325,12,12,0.056225474448503496,3.5571064888599304,9.448642506232337,0.1969252019173999,0.042200732094118044
2021-12-30,False,306730.8145951917,307034.9145803865,-299.8858034308679,4.214181763930872,0.0,-304.09998519479876,-0.0009767156410882814,-0.0009904410565502013,4214.181763930872,98763.14537590067,45688.7621906406,131.51739459265127,-431.4031980235192,12,12,0.05743569724684156,3.482154993965851,9.448642506232337,0.19836974216954828,0.04653943295799724
2021-12-31,False,308595.663681681,306730.8145951917,1865.7726921455044,0.9236056562185582,0.0,1864.8490864892858,0.006082769005806801,0.006079757878093932,923.6056562185581,100249.67162473542,45545.49850747589,1570.7703636222748,295.0023285232296,12,12,0.05834556894968732,3.427852424791066,9.453794605711618,0.19917789938027858,0.0470629968815468
2022-01-01,False,311231.43775614223,308595.663681681,2637.6217012642337,1.8476268029660092,0.0,2635.774074461268,0.008547176813167934,0.00854118960394755,1847.6268029660093,103262.62619262056,47379.42833574491,3485.2071548312915,-847.5854535670583,12,12,0.05928724618599104,3.3734068094945173,9.453794605711616,0.20729432373161888,0.048746878230823784
2022-01-02,False,310062.88489689823,311231.43775614223,-1168.1541117719146,0.3987474720683117,0.0,-1168.552859243983,-0.003753329420041407,-0.003754610612824961,398.7474720683117,107196.6713289506,49618.30256494082,-822.9249058616588,-345.2292059102558,12,12,0.059362505868123444,3.3691300101836887,9.45379460571162,0.21339397195690546,0.04295386824207082
2022-01-03,False,307557.1559561461,310062.88489689823,-2505.6433129734323,0.08562777875432176,0.0,-2505.7289407521866,-0.008081081080718856,-0.008081357243339166,85.62777875432175,106633.34785024487,48364.52067441459,-2890.8978189087193,385.2545059352866,12,12,0.05913610904379234,3.382028395745366,9.45379460571162,0.20718703234049343,0.04093924254984085
2022-01-04,False,306056.5436462834,307557.1559561461,-1499.6566923716412,0.9556174910700338,0.0,-1500.6123098627113,-0.004876026011196026,-0.0048791331328238725,955.6174910700338,104035.69105982773,46178.3987012002,-1873.6244751277488,373.9677827561076,12,12,0.05971508023147835,3.349237733998246,9.453794605711618,0.20144080105603945,0.04396130798581321
2022-01-05,False,302155.3965502934,306056.5436462834,-3899.2689039587267,1.8781920312822988,0.0,-3901.147095990009,-0.012740354633505898,-0.012746491381993304,1878.1920312822988,103308.00588467109,44990.66133489716,-5175.482923483354,1276.2140195246275,12,12,0.060463610691623544,3.307774671612647,9.453794605711616,0.1984731755165531,0.04873150008442122
2022-01-06,False,300059.0423806959,302155.3965502934,-2088.8117605252874,7.542409072197886,0.0,-2096.3541695974855,-0.006913038073697311,-0.006938000093764832,7542.409072197886,103693.61886065041,43110.78811536943,-1836.9879912609995,-251.8237692642884,12,12,0.06216579863209368,3.2172030988233478,9.453794605711618,0.19823163933583884,0.05372207800249809
2022-01-07,False,294504.53909420455,300059.0423806959,-5550.5706162377155,3.9326702535811897,0.0,-5554.503286491296,-0.01849826144947668,-0.018511367770893888,3932.6702535811896,105674.47791551119,41138.48274657809,-6426.770031336932,876.1994150992156,12,12,0.06383494131166945,3.13308034581742,9.427148230822482,0.1979421519553151,0.05602581874512907
2022-01-08,False,295714.6042954047,294504.53909420455,1219.4532875991388,9.388086398978874,0.0,1210.06520120016,0.004140694372147068,0.004108816811183649,9388.086398978874,107354.30464646452,36293.298913723935,300.37082092284504,919.0824666762936,12,12,0.0674041574520875,2.967176025338865,9.427148230822484,0.19773612532270296,0.06286958413659428
2022-01-09,False,297100.86378467845,295714.6042954047,1392.8865017841194,6.627012510339734,0.0,1386.2594892737798,0.004710239134461863,0.004687828971371915,6627.012510339734,113251.11505412777,34048.26429398913,1745.015636373466,-352.12913458934645,12,12,0.07051302768019767,2.8363553031231765,9.427148230822484,0.20110702933858293,0.06542964860130973
2022-01-10,False,295411.48787616775,297100.86378467845,-1685.0055058446899,4.370402665987076,0.0,-1689.375908510677,-0.005671493123176796,-0.005686203287968355,4370.402665987075,118187.43815436185,32601.972466501982,-3281.525754468771,1596.5202486240812,12,12,0.07293935649114211,2.7420039005182115,9.427148230822484,0.20541017443975412,0.06886484133429001
2022-01-11,False,296414.00889658305,295411.48787616775,1008.2483855841951,5.727365168907099,0.0,1002.521020415288,0.0034130303896876156,0.0033936426359814768,5727.365168907099,117867.93476277261,26175.098133373613,3410.0970198003824,-2401.8486342161873,12,12,0.07566125352136549,2.6433609105289713,9.427148230822482,0.1959254556302438,0.08252269090823623
2022-01-12,False,299341.25141177204,296414.00889658305,2928.2727856452984,1.0302704562785447,0.0,2927.2425151890197,0.009878995923795741,0.009875520141864536,1030.2704562785448,123376.35889573199,26443.224312895665,5582.942398635408,-2654.6696129901097,12,12,0.07780399318661671,2.570562149943772,9.427148230822482,0.20509817566432426,0.07161549250237632
2022-01-13,False,294760.22183834144,299341.25141177204,-4578.945585240474,2.0839881900993795,0.0,-4581.029573430574,-0.015296740972535403,-0.015303702887006831,2083.9881900993796,129529.98271725813,27882.76616666385,-3813.160374541782,-765.7852106986921,12,12,0.0785583817140612,2.5458772907003753,9.427148230822484,0.21319218320694946,0.07985055696100155
2022-01-14,False,292575.0007933022,294760.22183834144,-2182.209045191716,3.011999847518661,0.0,-2185.221045039235,-0.007403336283240174,-0.007413554757865868,3011.9998475186608,124244.49583516963,25008.861205557037,384.6657454588133,-2566.8747906505296,12,12,0.08033884364149317,2.4894557966565576,9.418396277219665,0.2073118228051301,0.08097872620947567
2022-01-15,False,293604.82624061144,292575.0007933022,1033.9640816798656,4.138634370652042,0.0,1029.8254473092136,0.0035340137704052794,0.0035198682201722444,4138.634370652042,123477.49040600438,26112.04522439158,1363.4406080882732,-329.4765264084078,12,12,0.08258859100593315,2.4216419915146883,9.418396277219665,0.20879859125291317,0.0807281694637242
2022-01-16,False,294336.3985455355,293604.82624061144,733.3580590019033,1.7857540778278413,0.0,731.5723049240754,0.0024977724937018256,0.0024916903250239704,1785.7540778278412,124777.42545987602,27280.40150952302,-143.6479830140267,877.00604201593,12,12,0.08403068607786479,2.3800829117910016,9.418396277219664,0.21075876576067362,0.08270972740062296
2022-01-17,False,290709.01895100484,294336.3985455355,-3626.857674559539,0.5219199711503179,0.0,-3627.3795945306897,-0.012322151431089294,-0.012323924640157998,521.9199711503179,123901.02574863711,27680.655744956035,-4325.707815342862,698.8501407833224,12,12,0.08526187530097158,2.34571429837787,9.418396277219665,0.20780356258709728,0.08150144365690838
2022-01-18,False,292305.64192833455,290709.01895100484,1598.388667586335,1.7656902565987351,0.0,1596.6229773297364,0.0054982424465328415,0.005492168709078909,1765.6902565987352,120121.55375702334,23282.66404879257,85.10568136810102,1513.2829862182339,12,12,0.08749665555592671,2.28580165412337,9.418396277219664,0.19672856840629002,0.0768007578104596
2022-01-19,False,290773.9769065104,292305.64192833455,-1529.709222557508,1.955799266596452,0.0,-1531.6650218241043,-0.005233252469798552,-0.005239943408959678,1955.799266596452,119899.2906957878,24660.533834197326,-2915.0205009531765,1385.3112783956688,12,12,0.0889019945966513,2.249668310676277,9.418396277219665,0.19480255006671993,0.08031568925062785
2022-01-20,False,289123.0523410175,290773.9769065104,-1647.2383589345163,3.6862065583820964,0.0,-1650.9245654928984,-0.0056650129989594495,-0.005677690221995702,3686.2065583820963,118338.03454779416,23328.177712247736,-3460.6284973938564,1813.3901384593394,12,12,0.09165959009249146,2.18198662898432,9.418396277219662,0.19194042005280423,0.08952139048918019
2022-01-21,False,285326.4814312797,289123.0523410175,-3753.010280253131,43.56062948469714,0.0,-3796.570909737828,-0.012980667746363219,-0.01313133241710458,43560.62948469714,124274.21605517507,13835.287861545814,-9861.765479582324,6108.755199329193,12,12,0.09794465136285652,2.0419695942258045,9.391588718934928,0.18538056219762358,0.10483073551425598
2022-01-22,False,280975.37308810116,285326.4814312797,-4338.781067741214,12.327275437300392,0.0,-4351.108343178515,-0.015206373575900285,-0.015249577681511032,12327.275437300392,120630.97081356392,1060.68952591776,-7520.455585268559,3181.6745175273445,12,12,0.10351786236002607,1.9320337132196328,9.391588718934928,0.17499263807606427,0.10295119202056321
2022-01-23,False,281576.7838370409,280975.37308810116,611.1061471458725,9.695398206132685,0.0,601.4107489397397,0.0021749455848369217,0.0021404393642398137,9695.398206132686,111598.92667124384,-12973.489747956144,3507.1786081212795,-2896.072460975407,12,12,0.09873811205328425,2.0255603012955072,9.391588718934928,0.16301484299627073,0.10681454526473758
2022-01-24,False,282343.17468460277,281576.7838370409,783.0754580700298,16.68461050814763,0.0,766.3908475618821,0.002781037013773213,0.0027217828015445385,16684.610508147634,102776.13249704514,-29046.994108957908,-1699.5660969263863,2482.6415549964163,12,12,0.09063911846607944,2.2065527929295508,9.391588718934926,0.1625250549124545,0.09050299439055984
2022-01-25,False,284258.9116552952,282343.17468460277,1928.5145232009977,12.777552508596818,0.0,1915.736970692401,0.006830391863926884,0.006785136466756861,12777.552508596818,88008.50201925538,-41041.471159484696,1563.9776509399271,364.5368722610707,12,12,0.07951612901095115,2.5152129824183915,9.391588718934928,0.1652779234603667,0.07760951689088612
2022-01-26,False,283007.8224256255,284258.9116552952,-1240.2098116287511,10.879418040890787,0.0,-1251.089229669642,-0.004362958418460012,-0.004401231336545634,10879.418040890787,79478.6187341558,-48958.397268774286,-469.6941213624833,-770.5156902662678,12,12,0.07034304977764716,2.8432091106682984,9.391588718934928,0.1709234943402049,0.06913884994113396
2022-01-27,False,283854.19032740506,283007.8224256255,855.6512263464117,9.283324566883591,0.0,846.3679017795281,0.0030234189960289064,0.0029906166357007804,9283.324566883592,77074.59306386553,-53571.34855833572,-214.2176318292254,1069.868858175637,12,12,0.06410142191169783,3.1200555937044214,9.391588718934928,0.17720594098528272,0.05800416109085167
2022-01-28,False,283155.67713246145,283854.19032740506,-692.3374760011193,6.175718942503548,0.0,-698.5131949436228,-0.0024390602626036934,-0.0024608169220187975,6175.7189425035485,76028.25096032875,-57219.684905219416,334.6719938631563,-1027.0094698642756,12,12,0.05827755254976519,3.431853110667494,9.551490082871148,0.1825921936497669,0.050490457870816983
2022-01-29,False,282636.91186901275,283155.67713246145,-513.7781375839286,4.987125864781284,0.0,-518.7652634487099,-0.001814472317090718,-0.001832084981315876,4987.125864781284,76298.46413623035,-60193.13647577532,590.7452473691474,-1104.523384953076,12,12,0.05472311633464412,3.6547626194560117,9.551490082871148,0.18938745112486213,0.04501312852541749
2022-01-30,False,283528.89512374427,282636.91186901275,894.778988788229,2.795734056731002,0.0,891.9832547314979,0.003165824954961692,0.0031559333451282715,2795.734056731002,76491.34604589356,-61719.10850053302,-405.0850217756155,1299.8640105638447,12,12,0.05284033720031657,3.784987201005254,9.551490082871146,0.1930121950936848,0.042653648747698045
2022-01-31,False,282232.6736554326,283528.89512374427,-1293.7947404292806,2.426727882388673,0.0,-1296.2214683116692,-0.004563184785327128,-0.0045717437996784845,2426.7278823886727,76093.49533925945,-63212.40132968864,182.11856037095637,-1475.913300800237,12,12,0.050564906467258114,3.9553123692516743,9.551490082871148,0.1954979292593832,0.038621435990442925
2022-02-01,False,279769.53263499704,282232.6736554326,-2462.279787675528,0.8612327600459706,0.0,-2463.141020435574,-0.008724290337417255,-0.00872734183655409,861.2327600459707,77117.83619906467,-65062.285385992225,301.3024372502358,-2763.582224925764,12,12,0.049464082130916014,4.043337941067264,9.551490082871148,0.2005719614579596,0.035663406357067565
2022-02-02,False,283372.67239354266,279769.53263499704,3604.2307995385913,1.0910409929840557,0.0,3603.1397585456075,0.012882856705633033,0.012878956920754001,1091.0409929840557,79169.28287487804,-67197.5876999527,-451.5309938435216,4055.7617933821134,12,12,0.049768171708756116,4.018632654830123,9.551490082871146,0.20755127829102432,0.039093848873996535
2022-02-03,False,282214.7200363078,283372.67239354266,-1157.8023177762957,0.15003945855765483,0.0,-1157.9523572348533,-0.004085793834658698,-0.0040863233121742615,150.03945855765483,74812.02954621008,-63743.39635897176,50.62372806202247,-1208.426045838318,12,12,0.048527515884887594,4.121373129307117,9.551490082871148,0.19134940764825825,0.030178168154590714
2022-02-04,False,276712.1573492843,282214.7200363078,-5502.083299001482,0.47938802206404535,0.0,-5502.5626870235465,-0.019496089000225154,-0.019497787664355795,479.38802206404534,75674.80684330371,-65380.58669881211,703.5888768347698,-6205.672175836252,12,12,0.04784121694865129,4.180495663700676,9.593375061337108,0.19790150751265825,0.0294413918768132
2022-02-05,False,276205.303200435,276712.1573492843,-503.92616646799445,2.9279823812971375,0.0,-506.85414884929156,-0.0018211204426117993,-0.0018317017716337881,2927.9823812971376,79656.08551467759,-68347.06711350991,-55.999640957550334,-447.9265255104441,12,12,0.04999375136855292,4.000499952996207,9.59337506133711,0.21387986430473535,0.04379923403320454
2022-02-06,False,274787.92857432226,276205.303200435,-1416.747496033424,0.6271300793570863,0.0,-1417.3746261127812,-0.005129327640046532,-0.005131598161546628,627.1300793570863,79420.8823198734,-68223.8632006208,140.3627364260685,-1557.1102324594926,12,12,0.051617045608109334,3.8746890226622903,9.593375061337108,0.21359750597138474,0.039382179320749576
2022-02-07,False,270673.16263128194,274787.92857432226,-4114.259181062125,0.506761978172005,0.0,-4114.765943040297,-0.014972488793114273,-0.014974332986128141,506.761978172005,80611.59331058696,-69133.84871848223,309.8161954274886,-4424.0753764896135,12,12,0.053722858811364856,3.7228100742414476,9.593375061337108,0.2173077410297052,0.04145631955620217
2022-02-08,False,272164.9059517712,270673.16263128194,1494.1782807861148,2.4349602968864943,0.0,1491.7433204892284,0.005520230621539393,0.005511234678708506,2434.9602968864942,82910.52458561756,-70813.14760265786,228.36217221650563,1265.8161085696092,12,12,0.05704146436062443,3.506221346906014,9.593375061337108,0.22664457948334002,0.05364317160716974
2022-02-09,False,271161.8062946799,272164.9059517712,-1001.5977178008702,1.501939290438564,0.0,-1003.0996570913088,-0.0036801134014624124,-0.003685631891383757,1501.939290438564,82859.04411497194,-67817.0300314332,319.80182879496726,-1321.3995465958376,12,12,0.05986099950057191,3.3410735147863546,9.59337506133711,0.21565221303939341,0.04589071200800003
2022-02-10,False,274489.9745638629,271161.8062946799,3329.6628228878267,1.4945537048007183,0.0,3328.168269183026,0.012279247097466889,0.012273735430004486,1494.5537048007182,85994.79919516349,-67324.07404443334,121.38668829936724,3208.2761345884596,12,12,0.06301587237407702,3.173803558772511,9.593375061337108,0.213314410065619,0.05233439895392241
2022-02-11,False,277974.6725641044,274489.9745638629,3487.1175987404413,2.419598498937543,0.0,3484.698000241504,0.012703988931767444,0.012695174043344717,2419.598498937543,85327.50824781193,-63064.73741877575,-1151.606850893095,4638.724449633537,12,12,0.06515990986900774,3.0693719558861265,9.60913849380553,0.20072474908757054,0.05201188116637517
2022-02-12,False,277804.62114693533,277974.6725641044,-165.52776419343692,4.5236529755790045,0.0,-170.05141716901593,-0.0005954778637440941,-0.0006117514793719201,4523.652975579005,84060.82992286432,-61743.12448292644,-62.8129252470103,-102.71483894642665,12,12,0.06344171870173224,3.152499713008865,9.60913849380553,0.19279163206934785,0.050247021553712294
2022-02-13,False,278231.17453353223,277804.62114693533,428.83901904679897,2.28563244989506,0.0,426.5533865969039,0.001543671294150212,0.001535443812402577,2285.63244989506,85450.9823032826,-62742.40543171422,-472.2802721259003,901.1192911726993,12,12,0.062194741270399735,3.2157059570434416,9.60913849380553,0.19506020650883066,0.05286406342267931
2022-02-14,False,278131.7299583058,278231.17453353223,-96.37449341905153,3.0700818074252307,0.0,-99.44457522647676,-0.00034638280049181384,-0.00035741708452764255,3070.0818074252306,86662.118890605,-63688.236965010015,578.1819282764015,-674.556421695453,12,12,0.06046118810036493,3.30790720929933,9.60913849380553,0.19717512653374136,0.055060783183484424
2022-02-15,False,274949.8545630274,278131.7299583058,-3181.5941967940694,0.28119848432192796,0.0,-3181.8753952783914,-0.011439163008373825,-0.01144017403463956,281.19848432192794,87787.13974583951,-63656.89396369173,1646.0485509093471,-4827.642747703416,12,12,0.0598367113961673,3.34242967792529,9.60913849380553,0.19720975283261596,0.054206619718986306
2022-02-16,False,277176.2691849347,274949.8545630274,2227.3213333668737,0.9067114595580561,0.0,2226.4146219073154,0.00810082746509073,0.008097529731178488,906.711459558056,93354.11958489423,-65931.77670092774,337.7644427941241,1889.5568905727496,12,12,0.06284131683216773,3.1826194943391504,9.60913849380553,0.2105959675487177,0.04983536036621954
2022-02-17,False,281643.9787319441,277176.2691849347,4468.933119202198,1.223572192781022,0.0,4467.709547009417,0.01612307262935444,0.016118658210340937,1223.5721927810218,92974.01589430396,-62972.3174160042,-1108.724185234806,5577.657304437003,12,12,0.06439954852639297,3.1056118338785197,9.609138493805531,0.20139025766960816,0.057989531943604566
2022-02-18,False,282420.1982262671,281643.9787319441,781.1919390332641,4.972444710235619,0.0,776.2194943230285,0.002773685922739953,0.002756030850784844,4972.444710235619,91260.07911486778,-60179.49175040069,-808.6378868773586,1589.8298259106225,12,12,0.0635576719060135,3.1467483625855883,9.81236208153515,0.1946683747689717,0.05267103971186417
2022-02-19,False,282025.07829484413,282420.1982262671,-393.12742602891905,1.9925053940710438,0.0,-395.1199314229901,-0.0013919947245202215,-0.0013990498339160257,1992.5053940710436,90722.44423866464,-60665.95076095473,242.62297413841435,-635.7504001673333,12,12,0.061345041782828354,3.260247188485636,9.812362081535154,0.19544771156452276,0.0516410868623207
2022-02-20,False,283929.2001008514,282025.07829484413,1904.7828431084265,0.6610371011279258,0.0,1904.1218060072986,0.006753948459565941,0.0067516045648133025,661.0371011279258,91393.07352409602,-60851.334098109255,-1383.8495561968816,3288.632399305308,12,12,0.059910760742345005,3.3382984545986534,9.812362081535152,0.196296056644954,0.050382933144602994
2022-02-21,False,287916.4269846571,283929.2001008514,3989.0294786314475,1.8025948257492073,0.0,3987.2268838056984,0.014049380892189135,0.014043032144596042,1802.5948257492073,88504.80123556893,-60730.76092197592,-1311.9612675632764,5300.990746194724,12,12,0.05728951565438594,3.4910401618081845,9.812362081535152,0.19417316983031815,0.046333905331497054
2022-02-22,False,286060.48835306,287916.4269846571,-1852.0029445215175,3.9356870756526345,0.0,-1855.9386315971701,-0.006432432369064546,-0.006446101915873219,3935.687075652635,85827.53629746355,-60677.41851899711,788.9739677538054,-2640.976912275323,12,12,0.05265536301206015,3.7982835661809444,9.812362081535154,0.18955683484927865,0.03954325497446104
2022-02-23,False,287763.22739867656,286060.48835306,1704.299132729527,1.5600871129171192,0.0,1702.73904561661,0.005957827809571717,0.005952374112971047,1560.0871129171192,87697.40006457556,-64089.50857643574,-147.62869206542405,1851.9278247949512,12,12,0.05049964063816598,3.9604242222834065,9.812362081535154,0.20064386874319962,0.03789349602265979
2022-02-24,False,287328.8605123473,287763.22739867656,-433.28341527486026,1.0834710543742694,0.0,-434.36688632923455,-0.0015056941750051173,-0.001509459322707166,1083.4710543742694,84614.37249334092,-63468.68049808048,420.4372914759649,-853.720706750825,12,12,0.048204211558460185,4.149015065985424,9.812362081535154,0.19618448733512006,0.03969937428893358
2022-02-25,False,284860.7814163969,287328.8605123473,-2429.5038765323075,38.57521941809786,0.0,-2468.079095950405,-0.008455481541952187,-0.0085897361356234,38575.219418097855,83476.71262694093,-62383.41179617083,634.0422450113615,-3063.54612154367,12,12,0.05023843946976819,3.9810153760917135,9.834287609299164,0.19497683294624757,0.0448498980111194
2022-02-26,False,285246.205317624,284860.7814163969,386.78510633380904,1.3612051067640258,0.0,385.423901227045,0.0013578039925700536,0.001353025500072786,1361.205106764026,85813.09588673193,-64880.917858156194,106.03154178053043,280.7535645532786,12,12,0.05029662996469614,3.976409555478819,9.834287609299162,0.2053992798385221,0.04565252393213612
2022-02-27,False,287616.595025393,285246.205317624,2370.632921469489,0.243213700455437,0.0,2370.3897077690335,0.008310830704407688,0.008309978059583948,243.213700455437,85467.72531563496,-64323.484203498134,-874.1136858980248,3244.7466073675137,12,12,0.04969103643339795,4.024870768555304,9.834287609299164,0.20051689689977917,0.0448366508725259
2022-02-28,False,280397.2857250153,287616.595025393,-7218.431668469607,0.877631908097359,0.0,-7219.309300377704,-0.02509741020970055,-0.025100461604937393,877.631908097359,82226.49693046679,-62830.48319012601,1231.000338720294,-8449.432007189902,12,12,0.04839445163694183,4.13270516009588,9.834287609299162,0.1944409967532063,0.04448824698210393
2022-03-01,False,280649.1268646545,280397.2857250153,257.0584162140505,5.217276574851168,0.0,251.84113963919935,0.0009167649948871006,0.0008981582649347724,5217.276574851167,86689.6527015258,-66508.24346430687,279.3687743438966,-22.310358129846037,12,12,0.05114087918523843,3.9107657745885813,9.834287609299164,0.21907810613031728,0.050418752643355054
2022-03-02,False,280684.9728591815,280649.1268646545,36.185405748310274,0.3394112212511309,0.0,35.84599452705914,0.00012893468136731815,0.00012772530215048982,339.4112212511309,86651.9206127484,-65911.77382684169,-425.02257977105666,461.20798551936684,12,12,0.053093167215536564,3.766963066793166,9.834287609299164,0.2175697502325627,0.04405719361079367
2022-03-03,False,282365.24277377,280684.9728591815,1680.533734547772,0.26381995926473245,0.0,1680.2699145885072,0.005987259372773364,0.005986319457976439,263.81995926473246,85501.87008819325,-65611.76846182864,-582.6152217086386,2263.148956256411,12,12,0.05454491017227512,3.666703261006724,9.834287609299164,0.21582130019044615,0.044332576509184804
2022-03-04,False,287109.78120610554,282365.24277377,4744.574150776654,0.035718441099728805,0.0,4744.538432335555,0.016802968042982504,0.016802841545681534,35.71844109972881,82620.38746912846,-63895.51628618113,-321.1547021303764,5065.728852907031,12,12,0.05451331890260759,3.6688281694482043,10.009207698601621,0.210752291446909,0.044731210683013924
2022-03-05,False,285773.2420304189,287109.78120610554,-1335.5883579913716,0.950817695305097,0.0,-1336.5391756866768,-0.004651838583766681,-0.004655150270645864,950.817695305097,78184.32160939618,-60101.75983070958,107.4495285938053,-1443.0378865851767,12,12,0.053294854517666156,3.7527074951242074,10.00920769860162,0.19757556178216382,0.039122881055925186
2022-03-06,False,288150.85619810584,285773.2420304189,2377.6141676869347,0.0,0.0,2377.6141676869347,0.008319932792846475,0.008319932792846475,0.0,79734.80902457515,-61437.34818870096,-495.4617151825508,2873.075882869485,12,12,0.05267812736051166,3.7966421742987606,10.00920769860162,0.20320537706485756,0.035327702568556656
2022-03-07,False,290068.82391677675,288150.85619810584,1918.0630400050811,0.09532133419755155,0.0,1917.9677186708836,0.006656454418745154,0.006656123615167281,95.32133419755155,76461.59276072067,-59155.055355211574,-99.09234303650983,2017.1553830415908,12,12,0.050696080399489904,3.9450781682524787,10.00920769860162,0.1926108550532096,0.039184193012557676
2022-03-08,False,289279.2740778753,290068.82391677675,-787.866643571859,1.6831953295877022,0.0,-789.5498389014466,-0.0027161369254832595,-0.0027219396701797065,1683.195329587702,74988.38954865783,-58920.18764479419,145.76875418717788,-933.6353977590368,12,12,0.04876364718049936,4.101415943309102,10.009207698601621,0.19068116940889643,0.03819106849538465
2022-03-09,False,285761.2625676446,289279.2740778753,-3517.011169981884,1.0003402488495585,0.0,-3518.0115102307336,-0.012157840139750518,-0.012161298183027342,1000.3402488495585,75423.84399912329,-60708.394537215616,465.9724229884388,-3982.9835929703227,12,12,0.047385865788522795,4.220667844132574,10.009207698601623,0.1957030823361532,0.038792497942664025
2022-03-10,False,288895.08449992485,285761.2625676446,3135.0449829949257,1.2230507146378822,0.0,3133.821932280288,0.010970853623845558,0.01096657365005328,1223.0507146378823,78649.74930044415,-64102.06392595565,-345.0785237728345,3480.1235067677603,12,12,0.04789821208000056,4.175521200372907,10.00920769860162,0.21061308227480877,0.03755457000992256
2022-03-11,False,289131.89329765376,288895.08449992485,236.93268295545076,0.12388522652232496,0.0,236.80879772892843,0.0008201340059682199,0.0008197051816885103,123.88522652232496,74700.66204338123,-61090.904169483045,-250.49764120316047,487.43032415861126,12,12,0.04672079330570632,4.280749230676541,10.184217081758963,0.20129371603759777,0.03911934268732174
2022-03-12,False,288923.2768075769,289131.89329765376,-207.53272631438261,1.083763762474422,0.0,-208.61649007685705,-0.000717778740862507,-0.000721527077824278,1083.763762474422,73097.93711406481,-61018.78603961971,-24.609764026901253,-182.92296228748137,12,12,0.04569562616957028,4.376786505951951,10.18421708175896,0.2001652320291502,0.040183008838096244
2022-03-13,False,290755.3073219007,288923.2768075769,1832.97365057793,0.9431362541615117,0.0,1832.0305143237683,0.00634415361348228,0.006340889299631964,943.1362541615117,72625.8762606963,-61913.65565604752,-226.69767080944072,2059.671321387371,12,12,0.04469088482703069,4.475185505368036,10.184217081758963,0.20140300058010063,0.04075219056016062
2022-03-14,False,288821.01144677727,290755.3073219007,-1932.30882546566,1.987049657769443,0.0,-1934.2958751234294,-0.006645824777074025,-0.006652658872988117,1987.049657769443,70823.78954045338,-62031.36227563729,68.00271529211092,-2000.311540757771,12,12,0.04316247272852736,4.633654824595211,10.18421708175896,0.19894546610024993,0.03930792810936556
2022-03-15,False,288704.4995183492,288821.01144677727,-115.218583230691,1.2933451974069086,0.0,-116.5119284280979,-0.000398927289443147,-0.00040340530574441337,1293.3451974069085,71598.75859909634,-64182.183850471156,46.26617063555534,-161.48475386624634,12,12,0.04260255118775633,4.694554537792061,10.18421708175896,0.2067771210063922,0.03650202712140098
2022-03-16,False,285613.11068880325,288704.4995183492,-3090.5759588232972,0.8128707226237448,0.0,-3091.388829545921,-0.010704980227115822,-0.010707795807489456,812.8707226237448,71305.16278670567,-64897.933456519146,195.54948378417006,-3286.125442607467,12,12,0.042127690535671815,4.74747125837931,10.184217081758963,0.20777347895448586,0.03773420551619337
2022-03-17,False,286125.03671294084,285613.11068880325,513.4736498502313,1.5476257126399229,0.0,511.92602413759136,0.0017977943961042426,0.001792375787312414,1547.6257126399228,73239.21200045738,-66704.23367910621,234.74736441315483,278.72628543707646,12,12,0.04307058888853394,4.643539945961666,10.18421708175896,0.21754531491947507,0.03728531625423916
2022-03-18,False,284758.00483648106,286125.03671294084,-1366.8902522060407,0.14162425372797408,0.0,-1367.0318764597687,-0.004777247974903341,-0.004777742948203668,141.62425372797406,73053.60882570548,-66049.135775528,280.1965721848744,-1647.086824390915,12,12,0.04392571420605974,4.553141676007379,10.272679598515612,0.21530700531325583,0.03762068705983777
2022-03-19,False,282559.87948800816,284758.00483648106,-2197.6353867901776,0.489961682715827,0.0,-2198.125348472893,-0.00771755437762722,-0.0077192750024187755,489.961682715827,74490.93053956545,-66926.06434501823,167.67668886653897,-2365.3120756567164,12,12,0.04573001663251402,4.373495019850925,10.272679598515614,0.21847228775562813,0.037030030932935706
2022-03-20,False,284497.4691514538,282559.87948800816,1938.9453160685196,1.355652622857614,0.0,1937.589663445662,0.006862068739489282,0.006857270986088077,1355.652622857614,77079.61636244955,-67768.04710895079,-244.4390945679414,2183.384410636461,12,12,0.048454779022923875,4.127559841009291,10.272679598515614,0.22323028874436068,0.04148019641436116
2022-03-21,False,283991.13341277983,284497.4691514538,-504.28359803922274,2.0521406347637066,0.0,-506.33573867398644,-0.001772541596040577,-0.0017797548083088072,2052.1406347637067,76703.93349200886,-65497.60075157397,91.16210317024468,-595.4457012094674,12,12,0.05007427853169955,3.994066532049781,10.27267959851561,0.21407686819457913,0.03951096952072505
2022-03-22,False,280966.1466634458,283991.13341277983,-3023.242901341013,1.7438479930318491,0.0,-3024.986749334045,-0.010645553841805135,-0.01065169434334853,1743.847993031849,78855.21443078661,-65554.36007170743,-178.21910423128156,-2845.0237971097313,12,12,0.05181458786306669,3.8599168351691073,10.272679598515614,0.2139503649893206,0.04149629099628466
2022-03-23,False,278011.95588731347,280966.1466634458,-2951.653992424999,2.536783707323007,0.0,-2954.1907761323223,-0.010505372364168222,-0.01051440115193304,2536.783707323007,82510.8975251846,-66365.92744124364,197.26539916604426,-3148.919391591043,12,12,0.05345582276682358,3.7414071966006017,10.27267959851561,0.213826079522786,0.04609715374571701
2022-03-24,False,274774.00854417775,278011.95588731347,-3236.676244892968,1.271098242777671,0.0,-3237.9473431357455,-0.011642219610889286,-0.01164679171009531,1271.098242777671,87078.43815944101,-68046.48319089095,179.37960815133277,-3416.055853044301,12,12,0.056612945276932836,3.5327609086872713,10.272679598515614,0.2195679923294078,0.049072813174193264
2022-03-25,False,276700.6545683089,274774.00854417775,1928.4642141751465,1.8181900439813543,0.0,1926.6460241311652,0.007018364744149704,0.007011747706193259,1818.1900439813544,92492.06366461799,-69464.96939180257,-535.1774422702084,2463.641656445355,12,12,0.06289700757615124,3.179801515324146,10.101637566082765,0.2255270069740564,0.05139755239461296
2022-03-26,False,274944.78297596815,276700.6545683089,-1754.0951276992753,1.776464641455541,0.0,-1755.8715923407308,-0.006339324098946947,-0.006345744266778595,1776.464641455541,91269.70920735794,-66062.34473419396,357.7761037333748,-2111.8712314326503,12,12,0.06727514746158722,2.9728660217979614,10.101637566082767,0.21267012902350188,0.0605754479288839
2022-03-27,False,271329.57089516346,274944.78297596815,-3613.5712605255194,1.6408202791815965,0.0,-3615.212080804701,-0.01314289808088982,-0.013148865898360009,1640.8202791815966,95380.1768217056,-66175.61958271165,687.0860193660371,-4300.657279891557,12,12,0.07393064039992588,2.7052383006302287,10.101637566082767,0.2163221175614968,0.06356364372228868
2022-03-28,False,272299.04389313643,271329.57089516346,972.5863778661729,3.1133798932208245,0.0,969.4729979729522,0.0035845203847757593,0.003573045852593553,3113.3798932208247,102800.47402391746,-66675.81095001633,-68.3113762242853,1040.8977540904582,12,12,0.086194459690901,2.3203347490919155,10.101637566082767,0.2257445626310782,0.06747048780272627
2022-03-29,False,271068.87719380745,272299.04389313643,-1224.7908215063767,5.375877822591114,0.0,-1230.1666993289678,-0.004497962255009037,-0.004517704806234082,5375.877822591114,106431.50622442167,-62320.382349708205,788.0504488559807,-2012.8412703623576,12,12,0.09901335471997919,2.0199295394608368,10.101637566082767,0.21554972266096803,0.07852525318495208
2022-03-30,False,270369.6483140458,271068.87719380745,-691.7941691759436,7.4347105857109215,0.0,-699.2288797616545,-0.0025520973722163174,-0.002579524757693682,7434.710585710922,115870.50388043156,-60066.29285575407,854.2688621716447,-1546.0630313475883,12,12,0.11737026022717444,1.7040091724504376,10.101637566082767,0.2180881387328757,0.08872331287229
2022-03-31,False,273129.90713420016,270369.6483140458,2773.0037935873897,12.744973433026422,0.0,2760.258820154363,0.01025634279172649,0.010209203723001502,12744.973433026422,128525.9306987867,-55442.79356851358,710.9552043007761,2062.048589286613,12,12,0.14126818918895712,1.415746893537968,10.101637566082765,0.2209109855410431,0.11189791455913696
2022-04-01,False,269674.2550454871,273129.90713420016,-3439.667059219646,15.985029493453121,0.0,-3455.652088713099,-0.012593520406864832,-0.012652045779136126,15985.02949345312,136148.29245631144,-45590.100153293344,-301.9845321001486,-3137.6825271194975,12,12,0.15980159079747228,1.2515519964596222,10.08553679099996,0.21018058430130895,0.12493227330037239
2022-04-02,False,270325.9435197131,269674.2550454871,667.9304819509177,16.242007724860773,0.0,651.688474226057,0.0024768047726256076,0.002416576525319905,16242.007724860774,134947.0263005315,-32787.75948765222,-306.0240406542168,973.9545226051343,12,12,0.17327014735238438,1.1542669239684686,10.085536790999962,0.20312489237031175,0.13356207251064023
2022-04-03,False,268168.681316284,270325.9435197131,-2147.263139554827,9.999063874276304,0.0,-2157.262203429103,-0.007943237380759353,-0.007980226297709335,9999.063874276304,127487.06897217895,-22120.765131424996,985.4481290312671,-3132.7112685860943,12,12,0.17073423149525188,1.1714112527314828,10.08553679099996,0.19460681005910666,0.12441749611202464
2022-04-04,False,266838.80874680623,268168.681316284,-1315.8256789823179,14.046890495474141,0.0,-1329.872569477792,-0.004906708988252078,-0.004959089789867413,14046.890495474143,126291.48962296307,-10221.137775505667,-1192.0539538335051,-123.7717251488126,12,12,0.1553863149178403,1.2871146349390483,10.08553679099996,0.19021094700742833,0.12717169989634708
2022-04-05,False,259890.57340317938,266838.80874680623,-6934.150759822862,14.08458380397849,0.0,-6948.23534362684,-0.025986290346553108,-0.026039073462585317,14084.58380397849,119096.12636788716,2547.6203494905003,-3129.8981094819305,-3804.2526503409326,12,12,0.14071924617084022,1.4212696943898488,10.08553679099996,0.18321612540144788,0.1322379813086312
2022-04-06,False,259681.48692369423,259890.57340317938,-186.51693285059162,22.56954663456539,0.0,-209.086479485157,-0.0007176748675729762,-0.0008045173657021881,22569.54663456539,101975.69088372978,13901.953610912755,-5374.8174061766695,5188.300473326078,12,12,0.12594773177608676,1.5879603163919247,10.08553679099996,0.16837941428158287,0.12657822263793692
2022-04-07,False,261755.89374130088,259681.48692369423,2075.359756032851,0.9529384262072108,0.0,2074.4068176066435,0.007991943440475918,0.007988273797185221,952.9384262072108,92365.51143043423,14668.375104269373,2921.9218441510925,-846.5620881182417,12,12,0.13733071742191075,1.4563384197983558,10.085536790999962,0.15789706962133024,0.1029197692901182
2022-04-08,False,260289.34186928085,261755.89374130088,-1466.0693247903444,0.48254722969373326,0.0,-1466.551872020038,-0.0056009028252838235,-0.00560274632619911,482.54722969373324,96616.5425923973,17226.282089995962,-2834.195344692123,1368.1260199017788,12,12,0.14018817661909797,1.426653836460227,10.130651674753889,0.1658531923498259,0.09838247853137422
2022-04-09,False,260490.91298588744,260289.34186928085,202.21374820327503,0.6426315966979927,0.0,201.57111660657705,0.0007768806311893793,0.0007744117187395537,642.6315966979928,93056.8528245014,16402.84436190362,764.4299215385631,-562.2161733352882,12,12,0.1539892110398279,1.298792289729128,10.130651674753889,0.160685029577299,0.10171154549159302
2022-04-10,False,258473.1271255135,260490.91298588744,-2017.2107855881768,0.575074785740595,0.0,-2017.7858603739173,-0.007743881590593,-0.007746089248354067,575.074785740595,94958.57370511586,17180.132895847477,-2081.7923485874353,64.58156299925828,12,12,0.16272952145349795,1.2290332953332783,10.130651674753889,0.16435376925753903,0.10798418752930816
2022-04-11,False,257019.77382380542,258473.1271255135,-1450.3768157222055,2.976485985875557,0.0,-1453.353301708081,-0.005611325370075739,-0.005622841019764266,2976.485985875557,95788.68577940472,18139.40809613485,-4901.047563402783,3450.6707476805777,12,12,0.17789991256153784,1.1242276464347192,10.130651674753889,0.1693473336490076,0.126715107048632
2022-04-12,False,257650.95473553636,257019.77382380542,642.0345167490107,10.853605018050848,0.0,631.1809117309598,0.0024979965828977194,0.0024557679058719146,10853.605018050848,98290.5724863722,22063.49032707549,1692.9338397539095,-1050.899323004899,12,12,0.22678382572348804,0.8818971077939884,10.130651674753889,0.18728179153237023,0.17584703220729248
2022-04-13,False,258988.9019124063,257650.95473553636,1343.3933979391936,5.446221069273496,0.0,1337.9471768699202,0.005214005123008795,0.005192867141684938,5446.221069273496,106480.62671840451,17688.94291597359,2822.644146312623,-1479.2507483734296,12,12,0.24902844889396483,0.8031210927437414,10.130651674753889,0.1837545194182016,0.19859070690128725
2022-04-14,False,256630.7323515352,258988.9019124063,-2356.6265737520703,1.542987119018284,0.0,-2358.1695608710884,-0.009099334204479212,-0.00910529193899071,1542.987119018284,112325.50873210884,17489.34919489451,-2697.138764468967,340.5121907168963,12,12,0.2581321630866304,0.7747969009692103,10.130651674753889,0.19143876927894626,0.1888208379090155
2022-04-15,False,255931.43438001454,256630.7323515352,-696.5261776480279,2.771793872619857,0.0,-699.2979715206477,-0.002714118341422647,-0.002724919050469539,2771.793872619857,112059.65164954284,12360.928748522569,464.71120575435975,-1161.2373834023874,12,12,0.2656437254749134,0.7528881009421298,10.199152930158181,0.1806963856030617,0.20313399856778988
2022-04-16,False,256157.18635160683,255931.43438001454,226.90376674324972,1.1517951509721338,0.0,225.75197159227758,0.0008865802955893894,0.0008820798904173466,1151.7951509721338,113378.5513976081,10512.60741990242,291.7398754441575,-64.83610870090774,12,12,0.2665720004758338,0.7502663432130828,10.199152930158181,0.1793180976745533,0.21665337208898655
2022-04-17,False,256316.6197473961,256157.18635160683,162.79136285622837,3.3579670669615598,0.0,159.43339578926683,0.0006355135499996376,0.0006224045401967569,3357.96706696156,111864.47905950958,7381.544119684105,-1740.8013615385944,1903.5927243948229,12,12,0.25927113883173797,0.7713932252590452,10.199152930158181,0.16942330258594437,0.21703493364953078
2022-04-18,False,256712.55927081555,256316.6197473961,407.27165874118043,11.332135321720417,0.0,395.93952341946,0.0015889397228418228,0.001544728249809413,11332.135321720416,97438.2740847708,-3787.7998391800866,1425.0895141333467,-1017.8178553921662,12,12,0.2335073169362049,0.8565042099072243,10.199152930158181,0.13962801603142613,0.19296602560479573
2022-04-19,False,257171.89677411964,256712.55927081555,467.0182385541851,7.680735250103532,0.0,459.33750330408157,0.001819226296838521,0.0017893067039992754,7680.735250103532,92445.58394453244,-11061.263430542436,1372.452295632501,-905.4340570783157,12,12,0.21805743843282968,0.9171895324341707,10.199152930158183,0.13010822268906647,0.178071968310133
2022-04-20,False,256838.29843810276,257171.89677411964,-332.86392161178856,0.7344144050884425,0.0,-333.598336016877,-0.001294324635728573,-0.0012971803692449512,734.4144050884424,93989.0558921548,-11328.659597076698,-1066.9583192229038,734.0943976111154,12,12,0.22308487814100858,0.8965197536768181,10.199152930158181,0.13170697976439683,0.18088731661843901
2022-04-21,False,257174.10041654154,256838.29843810276,337.84213073696844,2.040152298202331,0.0,335.8019784387661,0.0013153884478735065,0.0013074451142250241,2040.1522982023307,90147.85087711847,-13701.675816890813,-1567.8382752698233,1905.6804060067916,12,12,0.2166695491206018,0.9230646429631731,10.199152930158183,0.12666385724063217,0.17738506058364523
2022-04-22,False,257317.0500038597,257174.10041654154,182.23477105622317,39.28518373804722,0.0,142.94958731817593,0.0007086046797133144,0.0005558475254181598,39285.18373804722,91489.92299158806,-47197.43849519782,-282.79568873748497,465.0304597937081,12,12,0.13080502632765245,1.5289932322556292,10.245378370927842,0.16922229779322184,0.07998753608228606
2022-04-23,False,258011.6821465885,257317.0500038597,701.0052664751199,6.373123746341197,0.0,694.6321427287787,0.0027242861149877357,0.002699518522843159,6373.123746341198,88133.92162304136,-51848.95568767233,-266.52478795561905,967.530054430739,12,12,0.11456284610463673,1.7457666844041977,10.24537837092784,0.17552496061194198,0.07186885743789682
2022-04-24,False,258520.39916976818,258011.6821465885,513.1589707438217,4.441947564118759,0.0,508.7170231797029,0.001988898202106493,0.00197168213062026,4441.947564118758,83668.99763903339,-55064.20830935576,-253.0642754612917,766.2232462051134,12,12,0.10121197360271442,1.9760507860962824,10.245378370927842,0.18154352960006567,0.06857495093576572
2022-04-25,False,256296.50743920723,258520.39916976818,-2220.1971125325126,3.694618028446306,0.0,-2223.891730560959,-0.008588092543809387,-0.008602383942245686,3694.618028446306,79452.343257888,-58024.03696316363,211.2628280002816,-2431.4599405327945,12,12,0.0895461014120376,2.2334864036092386,10.245378370927842,0.187454775724398,0.06936358617719648
2022-04-26,False,260991.32385339905,256296.50743920723,4705.017254758268,10.200840566436817,0.0,4694.816414191831,0.01835771115950257,0.01831791022476351,10200.840566436817,76172.07780852962,-57848.60882712582,-524.6598908641977,5229.677145622465,12,12,0.08829018403417513,2.2652574823333085,10.24537837092784,0.18691227357064333,0.06925159848110654
2022-04-27,False,259789.89537582832,260991.32385339905,-1194.408120767478,7.0203568032651225,0.0,-1201.428477570743,-0.004576428454144272,-0.004603327267099481,7020.356803265123,70982.2107823103,-59503.253665057775,113.57563677493168,-1307.9837575424099,12,12,0.07598148089891743,2.6322203467720193,10.245378370927842,0.18688480472453056,0.06373729490895699
2022-04-28,False,260011.5013162148,259789.89537582832,225.40639249681752,3.8004521103423525,0.0,221.60594038647517,0.0008676488058580204,0.0008530198607836003,3800.452110342352,68603.31806628528,-61225.33048177046,-84.45373905328393,309.8601315501015,12,12,0.06958210440681044,2.8743022606890967,10.245378370927842,0.1919754687791376,0.0640259687689969
2022-04-29,False,262664.01834267145,260011.5013162148,2656.2561585232847,3.7391320666386774,0.0,2652.517026456646,0.010215917930848991,0.010201537289809225,3739.1320666386778,65651.8233305109,-62612.765202702096,-69.59355103799749,2725.8497095612825,12,12,0.06376302116350442,3.136614237382976,10.25539820127462,0.19445899572173997,0.061796866660668914
2022-04-30,False,266316.87336969934,262664.01834267145,3657.894962280337,5.039935252442475,0.0,3652.8550270278947,0.01392613645888965,0.013906948694671916,5039.935252442475,66227.75099362561,-64276.739355390746,-76.75970488195878,3734.654667162296,12,12,0.056062957892994716,3.567417908661412,10.25539820127462,0.19293210081388218,0.059930613290102054
2022-05-01,False,263930.04404652235,266316.87336969934,-2382.488627047313,4.340696129675918,0.0,-2386.829323176989,-0.008946067130113674,-0.008962366120390758,4340.696129675918,65114.09852045201,-63746.43871665511,33.985914146102814,-2416.474541193416,12,12,0.04906409509409572,4.0763005944864075,10.25539820127462,0.19059642675589317,0.05227578344054839
2022-05-02,False,263532.67117186676,263930.04404652235,-394.2734225484336,3.0994521071694963,0.0,-397.3728746556031,-0.0014938557827805913,-0.001505599243508477,3099.4521071694962,67627.03597543736,-66623.14430418893,-3.491955558712282,-390.7814669897213,12,12,0.045595195862269726,4.38642703946582,10.25539820127462,0.20235398734209378,0.049737612247218586
2022-05-03,False,264461.2299566568,263532.67117186676,930.8750487285056,2.316263938473099,0.0,928.5587847900325,0.0035322946661191074,0.003523505380418123,2316.263938473099,67555.60347622009,-66976.53047868883,-6.523082408469289,937.3981311369749,12,12,0.043052396700077704,4.64550211671814,10.25539820127462,0.20352605000127194,0.04927930661443769
2022-05-04,False,258894.1778109403,264461.2299566568,-5565.441180866473,1.6109648500185423,0.0,-5567.052145716491,-0.021044450189461064,-0.02105054168669218,1610.9648500185424,67428.24923950035,-67407.41625959796,0.8350670107693244,-5566.276247877242,12,12,0.04048476983107192,4.940129358139531,10.255398201274618,0.20141577123376014,0.046376378605645835
2022-05-05,False,264907.2450296836,258894.1778109403,6017.1131907289555,4.045971985668725,0.0,6013.0672187432865,0.02324159330891946,0.023225965410216293,4045.971985668725,68949.38856871963,-68934.42134345997,-0.6644027178370288,6017.777593446793,12,12,0.04113588360267403,4.861935188551512,10.25539820127462,0.21416999287307031,0.047000103254167966
2022-05-06,False,265219.29032758763,264907.2450296836,312.1726930338058,0.12739512977482265,0.0,312.045297904031,0.0011784226324154554,0.0011779417277510303,127.39512977482264,63044.70328250583,-63044.70328250583,0.0,312.1726930338058,12,12,0.039189799622860455,5.103368782812931,10.38884159880215,0.19783972457748356,0.03479223656530613
2022-05-07,False,267240.43017484853,265219.29032758763,2022.0456923030204,0.905845042137059,0.0,2021.1398472608832,0.007624052118552445,0.0076206366617015565,905.845042137059,63638.37563160909,-63638.37563160909,0.0,2022.0456923030204,12,12,0.03738162418874918,5.350222317525583,10.388841598802152,0.19916518855274667,0.03694571747074458
2022-05-08,False,269143.9759079564,267240.43017484853,1905.0281086482948,1.4823755404075345,0.0,1903.5457331078874,0.007128517595192779,0.007122970621857054,1482.3755404075346,63098.70547971361,-63098.70547971361,0.0,1905.0281086482948,12,12,0.03557647754130488,5.621692022988974,10.388841598802152,0.19645319078300127,0.03438123286781095
2022-05-09,False,279673.9977503607,269143.9759079564,10532.241036559626,2.219194155346672,0.0,10530.02184240428,0.039132367726341044,0.039124122347086836,2219.1941553466722,63254.490095497895,-63254.490095497895,0.0,10532.241036559626,12,12,0.033417343055822356,5.984916265362805,10.388841598802152,0.19331042024414338,0.03520698982233013
2022-05-10,False,276153.33715083095,279673.9977503607,-3515.2644312095667,5.3961683201757875,0.0,-3520.6605995297427,-0.012569150008530004,-0.01258844450270387,5396.168320175788,58118.417379114064,-58118.417379114064,0.0,-3515.2644312095667,12,12,0.03103114603837704,6.445137403325508,10.388841598802152,0.18678859220322017,0.030502140300458388
2022-05-11,False,288623.565861036,276153.33715083095,12470.907307002226,0.6785967971751162,0.0,12470.22871020505,0.0451593576078742,0.04515690028903758,678.5967971751163,61439.36507728236,-61439.36507728236,0.0,12470.907307002226,12,12,0.02909486038943174,6.874066323846219,10.38884159880215,0.20011039644760067,0.030377141352212665
2022-05-12,False,291201.7285201213,288623.565861036,2582.94986414538,4.787205060070932,0.0,2578.1626590853093,0.008949199475239651,0.00893261314748852,4787.205060070932,53755.662830351066,-53755.662830351066,0.0,2582.94986414538,12,12,0.027459517233067686,7.28344924284223,10.388841598802152,0.18685974362610405,0.024174827564077624
2022-05-13,False,286973.27560832363,291201.7285201213,-4226.535022062997,1.9178897346995252,0.0,-4228.452911797696,-0.014514113784770868,-0.014520699905479856,1917.8897346995252,53090.602700905205,-53090.602700905205,0.0,-4226.535022062997,12,12,0.0245123720622435,8.159145083639652,10.700134417481445,0.19014796390539782,0.02325015148296031
2022-05-14,False,285613.33580693515,286973.27560832363,-1357.3101836009266,2.629617787570236,0.0,-1359.9398013884968,-0.004729744192115839,-0.004738907476683003,2629.6177875702356,54788.688912155834,-54788.688912155834,0.0,-1357.3101836009266,12,12,0.023447488711777816,8.529698103641215,10.700134417481445,0.2023873699452168,0.021443789360929912
2022-05-15,False,282487.3424568707,285613.33580693515,-3124.564571926637,1.4287781377886704,0.0,-3125.993350064426,-0.010939841317629286,-0.010944843808615053,1428.7781377886704,54742.572327378235,-54742.572327378235,0.0,-3124.564571926637,12,12,0.02273388510768538,8.797440430997355,10.700134417481445,0.2040165553395535,0.02229308568379913
2022-05-16,False,286309.90341683547,282487.3424568707,3825.6310349105365,3.0700749457710677,0.0,3822.5609599647655,0.013542663546047632,0.013531795537169536,3070.0749457710676,54797.061953533805,-54797.061953533805,0.0,3825.6310349105365,12,12,0.022363423744849956,8.943174456731285,10.700134417481443,0.2071447158223786,0.0207340242679387
2022-05-17,False,284224.7704849309,286309.90341683547,-2084.1718363566865,0.9610955478842851,0.0,-2085.132931904571,-0.0072794262841909575,-0.0072827831207390985,961.095547884285,51932.52646650756,-51932.52646650756,0.0,-2084.1718363566865,12,12,0.021917878225166602,9.124970854631153,10.700134417481443,0.19488415338220047,0.018767326327568185
2022-05-18,False,289321.5238027639,284224.7704849309,5096.984797378811,0.23147954583344155,0.0,5096.753317832978,0.017932936628579473,0.017932122204328417,231.47954583344153,53785.2187570308,-53785.2187570308,0.0,5096.984797378811,12,12,0.021632607556855057,9.245302466397442,10.700134417481445,0.20372888215079954,0.01942774255099483
2022-05-19,False,287118.7657344574,289321.5238027639,-2200.7179970728794,2.0400712336010183,0.0,-2202.7580683064803,-0.007606478661342706,-0.007613529886591304,2040.0712336010183,50728.305193253014,-50728.305193253014,0.0,-2200.7179970728794,12,12,0.021288758862856055,9.394629404579973,10.700134417481443,0.1914967084263019,0.017713351496906306
2022-05-20,False,288998.2397452611,287118.7657344574,1879.5803266871974,0.1063158835467816,0.0,1879.4740108036506,0.006546351374418809,0.006545981089030897,106.3158835467816,52822.707306779106,-52822.707306779106,0.0,1879.5803266871974,12,12,0.02094430688950853,9.549134333024144,10.770136069020788,0.20283180331855397,0.015587534449343774
2022-05-21,False,288079.5087190537,288998.2397452611,-918.3210061312107,0.41002007619514286,0.0,-918.7310262074058,-0.003177600690373302,-0.003179019453603682,410.0200761951429,51353.147056287045,-51353.147056287045,0.0,-918.3210061312107,12,12,0.02071261474664984,9.65595133431181,10.770136069020788,0.1958076494855174,0.015739553797473473
2022-05-22,False,286528.90077469667,288079.5087190537,-1550.6054158648699,0.0025284921486218082,0.0,-1550.6079443570186,-0.005382560608908426,-0.0053825693859719526,2.528492148621808,52273.99655456689,-52273.99655456689,0.0,-1550.6054158648699,12,12,0.020565899128708907,9.724836183836505,10.770136069020792,0.19982525507846907,0.01559142698034152
2022-05-23,False,288943.50577494816,286528.90077469667,2415.2038329453662,0.5988326938820633,0.0,2414.605000251484,0.008429180534373,0.00842709057872712,598.8326938820633,53225.76927654969,-53225.76927654969,0.0,2415.2038329453662,12,12,0.02050013887345247,9.756031470547672,10.770136069020788,0.20458612447021193,0.01739737470310104
2022-05-24,False,288427.965713024,288943.50577494816,-515.0029804433601,0.5370814807780557,0.0,-515.5400619241382,-0.0017823656533207733,-0.0017842244301060053,537.0814807780557,51347.64692438238,-51347.64692438238,0.0,-515.0029804433601,12,12,0.02039723667627938,9.805249758786523,10.770136069020792,0.1957931325370454,0.015560417159848601
2022-05-25,False,289595.2863674289,288427.965713024,1167.3451043231137,0.0244499182283198,0.0,1167.3206544048853,0.004047267405008092,0.004047182635425615,24.449918228319802,51887.099823054064,-51887.099823054064,0.0,1167.3451043231137,12,12,0.0203342071471275,9.835642892437676,10.770136069020792,0.19801890696126626,0.015604991884513308
2022-05-26,False,293107.8684634344,289595.2863674289,3513.4881230455385,0.9060270400303141,0.0,3512.582096005508,0.012132407841016242,0.012129279243685134,906.0270400303142,51625.78175876125,-51625.78175876125,0.0,3513.4881230455385,12,12,0.020257897219340085,9.872692996440978,10.770136069020788,0.19630652145344585,0.014671832498595962
2022-05-27,False,293795.08488138026,293107.8684634344,689.7629113739749,2.5464934281027958,0.0,687.2164179458721,0.0023532732675855266,0.0023445853622029366,2546.493428102796,50658.78706381852,-50658.78706381852,0.0,689.7629113739749,12,12,0.020075146984517907,9.962567156008442,10.800748304781429,0.19173259714664967,0.014482145224602923
2022-05-28,False,292146.3044970497,293795.08488138026,-1647.814206709665,0.9661776208937328,0.0,-1648.7803843305587,-0.005608719449390959,-0.005612008059958708,966.1776208937328,50935.20177333828,-50935.20177333828,0.0,-1647.814206709665,12,12,0.019975025027529892,10.012503099463299,10.80074830478143,0.1930666630311154,0.013290809042158442
2022-05-29,False,291003.4885915686,292146.3044970497,-1142.470939106039,0.3449663750761847,0.0,-1142.8159054811151,-0.003910612325125531,-0.003911793125189629,344.9663750761847,52238.04960497176,-52238.04960497176,0.0,-1142.470939106039,12,12,0.019947566451462607,10.02628568686059,10.80074830478143,0.20002361638796196,0.012845548419934716
2022-05-30,False,287123.62205107516,291003.4885915686,-3879.1926896300242,0.6738508634013051,0.0,-3879.8665404934254,-0.01333039926223901,-0.013332714873184647,673.8508634013051,52706.66968067649,-52706.66968067649,0.0,-3879.1926896300242,12,12,0.019943624612658948,10.028267372875275,10.80074830478143,0.2026187723513689,0.013277764680648205
2022-05-31,False,287549.4409786038,287123.62205107516,428.50238640316013,2.6834588745134935,0.0,425.8189275286466,0.0014923968405739035,0.0014830508353398369,2683.4588745134934,53902.40349579303,-53902.40349579303,0.0,428.50238640316013,12,12,0.02005833627945248,9.970916690876182,10.80074830478143,0.2108498783510918,0.01604072286141765
2022-06-01,False,291488.41804302065,287549.4409786038,3939.3168658573077,0.33980144042807203,0.0,3938.97706441688,0.013699615803288686,0.013698434088452895,339.80144042807206,53134.09966896178,-53134.09966896178,0.0,3939.3168658573077,12,12,0.020113584993246156,9.943528220710384,10.80074830478143,0.20678350622050737,0.014715362191478624
2022-06-02,False,290144.91204880347,291488.41804302065,-1342.406866854615,1.0991273625728475,0.0,-1343.5059942171877,-0.004605352335668066,-0.004609123076783449,1099.1273625728475,50293.910165677335,-50293.910165677335,0.0,-1342.406866854615,12,12,0.02011814141598571,9.941276177782589,10.80074830478143,0.19495024059872587,0.014239706953475317
2022-06-03,False,292120.4021498149,290144.91204880347,1992.94639329928,17.45629228784854,0.0,1975.4901010114315,0.006868796627266236,0.006808632579706056,17456.29228784854,52081.59488218647,-52081.59488218647,0.0,1992.94639329928,12,12,0.02036207832601768,9.822180074047239,10.824824401464749,0.19760088941188472,0.01462043638119193
2022-06-04,False,291261.05719684274,292120.4021498149,-858.0328810702401,1.3120719018899494,0.0,-859.34495297213,-0.002937257633344607,-0.002941749178242649,1312.0719018899495,51400.72039077715,-51400.72039077715,0.0,-858.0328810702401,12,12,0.0203925537454907,9.807501429006898,10.82482440146475,0.19396864853871087,0.014671633187792453
2022-06-05,False,291352.39284857205,291261.05719684274,91.50648270889735,0.17083097958621873,0.0,91.33565172931114,0.00031417342088082374,0.0003135868990119878,170.83097958621875,52429.584251433604,-52429.584251433604,0.0,91.50648270889735,12,12,0.020410246811551177,9.798999583229442,10.82482440146475,0.19749645313481015,0.01455426006957424
2022-06-06,False,289506.7150671071,291352.39284857205,-1845.0207251756437,0.6570562892670758,0.0,-1845.6777814649108,-0.006332608794239688,-0.006334863988655093,657.0562892670757,52982.10817373623,-52982.10817373623,0.0,-1845.0207251756437,12,12,0.020373958518274546,9.816452694777443,10.82482440146475,0.19662694359388416,0.014289087837553316
2022-06-07,False,289659.9957356875,289506.7150671071,153.9072235138953,0.6265549335393311,0.0,153.28066858035598,0.0005316188381959289,0.0005294546226495154,626.5549335393312,54200.57396537255,-54200.57396537255,0.0,153.9072235138953,12,12,0.020513527240606105,9.74966409502234,10.82482440146475,0.20262710010065282,0.013175477103218338
2022-06-08,False,289905.68878657994,289659.9957356875,246.24593040813755,0.5528795157008836,0.0,245.69305089243667,0.0008501206035811554,0.0008482118846560699,552.8795157008835,53760.75136739877,-53760.75136739877,0.0,246.24593040813755,12,12,0.020621244739762838,9.698735577021244,10.82482440146475,0.2005030720606963,0.013362454635378435
2022-06-09,False,289908.27466905926,289905.68878657994,3.550338440706618,0.9644559613560759,0.0,2.585882479350542,1.2246529054213464e-05,8.919736932979583e-06,964.4559613560759,53040.19351717949,-53040.19351717949,0.0,3.550338440706618,12,12,0.020757368244274068,9.635132818688136,10.82482440146475,0.19781785247241554,0.014460943503019272
2022-06-10,False,293701.6911783284,289908.27466905926,3812.4872828834755,19.070773614310703,0.0,3793.4165092691646,0.013150667352408506,0.013084885257585305,19070.773614310703,53997.0228498663,-53997.0228498663,0.0,3812.4872828834755,12,12,0.019932157026084817,10.034036945337325,10.783950613573051,0.20017747252200255,0.012017989682730447
2022-06-11,False,297736.1366707432,293701.6911783284,4036.6970669394923,2.2515745247440067,0.0,4034.445492414748,0.013744207773350918,0.013736541578050132,2251.574524744007,52436.11009172683,-52436.11009172683,0.0,4036.6970669394923,12,12,0.019913494830688373,10.043440475942132,10.783950613573051,0.19161600906509021,0.013286677125177358
2022-06-12,False,301904.7969668634,297736.1366707432,4172.231097208592,3.5708010883901253,0.0,4168.660296120202,0.014013183431014046,0.014001190257701869,3570.801088390125,51970.214113177455,-51970.214113177455,0.0,4172.231097208592,12,12,0.019857309043015595,10.071858153929773,10.783950613573053,0.1886620207888341,0.013292321491056096
2022-06-13,False,306968.7385053378,301904.7969668634,5067.543582582664,3.602044108282836,0.0,5063.941538474382,0.016785237046560972,0.016773305987020114,3602.0441082828356,51400.02712425171,-51400.02712425171,0.0,5067.543582582664,12,12,0.019736601883923403,10.13345666980857,10.783950613573051,0.1852856919728033,0.01524856483968776
2022-06-14,False,304322.89739030163,306968.7385053378,-2641.604372598017,4.236742438139954,0.0,-2645.841115036157,-0.008605450787791158,-0.008619252657189226,4236.742438139954,50569.22597980899,-50569.22597980899,0.0,-2641.604372598017,12,12,0.01959296759647639,10.207744131418261,10.783950613573051,0.1828658207707213,0.016849979215252626
2022-06-15,False,299697.3718130794,304322.89739030163,-4624.234654126099,1.29092309610759,0.0,-4625.525577222206,-0.015195158477330753,-0.015199400429241627,1290.9230961075898,52005.14960268299,-52005.14960268299,0.0,-4624.234654126099,12,12,0.01948628622605492,10.263628363037283,10.783950613573053,0.1902713705174054,0.013447982441647749
2022-06-16,False,305764.43484566384,299697.3718130794,6070.8554062578105,3.79237367338359,0.0,6067.063032584427,0.020256618766894594,0.020243964756449184,3792.3736733835904,52837.01058342551,-52837.01058342551,0.0,6070.8554062578105,12,12,0.019521273315910526,10.245233328964918,10.783950613573053,0.19911218150592755,0.013528320626140504
2022-06-17,False,304646.4611223607,305764.43484566384,-1115.9956118598077,1.9781114432868512,0.0,-1117.9737233030946,-0.0036498542167702147,-0.0036563236135275104,1978.111443286851,48744.26662045454,-48744.26662045454,0.0,-1115.9956118598077,12,12,0.019333209051343583,10.34489408710453,10.866418966347794,0.18427924402825516,0.015342457789596173
2022-06-18,False,307477.4139210213,304646.4611223607,2830.9744241699714,0.02162550939198809,0.0,2830.9527986605794,0.009292654881794,0.009292583896202005,21.62550939198809,49881.88774170634,-49881.88774170634,0.0,2830.9744241699714,12,12,0.019276848977493582,10.375139642039382,10.866418966347794,0.18923591982232368,0.01112726654200841
2022-06-19,False,302621.5599517962,307477.4139210213,-4853.903947566423,1.9500216586793864,0.0,-4855.853969225102,-0.015786212995837146,-0.01579255499551059,1950.0216586793863,49000.93497621575,-49000.93497621575,0.0,-4853.903947566423,12,12,0.01920816803796398,10.412237106876098,10.866418966347794,0.18453210751360827,0.014746742008772738
2022-06-20,False,302092.740293204,302621.5599517962,-526.4984215715249,2.3212370206353827,0.0,-528.8196585921603,-0.0017397915127243065,-0.0017474619411663684,2321.2370206353826,51533.601903146795,-51533.601903146795,0.0,-526.4984215715249,12,12,0.019256571448066622,10.386064857878955,10.866418966347794,0.2002106044736284,0.011001713926559598
2022-06-21,False,300858.17633879744,302092.740293204,-1233.7830521865963,0.7809022199714291,0.0,-1234.5639544065677,-0.00408412016452006,-0.004086705139647942,780.9022199714291,51279.19810474689,-51279.19810474689,0.0,-1233.7830521865963,12,12,0.019279107385515505,10.373924269453525,10.866418966347794,0.19986032791482986,0.009728918876719206
2022-06-22,False,302858.67463241675,300858.17633879744,2001.9065297985162,1.40823617918106,0.0,2000.498293619335,0.0066539874506989045,0.006649306719743482,1408.23617918106,51104.74497775244,-51104.74497775244,0.0,2001.9065297985162,12,12,0.019325571491706283,10.3489824394498,10.866418966347796,0.20038211029677439,0.009715981137349046
2022-06-23,False,300346.97576352116,302858.67463241675,-2511.698868895604,0.0,0.0,-2511.698868895604,-0.008293303376382014,-0.008293303376382014,0.0,49102.83844795391,-49102.83844795391,0.0,-2511.698868895604,12,12,0.01934095067016727,10.340753327523496,10.866418966347794,0.1911334675292159,0.009520813729598572
2022-06-24,False,298271.3632115338,300346.97576352116,-2053.5518493548375,22.06070263248224,0.0,-2075.61255198732,-0.006837264947098073,-0.006910715670470269,22060.70263248224,46583.12211850526,-46583.12211850526,0.0,-2053.5518493548375,12,12,0.020268354082508804,9.867599469884736,10.871586956724114,0.19405119090191994,0.010865933949464186
2022-06-25,False,297779.8528218397,298271.3632115338,-491.0116750192156,0.4987146748965897,0.0,-491.5103896941122,-0.0016461911386075321,-0.001647863155221956,498.7146748965897,48137.9592929635,-48137.9592929635,0.0,-491.0116750192156,12,12,0.020368689084335853,9.81899223714923,10.871586956724114,0.20090317918257083,0.010586244877520204
2022-06-26,False,298688.3198565996,297779.8528218397,908.4670347599125,0.0,0.0,908.4670347599125,0.0030508008723593672,0.0030508008723593672,0.0,48628.970967982714,-48628.970967982714,0.0,908.4670347599125,12,12,0.02045938892551414,9.775463027177096,10.871586956724114,0.20173904172305843,0.010655817697124498
2022-06-27,False,299317.7408868648,298688.3198565996,629.8177582644129,0.39672799927543384,0.0,629.4210302651375,0.0021086119422640587,0.002107283708205673,396.72799927543383,47642.55761312731,-47642.55761312731,0.0,629.8177582644129,12,12,0.020570080701829446,9.722859277951814,10.871586956724114,0.1974692591708854,0.011942405720846814
2022-06-28,False,301777.55746656546,299317.7408868648,2460.127033570701,0.31045387004440794,0.0,2459.8165797006563,0.008219115333028564,0.008218078127986441,310.45387004440795,47323.19372490731,-47323.19372490731,0.0,2460.127033570701,12,12,0.020659632397858365,9.680714358728501,10.871586956724112,0.19566295473169973,0.011955409925801913
2022-06-29,False,301637.4013987022,301777.55746656546,-138.95964258446065,1.1964252788271577,0.0,-140.1560678632878,-0.0004604704330932769,-0.00046443502638136364,1196.4252788271576,46059.49197016376,-46059.49197016376,0.0,-138.95964258446065,12,12,0.02068653563010547,9.668124405951115,10.871586956724114,0.18912765116033714,0.012539896923671958
2022-06-30,False,302343.43031891156,301637.4013987022,706.4100231929876,0.3811029835758145,0.0,706.0289202094118,0.0023419178786096883,0.0023406544312327762,381.1029835758145,46579.55459632403,-46579.55459632403,0.0,706.4100231929876,12,12,0.02070220152029173,9.660808286691902,10.871586956724112,0.19116364005202852,0.012634443905739333
2022-07-01,False,303383.6113926451,302343.43031891156,1040.4798431932768,0.2987694597250013,0.0,1040.1810737335518,0.003441383998639493,0.0034403958195366436,298.7694597250013,46171.91403285605,-46171.91403285605,0.0,1040.4798431932768,12,12,0.02077879057219211,9.625199277365859,10.833405717035934,0.18770304866254692,0.013512111783863584
2022-07-02,False,302799.05213200994,303383.6113926451,-583.7519088372604,0.8073517979010841,0.0,-584.5592606351615,-0.0019241379129136843,-0.0019267990711555388,807.3517979010842,45938.78598756386,-45938.78598756386,0.0,-583.7519088372604,12,12,0.02077533919294198,9.626798298818926,10.833405717035934,0.18626241513177735,0.013559949322246046
2022-07-03,False,302622.2793146682,302799.05213200994,-176.76888669022418,0.003930651475048762,0.0,-176.77281734169924,-0.0005837828270782006,-0.0005837958081342751,3.9306514750487622,46526.46854787616,-46526.46854787616,0.0,-176.76888669022418,12,12,0.020807246955215145,9.612035673459042,10.833405717035934,0.18917023771075914,0.011315580430715535
2022-07-04,False,300907.05840329267,302622.2793146682,-1714.955558050808,0.26535332472418555,0.0,-1715.220911375532,-0.0056669838120794415,-0.005667860658705952,265.35332472418554,46968.59075929058,-46968.59075929058,0.0,-1714.955558050808,12,12,0.020747168069331346,9.63986985267844,10.833405717035934,0.18852303644705254,0.012142614524053782
2022-07-05,False,302098.9660678277,300907.05840329267,1191.9076645350676,0.0,0.0,1191.9076645350676,0.003961049205225374,0.003961049205225374,0.0,48683.54631734139,-48683.54631734139,0.0,1191.9076645350676,12,12,0.020806466294350394,9.612396318076668,10.833405717035934,0.19517395047287694,0.01074075383257342
2022-07-06,False,301310.51063773694,302098.9660678277,-788.2693631489185,0.18606694183608305,0.0,-788.4554300907546,-0.0026093083780099236,-0.002609924291875032,186.06694183608306,47677.7055946424,-47677.7055946424,0.0,-788.2693631489185,12,12,0.020874654324339128,9.580996978082023,10.833405717035934,0.1903228504453581,0.01109674717686255
2022-07-07,False,299450.3265626649,301310.51063773694,-1860.1840750720623,0.0,0.0,-1860.1840750720623,-0.00617364482617915,-0.00617364482617915,0.0,48465.97495779132,-48465.97495779132,0.0,-1860.1840750720623,12,12,0.020977601913240104,9.53397823198128,10.833405717035934,0.19393688331618952,0.010914247824164981
2022-07-08,False,300315.31656758394,299450.3265626649,889.290164711073,24.30015979200129,0.0,864.9900049190717,0.0029697418430598187,0.0028885926251880655,24300.15979200129,52193.65954085006,-52193.65954085006,0.0,889.290164711073,12,12,0.020958204603038676,9.542802152575728,10.888826032459555,0.19954177419455468,0.011536292632012965
2022-07-09,False,299504.0351932618,300315.31656758394,-810.2422290531563,1.0391452689847611,0.0,-811.281374322141,-0.0026979717129106758,-0.0027014318936329296,1039.145268984761,52343.514645123745,-52343.514645123745,0.0,-810.2422290531563,12,12,0.020775072243750036,9.62692199831786,10.888826032459555,0.19010305044196474,0.013712342306199263
2022-07-10,False,301692.7413030289,299504.0351932618,2188.7061097670676,0.0,0.0,2188.7061097670676,0.007307768352285321,0.007307768352285321,0.0,53153.75687417692,-53153.75687417692,0.0,2188.7061097670676,12,12,0.02089999312167555,9.569381139775516,10.888826032459555,0.1925217125517489,0.011897933861356142
2022-07-11,False,304770.0237405865,301692.7413030289,3081.8496478784036,4.567210320829576,0.0,3077.282437557574,0.010215193227943476,0.01020005461273814,4567.210320829576,55532.26108523941,-55532.26108523941,0.0,3081.8496478784036,12,12,0.020543944910937677,9.735228597381958,10.888826032459555,0.18582288473903857,0.01612281129006761
2022-07-12,False,306216.97803323553,304770.0237405865,1450.081349547714,3.127056898636363,0.0,1446.9542926490776,0.00475795267444672,0.004747692292338741,3127.0568986363633,55577.46833599737,-55577.46833599737,0.0,1450.081349547714,12,12,0.020494093491272833,9.758909321125506,10.888826032459555,0.18353178005075438,0.017926161122074603
2022-07-13,False,303690.48187396716,306216.97803323553,-2524.0689830294787,2.4271762388725393,0.0,-2526.496159268351,-0.008242746693018199,-0.008250673021122087,2427.176238872539,56554.5632253222,-56554.5632253222,0.0,-2524.0689830294787,12,12,0.020328486416723638,9.838410784753064,10.888826032459553,0.18266028445048843,0.018760766837404536
2022-07-14,False,302385.9433415242,303690.48187396716,-1304.5385324429406,0.0,0.0,-1304.5385324429406,-0.004295618764187445,-0.004295618764187445,0.0,59078.632208351686,-59078.632208351686,0.0,-1304.5385324429406,12,12,0.02037154494223899,9.817615726596848,10.888826032459555,0.19318382575070417,0.012708365505522868
2022-07-15,False,302113.5456635901,302385.9433415242,-272.095534112253,0.30214382189224487,0.0,-272.39767793414524,-0.00089982864648222,-0.000900827845778832,302.1438218922449,60081.02691890238,-60081.02691890238,0.0,-272.095534112253,12,12,0.02032585012336434,9.839686841442475,10.913574733293993,0.19606996105617674,0.011835349562492914
2022-07-16,False,299555.5709437875,302113.5456635901,-2557.974719802571,0.0,0.0,-2557.974719802571,-0.008466931577609338,-0.008466931577609338,0.0,60353.12245301463,-60353.12245301463,0.0,-2557.974719802571,12,12,0.02035794927750248,9.824172232368195,10.913574733293993,0.19569013587847722,0.011201300479727361
2022-07-17,False,300761.1428418083,299555.5709437875,1206.734251256237,1.1623532354415473,0.0,1205.5718980207955,0.004028415320250159,0.004024535061132362,1162.3532354415474,61748.74393737565,-61748.74393737565,0.0,1206.734251256237,12,12,0.02051448918972084,9.749206921526161,10.913574733293993,0.20254927019902932,0.013309089003418458
2022-07-18,False,295759.13781818206,300761.1428418083,-5002.005023626284,0.0,0.0,-5002.005023626284,-0.016631154464847857,-0.016631154464847857,0.0,60542.00968611942,-60542.00968611942,0.0,-5002.005023626284,12,12,0.020503116414248405,9.754614662433088,10.913574733293993,0.19406624657344512,0.009147602921463865
2022-07-19,False,294013.98110729665,295759.13781818206,-1742.7354479332203,2.4212629521806286,0.0,-1745.1567108854008,-0.0058924145532388145,-0.0059006011572776355,2421.262952180629,63122.751757565056,-63122.751757565056,0.0,-1742.7354479332203,12,12,0.02085719012095989,9.589019366468507,10.913574733293993,0.20793808448581658,0.014778158747465036
2022-07-20,False,295527.284510114,294013.98110729665,1514.9386428267046,1.635240009375013,0.0,1513.3034028173297,0.005152607495470928,0.0051470457191118025,1635.240009375013,63230.24719612327,-63230.24719612327,0.0,1514.9386428267046,12,12,0.02123401756156762,9.418848760961222,10.913574733293993,0.20950927328405128,0.014625418769065585
2022-07-21,False,294812.8002656222,295527.284510114,-714.3463817724943,0.13786271927845156,0.0,-714.4842444917728,-0.002417192656023768,-0.0024176591534556618,137.86271927845155,61577.445834018115,-61577.445834018115,0.0,-714.3463817724943,12,12,0.0215680744235719,9.27296503490449,10.913574733293993,0.20340450490463652,0.01090660410617575
2022-07-22,False,296422.206833304,294812.8002656222,1625.6901402556823,16.28357257384451,0.0,1609.4065676818377,0.0055143132821606055,0.005459079681180006,16283.572573844509,58019.18417524226,-58019.18417524226,0.0,1625.6901402556823,12,12,0.02161665521945619,9.252125177071283,10.901897941096724,0.1891677080108276,0.02328202396861817
2022-07-23,False,296066.3435350551,296422.206833304,-355.32941397628315,0.533884272599516,0.0,-355.86329824888264,-0.001198727375294477,-0.0012005284693430744,533.884272599516,56927.3783075861,-56927.3783075861,0.0,-355.32941397628315,12,12,0.021872587646668135,9.143865519289216,10.901897941096724,0.18402885812925254,0.019851589830644407
2022-07-24,False,295573.20893753826,296066.3435350551,-492.8532507641404,0.28134675269577974,0.0,-493.13459751683615,-0.001664671657303003,-0.001665621940098867,281.34675269577974,57230.38853572387,-57230.38853572387,0.0,-492.8532507641404,12,12,0.0221630279962951,9.024037691665288,10.901897941096722,0.18522966941699479,0.019932679936422473
2022-07-25,False,300024.75297208084,295573.20893753826,4451.544058190148,2.3647602050459683e-05,0.0,4451.544034542546,0.015060715665643654,0.01506071558563775,0.023647602050459682,57723.21813888597,-57723.21813888597,0.0,4451.544058190148,12,12,0.02247981275780985,8.896871257547142,10.901897941096722,0.18716577539099447,0.017724460306236776
2022-07-26,False,299872.73466200393,300024.75297208084,-149.48613915311637,2.5321709238067602,0.0,-152.01831007692314,-0.0004982460202776235,-0.0005066858936504796,2532.17092380676,55803.84500450257,-55803.84500450257,0.0,-149.48613915311637,12,12,0.022530953351441865,8.876677204038552,10.901897941096724,0.17941661719870935,0.02374125457774144
2022-07-27,False,295260.1445897827,299872.73466200393,-4612.493136054654,0.09693616660594352,0.0,-4612.59007222126,-0.015381502227114917,-0.015381825484801933,96.93616660594353,56050.26731026163,-56050.26731026163,0.0,-4612.493136054654,12,12,0.022542709947585424,8.87204779128262,10.901897941096722,0.17994147893609036,0.02279122041378916
2022-07-28,False,292383.6101100011,295260.1445897827,-2876.1737286524126,0.360751129170902,0.0,-2876.5344797815833,-0.009741151257134286,-0.009742373064871567,360.751129170902,60302.00931714538,-60302.00931714538,0.0,-2876.1737286524126,12,12,0.023059716446978854,8.673133533964283,10.901897941096722,0.19945485584231376,0.014088710988707322
2022-07-29,False,292759.467822738,292383.6101100011,395.5957629602246,19.738050223340963,0.0,375.8577127368836,0.0013530025257277342,0.001285495150003373,19738.050223340964,64711.80376865745,-64711.80376865745,0.0,395.5957629602246,12,12,0.022399607449687862,8.928727900666269,10.907541452953357,0.22004059330077466,0.024502481853292672
2022-07-30,False,292266.99703354517,292759.467822738,-491.45370483819215,1.0170843546228923,0.0,-492.47078919281506,-0.0016786944876391184,-0.001682168617313513,1017.0843546228923,64208.306579569035,-64208.306579569035,0.0,-491.45370483819215,12,12,0.02279658443949984,8.773244102895443,10.907541452953357,0.21585730519112545,0.02081273190476936
2022-07-31,False,293802.25646681665,292266.99703354517,1536.4961779790292,1.2367447075726745,0.0,1535.2594332714566,0.005257166199311504,0.005252934641454731,1236.7447075726745,64858.43592827623,-64858.43592827623,0.0,1536.4961779790292,12,12,0.023386517860079302,8.551935828864854,10.907541452953355,0.21856739708242887,0.023465838157354372
2022-08-01,False,294131.99828222604,293802.25646681665,330.77686917501813,1.035053765600094,0.0,329.74181540941805,0.0011258486342237387,0.0011223256736513888,1035.053765600094,64199.36158642487,-64199.36158642487,0.0,330.77686917501813,12,12,0.023740626500557926,8.424377511490686,10.907541452953357,0.21310321266580506,0.01883341328742703
2022-08-02,False,295743.4200972685,294131.99828222604,1611.710175055469,0.28836001302184194,0.0,1611.4218150424472,0.0054795472252869215,0.00547856684907928,288.36001302184195,64060.0919962448,-64060.0919962448,0.0,1611.710175055469,12,12,0.02417553092650856,8.272827620952029,10.907541452953357,0.21216680109757932,0.018071378184057633
2022-08-03,False,295821.4042090969,295743.4200972685,78.66058793132464,0.6764761028601456,0.0,77.98411182846449,0.0002659757836892993,0.00026368840869837754,676.4761028601456,63011.92139555331,-63011.92139555331,0.0,78.66058793132464,12,12,0.024459334385467,8.176837392551205,10.907541452953357,0.20721934482622403,0.01894956334468278
2022-08-04,False,295283.5200259311,295821.4042090969,-537.3966079968546,0.48757516893918745,0.0,-537.8841831657938,-0.001816625167585926,-0.0018182733754640637,487.5751689391875,62939.968610340766,-62939.968610340766,0.0,-537.3966079968546,12,12,0.02474870107864503,8.081232197376794,10.907541452953355,0.20687631088392427,0.01912909053342611
2022-08-05,False,292746.85254354426,295283.5200259311,-2536.3214680027304,0.3460143841323386,0.0,-2536.667482386863,-0.008589444706497662,-0.008590616510410397,346.0143841323386,63287.73371330543,-63287.73371330543,0.0,-2536.3214680027304,12,12,0.025193054959286646,7.938695816097371,10.876385158401554,0.20791117101210324,0.018858390380329004
2022-08-06,False,293475.1057086297,292746.85254354426,728.7107260231277,0.45756093769036943,0.0,728.2531650854373,0.002489217970036882,0.0024876549782106173,457.5609376903694,65366.494243617795,-65366.494243617795,0.0,728.7107260231277,12,12,0.025867430961304026,7.731730309793301,10.876385158401554,0.21743896313125477,0.018849102339549666
2022-08-07,False,293013.13761565764,293475.1057086297,-461.7581720905889,0.20992088149750565,0.0,-461.9680929720864,-0.001573415131670607,-0.0015741304253272552,209.92088149750566,64427.86263609716,-64427.86263609716,0.0,-461.7581720905889,12,12,0.02641320284371074,7.571970774745408,10.876385158401554,0.21368975613752647,0.019216583239368635
2022-08-08,False,291644.2212586554,293013.13761565764,-1368.481206395456,0.43515060675653594,0.0,-1368.9163570022124,-0.0046703749105969404,-0.0046718599996625615,435.1506067565359,64454.470201431206,-64454.470201431206,0.0,-1368.481206395456,12,12,0.02703586079945075,7.3975821033988725,10.876385158401552,0.21402272697508615,0.0204614695400917
2022-08-09,False,293961.08781559404,291644.2212586554,2317.465961560547,0.599404621938813,0.0,2316.866556938608,0.00794620908845376,0.007944153828728907,599.4046219388131,65223.546785887855,-65223.546785887855,0.0,2317.465961560547,12,12,0.027878085181434833,7.174093869732067,10.876385158401554,0.21775368267627243,0.021312873103803143
2022-08-10,False,291131.6289693901,293961.08781559404,-2828.708757044281,0.750089159616063,0.0,-2829.458846203897,-0.009622731967908521,-0.009625283629304218,750.0891596160631,63354.806951141814,-63354.806951141814,0.0,-2828.708757044281,12,12,0.028305503731565623,7.065763672559721,10.876385158401554,0.20896600557069797,0.023743621220468695
2022-08-11,False,291319.73647148657,291131.6289693901,188.70173741863425,0.5942353221565608,0.0,188.1075020964777,0.0006481663915619232,0.0006461252690488519,594.2353221565608,65589.28038602954,-65589.28038602954,0.0,188.70173741863425,12,12,0.029163141854821162,6.857971647761149,10.876385158401554,0.21720602343983123,0.020994402504933576
2022-08-12,False,290428.84941562626,291319.73647148657,-867.7122408582126,23.17481500211019,0.0,-890.8870558603228,-0.002978556315367055,-0.0030581074480256504,23174.81500211019,58770.517928798756,-57435.27867210422,9.520017590030182,-877.2322584482428,12,12,0.03438792066777295,5.815995736765567,10.910725275620175,0.1944697275309237,0.023869641502000084
2022-08-13,False,290057.0251317405,290428.84941562626,-367.9449702738286,3.879313611914843,0.0,-371.8242838857434,-0.0012669022757696867,-0.0012802594667640401,3879.313611914843,63536.58381675187,-60838.0867169673,-16.04778696120731,-351.8971833126212,12,12,0.03517116642297713,5.686476177524243,10.910725275620175,0.19746460413450503,0.027424429527827268
2022-08-14,False,289182.86343963497,290057.0251317405,-873.2243859373532,0.9373061681425737,0.0,-874.1616921054957,-0.003010526587110741,-0.00301375804191766,937.3061681425738,64809.73938124586,-61265.6362187527,-35.058180974662434,-838.1662049626907,12,12,0.03694562986460012,5.413360138478308,10.910725275620175,0.19894483048347855,0.029586647216546448
2022-08-15,False,290978.81914715644,289182.86343963497,1798.948800053407,2.9930925319138986,0.0,1795.9557075214932,0.006220800149276224,0.006210449976737253,2993.0925319138987,66694.94102739262,-62562.48454173385,11.060134175540892,1787.888665877866,12,12,0.03906354394984392,5.1198631710628275,10.910725275620175,0.2031543808019678,0.0309078677447877
2022-08-16,False,289128.28052935546,290978.81914715644,-1846.4115246905899,4.127093110379689,0.0,-1850.5386178009696,-0.006345518653564973,-0.006359702136481276,4127.093110379688,68628.44163232716,-63461.64292079231,-27.186012200127205,-1819.2255124904627,12,12,0.03941908110861774,5.073684986438619,10.910725275620175,0.19519719931736387,0.031174149837834196
2022-08-17,False,291251.551030683,289128.28052935546,2130.3094426292937,7.038941301770907,0.0,2123.2705013275227,0.0073680424437518885,0.007343697051841821,7038.941301770907,69886.58900336082,-64215.20014743761,-82.03794217570027,2212.347384804994,12,12,0.04206939924689493,4.754049346563029,10.910725275620173,0.1975299016314944,0.035671389171111234
2022-08-18,False,293571.5964185429,291251.551030683,2323.2456518850063,3.2002640250651138,0.0,2320.045387859941,0.007976766625494314,0.007965778653022613,3200.264025065114,70593.35762893804,-64572.75332578639,-86.6422243176591,2409.887876202665,12,12,0.04311668992082905,4.638575001171017,10.910725275620175,0.19450652337177363,0.037565309662574056
2022-08-19,False,300414.6904848114,293571.5964185429,6845.541730155101,2.4476638866339435,0.0,6843.094066268467,0.023318133680737495,0.02330979614428474,2447.6638866339435,70269.4234553427,-64422.10360082636,-186.13850456466434,7031.6802347197645,12,12,0.04254717718634575,4.7006643736681095,10.838977517051703,0.18712165886524867,0.035911331729577826
2022-08-20,False,300001.75317053136,300414.6904848114,-410.7261104425678,2.2112038374670964,0.0,-412.9373142800349,-0.001367197155970419,-0.0013745576609906583,2211.2038374670965,65262.80855352536,-59787.76570813836,43.3701734410027,-454.09628388357055,12,12,0.03995489911625419,5.005643974173804,10.838977517051703,0.1767229508692749,0.034260544325422956
2022-08-21,False,298460.0508611659,300001.75317053136,-1541.6304388671135,0.07187049832245498,0.0,-1541.702309365436,-0.005138738099276365,-0.005138977666204101,71.87049832245498,65832.14550917239,-60270.36231690338,178.58306711000995,-1720.2135059771235,12,12,0.03745152261614348,5.340236818937504,10.838977517051703,0.17766267497805746,0.028163505263867065
2022-08-22,False,298021.91445474623,298460.0508611659,-437.4062657944966,0.7301406252089492,0.0,-438.13640641970557,-0.0014655437621632118,-0.001467990121812023,730.1406252089491,67557.21522661007,-61638.26590012104,-17.56393901796267,-419.8423267765339,12,12,0.03609637908390546,5.540721952612012,10.838977517051703,0.18178252281814022,0.03006951363791788
2022-08-23,False,295429.0280041333,298021.91445474623,-2591.008427745829,1.8780228670856227,0.0,-2592.886450612915,-0.008694019808866325,-0.008700321435612538,1878.022867085623,67187.97061336962,-61304.14916491651,-6.574211811192864,-2584.4342159346365,12,12,0.03493838207901,5.7243635251259795,10.838977517051703,0.18001715349468114,0.03239055387081614
2022-08-24,False,296372.6657207111,295429.0280041333,947.447544823204,3.8098282453859387,0.0,943.6377165778181,0.0032070225164534216,0.003194126599382833,3809.8282453859388,66491.84150485453,-60621.168480023814,-30.31987238296303,977.767417206167,12,12,0.03450567863785498,5.796147413851671,10.838977517051703,0.17959841472674476,0.03248593538959682
2022-08-25,False,295991.6575168851,296372.6657207111,-380.24896667720844,0.7592371488407175,0.0,-381.00820382604917,-0.0012830095709148116,-0.0012855713360053755,759.2371488407175,66062.0258273527,-60404.35956814971,47.296912759330645,-427.5458794365391,12,12,0.03389722786038161,5.900187496858878,10.838977517051703,0.17829201342078527,0.03398067357709229
2022-08-26,False,301157.5360784186,295991.6575168851,5166.653178673316,0.7746171397848155,0.0,5165.878561533531,0.01745540135156877,0.017452784328013837,774.6171397848154,66274.14581411934,-60724.85301093318,-200.0260021745784,5366.679180847894,12,12,0.03350160085918231,5.969863972789315,10.847756530104462,0.1786198862453382,0.03338495080804492
2022-08-27,False,301358.86103203177,301157.5360784186,204.10298447345548,2.778030860276144,0.0,201.32495361317933,0.0006777282983890165,0.0006685037878672118,2778.0308602761443,62309.62385114672,-58336.23069253602,-11.736240578045207,215.8392250515007,12,12,0.032156398905176305,6.219601908465113,10.847756530104464,0.17191701625960815,0.03351893362370512
2022-08-28,False,302968.2422928477,301358.86103203177,1611.1183759083503,1.737115092404154,0.0,1609.3812608159462,0.005346178872560521,0.005340414598410907,1737.115092404154,62551.26993225145,-59869.2428004667,-6.9064661788738215,1618.0248420872242,12,12,0.03055483945225994,6.545607949028425,10.847756530104464,0.17417780474370864,0.030823170553914214
2022-08-29,False,300053.6582212245,302968.2422928477,-2912.5007319255246,2.083339697714471,0.0,-2914.584071623239,-0.009613221207225789,-0.009620097636523947,2083.339697714471,61893.77462871527,-60341.464122272824,26.384164745854076,-2938.884896671379,12,12,0.029155197819577313,6.859840267168511,10.847756530104464,0.17463264816710977,0.030200011916053173
2022-08-30,False,302045.89509652194,300053.6582212245,1993.1863412390248,0.9494659415539172,0.0,1992.236875297471,0.006642766340710575,0.006639602020211426,949.4659415539172,63944.12254207666,-62844.73164520418,-8.083190544892563,2001.2695317839173,12,12,0.028714778097381995,6.965054694893657,10.847756530104466,0.18417036453886,0.02515838770191744
2022-08-31,False,301832.40238849114,302045.89509652194,-212.58875476023917,0.9039532705799076,0.0,-213.49270803081907,-0.0007038293127350869,-0.0007068220806728568,903.9532705799076,62270.255272453134,-61755.498574545054,-2.222405614236052,-210.36634914600313,12,12,0.028002220338022386,7.142290775008047,10.847756530104466,0.17974791508320934,0.02555460604510611
2022-09-01,False,300753.26420511,301832.40238849114,-1078.520515884628,0.6176674964931778,0.0,-1079.138183381121,-0.003573242989652432,-0.0035752893819271025,617.6674964931777,62585.75482579847,-62585.75482579847,0.0,-1078.520515884628,12,12,0.0274294890305802,7.291422737661167,10.847756530104462,0.1817606976725214,0.024798226461238065
2022-09-02,False,300953.3298130864,300753.26420511,200.51768166526915,0.4520736888582883,0.0,200.06560797641086,0.0006667182223116906,0.0006652150842159059,452.0736888582883,63818.43217187311,-63818.43217187311,0.0,200.51768166526915,12,12,0.02718087378766549,7.358115179165386,10.83691503122356,0.18586381361040788,0.02343725454330054
2022-09-03,False,300496.41986695275,300953.3298130864,-456.1459964808064,0.7639496528851807,0.0,-456.90994613369156,-0.0015156702096105921,-0.001518208641909579,763.9496528851807,64178.43158600539,-64178.43158600539,0.0,-456.1459964808064,12,12,0.026851503640600762,7.448372451574385,10.83691503122356,0.18600241681863272,0.02300364564737602
2022-09-04,False,299795.13583491073,300496.41986695275,-700.645085505048,0.6389465369831758,0.0,-701.2840320420312,-0.0023316254011121473,-0.002333751704438044,638.9465369831757,64666.6440638162,-64666.6440638162,0.0,-700.645085505048,12,12,0.026672807003858916,7.498273427729777,10.836915031223558,0.18733934889529963,0.021687240113682563
2022-09-05,False,298758.99238861375,299795.13583491073,-1035.7708889514306,0.37255734555159165,0.0,-1036.1434462969821,-0.0034549289336095242,-0.0034561716400480858,372.55734555159165,65405.83534194343,-65405.83534194343,0.0,-1035.7708889514306,12,12,0.026654468588870925,7.503432279400471,10.83691503122356,0.1895539082149621,0.02017493287563732
2022-09-06,False,303600.7911177174,298758.99238861375,4843.47143328689,1.6727041832505496,0.0,4841.798729103639,0.01621196869946159,0.016206369858168555,1672.7041832505497,65183.95215439855,-65183.95215439855,0.0,4843.47143328689,12,12,0.026706325869470537,7.488862413254343,10.836915031223558,0.18883856875464242,0.02165546988860851
2022-09-07,False,300761.8872383953,303600.7911177174,-2836.904595476187,1.9992838459300133,0.0,-2838.903879322117,-0.009344193686162737,-0.00935077892541251,1999.2838459300133,62339.76456704165,-62339.76456704165,0.0,-2836.904595476187,12,12,0.02635954219170895,7.587385188461559,10.836915031223558,0.1804833034603784,0.023545963114320136
2022-09-08,False,299264.0752883939,300761.8872383953,-1497.8119500013945,0.0,0.0,-1497.8119500013945,-0.004980059021953709,-0.004980059021953709,0.0,65176.66916251785,-65176.66916251785,0.0,-1497.8119500013945,12,12,0.026426635619715907,7.568121908442542,10.836915031223558,0.19151990771548633,0.01814482251471516
2022-09-09,False,295484.4265390748,299264.0752883939,-3778.2908391891747,1.357910129885069,0.0,-3779.64874931906,-0.012625273633489496,-0.012629811131445361,1357.9101298850692,65316.57098263418,-65316.57098263418,0.0,-3778.2908391891747,12,12,0.02657454488650784,7.525999066179379,10.831501581311846,0.19231827349864883,0.018841205289944676
2022-09-10,False,294804.73031198635,295484.4265390748,-678.7794584428857,0.916768645591439,0.0,-679.6962270884771,-0.0022971750707583365,-0.002300277666236309,916.768645591439,68178.09317623192,-68178.09317623192,0.0,-678.7794584428857,12,12,0.027203476238575372,7.3520015694315495,10.831501581311844,0.2019206379522012,0.019326451128060574
2022-09-11,False,295381.34412110737,294804.73031198635,576.6138091210412,0.0,0.0,576.6138091210412,0.0019559177646533065,0.0019559177646533065,0.0,68856.8726346748,-68856.8726346748,0.0,576.6138091210412,12,12,0.02800374994532871,7.141900652250393,10.831501581311846,0.2037730110831939,0.01848308799612378
2022-09-12,False,295213.184330721,295381.34412110737,-168.1597903863723,0.0,0.0,-168.1597903863723,-0.0005692972617709608,-0.0005692972617709608,0.0,68280.25882555376,-68280.25882555376,0.0,-168.1597903863723,12,12,0.02864840096893363,6.981192430840393,10.831501581311846,0.20032586602971914,0.019534579394743935
2022-09-13,False,300784.80351749505,295213.184330721,5571.985819010781,0.36663223669452055,0.0,5571.619186774086,0.018874447737295515,0.018873205813641172,366.63223669452054,68308.34261100329,-68308.34261100329,0.0,5571.985819010781,12,12,0.029316956207762777,6.821990611257331,10.831501581311844,0.2004249128401823,0.019837908471735086
2022-09-14,False,299374.30591994256,300784.80351749505,-1408.2286370119175,2.268960540562939,0.0,-1410.4975975524803,-0.004681847688259319,-0.004689391156260456,2268.960540562939,65005.31733255545,-65005.31733255545,0.0,-1408.2286370119175,12,12,0.02922331151758074,6.843851350647925,10.831501581311846,0.19236057217615574,0.019570255648553265
2022-09-15,False,301595.0320565083,299374.30591994256,2220.7402185389924,0.014081973256485527,0.0,2220.726136565736,0.00741793859601583,0.0074178915580002825,14.081973256485526,66427.62794282386,-66427.62794282386,0.0,2220.7402185389924,12,12,0.029100297320957518,6.872782012985261,10.831501581311846,0.19719316598855488,0.01799676027184341
2022-09-16,False,300360.7737177448,301595.0320565083,-1231.2709541317502,2.9873846317726622,0.0,-1234.2583387635227,-0.004082530623054339,-0.004092435907671934,2987.3846317726625,67194.27235605753,-67194.27235605753,0.0,-1231.2709541317502,12,12,0.028076389209667523,7.123423119207015,10.835860818681018,0.19630937543749447,0.025637554347494665
2022-09-17,False,298508.4077502527,300360.7737177448,-1850.8865284472952,1.479439044832816,0.0,-1852.365967492128,-0.006162211215325378,-0.006167136755456737,1479.439044832816,69247.6575655845,-69247.6575655845,0.0,-1850.8865284472952,12,12,0.027411961733689365,7.296084896915624,10.835860818681018,0.19955104950601174,0.024274099012418775
2022-09-18,False,303458.8200234956,298508.4077502527,4951.523563053439,1.1112898105646816,0.0,4950.412273242874,0.016587551420649212,0.0165838286115701,1111.2898105646814,70607.93458718872,-70607.93458718872,0.0,4951.523563053439,12,12,0.027425578288405014,7.292462455916782,10.835860818681018,0.20462115225478145,0.02696251652568376
2022-09-19,False,302529.4940677933,303458.8200234956,-927.7314615923926,1.5944941098947554,0.0,-929.3259557022874,-0.0030571906314028445,-0.003062445031686123,1594.4941098947554,67250.90513403002,-67250.90513403002,0.0,-927.7314615923926,12,12,0.026851235263274494,7.448446897843392,10.835860818681018,0.19316662102942958,0.025992106408563902
2022-09-20,False,303196.2198959102,302529.4940677933,667.6035015482291,0.8776734313504739,0.0,666.7258281168787,0.0022067385647980063,0.0022038374478868935,877.673431350474,67912.40573208852,-67912.40573208852,0.0,667.6035015482291,12,12,0.026426156067807887,7.568259246135244,10.835860818681018,0.19606865016427463,0.022113543443377154
2022-09-21,False,305102.9546824374,303196.2198959102,1908.187938062318,1.453151535108531,0.0,1906.7347865272095,0.006293574302204081,0.006288781526305993,1453.1515351085309,67357.0894076553,-67357.0894076553,0.0,1908.187938062318,12,12,0.02597362512716052,7.700118832887165,10.835860818681018,0.1945793258548134,0.021363803039615825
2022-09-22,False,300925.16311678296,305102.9546824374,-4176.334198054797,1.4573675996362243,0.0,-4177.791565654433,-0.01368827844489963,-0.013693055086938882,1457.3675996362242,66629.61233517024,-66629.61233517024,0.0,-4176.334198054797,12,12,0.025387922203808484,7.877761653531366,10.835860818681018,0.19138549512132622,0.022018378310142618
2022-09-23,False,298939.1837086735,300925.16311678296,-1956.7613585596187,29.218049549831015,0.0,-1985.9794081094497,-0.00650248499757476,-0.0065995790698923085,29218.049549831016,61880.77913037292,-61880.77913037292,0.0,-1956.7613585596187,12,12,0.03070711850135995,6.513147757290951,10.831025375475749,0.1842606975130727,0.03773037503042017
2022-09-24,False,299824.44418850605,298939.1837086735,889.2587963601435,3.9983165275965575,0.0,885.2604798325469,0.0029747147407305314,0.002961339724187056,3998.316527596558,62442.27462449215,-62442.27462449215,0.0,889.2587963601435,12,12,0.03278033110949631,6.10121964088584,10.83102537547575,0.185218789724331,0.03576359515347851
2022-09-25,False,300986.7600202302,299824.44418850605,1168.468696811461,6.152865087311738,0.0,1162.3158317241493,0.003897176229156352,0.003876654669935372,6152.865087311738,61208.850805265494,-60325.11012255181,3.171101486054841,1165.2975953254063,12,12,0.03476983386480163,5.7521126151386355,10.83102537547575,0.1796475923876766,0.03352090311553103
2022-09-26,False,299773.0117927308,300986.7600202302,-1205.7061733069852,8.04205419244146,0.0,-1213.7482274994265,-0.004005844553514401,-0.004032563516806676,8042.05419244146,68088.7785038676,-59645.31238201718,-200.25728892418044,-1005.4488843828051,12,12,0.03604877667117433,5.54803847643257,10.831025375475749,0.1741498568051876,0.039557135684698375
2022-09-27,False,300303.57011594786,299773.0117927308,534.1292837827955,3.5709605656807093,0.0,530.5583232171148,0.0017817790887463326,0.0017698668737529772,3570.9605656807094,72464.93066500692,-59293.06278275686,-316.6991102272133,850.8283940100087,12,12,0.03717167829534823,5.380440409789853,10.83102537547575,0.17226079846923725,0.04250949798046418
2022-09-28,False,300132.1304292802,300303.57011594786,-168.67984674550013,2.759839922159452,0.0,-171.43968666765957,-0.0005616977736241114,-0.0005708879404978979,2759.839922159452,74057.24308292916,-58784.2514144066,60.00838666348091,-228.68823340898103,12,12,0.037681420170097464,5.307655579253151,10.83102537547575,0.1702577913707234,0.045455788561540825
2022-09-29,False,300297.61867357895,300132.1304292802,167.637723983239,2.149479684492591,0.0,165.4882442987464,0.0005585464100210333,0.0005513846320353901,2149.479684492591,76495.4193874942,-58680.544453770104,763.9481899625513,-596.3104659793123,12,12,0.03839137548319406,5.20950337107746,10.83102537547575,0.1703378218576472,0.04534115374638934
2022-09-30,False,300105.8310382217,300297.61867357895,-188.92999416564209,2.8576411915993982,0.0,-191.78763535724147,-0.0006291424986989572,-0.0006386585288433907,2857.641191599398,80713.31923503548,-58259.70128894769,-177.36239042354913,-11.567603742092984,12,12,0.03975131888628469,5.031279605392051,10.807832500710385,0.16944339316831544,0.04684985005139234
2022-10-01,False,301012.28892661195,300105.8310382217,909.6654428781366,3.2075544879350333,0.0,906.4578883902016,0.0030311488441631808,0.003020460766304652,3207.554487935033,83755.07893628905,-57468.53474641651,-123.29523541216062,1032.9606782902972,12,12,0.04088931306804946,4.891253606221089,10.807832500710386,0.16797910822259682,0.049099989378931834
2022-10-02,False,301658.88713224535,301012.28892661195,650.2486839968453,3.6504783634233187,0.0,646.598205633422,0.0021602064364733583,0.002148079096501822,3650.478363423319,86249.30138600992,-57070.66277874313,-832.0087397484541,1482.257423745299,12,12,0.04149803747460343,4.81950502171094,10.807832500710385,0.16669819055562138,0.05102344322437604
2022-10-03,False,300270.3517269139,301658.88713224535,-1386.7332673090873,1.802138022373466,0.0,-1388.5354053314607,-0.004597024408901807,-0.0046029985011604695,1802.138022373466,85737.17324488962,-57264.99571461844,435.24752528979616,-1821.9807925988835,12,12,0.04114284014768042,4.861113119126165,10.807832500710385,0.16647140026720142,0.05105209915007093
2022-10-04,False,297101.0270889591,300270.3517269139,-3169.249566543209,0.07507141154246165,0.0,-3169.3246379547513,-0.010554653658998402,-0.010554903671732296,75.07141154246165,88069.47297432076,-58576.657570385076,555.6247163582522,-3724.874282901461,12,12,0.041636098380539235,4.803524051943356,10.807832500710386,0.17117462929828287,0.04509296570002107
2022-10-05,False,298093.369311591,297101.0270889591,994.4554411692237,2.11321853734128,0.0,992.3422226318825,0.0033471962413359818,0.003340083446883378,2113.2185373412804,92217.483975791,-59962.78880003134,312.9890078616054,681.4664333076183,12,12,0.0434945102563166,4.59828145716285,10.807832500710385,0.17812260532888882,0.04628351094816159
2022-10-06,False,299575.5142498025,298093.369311591,1484.7266826966138,2.5817444851074707,0.0,1482.1449382115063,0.004980743738532,0.004972082880053095,2581.7444851074706,94430.75103545244,-58481.98445155517,165.57773759215584,1319.148945104458,12,12,0.045293964486852,4.41559934675306,10.807832500710386,0.17327498819114318,0.04736932026151775
2022-10-07,False,301599.2207151404,299575.5142498025,2026.3197823322316,2.6133169943653702,0.0,2023.7064653378663,0.006763969970665143,0.0067552465708208345,2613.31699436537,95890.4968223055,-56876.36349495663,961.504502895108,1064.8152794371238,12,12,0.04625684772302753,4.323684164505577,10.837080781101182,0.1690008535142619,0.050210137626780636
2022-10-08,False,302189.15739318746,301599.2207151404,592.7251846579434,2.788506610883591,0.0,589.9366780470598,0.0019652742578462118,0.0019560285223822024,2788.5066108835913,98575.69265664708,-55508.17954531457,-20.813605795151577,613.538790453095,12,12,0.04730789667314949,4.227624013424251,10.837080781101179,0.1636234224358317,0.05621847989524717
2022-10-09,False,302163.33965617616,302189.15739318746,-22.157661389269613,3.660075622033652,0.0,-25.817737011303265,-7.332381340353522e-05,-8.543568284851143e-05,3660.0756220336525,101601.41588243251,-55092.99992081068,706.4455597885658,-728.6032211778355,12,12,0.047904711464873524,4.1749546941045965,10.837080781101179,0.16229557690389493,0.05871294290527885
2022-10-10,False,303295.9867906292,302163.33965617616,1135.1797420520252,2.5326075989897516,0.0,1132.6471344530355,0.0037568413936108756,0.00374845980899551,2532.6075989897518,105569.07226238864,-55238.60642748508,-1828.9098852683253,2964.08962732035,12,12,0.04875990064010842,4.101731081779237,10.837080781101179,0.16172265714531936,0.060516323968373656
2022-10-11,False,303214.5000653052,303295.9867906292,-78.28715616430394,3.1995691597286973,0.0,-81.48672532403263,-0.0002581213058329947,-0.0002686706348682563,3199.5691597286973,103975.64190952868,-55394.607090707956,-393.52802607388156,315.2408699095776,12,12,0.04796879194586132,4.169377461615556,10.837080781101179,0.1611071829112148,0.06112376577826572
2022-10-12,False,303506.92045970104,303214.5000653052,293.1208169271664,0.7004225313107886,0.0,292.4203943958556,0.0009667110803211427,0.0009644010900958734,700.4225313107886,103967.295544856,-56173.316778183056,108.2202071703164,184.9006097568501,12,12,0.047058326066949936,4.250044927553517,10.837080781101179,0.16283576888638393,0.05815236902727328
2022-10-13,False,303757.0622156881,303506.92045970104,250.63372760586108,0.49197161878952694,0.0,250.14175598707155,0.0008257924637311183,0.0008241715068908447,491.97161878952693,104382.586761059,-56372.167580045396,-452.55722998496395,703.1909575908251,12,12,0.04637642992376206,4.312535491170382,10.837080781101179,0.16279368176585748,0.05469993469183926
2022-10-14,False,305120.68901182374,303757.0622156881,1364.2173493671328,0.5905532315385162,0.0,1363.6267961355943,0.004491146113331995,0.004489201950364291,590.5532315385162,103817.39180502173,-56712.08708397806,452.55722998496293,911.6601193821701,12,12,0.04500075405055953,4.4443699715630265,10.825758918190237,0.16053983951379092,0.05279129755791187
2022-10-15,False,305236.8951949096,305120.68901182374,117.57929762477477,1.3731145389126282,0.0,116.20618308586214,0.00038535340886116856,0.0003808531747296855,1373.1145389126282,104731.40345453717,-56720.98427352355,-314.82242085910696,432.4017184838817,12,12,0.04405852725790555,4.53941637289098,10.825758918190235,0.1593332143507236,0.0547730300913657
2022-10-16,False,303745.36212409113,305236.8951949096,-1489.375552764219,2.157518054269256,0.0,-1491.5330708184883,-0.004879408669824057,-0.004886477009491488,2157.5180542692556,105287.76282234647,-58760.923030168036,-260.8439938514963,-1228.5315589127229,12,12,0.0427081086815304,4.682951462247548,10.825758918190237,0.16092647694058723,0.05272714492174482
2022-10-17,False,302618.14907597913,303745.36212409113,-1126.4232271751148,0.7898209369087563,0.0,-1127.2130481120234,-0.0037084458485161314,-0.0037110461217561425,789.8209369087563,105806.45455172603,-61040.119519841006,183.31447566605635,-1309.737702841171,12,12,0.04210759183685274,4.749737310433392,10.825758918190235,0.16556818009891047,0.046279428774663074
2022-10-18,False,302995.215490545,302618.14907597913,377.59751847768507,0.5311039118492227,0.0,377.0664145658358,0.0012477689115165417,0.001246013881577092,531.1039118492226,106768.40281838404,-62697.64665886534,-665.5133975349099,1043.110916012595,12,12,0.042039015721986005,4.757485316084646,10.825758918190234,0.16912047333823377,0.0415968609133694
2022-10-19,False,304210.5945959604,302995.215490545,1216.4323104466923,1.0532050312911778,0.0,1215.3791054154012,0.004014691481109052,0.0040112155020260625,1053.2050312911779,106112.98353612768,-63373.25417167883,-711.4108732269731,1927.8431836736654,12,12,0.040878742241693834,4.892518434581683,10.825758918190235,0.1632617448956698,0.05186299565973335
2022-10-20,False,304256.5761144787,304210.5945959604,47.40042406645226,1.4189055481317394,0.0,45.98151851832052,0.00015581450780636846,0.00015115028646320232,1418.9055481317396,103695.27564707608,-63575.727409363884,-169.35601344513196,216.7564375115842,12,12,0.03994690667805188,5.00664548601673,10.825758918190237,0.16276969959617413,0.05211880215820401
2022-10-21,False,304277.5989462094,304256.5761144787,23.159810587398283,2.136978856692217,0.0,21.022831730706066,7.611934270463966e-05,6.909573491945192e-05,2136.978856692217,102649.0605023247,-65665.30584198966,613.2193244151457,-590.0595138277475,12,12,0.038998720623540595,5.1283733620552425,10.817947312186583,0.16754195145492184,0.04646477462483527
2022-10-22,False,303944.83015903074,304277.5989462094,-331.178779063839,1.590008114852753,0.0,-332.76878717869175,-0.0010884099920953603,-0.001093635510241814,1590.008114852753,102541.5481897477,-67232.154146255,153.1528694144136,-484.33164847825253,12,12,0.03856736280248798,5.185731807078549,10.81794731218658,0.17110025394656855,0.042592826620493934
2022-10-23,False,302089.68858943455,303944.83015903074,-1854.2704637914062,0.8711058047891526,0.0,-1855.1415695961953,-0.0061006810440605635,-0.006103547043802468,871.1058047891524,102633.5116555501,-68434.438730108,128.67851563002284,-1982.9489794214292,12,12,0.038299785753602315,5.221961326015743,10.817947312186583,0.17356937910909567,0.0427316275640976
2022-10-24,False,303105.0774792414,302089.68858943455,1015.7608842026268,0.37199439577860177,0.0,1015.3888898068482,0.0033624480496026853,0.003361216645785112,371.99439577860176,104373.14475482293,-70660.703589678,-571.9460248888233,1587.7069090914501,12,12,0.03862099895031445,5.178529956133401,10.817947312186583,0.18057751067826225,0.036385325526595354
2022-10-25,False,297706.06384627736,303105.0774792414,-5398.62598756238,0.3876454016486914,0.0,-5399.013632964029,-0.017811070776048325,-0.01781234969029441,387.6454016486914,101825.84641919397,-70032.58810712406,266.87515260849375,-5665.501140170873,12,12,0.03831286124489193,5.220179164422627,10.81794731218658,0.17806801798923427,0.03713807574642863
2022-10-26,False,292204.83118903724,297706.06384627736,-5498.744596981338,2.488060258810375,0.0,-5501.232657240148,-0.018470381576845052,-0.01847873901581242,2488.0602588103748,105313.2362052663,-74475.65014111547,278.0273347082897,-5776.771931689627,12,12,0.038830237261202355,5.150625237096662,10.817947312186584,0.18953947826476053,0.02984282440750573
2022-10-27,False,292005.79517442733,292204.83118903724,-190.24820167351976,8.787812936375081,0.0,-199.03601460989483,-0.0006510782210525525,-0.0006811523745174893,8787.812936375081,103155.30912570735,-71761.66839213995,-251.22951931471948,60.98131764119948,12,12,0.04224914078769598,4.733824079524123,10.817947312186583,0.18980521635608913,0.03177889082736169
2022-10-28,False,288360.30137241655,292005.79517442733,-3640.153421665918,5.340380344856846,0.0,-3645.4938020107747,-0.012466031434381299,-0.012484320045200364,5340.380344856846,99822.56844254583,-68931.38674760786,432.1147732213184,-4072.2681948872364,12,12,0.04587322710230153,4.359841516141464,10.820907688153225,0.18141664721983694,0.04605200865946268
2022-10-29,False,278644.579778653,288360.30137241655,-9704.028556250389,11.69303751315979,0.0,-9715.721593763548,-0.033652442829561556,-0.0336929929242088,11693.03751315979,100874.77080474104,-67039.53279354493,-149.9029532141589,-9554.12560303623,12,12,0.053902541187818134,3.7104002073505136,10.820907688153225,0.17482568809938157,0.06294598641876016
2022-10-30,False,278737.59598558163,278644.579778653,152.65920143293206,59.642994504293824,0.0,93.01620692863824,0.0005478635240427071,0.00033381667428279986,59642.99450429382,120229.69046211257,-61344.27762728669,-782.8376168232251,935.4968182561571,12,12,0.08420594618236432,2.3751291811015482,10.820907688153225,0.1506573112757769,0.1030960749158326
2022-10-31,False,281099.1469102081,278737.59598558163,2423.1927842673604,61.64185964086501,0.0,2361.5509246264955,0.008693455131875019,0.008472308574938891,61641.859640865005,180153.2156678982,-58273.52905347856,2568.433932952991,-145.24114868563066,12,12,0.11828487426240991,1.690833263738427,10.820907688153225,0.13993312440099656,0.1548032244415769
2022-11-01,False,288601.0216679861,281099.1469102081,7547.1858153993,45.31105762126857,0.0,7501.874757778031,0.026848839273817177,0.026687646832931747,45311.05762126857,228177.9483708054,-45861.706311492,6130.101969232911,1417.083846166389,12,12,0.14085476278560963,1.419902288319589,10.820907688153227,0.16390509012129742,0.19830147142734955
2022-11-02,False,282778.80806913535,288601.0216679861,-5813.706641705605,8.506957145185956,0.0,-5822.213598850791,-0.020144442345023432,-0.020173918876658765,8506.957145185956,235775.87844251576,-29991.500891193315,-7597.852808179856,1784.1461664742515,12,12,0.1363076534533957,1.4672690412675988,10.820907688153225,0.19128622944610305,0.17448303962912157
2022-11-03,False,278940.2163157808,282778.80806913535,-3830.151534264659,8.440219089891428,0.0,-3838.5917533545503,-0.013544690850129907,-0.013574538274509135,8440.219089891429,234834.09855775302,-27364.98844300749,-2003.9871689486854,-1826.1643653159733,12,12,0.1308755950297146,1.528168792314496,10.820907688153225,0.19810136195123504,0.129287761603456
2022-11-04,False,273788.4860583822,278940.2163157808,-5141.26027070097,10.469986697678367,0.0,-5151.730257398648,-0.018431405620194564,-0.018468940497151226,10469.986697678367,227936.7978575984,-34849.099884169445,5769.707065944058,-10910.967336645028,12,12,0.1117451253562114,1.7897872445214715,10.581551227434304,0.2080517843230334,0.0692598831424326
2022-11-05,False,270653.09191594145,273788.4860583822,-3111.8040126067303,23.590129834040667,0.0,-3135.394142440771,-0.011365722705896312,-0.011451884582802304,23590.12983404067,224925.65741221924,-36457.900373563,-1654.1203965479313,-1457.6836160587993,12,12,0.10466098733958414,1.9109317147093015,10.581551227434304,0.2024749497261891,0.13321205073392395
2022-11-06,False,270785.04639864096,270653.09191594145,151.31493388304455,19.360451183536757,0.0,131.9544826995078,0.0005590733614454309,0.0004875410133518437,19360.451183536756,209134.8181661011,-27224.364989209447,-5715.202978031841,5866.517911914885,12,12,0.0966649337174251,2.0690026083775965,10.581551227434304,0.19064229206984795,0.14061349520479258
2022-11-07,False,268479.06340401125,270785.04639864096,-2299.680066051138,6.3029285786000395,0.0,-2305.982994629738,-0.008492640552483182,-0.008515917054130621,6302.928578600039,193996.66833188472,-21279.34278851252,-1859.7455294592082,-439.93453659192994,12,12,0.09320541582508232,2.145798055075877,10.581551227434304,0.17907082578099778,0.1269480463982514
2022-11-08,False,266623.32553251955,268479.06340401125,-1844.0494882536836,11.68838323800438,0.0,-1855.737871491688,-0.006868503878377774,-0.006912039426698783,11688.38323800438,181880.46637979025,-14973.155439769735,-13317.00657307417,11472.957084820486,12,12,0.09042642228939575,2.2117429279677903,10.581551227434304,0.17691546783763712,0.12361651987816742
2022-11-09,False,268455.05909271754,266623.32553251955,1842.7763001472053,11.042739949192937,0.0,1831.7335601980124,0.006911534452083958,0.00687011744579939,11042.739949192935,167216.21625668474,-6691.491393234233,-13430.965062515128,15273.741362662331,12,12,0.10292491350370035,1.9431641299636324,10.581551227434305,0.18749937434591077,0.06435273733899669
2022-11-10,False,269840.6987945521,268455.05909271754,1408.1100931390479,22.470391304439705,0.0,1385.639701834608,0.005245235824193287,0.005161533206032983,22470.391304439705,146484.3262284199,-4972.964021062597,13669.43392368777,-12261.323830548721,12,12,0.12185994254956141,1.6412284120243896,10.581551227434304,0.19856231270225522,0.11095655437185664
2022-11-11,False,270123.5712033184,269840.6987945521,337.56192433298935,54.6895155666784,0.0,282.87240876631097,0.0012509674257477296,0.0010482940862144771,54689.515566678405,148776.33198406963,-27019.191031858627,-2951.3859248743693,3288.947849207358,12,12,0.11145399469013602,1.7944623748663229,10.566956851398455,0.2135129014733255,0.1076688751411397
2022-11-12,False,275466.3764166454,270123.5712033184,5355.745069688437,12.939856361436219,0.0,5342.805213327001,0.019827018596823003,0.019779115126926643,12939.856361436217,134021.6882437766,-35351.47367704545,1216.2081741176007,4139.536895570836,12,12,0.1011946772317212,1.9763885361482887,10.566956851398457,0.21516593005568324,0.0983614708679659
2022-11-13,False,277760.1176064642,275466.3764166454,2311.4438717185353,17.702681899791262,0.0,2293.7411898187443,0.008391019992300096,0.008326755590487891,17702.681899791263,124060.99338278986,-42438.39440635126,-1393.0679551397552,3704.5118268582896,12,12,0.08678550006808633,2.304532437366759,10.566956851398457,0.21318429709233538,0.08404120710338232
2022-11-14,False,275012.18199383427,277760.1176064642,-2731.791765292647,16.143847337263885,0.0,-2747.9356126299112,-0.009835075635887732,-0.00989319718147311,16143.847337263884,112849.34959462912,-46518.63220128604,371.6933021410358,-3103.485067433683,12,12,0.07335710493048136,2.7263889460950628,10.566956851398455,0.21223242590852592,0.073273654337635
2022-11-15,False,273930.3802223848,275012.18199383427,-1072.1923740125296,9.609397436930019,0.0,-1081.8017714494597,-0.0038987086544281448,-0.003933650369981478,9609.39743693002,106715.13052727381,-49035.393733517856,309.0285735230684,-1381.2209475355978,12,12,0.06691438276496742,2.9888940424435733,10.566956851398457,0.22338404616964677,0.06698073196334971
2022-11-16,False,274711.31608557474,273930.3802223848,788.1817934720692,7.245930282147741,0.0,780.9358631899215,0.0028773069742472515,0.002850855252184641,7245.93028214774,101547.06716128998,-49606.41406467921,-475.6201439153831,1263.8019373874522,12,12,0.0628206477676132,3.1836666304340273,10.566956851398457,0.22282622389658774,0.06402627087847945
2022-11-17,False,275267.2897865358,274711.31608557474,561.2435874911516,5.269886530112341,0.0,555.9737009610393,0.0020430304637189386,0.002023847102053303,5269.8865301123415,96639.41326239613,-50236.218179428164,-230.55523790933324,791.7988254004849,12,12,0.05867465676938454,3.4086266714108278,10.566956851398455,0.22088795827950955,0.0605108673181138
2022-11-18,False,275680.0843413833,275267.2897865358,415.95379680454135,3.1592419570313055,0.0,412.79455484751,0.0015110905372269444,0.0014996135398710972,3159.2419570313054,92706.31695248629,-50706.10544135535,53.554681885152505,362.3991149193888,12,12,0.05540888404171347,3.6095294727364298,10.485884021033534,0.21675036506695666,0.05627460142769742
2022-11-19,False,276156.65567538264,275680.0843413833,480.20087417340653,3.629540174046884,0.0,476.57133399935964,0.0017418772753230833,0.001728711506810214,3629.540174046884,89435.95938805875,-50944.17353374779,-49.872054879343025,530.0729290527496,12,12,0.05312293085069614,3.7648525184370385,10.485884021033536,0.21485648908598612,0.05391843893554025
2022-11-20,False,277654.95284818806,276156.65567538264,1501.212376536491,2.9152037310879417,0.0,1498.297172805403,0.005436089790648175,0.005425533449994504,2915.203731087942,86448.8262795304,-50991.10214464213,-1509.7945717171922,3011.0069482536833,12,12,0.051259774232825114,3.901694905864927,10.485884021033534,0.21209942088550685,0.05192477733401796
2022-11-21,False,278493.72270493297,277654.95284818806,841.9555019490789,3.185645204149744,0.0,838.7698567449291,0.003032380633992978,0.0030209072380694714,3185.645204149744,81089.67472638056,-51191.44686679639,-463.56876755698016,1305.5242695060592,12,12,0.04817262624204452,4.151735448158778,10.485884021033534,0.20930432162380166,0.04863107874342854
2022-11-22,False,276393.12265439704,278493.72270493297,-2095.5310840155225,5.068966520418827,0.0,-2100.6000505359416,-0.007524518196181247,-0.007542719563419207,5068.966520418827,77894.37987345767,-53668.99585957352,661.0072162260993,-2756.538300241621,12,12,0.044602174304959566,4.484086328001299,10.485884021033534,0.2111314581004595,0.04555166988528246
2022-11-23,False,272862.0995532157,276393.12265439704,-3525.5124202417364,5.510680939567752,0.0,-3531.0231011813044,-0.012755427437498327,-0.012775365274180531,5510.680939567752,75801.24445035766,-54295.80280203822,443.29941473839864,-3968.8118349801352,12,12,0.043576191638996856,4.589662209512995,10.485884021033534,0.2164899544603003,0.04347576792887839
2022-11-24,False,271764.2735145144,272862.0995532157,-1091.9048737575881,5.921164943747326,0.0,-1097.8260387013354,-0.004001672916632514,-0.004023373126934504,5921.164943747326,74296.6574993651,-53898.06897519045,-62.529703705111125,-1029.375170052477,12,12,0.043818037158565096,4.564330421197474,10.485884021033534,0.21877978654550956,0.041677959942287304
2022-11-25,False,273454.0786342396,271764.2735145144,1690.7519094758077,0.9467897505805968,0.0,1689.805119725227,0.0062213913830932895,0.006217907519161006,946.7897505805968,75388.68343952224,-54599.63434443555,931.076054174071,759.675855301737,12,12,0.044604408042249015,4.4838617701318055,10.476712705723134,0.22275351628275755,0.03974687023716711
2022-11-26,False,273654.964004922,273454.0786342396,201.6761729610273,0.7908022786079771,0.0,200.88537068241934,0.0007375138596150934,0.0007346219580477164,790.8022786079771,75403.55983067598,-53046.55017347208,-33.54128323673879,235.21745619776607,12,12,0.04565291310215311,4.380881446765058,10.476712705723132,0.21318177740592875,0.036169629301779076
2022-11-27,False,274987.95447423,273654.964004922,1333.3965628470337,0.4060935390230443,0.0,1332.9904693080107,0.0048725465941960805,0.004871062632300853,406.0935390230443,75540.8946302645,-52666.63938233664,1096.1193532128952,237.2772096341385,12,12,0.04649916844388905,4.301152186008267,10.476712705723132,0.21272015160053617,0.030403432965679215
2022-11-28,False,276256.1140923993,274987.95447423,1268.9887004461568,0.8290822768555886,0.0,1268.1596181693012,0.00461470649822619,0.004611691521521334,829.0822768555886,77228.81905069888,-51640.3372779699,-433.20747157782256,1702.1961720239797,12,12,0.04780810621350165,4.183390973631943,10.476712705723134,0.209903015729608,0.02522270089157783
2022-11-29,False,276085.9199357616,276256.1140923993,-168.83125215760916,1.362904480082395,0.0,-170.19415663769155,-0.0006111403279246164,-0.0006160738096126508,1362.9044800823951,76456.31988717947,-51280.89129759955,771.8096961737732,-940.6409483313824,12,12,0.048173226174727246,4.151683743882707,10.476712705723132,0.20844823487555453,0.024025195382279926
2022-11-30,False,274037.75465702236,276085.9199357616,-2047.1305122443005,1.034766494912772,0.0,-2048.165278739213,-0.007414831269630184,-0.007418579256833419,1034.7664949127718,79203.53702659738,-51244.06497109572,712.1802845111224,-2759.310796755423,12,12,0.049419917680447525,4.04695129792027,10.476712705723132,0.20976549637646372,0.023043193510858935
2022-12-01,False,275063.6291975029,274037.75465702236,1027.034036305392,1.1594958248521996,0.0,1025.8745404805397,0.003747782992860957,0.0037435518392875985,1159.4958248521996,83834.52393271613,-52131.699658487836,-690.5260201995295,1717.5600565049217,12,12,0.05158162131219919,3.8773500117317847,10.476712705723134,0.21839139269456562,0.02619712443291552
2022-12-02,False,274198.0744403947,275063.6291975029,-863.3430810934539,2.211676014738101,0.0,-865.554757108192,-0.003138703156110657,-0.0031467437539213915,2211.676014738101,83638.11387074977,-50068.30390934542,60.742163472993525,-924.0852445664474,12,12,0.05217770552551811,3.8330547115029368,10.436887513776972,0.21105216483422856,0.02389980659455242
2022-12-03,False,275340.5227475708,274198.0744403947,1143.2728113404373,0.8245041643425135,0.0,1142.4483071760949,0.004169514369033115,0.00416650740348084,824.5041643425134,85447.44544313176,-50107.14282609636,-401.7029847413233,1544.9757960817603,12,12,0.053082894405440215,3.7676920642726475,10.436887513776972,0.21270964816260615,0.025945683533562674
2022-12-04,False,274737.75492810307,275340.5227475708,-601.1624903478737,1.6053291198662536,0.0,-602.76781946774,-0.0021833418646445037,-0.0021891722055759695,1605.3291198662537,85106.09578217492,-48688.700082642725,705.2185725330518,-1306.3810628809254,12,12,0.05316291942714431,3.7620206368479185,10.436887513776973,0.20806896467070685,0.023783381571727356
2022-12-05,False,274772.2143865613,274737.75492810307,34.52012986233123,0.06067140407683655,0.0,34.459458458254396,0.0001256475647890655,0.00012542673091025364,60.67140407683655,87178.36682166571,-49229.191168913756,-304.06918529868045,338.58931516101165,12,12,0.053766377899154026,3.7197967915027963,10.436887513776972,0.21254413184181958,0.02539302004579991
2022-12-06,False,273709.2847044982,274772.2143865613,-1062.2719276469136,0.6577544162155573,0.0,-1062.9296820631291,-0.003866009268871939,-0.003868403085938501,657.7544162155573,87193.46273742158,-48536.91662283587,-225.104206184038,-837.1677214628755,12,12,0.0540845728487166,3.697912167290897,10.436887513776972,0.21119706998355023,0.024142069909175518
2022-12-07,False,275185.84280690475,273709.2847044982,1477.0013069724082,0.44320456585426066,0.0,1476.5581024065539,0.005396241156258207,0.005394621903311298,443.20456585426064,88248.73081855467,-49155.983984628525,-842.9156853626308,2319.9169923350387,12,12,0.05443674204971531,3.6739891563926896,10.436887513776972,0.2162467161063832,0.026211412959620605
2022-12-08,False,274302.4310946933,275185.84280690475,-882.9693169437662,0.4423952676531776,0.0,-883.4117122114194,-0.003208629150167937,-0.0032102367738128914,442.3952676531776,85528.29340851019,-47236.58741000294,517.6541512218522,-1400.6234681656183,12,12,0.05390408332233808,3.7102940570203367,10.436887513776972,0.2054177837960489,0.025734794401789086
2022-12-09,False,274653.90929621103,274302.4310946933,351.4782015177142,0.0,0.0,351.4782015177142,0.001281352848806428,0.001281352848806428,0.0,87446.57102789768,-48119.556726946714,-373.225311782174,724.7035132998882,12,12,0.05414239561125636,3.6939628869768635,10.43936703104261,0.21002637177343744,0.02439688719105407
2022-12-10,False,274730.3792897382,274653.90929621103,76.47852321368914,0.00852968652349864,0.0,76.46999352716564,0.0002784541585796543,0.0002784231024532538,8.52968652349864,86357.17188933911,-47759.548838905495,-64.34069981231458,140.81922302600373,12,12,0.053871840214160686,3.71251472392488,10.43936703104261,0.2075409539219009,0.025530379528143434
2022-12-11,False,275115.15019731544,274730.3792897382,384.7709075772417,0.0,0.0,384.7709075772417,0.001400540080685623,0.001400540080685623,0.0,86152.01196650078,-47683.0703156918,-624.6030543383581,1009.3739619155998,12,12,0.053657431709604866,3.727349476628031,10.43936703104261,0.20704646605305368,0.02557540552682023
2022-12-12,False,274473.96938484686,275115.15019731544,-640.9235871236199,0.2572253449307809,0.0,-641.1808124685507,-0.0023296557338406947,-0.0023305907072318235,257.2253449307809,84775.2602951776,-47555.52475304534,-424.1088307405717,-216.81475638304815,12,12,0.05291530584823139,3.779624756844993,10.43936703104261,0.20542374163970836,0.024860094476720877
2022-12-13,False,272403.6921616635,274473.96938484686,-2070.2772231833837,0.0,0.0,-2070.2772231833837,-0.007542708796113908,-0.007542708796113908,0.0,84567.96622082009,-48196.44834016897,174.58674557184668,-2244.8639687552304,12,12,0.05231280891416508,3.8231554403465555,10.439367031042611,0.20703361094181436,0.024287669503874596
2022-12-14,False,272274.52884497645,272403.6921616635,-128.94177206718538,0.22154461988351068,0.0,-129.16331668706889,-0.0004733481071565736,-0.00047416140237340946,221.54461988351068,86765.87231526364,-50137.66466974118,-551.1299004436613,422.18812837647596,12,12,0.05247968917668283,3.8109981811565627,10.43936703104261,0.21711997878124892,0.03302507759674585
2022-12-15,False,272777.9279699799,272274.52884497645,504.4469783972321,1.047853393782074,0.0,503.39912500345,0.001852714539759415,0.0018488660218748108,1047.853393782074,84744.70089266144,-50106.35135376521,-668.7586148866777,1173.20559328391,12,12,0.051913867177643305,3.852535187094094,10.43936703104261,0.21584970198769826,0.035355218514638846
2022-12-16,False,275680.2579951137,272777.9279699799,2976.2876685477922,73.95764341398734,0.0,2902.330025133805,0.010911028215139689,0.010639900547427049,73957.64341398733,130378.59747184766,-45100.69627280864,-4083.2142090233338,7059.501877571126,12,12,0.08532625288604843,2.343944486430175,10.279879760934058,0.16347859447462956,0.09293550922946461
2022-12-17,False,274489.8790413201,275680.2579951137,-1187.6716033927562,2.7073504007668365,0.0,-1190.3789537935231,-0.004308148911460346,-0.0043179695290862,2707.3504007668366,120849.790392573,-44831.75900502769,336.3712700937239,-1524.04287348648,12,12,0.0757564123589491,2.640040542737951,10.279879760934058,0.15762731436124217,0.07063380814209086
2022-12-18,False,274971.8133305419,274489.8790413201,488.58495949072733,6.6506702689518935,0.0,481.93428922177543,0.0017799744063320402,0.0017557452059980246,6650.670268951893,116976.82047235919,-51886.01748624134,-260.1820316572969,748.7669911480241,12,12,0.06903047670174983,2.897271025146061,10.279879760934058,0.17234041445148374,0.05851817106603566
2022-12-19,False,276474.7379207083,274971.8133305419,1509.7398653432374,6.815275176802535,0.0,1502.9245901664349,0.005490525909026132,0.005465740549776928,6815.275176802535,109387.71712372664,-55752.044079245534,-1228.9312847723354,2738.6711501155733,12,12,0.06318617787177604,3.165249216464095,10.279879760934058,0.17952311925974712,0.04914834261298103
2022-12-20,False,274790.2681916856,276474.7379207083,-1677.251685799625,7.218043223087004,0.0,-1684.469729022712,-0.0060665639776486665,-0.006092671401702568,7218.043223087003,98731.30758275752,-58310.21598125333,800.3345093227315,-2477.586195122357,12,12,0.05647867590474975,3.541159504824375,10.279879760934058,0.18470864749803928,0.03819719932740044
2022-12-21,False,275680.00374507974,274790.2681916856,896.9948845620362,7.259331167933482,0.0,889.7355533941027,0.003264289126630638,0.0032378714109826093,7259.331167933482,94749.89711926912,-62041.47886392791,-101.43528025306072,998.430164815097,12,12,0.05297607068779933,3.7752894354631903,10.279879760934058,0.19754128689731446,0.03185253721792844
2022-12-22,False,275312.75291073055,275680.00374507974,-363.17454235334486,4.076291995832857,0.0,-367.2508343491777,-0.0013173771670765464,-0.00133216348433009,4076.2919958328575,89630.46740198041,-63350.99134002885,262.51487664044333,-625.6894189937882,12,12,0.049719212650118805,4.0225898468551495,10.279879760934058,0.20129148589357265,0.034382873987883825
2022-12-23,False,274786.9927069179,275312.75291073055,-495.37931446315474,30.38088934948833,0.0,-525.7602038126431,-0.0017993329739570045,-0.0019096834354895267,30380.889349488334,96337.93763916411,-50301.2098667228,-118.62454743144987,-376.7547670317049,12,12,0.07118964284631878,2.8093974348452857,10.31427945446101,0.1730701709814141,0.057848281735800686
2022-12-24,False,275181.1416460267,274786.9927069179,395.7499523203545,1.6010132115585824,0.0,394.1489391087959,0.00144020627913219,0.0014343798999583177,1601.0132115585825,95034.80392982226,-51484.4172401136,15.657156905463335,380.0927954148912,12,12,0.06759403326447566,2.9588410447037323,10.31427945446101,0.17792791449065734,0.04017915777787667
2022-12-25,False,276538.1649203578,275181.1416460267,1359.3944396093834,2.3711652782818096,0.0,1357.0232743311017,0.004939998545968717,0.004931381802597066,2371.1652782818096,92429.28743618046,-52934.05788776852,909.0053998358363,450.38903977354715,12,12,0.06448544365066093,3.1014751341941054,10.314279454461008,0.18023378739859008,0.04138027077000131
2022-12-26,False,274782.909378062,276538.1649203578,-1752.3091455789759,2.9463967168474237,0.0,-1755.2555422958233,-0.006336590633280711,-0.006347245208636326,2946.3967168474237,90078.20727611831,-54140.83027749738,410.487872525358,-2162.797018104334,12,12,0.0622135795610497,3.214732240310037,10.314279454461008,0.1826464836740631,0.037150193527425414
2022-12-27,False,274779.6702770447,274782.909378062,-0.578561035021238,2.6605399822855222,0.0,-3.2391010173067603,-2.105520450055432e-06,-1.1787854727348491e-05,2660.5399822855225,90907.35061017546,-55245.517680314515,-531.9275235544088,531.3489625193876,12,12,0.06208089526512921,3.221603025308494,10.31427945446101,0.189035934504145,0.04058873240208834
2022-12-28,False,276617.5542812909,274779.6702770447,1840.5850329168982,2.7010286707096762,0.0,1837.8840042461884,0.00669840323725966,0.00668857343919641,2701.028670709676,89370.98907196849,-55420.07982520311,-578.8773508993816,2419.4623838162797,12,12,0.06064309069455082,3.2979849428744785,10.314279454461008,0.18886435740535026,0.04029175806906846
2022-12-29,False,277839.2886962022,276617.5542812909,1226.85928848817,5.124873576866798,0.0,1221.7344149113032,0.0044352184794482835,0.004416691551212719,5124.8735768667975,86372.57331611891,-56727.705849694335,76.03541746065555,1150.8238710275145,12,12,0.05671680175191389,3.5262919244781123,10.31427945446101,0.18969412672224084,0.03868428938332183
2022-12-30,False,278178.4223930938,277839.2886962022,342.2648495334047,3.131152641826169,0.0,339.1336968915785,0.0012318806715188768,0.0012206110175526593,3131.1526418261687,84646.85172603441,-58120.11440120597,258.8168607195805,83.44798881382417,12,12,0.05365024653085256,3.727848666734203,10.317512868609976,0.1931499503075788,0.03591793989126594
2022-12-31,False,278736.74644769984,278178.4223930938,562.2719542997582,3.947899693723701,0.0,558.3240546060346,0.0020212637251397305,0.002007071755612544,3947.8996937237007,84347.30814419242,-59779.93273564204,401.49862637648596,160.7733279232723,12,12,0.05101181878933871,3.92066004989807,10.317512868609976,0.19854822068717357,0.038183300773876716
2023-01-01,False,278693.4662302934,278736.74644769984,-41.674504003647264,1.6057134028201836,0.0,-43.28021740646745,-0.00014951205585470509,-0.00015527273658045744,1605.7134028201835,84942.82043801891,-60458.59971829379,130.90366081974605,-172.5781648233933,12,12,0.04944880591406779,4.044587049231488,10.317512868609974,0.2006231706460497,0.03807754374957824
2023-01-02,False,277612.26670463727,278693.4662302934,-1080.140058363423,1.0594672927063948,0.0,-1081.1995256561293,-0.0038757279565028208,-0.003879529507027263,1059.4672927063948,86140.6341065352,-61394.60606517058,663.2452148200418,-1743.3852731834647,12,12,0.04843619707987212,4.129143327875155,10.317512868609976,0.204326581965219,0.03776785412165085
2023-01-03,False,277570.51910310413,277612.26670463727,-40.64971026365061,1.0978912694863303,0.0,-41.747601533136944,-0.0001464262035182309,-0.00015038096849500485,1097.8912694863302,88400.98470705231,-62328.466236047614,148.35748226238044,-189.00719252603105,12,12,0.04878852642961736,4.099324464913309,10.317512868609976,0.2099276825169837,0.038235637624815993
2023-01-04,False,275633.6627563866,277570.51910310413,-1935.2974709183309,1.5588757991948023,0.0,-1936.8563467175256,-0.006972273126021214,-0.006977889269278184,1558.8757991948023,89214.83734950601,-62362.47181122403,-21.32832846567299,-1913.969142452658,12,12,0.04855982953658209,4.118630602879936,10.317512868609974,0.2068436160809604,0.03803057479301573
2023-01-05,False,276465.9790218871,275633.6627563866,833.7422237837342,1.425958283253338,0.0,832.3162655004809,0.003024820029042029,0.0030196466468470043,1425.9582832533379,92533.43644674635,-62871.810998889036,-235.9715628310048,1069.7137866147389,12,12,0.049531717143977874,4.037816807736419,10.317512868609976,0.21135175670002126,0.0395828379509118
2023-01-06,False,275706.43031101365,276465.9790218871,-758.056146036162,1.4925648373223335,0.0,-759.5487108734843,-0.0027419509218389168,-0.002747349650617781,1492.5648373223335,92720.31593462294,-61668.650327503754,351.43356386392253,-1109.4897099000843,12,12,0.04942950769238783,4.046166133084917,10.296272439061664,0.20584675436863298,0.04339476588352757
2023-01-07,False,275945.7934209067,275706.43031101365,240.37280936220597,1.0096994691567036,0.0,239.36310989304926,0.0008718433193271945,0.0008681810925593324,1009.6994691567038,95190.93867754366,-61859.17816812438,103.20110302652687,137.1717063356791,12,12,0.05009783218346391,3.9921887092355104,10.296272439061664,0.20760613969488967,0.04377997684830811
2023-01-08,False,274551.4270291192,275945.7934209067,-1388.637513523602,5.728878263876163,0.0,-1394.366391787478,-0.005032283682634292,-0.0050530445653890355,5728.878263876162,100885.84633811064,-61996.56705030463,588.1513366166828,-1976.7888501402847,12,12,0.04940640316517979,4.048058291783407,10.296272439061664,0.2016187718611317,0.03966444710297505
2023-01-09,False,273378.7746378322,274551.4270291192,-1165.7522732333646,6.900118053654986,0.0,-1172.6523912870196,-0.00424602518314255,-0.004271157516739648,6900.1180536549855,110244.42102441963,-66315.91336767198,829.103124939884,-1994.8553981732484,12,12,0.04774439140515226,4.188973701703051,10.296272439061664,0.19209232509383856,0.03853945456335533
2023-01-10,False,271814.91675332,273378.7746378322,-1552.3982473066444,11.459637205543192,0.0,-1563.8578845121876,-0.0056785617294657816,-0.0057204802625367,11459.637205543193,124528.01675307595,-69101.50425519496,-247.77314221343067,-1304.6251050932137,12,12,0.04725904554377325,4.231994059523523,10.296272439061664,0.18456522395426003,0.04911199013481538
2023-01-11,False,268711.6116320736,271814.91675332,-3099.765970005256,3.5391512411834607,0.0,-3103.3051212464393,-0.01140395827804544,-0.011416978723293466,3539.1512411834606,129124.0199571392,-68783.78765891383,1181.8990137504577,-4281.664983755714,12,12,0.04928531816399078,4.058003629692007,10.296272439061664,0.18560039530403905,0.04685557847749949
2023-01-12,False,267428.74200811685,268711.6116320736,-1279.8376668327624,3.031957123986831,0.0,-1282.8696239567491,-0.004762866997296518,-0.004774150309936309,3031.957123986831,137619.54107863223,-69643.93477861283,800.2836275064645,-2080.121294339227,12,12,0.05306144204664174,3.7692153150341685,10.296272439061664,0.19385520387989907,0.040143319263303764
2023-01-13,False,263205.10148062604,267428.74200811685,-4218.5788420357885,5.061685455014886,0.0,-4223.640527490804,-0.01577459030902426,-0.015793517539571755,5061.685455014886,145561.6314554928,-67311.59979616574,72.73152704480758,-4291.3103690805965,12,12,0.05752344419824794,3.476843272991843,10.234896751454706,0.19117924725129287,0.05106443336822129
2023-01-14,False,258725.63737181536,263205.10148062604,-4468.086842943228,11.37726586743323,0.0,-4479.464108810661,-0.01697568480933153,-0.017018910665530487,11377.26586743323,157088.1580651674,-67819.80802102102,869.597750632993,-5337.68459357622,12,12,0.06399313319353797,3.125335329263047,10.234896751454706,0.19510786769407115,0.052788720075161125
2023-01-15,False,260591.92252728212,258725.63737181536,1880.1608612971743,13.875705830417434,0.0,1866.2851554667568,0.007267006394867586,0.007213375428986626,13875.705830417435,172108.49789966745,-63645.54612818701,-283.772937179387,2163.9337984765616,12,12,0.07631279332085501,2.620792547313864,10.234896751454706,0.2015848786855682,0.05481718399406411
2023-01-16,False,259580.91752289256,260591.92252728212,-991.0484830436667,19.956521345902747,0.0,-1011.0050043895694,-0.003803066777481988,-0.0038796482814379037,19956.521345902747,185732.04252859,-55494.549978853735,-1124.4060248719406,133.35754182827407,12,12,0.08875235116168781,2.2534614281445093,10.234896751454707,0.19456488336623,0.08021295689370268
2023-01-17,False,260442.29507339952,259580.91752289256,880.2794364587445,18.901885951777135,0.0,861.3775505069674,0.00339115619460399,0.0033183392628658927,18901.885951777134,200616.44499180836,-45645.13604076493,1000.8037755158156,-120.52433905707097,12,12,0.1013167234667686,1.9740077763726642,10.234896751454706,0.19498793925264807,0.11504052496809114
2023-01-18,False,260615.96016199206,260442.29507339952,187.45323718164423,13.788148589115048,0.0,173.66508859252917,0.0007197495980014112,0.0006668083175337776,13788.148589115048,212727.64584488096,-37532.668095883215,-4437.736081982077,4625.189319163721,12,12,0.11276098085781472,1.7736631809915595,10.234896751454706,0.19749433026170443,0.14671506064568587
2023-01-19,False,258365.33272644685,260615.96016199206,-2238.426497974514,12.200937570683259,0.0,-2250.6274355451974,-0.008588984713688167,-0.008635800486456265,12200.93757068326,211529.7138634662,-31040.95371333778,1681.707953964179,-3920.134451938693,12,12,0.1185466828386997,1.687099083760358,10.234896751454707,0.1962467538098193,0.1548451400458826
2023-01-20,False,251248.78160383616,258365.33272644685,-6981.361367655349,135.18975495533488,0.0,-7116.551122610684,-0.027021277560666794,-0.02754452792683907,135189.75495533488,102218.11929568357,-84807.98368382486,630.8020149224161,-7612.163382577764,12,12,0.06615863224942325,3.023037103396942,10.253869844203141,0.24051988702208468,0.09846933597228802
2023-01-21,False,252545.57844532313,251248.78160383616,1304.8214150175058,8.024573530547094,0.0,1296.7968414869588,0.005193344249027726,0.0051614054930293,8024.573530547095,102436.51116263667,-83764.77152093312,-238.8774843394725,1543.6988993569782,12,12,0.09549283306207085,2.094398014875095,10.25386984420314,0.2533065620042294,0.09004398409460793
2023-01-22,False,252591.33460231792,252545.57844532313,62.18028430112927,16.424127306340072,0.0,45.756156994789194,0.00024621410790049325,0.00018117979842080482,16424.12730634007,110174.6450394155,-78184.66373933459,11.428892740300633,50.75139156082863,12,12,0.1399021046499604,1.4295710597092623,10.25386984420314,0.23752074765869485,0.1868955703033668
2023-01-23,False,248835.90429496122,252591.33460231792,-3698.3314500339397,57.098857322770286,0.0,-3755.43030735671,-0.014641561064858484,-0.014867613385349475,57098.85732277029,161223.36078020209,-71985.26263373028,654.3596753073246,-4352.691125341264,12,12,0.2317032307941138,0.8631731172437359,10.253869844203141,0.2286226497963861,0.3293128360202412
2023-01-24,False,250491.01971130178,248835.90429496122,1725.9285050059684,70.81308866539956,0.0,1655.1154163405688,0.006936010741279981,0.006651433285040144,70813.08866539955,213115.74681424221,-26509.322042142205,-3322.8889274694047,5048.817432475374,12,12,0.36557115213066854,0.5470891202282632,10.253869844203141,0.16208183712319896,0.524531295527
2023-01-25,False,250184.67572223526,250491.01971130178,-293.59632913394375,12.747659932580236,0.0,-306.343989066524,-0.0011720832526144933,-0.0012229739390242189,12747.659932580236,208247.2569874276,-12035.733604556002,3119.905856970073,-3413.502186104017,12,12,0.29237377947793497,0.684055869705969,10.253869844203141,0.14060884595357234,0.36382164710875436
2023-01-26,False,248732.28322446585,250184.67572223526,-1408.9173438156943,43.47515395371574,0.0,-1452.39249776941,-0.0056315093630272105,-0.005805281612779164,43475.15395371574,178904.43498925393,27314.02134266287,-891.8072515383717,-517.1100922773226,12,12,0.18115724401979463,1.104013262523173,10.25386984420314,0.14220711496144153,0.2157669069193827
2023-01-27,False,249219.05944007522,248732.28322446585,609.5974480454988,122.82123243613245,0.0,486.7762156093664,0.002450817562332164,0.0019570286948641896,122821.23243613246,114757.1546482237,67357.01933723607,1091.8725492033755,-482.2751011578765,12,12,0.06274066100403168,3.1877254207944685,10.229346680932231,0.1822543395030266,0.09630025039422345
2023-01-28,False,249938.48147033693,249219.05944007522,729.2051688831389,9.783138621411915,0.0,719.422030261727,0.002925960681022779,0.002886705502693353,9783.138621411916,107396.93395116669,72795.60158323355,361.2237453443791,367.98142353875994,12,12,0.05740422246914984,3.4840642621278244,10.229346680932228,0.19368204050147994,0.08855134474927709
2023-01-29,False,253833.03099621713,249938.48147033693,3902.505796136722,7.9562702565184535,0.0,3894.5495258802034,0.01561386535270231,0.015582032438419909,7956.270256518453,100010.86654345815,73075.86451977548,4322.118440494405,-419.61264435768305,12,12,0.053840945452722236,3.714645021893609,10.229346680932231,0.19171398686336297,0.08117334946514936
2023-01-30,False,251268.2941985694,253833.03099621713,-2551.707090207354,13.029707440367838,0.0,-2564.736797647722,-0.010052699131364752,-0.010104030935540239,13029.707440367838,92571.1437633373,74005.64797865236,-3140.5283482108193,588.8212580034645,12,12,0.04939825118913728,4.048726325031931,10.229346680932226,0.1906554985878522,0.07370752437690274
2023-01-31,False,253818.29757356714,251268.2941985694,2550.549400408399,0.5460254106571912,0.0,2550.003374997742,0.010150701299356059,0.010148528222118446,546.0254106571913,88847.3029509835,71831.67154496911,2772.0646469936305,-221.51524658523175,12,12,0.04861829261798321,4.1136779847761025,10.229346680932228,0.18782285110093147,0.07006870635797527
2023-02-01,False,257036.69223012912,253818.29757356714,3224.266574990488,5.8719184285041655,0.0,3218.394656561984,0.012703050196985744,0.01267991585842687,5871.918428504166,86787.1205277048,71801.08100788757,3437.8477343973814,-213.58115940689314,12,12,0.04597242845890907,4.350433655658703,10.229346680932228,0.18774491207386942,0.06960073522304071
2023-02-02,False,255763.7940495562,257036.69223012912,-1262.7518785751063,10.146301997822412,0.0,-1272.8981805729286,-0.004912730037175175,-0.004952204175710766,10146.301997822413,84483.70553245659,71886.25533759483,-1277.768522556795,15.016643981688512,12,12,0.043235126612792364,4.625868261961426,10.22934668093223,0.18721554767555348,0.06766277670583744
2023-02-03,False,256551.78377846788,255763.7940495562,791.865959315799,3.8762304041131554,0.0,787.9897289116859,0.0030960830959614596,0.0030809275872683015,3876.230404113155,82404.48113363059,71784.63891575712,948.6410620286131,-156.77510271281403,12,12,0.041576766874261276,4.810378849438941,10.231849804552022,0.18757909438539766,0.06510081089782088
2023-02-04,False,256323.8589754647,256551.78377846788,-223.2043608634309,4.720442139757396,0.0,-227.92480300318832,-0.0008700167957365191,-0.0008884163643157558,4720.442139757396,80760.20400369415,72680.16994440704,-266.52650105892667,43.322140195495784,12,12,0.03965580937166563,5.043397251725279,10.23184980455202,0.18839039007690087,0.061619386492731666
2023-02-05,False,254605.79066755215,256323.8589754647,-1715.1604126135294,2.9078952990362756,0.0,-1718.0683079125656,-0.0066913802697458,-0.0067027248839797585,2907.8952990362754,78982.7013148519,72610.5927530317,-1802.9898702674227,87.82945765389313,12,12,0.03816054292704908,5.241015579425505,10.231849804552022,0.1887064705899691,0.05930648782481092
2023-02-06,False,253721.2061687234,254605.79066755215,-883.5152220423981,1.0692767863435522,0.0,-884.5844988287417,-0.0034701301165456816,-0.0034743298512946046,1069.2767863435522,77657.2202294021,71964.70912676174,-951.1845142638003,67.66929222140222,12,12,0.03794079419663798,5.271370940825547,10.231849804552022,0.1875452039943728,0.055045155059430875
2023-02-07,False,256700.3980586165,253721.2061687234,2979.7755981634014,0.5837082703074092,0.0,2979.191889893094,0.011744290684878207,0.011741990095664078,583.7082703074093,77191.0285103647,71664.90217502674,3116.9974299738337,-137.22183181043263,12,12,0.03847645045684335,5.197984679598437,10.231849804552022,0.18713823529542825,0.04857099734016642
2023-02-08,False,255323.6789772632,256700.3980586165,-1374.89302878336,1.8260525699520807,0.0,-1376.719081353312,-0.0053560221923357075,-0.005363135747997336,1826.0525699520806,79152.58494535435,73954.38593400596,-1400.6409960813698,25.747967298009954,12,12,0.03788296682815479,5.279417552147978,10.231849804552022,0.19192957649961268,0.05268948274784524
2023-02-09,False,249868.52195255389,255323.6789772632,-5454.787687592874,0.36933711643915174,0.0,-5455.157024709313,-0.021364206051874366,-0.021365652596581533,369.3371164391517,77733.42184096885,72948.83002166174,-5564.771164741522,109.98347714864911,12,12,0.03800724204118013,5.262155033067218,10.231849804552022,0.1905599978275998,0.05105884926165746
2023-02-10,False,250069.39137810876,249868.52195255389,201.63281038231491,0.7633848274284978,0.0,200.86942555488642,0.0008069556293313402,0.0008039004832830779,763.3848274284978,72618.6444024285,68054.01953741869,172.0936151291981,29.53919525311678,12,12,0.040858745095877634,4.894912937993747,10.266413912862719,0.18705941289685857,0.05505259561510931
2023-02-11,False,250898.80177380552,250069.39137810876,832.5111128339929,3.100717137222391,0.0,829.4103956967705,0.0033291204023255423,0.0033167209754299326,3100.717137222391,73233.2863010095,68727.73982650593,880.553234960694,-48.04212212670103,12,12,0.04367112208911703,4.579685394661306,10.266413912862719,0.18948028037551307,0.05052266318123246
2023-02-12,False,250093.0660494372,250898.80177380552,-802.9807949062716,2.7549294620335694,0.0,-805.7357243683052,-0.0032004170176555416,-0.0032113972592611485,2754.9294620335695,74510.55914539067,69908.9284266337,-851.7862093916211,48.80541448534954,12,12,0.045946235170973584,4.352913775323849,10.266413912862719,0.1926614914266424,0.05314326095674652
2023-02-13,False,249236.55187165042,250093.0660494372,-851.3047876885385,5.209390098246582,0.0,-856.514177786785,-0.0034039519813006593,-0.0034247817875025506,5209.390098246583,77824.95420544055,69984.57110567304,-909.8589989313216,58.554211242783026,12,12,0.04893043189125332,4.087435819992251,10.266413912862717,0.19445038909745238,0.05283649599004594
2023-02-14,False,252051.38883764882,249236.55187165042,2821.148378361678,6.311412363271017,0.0,2814.8369659984073,0.0113191598791436,0.011293836898562,6311.412363271016,82480.49190363633,69820.89961470178,3043.268668968036,-222.1202906063575,12,12,0.05251649961225636,3.8083269348995947,10.266413912862719,0.1951006288662663,0.05004984442274458
2023-02-15,False,257682.9175543127,252051.38883764882,5633.772636245033,2.243919581143066,0.0,5631.52871666389,0.022351682576420378,0.022342779949097075,2243.9195811430664,87989.8004443538,72548.26736576874,6082.485731738562,-448.7130954935294,12,12,0.05318025728588602,3.7607941406684353,10.266413912862717,0.19396092434168327,0.05042631948363434
2023-02-16,False,254576.14942157594,257682.9175543127,-3104.600049153974,2.1680835827830416,0.0,-3106.768132736757,-0.012048140709597512,-0.012056554474869032,2168.0835827830415,92352.91568880284,76013.95641923074,-3480.7340129159843,376.1339637620105,12,12,0.0509399104971745,3.9261945701905674,10.266413912862717,0.20234052264523725,0.052338386255352
2023-02-17,False,256284.3712862268,254576.14942157594,1708.2218646508345,0.0,0.0,1708.2218646508345,0.006710062464736371,0.006710062464736371,0.0,88496.04771212484,72909.35637007677,2033.450775181694,-325.2289105308597,12,12,0.051900382970653525,3.8535361119220974,10.29071504194136,0.1985750904815786,0.0471953089146609
2023-02-18,False,256247.4553089084,256284.3712862268,-36.407044648485794,0.5089326698997773,0.0,-36.91597731838557,-0.0001420572174017791,-0.00014404302975290132,508.93266989977724,90345.79472793762,74108.64556482782,27.253523700527243,-63.660568349013076,12,12,0.049963540320183235,4.002918902830594,10.29071504194136,0.1989584457020844,0.055532521462593895
2023-02-19,False,254947.60643577803,256247.4553089084,-1297.7213994850406,2.127473645327678,0.0,-1299.8488731303682,-0.00506432892346434,-0.005072631342088412,2127.4736453276782,88309.23517465948,73393.95366686827,-1426.420741005235,128.69934152019434,12,12,0.048158919799278485,4.152917067774356,10.29071504194136,0.19598349916111882,0.058822684004114174
2023-02-20,False,254839.49901741435,254947.60643577803,-106.90889259676092,1.1985257669161211,0.0,-108.10741836367704,-0.0004193367182040658,-0.00042403778515531814,1198.525766916121,86234.071051407,72971.32441587157,81.35013992873368,-188.2590325254947,12,12,0.04762600606613223,4.199386354637532,10.29071504194136,0.19640650247498212,0.05656085486617298
2023-02-21,False,253115.65571231866,254839.49901741435,-1721.5300675090102,2.3132375866623835,0.0,-1723.8433050956726,-0.006755350226894655,-0.006764427460194758,2313.2375866623834,84784.08011238377,72456.3413927367,-1832.4371969336066,110.90712942459649,12,12,0.04613519488699432,4.33508518799778,10.29071504194136,0.19533783876218547,0.06141174284823045
2023-02-22,False,253436.84955224273,253115.65571231866,321.8004645859783,0.6066246619060076,0.0,321.19383992407234,0.0012713574104310803,0.0012689607800835862,606.6246619060076,83004.17228747829,70978.31552932817,367.1254138035775,-45.32494921759921,12,12,0.04632762380096439,4.317078744622267,10.29071504194136,0.19315293958918003,0.06035530857262592
2023-02-23,False,252888.51938602462,253436.84955224273,-546.7126156263045,1.6175505917855373,0.0,-548.33016621809,-0.0021571946486558845,-0.0021635771088018467,1617.5505917855373,82729.80557442007,70786.86814625986,-653.7510149689799,107.03839934267533,12,12,0.04641844381591116,4.308632163395462,10.29071504194136,0.19225086490985116,0.06186603784874624
2023-02-24,False,250436.71091316553,252888.51938602462,-2450.9712965530466,0.8371763060542696,0.0,-2451.8084728591007,-0.009691904173837694,-0.00969521462979705,837.1763060542696,82060.95785806421,70332.09722858935,-2612.579824205726,161.60852765267947,12,12,0.04733187498204463,4.225482300793495,10.267060332526563,0.18953964197090098,0.05522622280402581
2023-02-25,False,250996.05133475675,250436.71091316553,560.5434605775187,1.2030389862909432,0.0,559.3404215912277,0.0022382639451445164,0.0022334601806249126,1203.038986290943,79013.17675167325,67607.53317750376,549.0232595854906,11.520200992028066,12,12,0.05057558450776747,3.9544772827941066,10.267060332526563,0.18513533460790407,0.05622518433177395
2023-02-26,False,252652.4711994308,250996.05133475675,1659.5188301772143,3.098965503168,0.0,1656.4198646740463,0.006611732819509149,0.006599386149166376,3098.965503168,80659.29906399871,68398.41014619588,1669.2958532565729,-9.777023079358475,12,12,0.05365189264562103,3.7277342911466453,10.267060332526562,0.1862149125562955,0.059868965889161435
2023-02-27,False,251772.64086279346,252652.4711994308,-876.5186384461525,3.311698191172714,0.0,-879.8303366373252,-0.0034692660407594986,-0.0034823737621106927,3311.6981911727144,84116.27702072107,68812.6699618253,-866.1056254592655,-10.413012986886983,12,12,0.05558346638256928,3.598192286595481,10.267060332526562,0.18590297913303408,0.060432156688289766
2023-02-28,False,251227.1739385924,251772.64086279346,-540.9721454789635,4.494778722103877,0.0,-545.4669242010674,-0.002148653418517276,-0.0021665059489062045,4494.778722103877,86010.16365999286,67683.03337555053,-609.3394827478027,68.36733726883914,12,12,0.05841248731630773,3.4239254171284634,10.267060332526563,0.18505502783690012,0.05952517102535009
2023-03-01,False,253721.33436328612,251227.1739385924,2499.329549298729,5.1691246050031,0.0,2494.160424693726,0.009948484115454969,0.009927908615902255,5169.1246050031,88684.36046903078,66901.19535169209,2715.472012214153,-216.1424629154236,12,12,0.062142839458151425,3.2183917204923524,10.267060332526562,0.1849157106765622,0.058653288133010816
2023-03-02,False,252273.73457896066,253721.33436328612,-1446.5693661819157,1.0304181435352229,0.0,-1447.5997843254509,-0.005701410052142768,-0.005705471272087558,1030.418143535223,91102.68394512021,68370.1067574556,-1637.6977308070216,191.12836462510575,12,12,0.06371139908845998,3.139155674831601,10.267060332526562,0.18795355068934658,0.055884412763037114
2023-03-03,False,248451.54472421235,252273.73457896066,-3817.2263172397807,4.963537508537062,0.0,-3822.189854748318,-0.015131287145729411,-0.015150962350985404,4963.5375085370615,92046.9401339356,66507.08942273427,-3832.6276272871028,15.40131004732217,12,12,0.06713204670467744,2.9792030753929772,10.288939371616484,0.1865862169841871,0.0621172052028818
2023-03-04,False,247648.9650152385,248451.54472421235,-791.6028132606614,10.976895713174217,0.0,-802.5797089738356,-0.0031861456693270352,-0.0032303269028362046,10976.895713174217,93899.13548291687,63844.32254611559,-942.6213655867618,151.0185523261005,12,12,0.07494820438279434,2.6685095613299774,10.288939371616484,0.18714147820029123,0.06989436473898798
2023-03-05,False,248395.12400507464,247648.9650152385,760.6022045230496,14.443214686919639,0.0,746.15898983613,0.0030712916747956034,0.003012970354187496,14443.214686919637,103211.09271440703,61555.819959010645,438.46422731257553,322.1379772104741,12,12,0.08561997339204237,2.3359035523665352,10.288939371616484,0.18775204911538113,0.08100065925231802
2023-03-06,False,246201.49653837885,248395.12400507464,-2176.7755073269896,16.851959368803072,0.0,-2193.6274666957925,-0.008763358443712923,-0.008831201801895987,16851.959368803073,120179.3783333122,58161.894917866375,-2001.650180544916,-175.12532678207316,12,12,0.0974454206746001,2.052430977417203,10.288939371616484,0.1884190234877218,0.0944308594365501
2023-03-07,False,244450.99109589896,246201.49653837885,-1731.903712530052,18.601729949842593,0.0,-1750.5054424798946,-0.007034497096406057,-0.007110051998432994,18601.729949842593,136954.58342939196,52179.899045849466,-1015.1785464098447,-716.7251661202074,12,12,0.11123210765730293,1.7980419881657168,10.288939371616484,0.1889755314575451,0.10598084569145254
2023-03-08,False,240674.75797329034,244450.99109589896,-3762.214645113586,14.01847749503935,0.0,-3776.2331226086253,-0.015390465909944527,-0.015447812691122189,14018.477495039351,150674.60754414165,47091.27453900314,-3845.2647917380004,83.05014662441464,12,12,0.12450906578261095,1.6063087353750927,10.288939371616484,0.19018857702363662,0.11888741244841017
2023-03-09,False,237245.01039253297,240674.75797329034,-3412.315232329933,17.43234842742002,0.0,-3429.7475807573533,-0.014178118474346304,-0.014250549619906466,17432.348427420024,164178.64103319927,37549.63220347435,-7058.953066751676,3646.6378344217414,12,12,0.14320885245336865,1.3965617109118555,10.288939371616486,0.192081021174409,0.13679872315361025
2023-03-10,False,232245.13022186552,237245.01039253297,-4980.258837070973,19.62133359649227,0.0,-4999.880170667465,-0.020992048805708922,-0.021074753742533633,19621.33359649227,173094.38372851815,14515.98337465215,-5107.765953424176,127.50711635320296,12,12,0.15324745781101076,1.3050787455583495,10.278540761015945,0.18970611395260706,0.12621494974906045
2023-03-11,False,231343.95269502423,232245.13022186552,-881.8410661106201,19.336460730660182,0.0,-901.1775268412803,-0.0037970271551794896,-0.003880285997731701,19336.460730660183,150277.82666724024,-9800.736193079008,-1394.581805324008,512.7407392133879,12,12,0.12905836190951692,1.549686490986306,10.278540761015945,0.16851161949128043,0.1096986486292737
2023-03-12,False,231740.05337451494,231343.95269502423,421.4183326641489,25.317653173436646,0.0,396.10067949071225,0.0018216094596589507,0.0017121721785954063,25317.653173436647,123052.85094926618,-31551.658939270972,4182.120898476218,-3760.7025658120688,12,12,0.09962793145651296,2.0074691612692863,10.278540761015943,0.1702542914418476,0.12197872221441325
2023-03-13,False,232911.40718633131,231740.05337451494,1191.216086782132,19.86227496574894,0.0,1171.353811816383,0.005140311609650872,0.005054602321694295,19862.27496574894,111159.271972765,-35783.94750253263,2661.42610356355,-1470.2100167814183,12,12,0.09092481042458522,2.1996196534925287,10.278540761015943,0.1650703333238818,0.12078410429068358
2023-03-14,False,232866.41895838093,232911.40718633131,-40.62316674348677,4.365061206895043,0.0,-44.98822795038181,-0.00017441467223195236,-0.00019315596644174155,4365.061206895043,110925.8468862149,-37144.65040748075,921.0623006601164,-961.6854674036031,12,12,0.09092421023544933,2.199634173143738,10.278540761015945,0.16582732837652167,0.1145628212762158
2023-03-15,False,234691.80006182467,232866.41895838093,1825.3811034437463,0.0,0.0,1825.3811034437463,0.007838747688948605,0.007838747688948605,0.0,112808.59465427861,-37185.273574224244,-2186.056092532745,4011.4371959764912,12,12,0.09436304154858165,2.1194738609292547,10.278540761015943,0.1666812160305961,0.0968618572853583
2023-03-16,False,233641.31256901028,234691.80006182467,-1045.878454083673,4.609038730734822,0.0,-1050.4874928144077,-0.004456391121497036,-0.004476029808189628,4609.038730734822,102287.8597491855,-39968.93120151532,967.4727187161349,-2013.3511727998082,12,12,0.08575833719655063,2.3321347700762605,10.278540761015943,0.16456544694499958,0.08686534445544289
2023-03-17,False,232405.81694478265,233641.31256901028,-1230.2548134353628,5.24081079227195,0.0,-1235.4956242276348,-0.005265570544472885,-0.005288001555216004,5240.81079227195,100336.35947873982,-41632.45148725748,2331.3094160342694,-3561.5642294696318,12,12,0.08429073877550469,2.372739910758986,10.265232973259382,0.16726380336370295,0.08244431710656341
2023-03-18,False,234034.2472216655,232405.81694478265,1628.4302768828268,0.0,0.0,1628.4302768828268,0.007006839580395382,0.007006839580395382,0.0,106229.23312424374,-42862.70630069284,-743.4752682401414,2371.9055451229683,12,12,0.09571223281837352,2.089597056831034,10.265232973259383,0.17588582340299777,0.06576483232346032
2023-03-19,False,232796.28605128147,234034.2472216655,-1237.961170384025,0.0,0.0,-1237.961170384025,-0.005289658180716989,-0.005289658180716989,0.0,103113.85231088061,-41234.276023810016,680.5454220698351,-1918.50659245386,12,12,0.09991316802136797,2.0017381488416714,10.265232973259382,0.16859854781228356,0.06480665668353854
2023-03-20,False,234473.87581692322,232796.28605128147,1678.5668170213155,0.9770513795708539,0.0,1677.5897656417446,0.007210453592251694,0.007206256569197145,977.0513795708539,106689.95570497515,-43449.28857376489,-1169.0638288952368,2847.630645916553,12,12,0.11012741675912943,1.8160781927486758,10.265232973259382,0.1779833460395516,0.07808295656856945
2023-03-21,False,224021.3877889696,234473.87581692322,-10450.642047611875,1.8459803417541167,0.0,-10452.488027953628,-0.044570603062712696,-0.04457847592417891,1845.9803417541166,104519.24157191749,-43010.040547420285,1031.9849809576867,-11482.627028569561,12,12,0.10777352198323481,1.8557433803741878,10.265232973259383,0.1753905028628564,0.08145463430653316
2023-03-22,False,227349.91958768756,224021.3877889696,3361.744779062368,33.21298034439966,0.0,3328.5317987179683,0.015006356367317774,0.01485809828949671,33212.98034439966,103848.55200036206,-35396.8113553615,-245.19994986769183,3606.9447289300597,12,12,0.15391187689913263,1.2994448773506388,10.265232973259383,0.2020143521591885,0.1516997611690157
2023-03-23,False,225956.33787070448,227349.91958768756,-1376.2728904799155,17.308826503179358,0.0,-1393.5817169830948,-0.0060535446547589165,-0.006129677633097197,17308.826503179356,109023.44179720523,-29703.69054493967,1912.1619164196547,-3288.43480689957,12,12,0.17315913872265612,1.1550068998687624,10.265232973259382,0.20265447976339704,0.1808321996151451
2023-03-24,False,227313.68480187043,225956.33787070448,1383.0645565886066,25.71762542263748,0.0,1357.3469311659692,0.006120937211241299,0.0060071204196213476,25717.62542263748,118854.73667233558,-8527.25557219409,-955.5942569226213,2338.658813511228,12,12,0.20066379763829145,0.9966919910511812,10.252012851144439,0.18993849958168516,0.19715563286251428
2023-03-25,False,227321.91178163508,227313.68480187043,21.625468963740776,13.398489199095312,0.0,8.226979764645463,9.513491887912431e-05,3.619218865690469e-05,13398.489199095311,126874.75478792428,6254.298183489829,-468.55501212966345,490.18048109340407,12,12,0.19363873385701333,1.0328512070714322,10.252012851144439,0.18074137652744984,0.18151664603282938
2023-03-26,False,228332.69944602402,227321.91178163508,1020.6730145985407,9.885350209597014,0.0,1010.7876643889437,0.004489989577331185,0.004446503447322333,9885.350209597014,135801.36950429823,16161.273862050582,1326.5497609975905,-305.8767463990499,12,12,0.17735531058209614,1.127679793424747,10.252012851144439,0.1830192255524685,0.1471506587505223
2023-03-27,False,228130.15314568242,228332.69944602402,-193.29424887261186,9.252051468987819,0.0,-202.54630034159968,-0.0008465465057855414,-0.0008870665517160408,9252.05146898782,138681.09234456831,26433.99834563694,-1352.6675733054967,1159.3733244328848,12,12,0.1561346604438668,1.280945559630583,10.252012851144439,0.18252990006730213,0.12662455104045164
2023-03-28,False,229446.28507070904,228130.15314568242,1325.1603436928735,9.028418666247163,0.0,1316.1319250266263,0.005808790839002483,0.005769215103214142,9028.418666247162,137996.25365388868,35269.1227630115,2244.2767309902283,-919.1163872973545,12,12,0.1410827819205868,1.4176074307393285,10.252012851144439,0.1876065518934192,0.1006260614641518
2023-03-29,False,231374.28706131657,229446.28507070904,1938.591827306644,10.589836699120188,0.0,1928.0019906075238,0.008449000718007804,0.008402846836301431,10589.836699120187,137776.117213973,47184.11980582456,3079.3183927791224,-1140.7265654724777,12,12,0.12178113798690979,1.642290450771596,10.252012851144437,0.20105568663398254,0.07207655221279292
2023-03-30,False,230537.1339208276,231374.28706131657,-824.8370850616976,12.316055427289513,0.0,-837.1531404889871,-0.0035649470627784462,-0.003618177071971411,12316.055427289513,132229.2800843351,56099.95516820203,-1493.6509884224354,668.8139033607379,12,12,0.10194060323048255,1.9619267854223907,10.25201285114444,0.21047763148383244,0.082235056401141
2023-03-31,False,230101.23592372067,230537.1339208276,-428.4153376524852,7.482659454428992,0.0,-435.8979971069142,-0.0018583354896726273,-0.001890792991538677,7482.659454428993,127293.319331608,59466.05989164872,937.9415836622,-1366.3569213146852,12,12,0.0924276492377832,2.1638546652362836,10.24235018890455,0.214071089336728,0.08727115585168928
2023-04-01,False,227531.96747548954,230101.23592372067,-2557.9631496954403,11.305298535688355,0.0,-2569.268448231129,-0.011116685833636347,-0.011165817679844404,11305.298535688355,118292.31930089652,62191.04504374101,-1059.5412842444252,-1498.421865451015,12,12,0.08247881929572837,2.424864973914074,10.242350188904553,0.2147162110766181,0.08657459775198872
2023-04-02,False,228579.4758094754,227531.96747548954,1057.9578018665097,10.44946788063778,0.0,1047.508333985872,0.004649710603765936,0.004603785330071094,10449.46788063778,108281.73200146532,63433.914504306085,301.5838682523386,756.3739336141712,12,12,0.07544215699253466,2.6510376687637778,10.242350188904553,0.21676409209682762,0.08442590053493665
2023-04-03,False,223438.59141005852,228579.4758094754,-5137.290217691832,3.594181725044654,0.0,-5140.884399416877,-0.02247485343773316,-0.02249057742919091,3594.1817250446543,104232.76021105885,65927.53047804242,-1517.815541430033,-3619.4746762617992,12,12,0.0704795381414968,2.837703045080604,10.242350188904554,0.2209379421135618,0.07593300088833943
2023-04-04,False,224203.028158224,223438.59141005852,785.0248714505137,20.58812328500884,0.0,764.4367481655049,0.0035133808644981206,0.0034212386649117243,20588.12328500884,85746.29606088178,68239.7524706074,741.4686812746231,43.55619017589072,12,12,0.06258996740080325,3.1954002902617478,10.242350188904553,0.22665325071060527,0.07507239455324606
2023-04-05,False,224612.70319001263,224203.028158224,421.36760609848125,11.692574309851908,0.0,409.6750317886293,0.0018794019401072262,0.001827250216707664,11692.574309851909,74751.6342421286,67576.92111807842,377.5423070881614,43.82529901031988,12,12,0.05675568276892749,3.523876204859889,10.242350188904554,0.22367764627227596,0.068277785001018
2023-04-06,False,223874.58143134165,224612.70319001263,-730.2043305457657,7.917428125229244,0.0,-738.121758670995,-0.0032509485001302194,-0.003286197744775708,7917.428125229244,69273.97062477253,66785.98020037555,-757.304130862003,27.099800316237403,12,12,0.05258845303818893,3.803116244069075,10.24235018890455,0.2212798927402822,0.06290520609555955
2023-04-07,False,224134.32902313935,223874.58143134165,261.41573758680437,1.668145789101066,0.0,259.7475917977033,0.0011676883365473803,0.0011602370851438678,1668.1457891010662,68789.34240085716,66560.18083914045,261.2506205844704,0.16511700233395366,12,12,0.051521654599648144,3.8818629089867365,10.162344512437945,0.22069555767653803,0.06117656337628911
2023-04-08,False,223489.8358494227,224134.32902313935,-643.5931207287628,0.9000529878952243,0.0,-644.493173716658,-0.0028714616075715873,-0.002875477293128628,900.0529878952243,68549.47306702058,66512.2061671674,-646.886897495599,3.2937767668363076,12,12,0.05117234998567346,3.9083606685249612,10.162344512437947,0.22051656525246224,0.06087474250202514
2023-04-09,False,223878.21316722126,223489.8358494227,388.56955173721764,0.19223393865974914,0.0,388.3773177985579,0.0017386452957038195,0.0017377851494786943,192.23393865974913,67707.05845409838,65874.07929965283,398.7314586090179,-10.161906871800307,12,12,0.05135642267465593,3.894352246203059,10.162344512437945,0.2180570929202385,0.0575864697596139
2023-04-10,False,225822.67034820848,223878.21316722126,1945.2783597075033,0.8211787202828921,0.0,1944.4571809872205,0.008689002525915809,0.008685334555242532,821.1787202828921,67794.35155955773,66198.86783201179,1963.801068556543,-18.52270884903941,12,12,0.05101552127654328,3.9203755052476383,10.162344512437947,0.2186700242866595,0.05844266517159349
2023-04-11,False,225957.9582676714,225822.67034820848,137.27827420341924,1.9903547405085098,0.0,135.28791946291074,0.0006079029797661248,0.0005990891846877145,1990.3547405085098,69083.93182619369,67869.50007735069,162.92227146575706,-25.643997262337816,12,12,0.049043050789050045,4.078049729415579,10.162344512437947,0.21985765430716916,0.059941053129134614
2023-04-12,False,224886.00971083977,225957.9582676714,-1070.3005251707216,1.648031660899172,0.0,-1071.9485568316209,-0.004736724182570441,-0.0047440177148431436,1648.0316608991723,68284.8125495322,67400.3220870566,-1061.6628536272576,-8.637671543463902,12,12,0.04758588777129694,4.202926736624568,10.162344512437945,0.21797603861093548,0.05674022179392509
2023-04-13,False,226364.21033242185,224886.00971083977,1478.745597131212,0.5449755491429707,0.0,1478.200621582069,0.006575533974001294,0.006573110632727893,544.9755491429707,67240.22507581436,66504.93007040708,1488.9714613074518,-10.2258641762398,12,12,0.04699217885021929,4.256027383566759,10.162344512437945,0.2162321727928758,0.05396284139077977
2023-04-14,False,227723.4855987631,226364.21033242185,1362.847880096196,3.5726137549429295,0.0,1359.275266341253,0.006020597859064459,0.006004815268036944,3572.6137549429295,66877.83242180604,66122.0856880463,1370.2305440720193,-7.382663975823137,12,12,0.045124701013908336,4.432162330302333,10.158600061892962,0.21366563538903624,0.05193058452240297
2023-04-15,False,227675.78889999728,227723.4855987631,-43.82315896126879,3.8735398045626512,0.0,-47.69669876583144,-0.00019244022568002894,-0.0002094500645834595,3873.5398045626516,66348.86289988655,65578.35083817515,-47.400765774102894,3.5776068128341154,12,12,0.04283336304646589,4.6692574613634426,10.158600061892962,0.21050506697224924,0.05140142971974967
2023-04-16,False,228742.76690089193,227675.78889999728,1069.3467047769166,2.3687038822489193,0.0,1066.9780008946677,0.00469679586900041,0.004686392022839634,2368.7038822489194,65697.91206534262,65091.97820945142,1084.3279271064214,-14.981222329504838,12,12,0.04084666655731812,4.896360385231188,10.158600061892962,0.2082190131875938,0.051143477004390044
2023-04-17,False,227736.57501862594,228742.76690089193,-1003.5777714604362,2.6141108055567246,0.0,-1006.191882265993,-0.004387363959338917,-0.004398792127499046,2614.1108055567247,66296.49798158406,65731.86259094623,-1012.0633380363677,8.485566575931433,12,12,0.03841459350420096,5.206354714598979,10.158600061892962,0.20588530060723698,0.050173379827661936
2023-04-18,False,229777.71059833368,227736.57501862594,2042.7131896501053,1.5776099423643573,0.0,2041.1355797077408,0.008969631643415368,0.008962704297896822,1577.6099423643573,65598.18253237051,65050.51827488455,2045.3746731299577,-2.6614834798525093,12,12,0.036910615213461756,5.418495433992591,10.158600061892962,0.20372473703158384,0.04824376213472553
2023-04-19,False,224361.99397643938,229777.71059833368,-5411.985752756136,3.730869138159168,0.0,-5415.716621894296,-0.023553136371075773,-0.02356937323377427,3730.8691381591675,65628.03327174025,65349.1661011117,-5424.200020268261,12.214267512125147,12,12,0.03509807373415139,5.698318418124312,10.158600061892962,0.2030203485047331,0.04848081157520286
2023-04-20,False,223081.46236721356,224361.99397643938,-1279.9132901853811,0.6183190404380219,0.0,-1280.5316092258192,-0.005704679600591297,-0.005707435499794542,618.3190404380218,60809.93802439789,60555.499388793585,-1282.5470793638576,2.6337891784766456,12,12,0.03660373861224016,5.463922746216987,10.158600061892962,0.19853528176464227,0.04256511389754947
2023-04-21,False,220195.08637716883,223081.46236721356,-2886.307927006222,0.06806303851550274,0.0,-2886.3759900447376,-0.012938358465012576,-0.012938663568976811,68.06303851550274,59592.82019437106,59343.649137123706,-2891.581121118353,5.27319411213127,12,12,0.03808751258743319,5.251064887497777,10.196251107562704,0.19634311181603703,0.044703642165915755
2023-04-22,False,221984.58030873668,220195.08637716883,1790.5308795572114,1.0369479893686913,0.0,1789.4939315678428,0.00813156600819983,0.00812685678418203,1036.9479893686912,57732.91386850926,57494.28919948617,1793.546540087791,-3.0156605305798774,12,12,0.04188775919549996,4.774664576029319,10.196251107562706,0.19416521124587652,0.03805120951934679
2023-04-23,False,221348.98592829565,221984.58030873668,-635.5943804410475,0.0,0.0,-635.5943804410475,-0.0028632366246207795,-0.0028632366246207795,0.0,59529.47606912764,59284.82007904339,-637.4026536083599,1.80827316731234,12,12,0.044714195884465915,4.472852436321721,10.196251107562706,0.19919952056294407,0.034113552514519856
2023-04-24,False,221369.975241188,221348.98592829565,21.47914069360013,0.4898278012637311,0.0,20.989312892336397,9.70374479174625e-05,9.482452699889815e-05,489.8278012637311,59380.092943615695,59139.05349986608,21.0074172586491,0.4717234349510311,12,12,0.048286506923452675,4.141943841931965,10.196251107562706,0.19939907984556213,0.034723840483554196
2023-04-25,False,222692.92006950447,221369.975241188,1324.194620125774,1.2497918092849267,0.0,1322.944828316489,0.0059818167241651975,0.005976171009077037,1249.7918092849268,59593.44474171016,59353.34874483044,1327.2608224529558,-3.0662023271817467,12,12,0.05197447809691086,3.8480424878357202,10.196251107562704,0.200081366561939,0.03736088960663815
2023-04-26,False,221620.728777204,222692.92006950447,-1071.4525554275915,0.7387368728938525,0.0,-1072.1912923004854,-0.004811345394784807,-0.00481466268422833,738.7368728938525,60185.03489359644,59938.80649206236,-1075.1982641313098,3.745708703718363,12,12,0.054238796798193066,3.687397431475893,10.196251107562706,0.2001115770812488,0.03882379226587421
2023-04-27,False,222581.9095205234,221620.728777204,962.7436701148081,1.5629267954295936,0.0,961.1807433193785,0.004344104793025282,0.004337052533951625,1562.9267954295935,59012.97679882726,58774.23981470061,968.7469124000779,-6.003242285269775,12,12,0.05831798624839434,3.4294736986997143,10.196251107562706,0.19747078471032883,0.04303808001815144
2023-04-28,False,222964.21324760292,222581.9095205234,383.076765932544,0.7730388529979008,0.0,382.3037270795461,0.0017210597517010788,0.001717586698321929,773.0388529979007,59214.68810051471,58963.94463181752,388.7205998864225,-5.643833953878512,12,12,0.06033846170978155,3.3146353806957882,10.376880916646927,0.19905938782120616,0.04543437565743372
2023-04-29,False,223226.73947012125,222964.21324760292,263.09706128544497,0.5708387671126176,0.0,262.52622251833236,0.0011799968140773977,0.0011774365881164778,570.8387671126177,59038.2137672424,58776.18263063746,262.22661923285676,0.870442052588211,12,12,0.0624433204764868,3.2029046257287126,10.376880916646929,0.19849405477257634,0.04842597784264598
2023-04-30,False,222341.04927903035,223226.73947012125,-885.4414313819003,0.2487597090054096,0.0,-885.6901910909057,-0.003966556307204478,-0.00396767068852634,248.7597090054096,59050.81023541726,58790.51998291749,-887.9516739464611,2.5102425645608832,12,12,0.06355110537989203,3.147073505715626,10.376880916646927,0.19818043996012868,0.05097713735110868
2023-05-01,False,221311.18197031863,222341.04927903035,-1028.850016849077,1.0172918626334526,0.0,-1029.8673087117106,-0.004627350730714173,-0.0046319260975478385,1017.2918626334526,58009.5513988754,57754.281631504746,-1033.28084768451,4.430830835432992,12,12,0.06695921891260435,2.98689266762567,10.376880916646927,0.19507099643081463,0.05558387382340358
2023-05-02,False,221692.87776496683,221311.18197031863,383.5453759074755,1.8495812592705558,0.0,381.6957946482049,0.0017330591816138556,0.0017247018033611896,1849.581259270556,57247.183584423816,57000.775478724034,385.25256548158404,-1.707189574108519,12,12,0.07248383777683995,2.7592357984100015,10.376880916646929,0.1940960981682842,0.06535288228099995
2023-05-03,False,222024.21624679287,221692.87776496683,332.662439314696,1.3239574886691603,0.0,331.3384818260268,0.001500555374933498,0.0014945833405496385,1323.9574886691603,57413.02607226086,57163.20358741286,332.5725872318482,0.08985208284780742,12,12,0.07703584122063593,2.5961941458805686,10.37688091664693,0.19333011366150762,0.07430486986301518
2023-05-04,False,221601.95909084388,222024.21624679287,-421.44362232145266,0.8135336275421067,0.0,-422.25715594899475,-0.0018981876366719994,-0.0019018518028665454,813.5336275421066,57417.43053134717,57127.83896480726,-424.6340562524045,3.1904339309518885,12,12,0.08060680926107253,2.4811799627526763,10.376880916646927,0.19261002807821573,0.07952781084249537
2023-05-05,False,222543.87092179843,221601.95909084388,972.2125278635639,30.300696909020317,0.0,941.9118309545436,0.004387201863432143,0.004250467075376417,30300.69690902032,62885.266346483695,61853.200985599295,988.3300123241726,-16.117484460608658,12,12,0.08038328165878497,2.4880795592418106,10.427155173085781,0.19447783377239905,0.0994919842979841
2023-05-06,False,221061.14633536222,222543.87092179843,-1482.2310709243384,0.4935155118767405,0.0,-1482.724586436215,-0.00666039942949133,-0.006662617039483609,493.51551187674045,64078.13048972677,62931.44462263519,-1503.3242828874365,21.093211963098046,12,12,0.08166025193537972,2.449171968735367,10.427155173085781,0.19725627080238295,0.09643819899690273
2023-05-07,False,220370.58400846604,221061.14633536222,-686.920830743183,3.6414961530071466,0.0,-690.5623268961901,-0.003107379302652694,-0.0031238521031125397,3641.4961530071464,64814.53510079495,61292.32156907873,-689.8363369391349,2.9155061959517985,12,12,0.08957482493120547,2.2327702024938634,10.427155173085781,0.19189010987596813,0.11210329064280485
2023-05-08,False,218320.7184258098,220370.58400846604,-2044.224923018106,5.640659638114447,0.0,-2049.8655826562203,-0.009276305783804487,-0.009301902029616938,5640.659638114446,69404.24344058233,61556.02839147001,-2246.0272516825107,201.80232866440443,12,12,0.09993888471255355,2.001223053221421,10.427155173085781,0.1909774318874417,0.12698028434416483
2023-05-09,False,218115.97881548872,218320.7184258098,-186.28295274954758,18.45665757154414,0.0,-204.73961032109173,-0.0008532536632012349,-0.0009377928572118856,18456.65757154414,85413.07143177955,64180.700509370225,-59.051468262171255,-127.23148448737633,12,12,0.12747953635269188,1.5688792548371768,10.427155173085781,0.19601501538278837,0.15637028322328708
2023-05-10,False,218422.81160333072,218115.97881548872,325.44398870442694,18.611200862434902,0.0,306.83278784199206,0.0014920685337763834,0.0014067414478677498,18611.200862434904,104092.45231043968,67197.2224711432,391.48398661554626,-66.03999791111924,12,12,0.16334382097994635,1.2244111763771826,10.427155173085783,0.20256668962909938,0.20551749146482803
2023-05-11,False,216822.21996689236,218422.81160333072,-1579.4239819368604,21.167654501497218,0.0,-1600.5916364383577,-0.007231039516171011,-0.007327950888871126,21167.654501497218,125717.63079646355,69715.32374089657,-2128.799765457836,549.3757835209757,12,12,0.20601140544564925,0.9708200357516847,10.427155173085781,0.20884512220170448,0.27135147990900793
2023-05-12,False,217481.45835797995,216822.21996689236,682.8993428073233,23.660951719716177,0.0,659.238391087607,0.0031495819151358124,0.0030404558683527426,23660.951719716177,141234.62404126092,84862.9785554227,876.4422052151509,-193.54286240782756,12,12,0.1681416355548457,1.1894733826040518,9.92528484927558,0.24028614486228236,0.1943227893252019
2023-05-13,False,217707.84159167687,217481.45835797995,240.66972057017185,14.286486873254168,0.0,226.38323369691767,0.0011066217892194902,0.0010409311920480373,14286.486873254167,154836.4107953568,81750.57276452813,-39.62459640697033,280.2943169771421,12,12,0.19231286705760603,1.0399720157054877,9.92528484927558,0.2307679024591068,0.24626177608316535
2023-05-14,False,218108.55173355096,217707.84159167687,413.0704650076291,12.360323133542646,0.0,400.71014187408645,0.0018973614454474528,0.0018405866272177764,12360.323133542646,164582.47653825866,69784.67443212979,596.0008424833345,-182.9303774757053,12,12,0.2137877355386795,0.9355073596530754,9.92528484927558,0.21387718909081052,0.28314617853660945
2023-05-15,False,218860.44379342088,218108.55173355096,762.6578600130249,10.765800143100263,0.0,751.8920598699247,0.0034966893959513996,0.0034473295700411704,10765.800143100263,168958.12697396276,59431.944754037155,727.5751964889687,35.08266352405626,12,12,0.21638195832169926,0.9242914776778945,9.92528484927558,0.20186775237307705,0.2685465121185017
2023-05-16,False,218755.63558644877,218860.44379342088,-98.2913935466767,6.516813425446621,0.0,-104.80820697212332,-0.0004491053378263844,-0.00047888145137387286,6516.813425446621,167853.1691016957,53677.789188603565,377.0010906252553,-475.29248417193196,12,12,0.2071991675513779,0.9652548432676846,9.92528484927558,0.18931956356012083,0.24780573059353148
2023-05-17,False,218405.68600069307,218755.63558644877,-346.17985988691214,3.7697258687892354,0.0,-349.9495857557014,-0.001582495733007561,-0.0015997283215929165,3769.7258687892354,169351.90892851746,49809.77192626768,1234.588997795371,-1580.768857682283,12,12,0.2000800110330564,0.9996001048148525,9.92528484927558,0.18479359065343579,0.2606079620939017
2023-05-18,False,218449.18099093137,218405.68600069307,43.87497184057134,0.37998160226078287,0.0,43.49499023831056,0.00020088749814156447,0.00019914770093564568,379.9816022607829,172547.24838625581,49083.61046411995,-1167.1927054254825,1211.067677266054,12,12,0.20262767294014206,0.987032013436199,9.92528484927558,0.18730684033839637,0.2569989089553844
2023-05-19,False,218718.85914577916,218449.18099093137,275.2942118639761,5.616057016197599,0.0,269.6781548477785,0.0012602208468586776,0.0012345120893768598,5616.057016197599,166924.16545129754,43511.42841976294,358.71788953424715,-83.4236776702711,12,12,0.19873010300276767,1.0063900585670942,9.92781468186061,0.17848110680561302,0.2533077473380924
2023-05-20,False,219123.9825494449,218718.85914577916,413.1122038301143,7.988800164376247,0.0,405.12340366573807,0.0018887818153567146,0.0018522563863398614,7988.800164376247,161513.0417691898,35797.92246725065,545.0724168392267,-131.96021300911227,12,12,0.19410127697136803,1.0303899238617689,9.92781468186061,0.1702317856606075,0.23174458007492038
2023-05-21,False,218874.65582742254,219123.9825494449,-236.9508196397793,12.375902382560003,0.0,-249.3267220223393,-0.0010813550250544201,-0.0011378340203636963,12375.902382560003,164840.58691485718,36321.42606938096,-1558.313653017524,1321.3628333777444,12,12,0.1904745059585803,1.0500092859854488,9.92781468186061,0.16766387380200284,0.2502523583184723
2023-05-22,False,218822.1833151714,218874.65582742254,-40.51306928247759,11.959442968674507,0.0,-52.4725122511521,-0.000185097123873589,-0.0002397377259271417,11959.442968674506,158291.9166452981,30466.814272600754,707.8003776644235,-748.3134469469012,12,12,0.17919864206267047,1.116079885973995,9.927814681860612,0.16027128406409485,0.2333589488213963
2023-05-23,False,219770.95815530609,218822.1833151714,955.9471387244231,7.1722985897388005,0.0,948.7748401346843,0.004368602507486933,0.004335825672519482,7172.2985897388,157057.7203667434,26111.37543822866,1120.3445427373854,-164.3974040129626,12,12,0.17301930575687208,1.1559403681866658,9.927814681860609,0.1600308987550114,0.21791780520323994
2023-05-24,False,219175.65004604176,219770.95815530609,-591.314170989194,3.993938275134621,0.0,-595.3081092643287,-0.0026905928606423446,-0.0027087660456193707,3993.938275134621,161092.3174076696,28090.139926881955,-2663.159467709942,2071.8452967207477,12,12,0.17082903071043204,1.1707611942083482,9.92781468186061,0.16069211747690865,0.21888319187042293
2023-05-25,False,219126.8682383589,219175.65004604176,-40.11603073709541,8.665776945756445,0.0,-48.78180768285185,-0.00018303142127635218,-0.0002225694673318152,8665.776945756446,149385.44521474696,18833.048810136297,53.49290896627373,-93.60893970336913,12,12,0.15606332427639832,1.2815310767428416,9.92781468186061,0.1556375564323882,0.17259880253948473
2023-05-26,False,220299.32992626127,219126.8682383589,1179.9537161331905,7.492028230834137,0.0,1172.4616879023563,0.0053847970612607675,0.0053506066934110134,7492.028230834137,142975.723763647,11300.904548565073,1393.9705196979571,-214.01680356476663,12,12,0.14265157993683655,1.4020174195656034,9.978726687454753,0.1578911945660508,0.1540043553422846
2023-05-27,False,219292.670397171,220299.32992626127,-1003.190353704975,3.4691753853021363,0.0,-1006.6595290902771,-0.004553760349796631,-0.004569507902848487,3469.1753853021364,142191.26162017588,9011.68287939613,415.1675652741226,-1418.3579189790976,12,12,0.13629409973274098,1.467414953341193,9.97872668745475,0.15899329308291701,0.15703015861274916
2023-05-28,False,220250.20169190134,219292.670397171,960.6427328304393,3.111438100092601,0.0,957.5312947303466,0.004380642230725611,0.004366453712274641,3111.4381000926014,142237.02208822017,6158.190067114592,2208.5810450676404,-1247.9383122372008,12,12,0.13622681970334652,1.4681396837680625,9.978726687454753,0.16511708477869924,0.1820516144060947
2023-05-29,False,221415.73411028303,220250.20169190134,1172.9570042021176,7.424585820447519,0.0,1165.5324183816701,0.005325566084352183,0.005291856304459071,7424.585820447519,153118.1272659725,14217.823044493434,647.8789678084304,525.0780363936876,12,12,0.1444322208483708,1.3847325674647482,9.978726687454753,0.16811703889295923,0.16274395500448383
2023-05-30,False,224553.82622732143,221415.73411028303,3144.724402893915,6.632285855512027,0.0,3138.0921170384026,0.014202804581753827,0.014172850586469062,6632.2858555120265,159873.21405289927,21598.254225192846,2618.4487168916535,526.2756860022611,12,12,0.14770554719186557,1.354045286736627,9.978726687454753,0.17169237025685508,0.14815528845480472
2023-05-31,False,224421.81692071847,224553.82622732143,-126.22919931298188,5.780107289973121,0.0,-132.009306602955,-0.0005621333710216851,-0.0005878737798451881,5780.107289973121,167745.4943737618,30203.13558907542,-1045.4992983520115,919.2700990390298,12,12,0.14559194389636312,1.3737023811040412,9.978726687454753,0.1778308191991176,0.13984683533871736
2023-06-01,False,223421.44791858736,224421.81692071847,-993.7708108201695,6.5981913109213925,0.0,-1000.3690021310908,-0.004428138157223988,-0.0044575390033692285,6598.191310921393,172378.91628729217,36675.09770068384,-1452.8255193138089,459.0547084936393,12,12,0.13799390557158092,1.4493393688046243,9.978726687454753,0.1835201212983862,0.14876198432187554
2023-06-02,False,224695.96636737807,223421.44791858736,1355.60503367065,81.08658487994406,0.0,1274.518448790706,0.0060674794040571235,0.005704548335283945,81086.58487994406,178910.1015584504,45110.24342704142,3192.809813875888,-1837.204780205238,12,12,0.1504912926529463,1.3289805441516647,9.967357966650615,0.18880851925849304,0.1896164326573755
2023-06-03,False,223690.70201170398,224695.96636737807,-1001.1051802933014,4.159175380798768,0.0,-1005.2643556741001,-0.00445537673184793,-0.00447388696791509,4159.175380798768,183150.6212935974,45676.35360177791,-961.2687452705283,-39.83643502277311,12,12,0.14402461505142544,1.3886515157744945,9.967357966650614,0.19681118330688316,0.16430362265585194
2023-06-04,False,225066.30448257085,223690.70201170398,1381.5992813635746,5.996810496707555,0.0,1375.602470866867,0.006176382249858943,0.006149573757405851,5996.810496707555,180654.0114423537,45723.805528003744,2427.3589763582113,-1045.759694994637,12,12,0.13926517849085604,1.43610917077259,9.967357966650615,0.19892676328228637,0.16860545671765811
2023-06-05,False,223761.26049410057,225066.30448257085,-1295.915880968162,9.12810750212507,0.0,-1305.0439884702869,-0.005757929353074342,-0.005798486768024174,9128.107502125069,174999.02261158143,50136.99799796516,-5841.0674293794145,4545.151548411253,12,12,0.13349942522564295,1.4981337909279886,9.967357966650614,0.20244081685704066,0.1568071492361385
2023-06-06,False,226010.44053620414,223761.26049410057,2267.4243606401387,18.244318536552537,0.0,2249.1800421035864,0.010133230192005998,0.010051695441548006,18244.318536552535,175114.04539347946,30596.76358044447,4407.436341947025,-2140.011981306886,12,12,0.13067219632362345,1.5305474739605582,9.967357966650614,0.19141823667588584,0.15286167933030964
2023-06-07,False,229011.57386895453,226010.44053620414,3012.1754493633066,11.0421166129348,0.0,3001.1333327503717,0.013327594257225442,0.013278737591193829,11042.1166129348,192703.61032966818,21822.071328149807,-2646.5530982508662,5658.728547614173,12,12,0.1215631132902839,1.6452359156219907,9.967357966650614,0.20040353026089378,0.1484651400282044
2023-06-08,False,228996.43338921684,229011.57386895453,8.155516229192674,23.2959959668931,0.0,-15.140479737700424,3.561180813446329e-05,-6.611229066686447e-05,23295.995966893097,186710.90748806013,1718.9487508006368,853.1626835193631,-845.0071672901705,12,12,0.10268282434917166,1.9477454118315105,9.967357966650614,0.1889518425053711,0.12638472482947183
2023-06-09,False,232887.57605673786,228996.43338921684,3909.8668267303688,18.724159209332782,0.0,3891.142667521036,0.017073920186717106,0.01699215402585508,18724.15920933278,181865.2587372788,-14764.98348205376,1708.4048135291848,2201.4620132011837,12,12,0.08878206876157682,2.2527071377115306,10.01658492252264,0.18743698650644866,0.11164282193406541
2023-06-10,False,238080.43600010368,232887.57605673786,5207.722941821511,14.862998455684274,0.0,5192.859943365826,0.022361531817192196,0.022297711330469178,14862.998455684274,173606.24694447353,-23444.233777326524,-4349.046393651034,9556.769335472545,12,12,0.07633699119802968,2.619961788658526,10.01658492252264,0.18257843588430234,0.09728262645487261
2023-06-11,False,240243.5992235486,238080.43600010368,2179.613569608551,16.45034616362596,0.0,2163.1632234449253,0.009154946144367787,0.00908585039488076,16450.34616362596,152981.4096387062,-33722.8298361083,1311.726246604136,867.8873230044162,12,12,0.0625938125128151,3.195203998143637,10.01658492252264,0.18078066117761463,0.0874501352026665
2023-06-12,False,241727.77209804193,240243.5992235486,1496.3684547487778,12.19558025546118,0.0,1484.1728744933166,0.006228546606798023,0.0061777832137466515,12195.58025546118,143456.01680858096,-41876.02016001428,267.7066666222687,1228.6617881265092,12,12,0.05368727106896203,3.725277817587288,10.01658492252264,0.1843191345736541,0.07680605791532884
2023-06-13,False,238852.4265458522,241727.77209804193,-2867.7230339953935,7.622518194331133,0.0,-2875.3455521897245,-0.011863440469025955,-0.011894973950380507,7622.518194331133,137436.31998271565,-46507.429257370706,-391.71237974831155,-2476.010654247082,12,12,0.048135002269844754,4.154980587282417,10.01658492252264,0.18644181775374094,0.07102144330909961
2023-06-14,False,238504.70838833388,238852.4265458522,-341.06315251676597,6.655005001568544,0.0,-347.7181575183345,-0.0014279241682784098,-0.0014557865814755853,6655.005001568545,134175.47702726113,-50610.66007300295,-2898.14755504249,2557.084402525724,12,12,0.04530256556225377,4.414761007854279,10.01658492252264,0.19599692788659928,0.06797103650550075
2023-06-15,False,238389.68158338306,238504.70838833388,-108.71085102989225,6.315953920926274,0.0,-115.02680495081853,-0.0004558016978553271,-0.00048228316215683106,6315.953920926275,124114.51413508541,-54806.35115847885,104.01160779929253,-212.72245882918475,12,12,0.042116234586968664,4.748762608086591,10.01658492252264,0.19632449729757537,0.06380575828430146
2023-06-16,False,236653.5623268268,238389.68158338306,-1731.5145893789554,4.604667177309512,0.0,-1736.1192565562649,-0.007263378925959564,-0.007282694641080812,4604.667177309512,119831.64421824053,-58163.36971772347,-90.1066818821219,-1641.4079074968336,12,12,0.039859659114833426,5.017604375988548,9.960825423850341,0.19906281514319243,0.058983206166004366
2023-06-17,False,235349.50526113057,236653.5623268268,-1299.670632666095,4.38643303012011,0.0,-1304.057065696215,-0.0054918701408399025,-0.005510405391215987,4386.43303012011,117350.05322642197,-60555.929865978345,218.47906575582783,-1518.149698421923,12,12,0.03873382923114014,5.163445080694723,9.960825423850341,0.2045779219578739,0.058227738543297124
2023-06-18,False,236355.11504443074,235349.50526113057,1010.0070389707473,4.397255670566498,0.0,1005.6097833001808,0.004291519703217988,0.004272835764767862,4397.255670566498,114985.36803635204,-60813.9564124212,329.7481504464847,680.2588885242626,12,12,0.03802812028463267,5.2592659985042935,9.96082542385034,0.20499409442064004,0.05767738873878797
2023-06-19,False,235735.3624568985,236355.11504443074,-619.458792850913,0.2937946813389035,0.0,-619.7525875322519,-0.0026208816878554343,-0.002622124710166518,293.7946813389035,114890.79416106406,-60097.74405478935,391.85513255781683,-1011.3139254087299,12,12,0.03719835652030427,5.376581621041039,9.960825423850341,0.1974673832211808,0.04853867557912274
2023-06-20,False,233525.1332146119,235735.3624568985,-2208.9684109091,1.2608313774876256,0.0,-2210.2292422865876,-0.00937054325616075,-0.009375891759517847,1260.8313774876256,115204.09099357467,-61082.859599316864,160.51403114532658,-2369.4824420544264,12,12,0.036965583904556405,5.4104380040740505,9.960825423850341,0.20103895364645705,0.05198757646606956
2023-06-21,False,231281.67340811426,233525.1332146119,-2242.068597113078,1.3912093845559803,0.0,-2243.459806497634,-0.009600973420931934,-0.009606930849862196,1391.2093845559803,116342.87808221843,-61900.618625669966,611.9184582189295,-2853.987055332007,12,12,0.03713600626862797,5.385608741911417,9.960825423850341,0.20518666162042248,0.05369974298010052
2023-06-22,False,233142.40697896876,231281.67340811426,1862.9363306632813,2.2027598087842395,0.0,1860.733570854497,0.008054837649743164,0.00804531350640606,2202.7598087842393,117606.02378698514,-61939.92741399882,-316.8116622813677,2179.7479929446495,12,12,0.038142533770599965,5.243490146796666,9.96082542385034,0.20949248560336473,0.05027295604876489
2023-06-23,False,229909.12019884743,233142.40697896876,-3232.8897881153994,0.3969920059227834,0.0,-3233.286780121322,-0.01386658836548355,-0.013868291153110508,396.9920059227834,114799.88382666881,-59767.41077824523,212.0804014311309,-3444.9701895465305,12,12,0.03862963807773098,5.177371830343267,9.915107101324047,0.20194033581121262,0.04537399964184728
2023-06-24,False,231628.09199889284,229909.12019884743,1722.4342913327364,3.4624912873452516,0.0,1718.971800045391,0.007491804978606373,0.007476744717907056,3462.4912873452513,115198.70499462192,-59742.07114333606,-476.3212673317922,2198.755558664529,12,12,0.039917688049986993,5.010310210089063,9.915107101324047,0.20795602088398008,0.0437928653092593
2023-06-25,False,230513.73295727116,231628.09199889284,-1110.9150178069242,3.4440238147458,0.0,-1114.35904162167,-0.004796115221690098,-0.004810983987326531,3444.0238147458003,114195.58333203258,-59421.65447592442,175.77522916608586,-1286.69024697301,12,12,0.04068630749919339,4.915658664870608,9.915107101324047,0.20357657859875894,0.043041448453173446
2023-06-26,False,232156.6701278562,230513.73295727116,1643.7824027607073,0.8452321756768159,0.0,1642.9371705850306,0.007130952163554631,0.007127285431144231,845.2321756768158,116334.35837661571,-60112.97827879171,-471.02916200678675,2114.811564767494,12,12,0.041440532515907486,4.826192808290468,9.915107101324047,0.2065416998382752,0.04372330571948953
2023-06-27,False,231354.4390969333,232156.6701278562,-799.6259071521488,2.6051237707514514,0.0,-802.2310309229002,-0.0034443374239980654,-0.0034555588279289394,2605.1237707514515,116353.64142059289,-60326.59354342214,331.30218605569434,-1130.9280932078434,12,12,0.04164270823004459,4.802761599825609,9.915107101324047,0.20407730253548598,0.04369051331770013
2023-06-28,False,233832.87420548798,231354.4390969333,2478.975025946924,0.5399173922174618,0.0,2478.4351085547064,0.010715052780587792,0.010712719056651804,539.9173922174618,118277.70230827901,-60914.619972736415,-1041.5043464690887,3520.4793724160127,12,12,0.04206812094106597,4.754193805808057,9.915107101324047,0.20635278839799612,0.04821901038157644
2023-06-29,False,230381.68495379854,233832.87420548798,-3448.3006978315534,2.8885538579027967,0.0,-3451.1892516894563,-0.014746860164757035,-0.01475921323473369,2888.553857902797,115158.08772554662,-60835.441392484674,719.3405268891186,-4167.641224720672,12,12,0.04158787689034928,4.809093778153682,9.915107101324047,0.20246376380396766,0.04899022229469429
2023-06-30,False,233745.06115901942,230381.68495379854,3448.066734866928,84.69052964604123,0.0,3363.3762052208867,0.014966757168906088,0.014599147522926523,84690.52964604122,148403.89009865356,-7628.27629691398,7128.622232585036,-3680.5554977181077,12,12,0.0738846834873189,2.7069209822672753,9.619459277324914,0.1900261512042514,0.09887455911613749
2023-07-01,False,231546.48746472108,233745.06115901942,-2194.5849858991587,3.9887083991681203,0.0,-2198.5736942983267,-0.009388797243532592,-0.00940586159723226,3988.70839916812,156261.2361278,-6770.929441043729,-1641.766264157882,-552.8187217412769,12,12,0.07461721305831145,2.680346689492478,9.619459277324914,0.2044672450819309,0.09204356181006636
2023-07-02,False,231361.4724845342,231546.48746472108,-183.18588438990207,1.8290957969753607,0.0,-185.01498018687744,-0.0007911408477652362,-0.0007990403232312765,1829.0957969753606,153785.69037533784,-7136.418629967535,1699.9898162106379,-1883.17570060054,12,12,0.07519283749782638,2.6598278061495084,9.619459277324914,0.20116484452410888,0.085402450114484
2023-07-03,False,231026.39687523645,231361.4724845342,-329.9292906394778,5.146318658286503,0.0,-335.0756092977643,-0.0014260338469341846,-0.0014482774754995694,5146.318658286503,154134.35966306762,-2173.2858560709283,-573.7335099702293,243.80421933075155,12,12,0.07594585761114109,2.633455020338864,9.619459277324914,0.20034960515861588,0.08584054085307628
2023-07-04,False,228985.000378733,231026.39687523645,-2038.1058322975487,3.2906642058868836,0.0,-2041.3964965034356,-0.00882196086622174,-0.00883620453815878,3290.664205886884,153611.1912221745,787.449059176477,-2790.1501585011247,752.0443262035758,12,12,0.0761899737551269,2.625017310582048,9.619459277324914,0.197943690533574,0.08587451041635913
2023-07-05,False,229386.2194501235,228985.000378733,405.7312842995907,4.512212909106081,0.0,401.2190713904846,0.0017718683915039224,0.0017521631142951835,4512.212909106081,151766.39778681425,3261.5561359850108,-828.723238402381,1234.4545227019719,12,12,0.07635250882326831,2.6194293165000797,9.619459277324914,0.19636282124635582,0.08751820578467885
2023-07-06,False,228510.14317624643,229386.2194501235,-873.7284526402001,2.347821236845223,0.0,-876.0762738770453,-0.003808984056386085,-0.0038192192886614736,2347.821236845223,150387.04237526492,6015.1086571298365,-856.2618084620623,-17.466644178138097,12,12,0.07685861448675368,2.6021806577643853,9.619459277324912,0.19564765995125033,0.09118007402879555
2023-07-07,False,228807.85996051936,228510.14317624643,367.4141554956884,69.69737122275177,0.0,297.71678427293665,0.0016078680376665267,0.001302860258782089,69697.37122275177,113511.68520277026,38434.33318938408,1378.758675337941,-1011.3445198422525,12,12,0.05544216585905741,3.607362679669316,9.67014839221658,0.1892526523751976,0.05828680512855496
2023-07-08,False,227488.09544961908,228807.85996051936,-1316.9250730122785,2.839437887999785,0.0,-1319.7645109002783,-0.0057555936812638915,-0.005768003385583007,2839.437887999785,113213.42943755412,38441.16646239508,-743.9290142524056,-572.9960587598727,12,12,0.055240664289591776,3.6205212694678477,9.67014839221658,0.18882872776505447,0.05876539946392781
2023-07-09,False,226582.94742073547,227488.09544961908,-902.8504919832836,2.2975369003237955,0.0,-905.1480288836075,-0.003968781268307003,-0.003978880860093477,2297.5369003237956,111024.35625099298,36664.83568648609,-1315.4432534580974,412.59276147481364,12,12,0.05509785335665308,3.6299054829846646,9.67014839221658,0.18350443921287873,0.05933355366746508
2023-07-10,False,227776.69536180136,226582.94742073547,1195.3774056945467,1.6294646286600838,0.0,1193.7479410658866,0.005275672416225058,0.005268480945519919,1629.4646286600837,108153.9989476951,35168.732160187865,1702.6921524622421,-507.3147467676955,12,12,0.055776788673797845,3.585720955892063,9.670148392216582,0.17877271428291006,0.059746840406284106
2023-07-11,False,227289.4417682708,227776.69536180136,-486.11000710527964,1.1435864252739942,0.0,-487.25359353055364,-0.0021341516362468104,-0.002139172283435749,1143.5864252739943,109220.41942165105,36815.546449664056,-123.76772163948112,-362.34228546579857,12,12,0.05549029280426388,3.6042340000886064,9.67014839221658,0.18411094032267816,0.05674710818669767
2023-07-12,False,228262.31995887254,227289.4417682708,974.0921560592526,1.2139654575110341,0.0,972.8781906017416,0.004285690300794404,0.004280349245582747,1213.965457511034,108245.02852796634,36944.99700092351,587.9294935347199,386.16266252453266,12,12,0.05524091426792491,3.6205048857442255,9.670148392216582,0.18457953357543375,0.057552812555479935
2023-07-13,False,235433.5446448363,228262.31995887254,7172.17407825268,0.9493922889191897,0.0,7171.224685963761,0.03142075345394253,0.03141659423796203,949.3922889191897,107497.40307005733,37818.26131579319,11128.8278394926,-3956.6537612399206,12,12,0.05539436823561495,3.6104753311621507,9.67014839221658,0.18806295924519564,0.0589969535452757
2023-07-14,False,232195.36767790015,235433.5446448363,-3214.511523658123,23.665443278018508,0.0,-3238.1769669361415,-0.01365358334347546,-0.013754101913646583,23665.44327801851,98917.44139277135,38108.01098263507,-3957.75561805889,743.2440944007664,12,12,0.050369939617996275,3.9706221908700403,9.464408094824007,0.18802649852562764,0.05741252395851069
2023-07-15,False,230695.40588492947,232195.36767790015,-1492.499252827684,7.462540143005959,0.0,-1499.9617929706899,-0.006427773593218573,-0.00645991265015858,7462.540143005959,90188.46636052514,38388.78956814449,-1202.447967297941,-290.05128552974304,12,12,0.0469671287358347,4.258297353557515,9.464408094824009,0.184451954943809,0.05488845725599391
2023-07-16,False,231332.35106874743,230695.40588492947,644.5519739773192,7.606790159362153,0.0,636.9451838179571,0.002793952361144204,0.0027609790553682046,7606.790159362153,85612.7129512135,40052.85291911731,-142.89184666508572,787.443820642405,12,12,0.044218925826459934,4.522950213329765,9.464408094824009,0.18505068553196743,0.05299424628803261
2023-07-17,False,230050.80048316377,231332.35106874743,-1278.2906825127357,3.259903070936547,0.0,-1281.5505855836723,-0.0055257756928811606,-0.005539867552735072,3259.903070936547,83749.79424580149,41087.92791588319,-1063.6563496172575,-214.63433289547825,12,12,0.042560508016399094,4.6991920285100335,9.464408094824009,0.1854206034263807,0.05170626643696729
2023-07-18,False,231172.79249958345,230050.80048316377,1126.162568302818,4.170551883142348,0.0,1121.9920164196758,0.004895277764465923,0.004877148934336304,4170.551883142349,81026.16905351751,41601.87698668616,726.6605442871937,399.50202401562456,12,12,0.04137531318042331,4.833800269447382,9.464408094824009,0.18579180922480112,0.050744989675455765
2023-07-19,False,231862.0122012061,231172.79249958345,690.9881150438434,1.768413421207122,0.0,689.2197016226363,0.002989054670199083,0.002981404923003118,1768.4134212071222,79985.08604230359,42030.401829518916,948.0752100702086,-257.08709502636526,12,12,0.04078768018127657,4.903441409541336,9.464408094824009,0.18621601761129275,0.04963724427013814
2023-07-20,False,231169.58693375048,231862.0122012061,-690.1698285652831,2.2554388903218516,0.0,-692.425267455605,-0.0029766403819801446,-0.002986367887011735,2255.4388903218514,79113.38001997538,42519.6212820373,-492.01375191620156,-198.15607664908157,12,12,0.04017824788583911,4.977817862249049,9.464408094824009,0.18725874426290232,0.04867095742769008
2023-07-21,False,230928.39074320882,231169.58693375048,-237.94225635271545,3.2539341889478792,0.0,-241.19619054166333,-0.001029297406760111,-0.001043373368187859,3253.934188947879,77327.98189990433,42686.694812510905,-49.51604588739039,-188.42621046532514,12,12,0.03978998851763263,5.0263899903205935,9.367054381761116,0.1872224220710415,0.04887334559697786
2023-07-22,False,229511.53241633275,230928.39074320882,-1413.6144941739644,3.243832702091415,0.0,-1416.8583268760558,-0.006121440891803972,-0.006135487812113994,3243.8327020914153,76228.92125228379,43266.5900511324,-1766.4110303070524,352.796536133088,12,12,0.039140722723343804,5.10976768144137,9.367054381761116,0.1876734307467927,0.04848087620380165
2023-07-23,False,230539.73057086614,229511.53241633275,1029.7366032392067,1.5384487058092817,0.0,1028.1981545333974,0.00448664427620687,0.0044799411328414265,1538.4487058092816,74907.68814699039,42724.440171980925,1212.7967288904047,-183.0601256511979,12,12,0.03923967159177216,5.096882616161761,9.367054381761116,0.18637341139657856,0.046584220557980734
2023-07-24,False,228259.50511449084,230539.73057086614,-2278.8090003350953,1.41645604019995,0.0,-2280.2254563752954,-0.0098846693135811,-0.00989081340005458,1416.45604019995,75403.0131004963,43714.82030869421,-2559.6012459224585,280.7922455873635,12,12,0.03900423183528455,5.127648734234864,9.367054381761116,0.18817355416091291,0.04846402403137144
2023-07-25,False,228126.40123979925,228259.50511449084,-131.20166865062902,1.902206040957972,0.0,-133.10387469158698,-0.000574791698531111,-0.0005831252224297275,1902.2060409579722,72791.03455279315,42246.597365246256,58.816383214484844,-190.01805186511388,12,12,0.03978986605090392,5.026405460730535,9.367054381761116,0.1850731489542557,0.04488235872194433
2023-07-26,False,229060.59428584052,228126.40123979925,935.9272072018031,1.734161160521448,0.0,934.1930460412816,0.00410266940658914,0.004095067650934832,1734.1611605214478,71584.92448897824,42244.58389452504,938.3658605230694,-2.4386533212663366,12,12,0.040259562448507466,4.967763876117699,9.367054381761116,0.1847490052197931,0.045686244254052856
2023-07-27,False,229239.32503895447,229060.59428584052,179.61453957254656,0.8837864586077631,0.0,178.7307531139388,0.0007841354822838225,0.0007802771736936296,883.786458607763,71766.43719045665,42886.1388247194,210.01420926908526,-30.39966969653873,12,12,0.04048548770324657,4.940041761778303,9.367054381761118,0.186697735660689,0.0443788267712719
2023-07-28,False,228768.33310556243,229239.32503895447,-460.4060683219001,10.585865070153558,0.0,-470.9919333920536,-0.0020084078865773296,-0.0020545861113140966,10585.865070153557,67274.27179517446,40490.508045621755,-412.30176393837104,-48.104304383529,12,12,0.044314411154579285,4.513204503662524,9.296311102689634,0.1837080178976276,0.04240521038674466
2023-07-29,False,228964.36338830285,228768.33310556243,197.8624535080897,1.8321707676768333,0.0,196.03028274041284,0.0008649031569277048,0.0008568943090998394,1832.1707676768333,68510.83877159317,41654.426199492176,257.9896372568625,-60.12718374877286,12,12,0.043488977685339734,4.598866440298518,9.296311102689634,0.1861649436147435,0.042330177021950535
2023-07-30,False,229486.4547044929,228964.36338830285,524.4039374940232,2.312621303976018,0.0,522.0913161900472,0.0022903299436370437,0.0022802295888492813,2312.621303976018,70967.64446801439,43990.97752841585,499.2241083992614,25.17982909476183,12,12,0.04210695288904438,4.749809384854279,9.296311102689634,0.19206397127867264,0.042356267633171046
2023-07-31,False,228981.5176477742,229486.4547044929,-502.8295367644812,2.107519954240874,0.0,-504.9370567187221,-0.0021911076948396323,-0.002200291330348555,2107.5199542408736,72061.2821551483,45134.97487373929,-713.6352930424816,210.80575627800042,12,12,0.04148575000880936,4.820932487842951,9.296311102689634,0.1948618224170609,0.04611327674761692
2023-08-01,False,228937.39019524085,228981.5176477742,-43.02455728233349,1.102895250997024,0.0,-44.12745253333051,-0.00018789532764174912,-0.00019271185284573317,1102.895250997024,72034.97488804201,45530.279119189,209.74897738369225,-252.77353466602574,12,12,0.04118107341512452,4.856599972125697,9.296311102689634,0.19540972484760005,0.044844810708648535
2023-08-02,False,226659.02534385535,228937.39019524085,-2277.1918786588335,1.1729727266632926,0.0,-2278.364851385497,-0.00994678884352099,-0.009951912395972004,1172.9727266632926,73083.4245926045,46130.83514674694,-2680.040142000684,402.84826334185084,12,12,0.040721936588991973,4.9113577779614825,9.296311102689634,0.19732025953638985,0.0482820569479658
2023-08-03,False,225663.8274212124,226659.02534385535,-995.1610662939187,0.0368563490364445,0.0,-995.1979226429552,-0.004390564482416703,-0.004390727089438332,36.8563490364445,69973.09778123423,43826.204862060375,-1105.1990280708737,110.03796177695517,12,12,0.04169272638089869,4.7969997973466425,9.296311102689634,0.19040268020775764,0.04189913089650745
2023-08-04,False,225048.43397612692,225663.8274212124,-607.3291171567342,8.064327928747726,0.0,-615.393445085482,-0.0026913002588719068,-0.002727036282765959,8064.327928747727,67615.67760822356,41688.860612603625,-578.534048142589,-28.79506901414532,12,12,0.04471239387505496,4.473032702272288,9.35475606147009,0.18731209386183917,0.043372657410527135
2023-08-05,False,224847.94584775643,225048.43397612692,-198.23424337462322,2.2538849958582787,0.0,-200.4881283704815,-0.0008808514677140648,-0.0008908665784883854,2253.8849958582787,69319.8236249534,43335.416491305165,-158.92688834257655,-39.307355032046665,12,12,0.047132770539355245,4.243332138368625,9.354756061470091,0.19478158022197634,0.03915894710154466
2023-08-06,False,224254.49615893874,224847.94584775643,-590.1582765057371,3.2914123119685916,0.0,-593.4496888177057,-0.0026246994353478804,-0.0026393378270821648,3291.412311968592,69089.88117258142,43026.859328869105,-562.890154839942,-27.268121665795057,12,12,0.04931923064874542,4.055213298528768,9.35475606147009,0.19573547320330648,0.0393997462422173
2023-08-07,False,225857.04281105212,224254.49615893874,1606.2447526300452,3.698100516680922,0.0,1602.5466521133644,0.007162597763442973,0.007146107121872692,3698.100516680922,69316.75171418993,42426.81766130724,1524.9932606423476,81.25149198769779,12,12,0.05175571214330224,3.8643077588467154,9.35475606147009,0.197143401707667,0.04306250575862851
2023-08-08,False,226555.47625068412,225857.04281105212,700.837771521992,2.404331889988295,0.0,698.4334396320037,0.00310301491066763,0.0030923695402153136,2404.331889988295,73164.82537283287,42841.73433420758,954.1784708204369,-253.34069929844492,12,12,0.05400553629888481,3.7033240239136354,9.354756061470091,0.20110917961176641,0.045869659160682814
2023-08-09,False,226686.02302391877,226555.47625068412,131.71547245812727,1.1686992234740752,0.0,130.5467732346532,0.0005813828676221616,0.0005762243111272354,1168.699223474075,75541.04376642585,42424.859543527506,133.6574544569042,-1.94198199877696,12,12,0.05526504874498283,3.618923796175187,9.35475606147009,0.20091042409667503,0.04803058799852765
2023-08-10,False,225849.84326425992,226686.02302391877,-833.3584039229634,2.8213557358756343,0.0,-836.179759658839,-0.003676267256384976,-0.0036887133512003493,2821.3557358756343,78497.99893875715,41555.24836903878,-1051.0021060470535,217.6437021240901,12,12,0.05648279147622377,3.5409014811916526,9.354756061470091,0.199891946674914,0.05786718321370514
2023-08-11,False,225491.56037059607,225849.84326425992,-346.7496245288293,11.533269135024034,0.0,-358.2828936638534,-0.0015353104501520875,-0.0015863765433064198,11533.269135024033,77767.71505199466,46874.413122772225,-408.57770335494797,61.828078826118634,12,12,0.04875617208165207,4.1020447557913196,9.229195502464105,0.20488194039223687,0.049443083815130115
2023-08-12,False,225444.71474447762,225491.56037059607,-46.42482369805955,0.42080242037938204,0.0,-46.84562611843893,-0.0002058827550874197,-0.0002077489110521387,420.80242037938206,77613.32932726564,46843.68355569545,-46.87475658160119,0.44993288354164074,12,12,0.04935506198981293,4.052269249328078,9.229195502464103,0.204387881889349,0.05039421266995083
2023-08-13,False,225144.15320635037,225444.71474447762,-299.90584880880726,0.6556893184347319,0.0,-300.561538127242,-0.0013302855609133486,-0.00133319398712852,655.6893184347318,78105.84064329899,47337.09473749588,-420.058448961071,120.15260015226373,12,12,0.04973333517461948,4.021447572292848,9.229195502464105,0.2055081486185068,0.05296237234446412
2023-08-14,False,225612.5826148535,225144.15320635037,468.51202655732965,0.0826180541860872,0.0,468.4294085031436,0.002080942453468585,0.002080575497218513,82.61805418608719,77648.24764837173,47115.66110014324,517.8204382687668,-49.3084117114371,12,12,0.050781099857482914,3.9384731831586897,9.229195502464105,0.20400550200136627,0.052305011665887476
2023-08-15,False,224483.6395285973,225612.5826148535,-1128.8897129986385,0.05337325758323459,0.0,-1128.9430862562217,-0.005003664688887421,-0.0050039012592815214,53.37325758323459,78268.74975593519,47530.79986911733,-1562.7985666120062,433.9088536133674,12,12,0.05173417685495964,3.86591634695791,9.229195502464105,0.2055004072086903,0.053636033594165806
2023-08-16,False,221554.05954176612,224483.6395285973,-2929.1781706548627,0.40181617630024086,0.0,-2929.579986831163,-0.013048515147054672,-0.01305030510456402,401.81617630024084,76673.85851201005,46147.59274093098,-3399.797916714897,470.6197460600346,12,12,0.05493084023686671,3.6409419396750913,9.229195502464105,0.20143224796807668,0.05491941100264421
2023-08-17,False,215906.83566167628,221554.05954176612,-5639.087033605928,8.136846483912972,0.0,-5647.223880089841,-0.025452420259277075,-0.02548914649440336,8136.846483912973,76690.47691295278,43667.38493839066,-6810.713026062457,1171.6259924565297,12,12,0.06162425995360022,3.2454750799537284,9.229195502464105,0.20392979553481003,0.07191120364585318
2023-08-18,False,215954.94549901632,215906.83566167628,70.75687034000856,22.64703299995459,0.0,48.10983734005397,0.0003277194541949743,0.00022282683729125453,22647.03299995459,80469.17574509306,34789.84547065765,348.2781948125554,-277.52132447254684,12,12,0.07894950867733096,2.5332646567492407,9.311770058158388,0.20797459937839644,0.10132593744269244
2023-08-19,False,216314.57348723462,215954.94549901632,378.915066533181,19.287078314873035,0.0,359.62798821830796,0.0017546024040227732,0.0016652917458653247,19287.078314873033,100382.0535792512,24956.30234102953,605.4233384249245,-226.5082718917435,12,12,0.0966588959945651,2.069131847018463,9.311770058158388,0.20609098245909224,0.1281684736392381
2023-08-20,False,217297.8411134846,216314.57348723462,1000.4573706173969,17.189744367400984,0.0,983.2676262499959,0.004625011410414458,0.004545544992177892,17189.744367400985,117062.37177403607,12589.053904451783,1123.7887145007937,-123.33134388339676,12,12,0.11069938742948239,1.8066947310562473,9.31177005815839,0.20103112824315936,0.14620669717071347
2023-08-21,False,217416.92798959295,217297.8411134846,131.2520823927291,12.165206284382084,0.0,119.08687610834703,0.0006040192655396986,0.0005480352473734585,12165.206284382084,127976.16123539505,4646.393332483443,-1237.2978945450855,1368.5499769378148,12,12,0.11338160941715415,1.7639544986891045,9.31177005815839,0.19844257042715496,0.15985323343257907
2023-08-22,False,217403.0178834833,217416.92798959295,-3.2019619219756805,10.708144187693517,0.0,-13.910106109669197,-1.472728895391691e-05,-6.397894698583465e-05,10708.144187693517,129395.2483556151,-5930.498772817344,-342.5483981711452,339.3464362491695,12,12,0.11055615506625434,1.8090354162565039,9.311770058158388,0.1893793527223471,0.1607573018621628
2023-08-23,False,218038.46718586376,217403.0178834833,645.6996232750645,10.250320894605238,0.0,635.4493023804592,0.0029700582336033895,0.0029229092979796032,10250.320894605238,126484.51525217366,-13873.876209387192,2109.549144902694,-1463.8495216276297,12,12,0.09995867030831328,2.00082693560367,9.311770058158388,0.17099089041664683,0.14639744512336936
2023-08-24,False,218329.86396735525,218038.46718586376,296.2387272465309,4.841945755039937,0.0,291.39678149149097,0.0013586535030720357,0.0013364466612356706,4841.945755039937,126019.0637271771,-18070.12234115207,-329.00266269677957,625.2413899433105,12,12,0.09409533120556028,2.12550396961865,9.311770058158388,0.17103188399927938,0.11687258150078808
2023-08-25,False,218079.27263772525,218329.86396735525,-244.55345747958057,6.03787215042532,0.0,-250.5913296300059,-0.0011201099704626128,-0.0011477647861653703,6037.872150425321,120524.32526266793,-23811.75576433087,-275.52515092907873,30.971693449498158,12,12,0.08735124171638228,2.289606834089126,9.304146874405617,0.16949294517055022,0.10731932708804298
2023-08-26,False,217862.69006458088,218079.27263772525,-212.33794050697392,4.244632637388386,0.0,-216.5825731443623,-0.0009736731874546883,-0.0009931369016630512,4244.632637388386,117452.13788297088,-28300.94185919882,-412.1693292111747,199.8313887042008,12,12,0.08157073457542878,2.4518597391698025,9.304146874405617,0.1701060039138931,0.09215067961716349
2023-08-27,False,218744.445477697,217862.69006458088,888.0963732916505,6.340960175520674,0.0,881.7554131161298,0.004076404147164403,0.004047298841553603,6340.960175520674,112857.42531561262,-34854.239975226476,1295.8030053057619,-407.70663201411134,12,12,0.07650422403667387,2.614234736948981,9.304146874405617,0.17217165801639306,0.08266946114627216
2023-08-28,False,217096.48672858308,218744.445477697,-1642.0718735922965,5.886875521629919,0.0,-1647.9587491139264,-0.007506804892834276,-0.007533717007145449,5886.875521629919,110549.67370946125,-39853.01912356475,-1072.1608478904789,-569.9110257018176,12,12,0.07245973482610377,2.7601536284942294,9.304146874405616,0.17430043398338496,0.07823700760166677
2023-08-29,False,219270.28399392412,217096.48672858308,2175.5552452320935,1.7579798910664663,0.0,2173.797265341027,0.010021144413783175,0.010013046724513499,1757.9798910664665,109658.41619519953,-43253.07088822352,5222.284592625366,-3046.7293473932723,12,12,0.06968346518723303,2.8701213331257063,9.304146874405617,0.18127111563681284,0.06970749118943662
2023-08-30,False,219167.40618315228,219270.28399392412,-101.62211427380726,1.2556964980458367,0.0,-102.87781077185309,-0.0004634559340317321,-0.0004691826402464266,1255.6964980458367,117218.3739910985,-42333.21214103725,-1450.6281170087457,1349.0060027349384,12,12,0.07083463983776377,2.8234773333791257,9.304146874405617,0.1852995532000041,0.08106758628045141
2023-08-31,False,220702.932779663,219167.40618315228,1536.4292706297774,0.9026741190522344,0.0,1535.526596510725,0.007010300013980295,0.007006181362695541,902.6741190522343,114303.98859129286,-43337.508374363315,-1368.858662344792,2905.28793297457,12,12,0.07042468963086612,2.8399131192243536,9.304146874405617,0.18455823902309354,0.0724243140940696
2023-09-01,False,219838.33173791747,220702.932779663,-863.0197219486074,1.5813197969425472,0.0,-864.60104174555,-0.003910322853798214,-0.003917487778056477,1581.319796942547,109389.9192204952,-43382.39890067608,-1206.9439419663327,343.92422001772536,12,12,0.0679216124351004,2.9445708490961024,9.321584289831952,0.18160459965799786,0.0732219379663097
2023-09-02,False,219115.21780429943,219838.33173791747,-720.5777454333313,2.536188184698654,0.0,-723.1139336180299,-0.0032777620705945654,-0.0032892986764478257,2536.188184698654,105376.92278325986,-45154.45273581212,-638.2871398804119,-82.29060555291939,12,12,0.06483583252409464,3.084713995546752,9.321584289831952,0.18431379386100982,0.07634436408902111
2023-09-03,False,219490.21039535615,219115.21780429943,377.3105729519117,2.3179818952014726,0.0,374.99259105671024,0.001721973383377246,0.0017113945567743777,2317.9818952014725,102812.04980810685,-46616.97329694566,155.96217751760233,221.34839543430934,12,12,0.06226464259555169,3.212095848668509,9.321584289831952,0.1866849650906754,0.07813461130329342
2023-09-04,False,219149.9912360921,219490.21039535615,-336.71347193371327,3.505687330357282,0.0,-340.2191592640705,-0.0015340705689206322,-0.0015500425219477974,3505.687330357282,100625.34852690439,-48483.307980223275,-305.8932124416371,-30.820259492076158,12,12,0.06015324480293991,3.3248414221908322,9.321584289831954,0.18749590911372652,0.0754131690133769
2023-09-05,False,218494.17785550098,219149.9912360921,-652.6151865919344,3.198193999165455,0.0,-655.8133805910999,-0.002977938456264261,-0.0029925320867778943,3198.1939991654554,98567.07412541448,-50408.67034067217,-213.36716357917032,-439.2480230127641,12,12,0.05836942959201276,3.4264511645556306,9.321584289831952,0.1881728407113726,0.07446610443741787
2023-09-06,False,218688.95345602446,218494.17785550098,198.15517801842435,3.379577494926315,0.0,194.77560052349804,0.0009069128521560531,0.0008914452661173929,3379.577494926315,96700.86889832476,-51932.01470747048,123.83651349878008,74.31866451964426,12,12,0.05719329053233272,3.4969136788332764,9.321584289831952,0.18934009165816088,0.07452132805642392
2023-09-07,False,218334.1067235428,218688.95345602446,-352.2065340594195,2.6401984222659247,0.0,-354.8467324816854,-0.0016105364651179954,-0.0016226093127883596,2640.198422265925,95243.58881605972,-53355.57204796045,65.38665179642376,-417.59318585584316,12,12,0.05604646177757692,3.5684679042489718,9.321584289831952,0.19022415705207063,0.07244829304268251
2023-09-08,False,218805.71364854593,218334.1067235428,473.7836893462166,2.176764343065006,0.0,471.60692500315156,0.002169993943942652,0.002160024066236732,2176.764343065006,94282.09945861808,-54577.32500374956,-58.449693799779936,532.2333831459965,12,12,0.05525622406515185,3.619501755389271,9.304784077634627,0.19267941639375916,0.0707797172187958
2023-09-09,False,219090.0408594817,218805.71364854593,285.7521145115611,1.4249035757976791,0.0,284.32721093576345,0.0013059627637080219,0.0012994505773851071,1424.9035757976792,93022.50469943573,-54915.30233135154,-8.883718108914827,294.6358326204759,12,12,0.05451428713661046,3.668763007004175,9.304784077634627,0.19170821334997878,0.06866880291088442
2023-09-10,False,220690.187548535,219090.0408594817,1601.6205618707372,1.4738728174313847,0.0,1600.1466890533059,0.00731033028971852,0.007303603042730709,1473.8728174313846,91972.23081076844,-55813.55488996134,-254.87612341814855,1856.4966852888858,12,12,0.05368327584527132,3.7255550606943255,9.304784077634627,0.19227909866785362,0.06810299660867945
2023-09-11,False,221988.79679205656,220690.187548535,1300.1650942773535,1.5558507557888126,0.0,1298.6092435215646,0.00589135887154664,0.005884308939816229,1555.8507557888126,89515.09389293753,-55767.785083879404,-544.6548104500492,1844.819904727403,12,12,0.05203349177498201,3.8436782383334327,9.304784077634627,0.18940764364047247,0.06365972694270502
2023-09-12,False,222123.168459211,221988.79679205656,148.64711009477344,14.275442940328148,0.0,134.37166715444528,0.0006696153690765555,0.0006053083267995509,14275.442940328147,91927.04445525749,-65320.97283329656,1026.9238313452406,-878.2767212504672,12,12,0.044864862013177756,4.457831608648563,9.30478407763463,0.19153591842424503,0.06672989897957637
2023-09-13,False,221469.02780660137,222123.168459211,-648.2407515303146,5.89990107933244,0.0,-654.1406526096471,-0.002918384228115099,-0.002944945622499386,5899.90107933244,93152.10591222887,-68278.98930438905,72.75408559456882,-720.9948371248834,12,12,0.04291112115396442,4.6607964234353885,9.304784077634627,0.1936837769956052,0.06390713429789198
2023-09-14,False,221024.38884596172,221469.02780660137,-443.46217786590626,1.1767827737574306,0.0,-444.6389606396637,-0.002002366571334576,-0.0020076801033684327,1176.7827737574305,94181.09786684545,-69255.56791757602,516.1315552292943,-959.5937330952006,12,12,0.0420672139511782,4.754296308572118,9.304784077634627,0.1960005437380587,0.060782324601458104
2023-09-15,False,220567.39875960426,221024.38884596172,-431.5584988136442,25.431587543823625,0.0,-456.9900863574678,-0.0019525379125215443,-0.0020676002713707646,25431.587543823625,97755.5932167927,-74860.78644791355,508.68775330209075,-940.2462521157349,12,12,0.037492360479239734,5.334420064342014,9.33513841796456,0.20108696567637624,0.05980438271701874
2023-09-16,False,220622.34120450332,220567.39875960426,55.47240230997343,0.5299574109000751,0.0,54.94244489907336,0.00025149864677160487,0.00024909594621893763,529.957410900075,99222.86545268865,-75310.68317720533,-130.06534103931983,185.53774334929327,12,12,0.03804242235484919,5.2572887744753825,9.33513841796456,0.2031874975936853,0.05693242260730456
2023-09-17,False,221571.9580603436,220622.34120450332,949.801037502299,0.18418166200299402,0.0,949.616855840296,0.004305099077078019,0.004304264249285886,184.18166200299402,99091.44403030303,-75439.39243689833,-259.0284334257673,1208.8294709280663,12,12,0.03834302428120372,5.216072642919895,9.33513841796456,0.2023219298997909,0.05517549714171684
2023-09-18,False,220731.25219549524,221571.9580603436,-839.3625786523285,1.3432861960331808,0.0,-840.7058648483617,-0.0037882166407706423,-0.003794279168753842,1343.2861960331807,98935.66584941937,-74831.21310215082,411.15847548704716,-1250.5210541393756,12,12,0.03824619224556642,5.229278740112604,9.33513841796456,0.19857425350627117,0.048836690310773395
2023-09-19,False,219628.5700482742,220731.25219549524,-1102.3483394674324,0.33380775359363724,0.0,-1102.682147221026,-0.004994074597516053,-0.004995586878854892,333.80775359363724,100931.15313263945,-75336.76792720953,93.16054327446355,-1195.508882741896,12,12,0.03864811540558406,5.174896573898738,9.33513841796456,0.20044157947177882,0.05002203283966978
2023-09-20,False,220002.10562518236,219628.5700482742,374.4075274228537,0.8719505146923293,0.0,373.5355769081614,0.001704730524542227,0.0017007604102966135,871.9505146923293,103091.77307334811,-75567.16575198462,-206.47862046947242,580.8861478923261,12,12,0.039544827915190345,5.0575514054310515,9.33513841796456,0.20270261963287747,0.049548387873316925
2023-09-21,False,221573.1775607316,220002.10562518236,1572.8717717831028,1.7998362338570806,0.0,1571.0719355492456,0.007149348717883659,0.007141167722393899,1799.8362338570805,103058.11776890233,-73935.776048934,-468.6027401304467,2041.4745119135496,12,12,0.0403886472427654,4.951886573418845,9.33513841796456,0.19863474706432682,0.04784354358517846
2023-09-22,False,221073.740861342,221573.1775607316,-473.53041762581586,25.90628176378433,0.0,-499.43669938960016,-0.0021371287934706116,-0.002254048549051964,25906.281763784333,103374.62944330183,-68784.21174186874,-59.750253694717,-413.78016393109885,12,12,0.046555977129132176,4.295903820153116,9.137490418779961,0.19384760811725285,0.04655370513621454
2023-09-23,False,221037.36697959722,221073.740861342,-35.59981808812599,0.7740636566415924,0.0,-36.37388174476759,-0.00016103141851864843,-0.00016453280069830353,774.0636566415924,104502.7230101798,-69430.5436604127,30.396226505650453,-65.99604459377645,12,12,0.04706941802370873,4.249043400096015,9.137490418779963,0.1952062427588376,0.04593188068574823
2023-09-24,False,221940.3452121503,221037.36697959722,905.5670451205826,2.5888125675025955,0.0,902.97823255308,0.00409689573077556,0.004085183627058085,2588.812567502596,107030.95000033043,-71897.97819755203,-290.4528310539716,1196.0198761745542,12,12,0.047086199336065594,4.24752905989612,9.137490418779961,0.19772578991424886,0.04847889270262188
2023-09-25,False,221512.52463665712,221940.3452121503,-426.2629878718196,1.557587621352898,0.0,-427.8205754931725,-0.0019206196487815657,-0.0019276376950942541,1557.5876213528982,106331.12085554698,-71779.0547148765,483.8066052149015,-910.069593086721,12,12,0.046897025870139476,4.264662764624165,9.137490418779963,0.19564945232065523,0.04908216113757919
2023-09-26,False,222173.84141566357,221512.52463665712,662.8166401761164,1.499861169671558,0.0,661.3167790064448,0.00299223098677297,0.002985459987380806,1499.861169671558,106921.63649993388,-71401.95714883362,358.8443406916824,303.9722994844339,12,12,0.047494359915428296,4.211026327255145,9.137490418779963,0.1963099190368836,0.04807860763962312
2023-09-27,False,223658.5365849741,222173.84141566357,1486.0108511058268,1.3156817953132949,0.0,1484.6951693105134,0.006688505008677682,0.006682583151329715,1315.6817953132947,106942.34020677366,-70704.97217429001,1236.1132112296955,249.89763987613125,12,12,0.04779702256633317,4.1843610597802,9.137490418779961,0.19491168643119788,0.050073679864480254
2023-09-28,False,222623.05800664978,223658.5365849741,-1033.395821649783,2.0827566745197066,0.0,-1035.4785783243028,-0.004620417523196873,-0.0046297297395169875,2082.7566745197064,108872.13423766196,-69579.32082481202,792.4568812116198,-1825.852702861403,12,12,0.04813175512519529,4.155260897504795,9.137490418779963,0.19210952183212646,0.050947974742001835
2023-09-29,False,221740.2489754319,222623.05800664978,-859.0799355955762,23.72909562229308,0.0,-882.8090312178693,-0.0038588991782240066,-0.003965487848035488,23729.09562229308,117205.250880013,-74645.72809983006,-291.5155171228573,-567.5644184727189,12,12,0.043045865376817434,4.6462069759599025,9.279888737111929,0.20269131761443893,0.050466051495595514
2023-09-30,False,221201.47430026287,221740.2489754319,-536.6494386101278,2.1252365588949,0.0,-538.7746751690228,-0.0024201715344406727,-0.0024297558862609436,2125.2365588949,117976.18972337605,-74605.02574613296,-31.605490566007163,-505.0439480441207,12,12,0.044309769236520725,4.513677309679086,9.279888737111932,0.20306471900480963,0.043676908697771175
2023-10-01,False,218755.94925330387,221201.47430026287,-2444.015979847081,1.5090671119279468,0.0,-2445.5250469590087,-0.011048823194232104,-0.011055645332812787,1509.0671119279468,119709.58446448311,-73632.60807281511,694.8581850045465,-3138.8741648516275,12,12,0.04546398159417016,4.399086771266114,9.27988873711193,0.20215825045730046,0.03894134372361546
2023-10-02,False,221402.57937846566,218755.94925330387,2649.195721493756,2.5655963319755224,0.0,2646.6301251617806,0.012110279654274341,0.012098551532864465,2565.5963319755224,124713.82786145475,-73511.02772068669,147.20230805761244,2501.993413436144,12,12,0.04747008215976125,4.2131799841192,9.279888737111929,0.20748216887228826,0.03462090094642879
2023-10-03,False,219671.22520307917,221402.57937846566,-1729.316574998495,2.037600387977565,0.0,-1731.3541753864727,-0.007810733641193948,-0.007819936787759347,2037.6003879775649,124396.63714405376,-69632.880522589,-1593.4861674509048,-135.83040754759054,12,12,0.048473302418321706,4.125982551673743,9.279888737111929,0.1997371502383852,0.044738386075423804
2023-10-04,False,220020.75760160713,219671.22520307917,353.952347816922,4.419949288958668,0.0,349.5323985279633,0.0016112822582461774,0.0015911615105930763,4419.949288958667,123930.22316393934,-68928.67490984616,393.27521898667976,-39.3228711697578,12,12,0.04985592779529576,4.011559083228441,9.279888737111929,0.20036331276471758,0.05127539198982654
2023-10-05,False,220202.2670319881,220020.75760160713,184.6493085171083,3.1398781361218773,0.0,181.50943038098643,0.0008392358545162992,0.0008249650276618292,3139.878136121877,125174.29016826418,-68259.85688107481,-312.68624866845494,497.33555718556323,12,12,0.05096944308059465,3.923919664645993,9.27988873711193,0.20052824041391656,0.05994422803715769
2023-10-06,False,218713.9832685599,220202.2670319881,-1422.359321905702,65.92444152249244,0.0,-1488.2837634281946,-0.006459330964558509,-0.00675871226708123,65924.44152249245,142907.00820616435,-44903.49941181406,162.51428616439898,-1584.873608070101,12,12,0.08348202823440355,2.3957252145148358,9.414898074481162,0.1840731553645437,0.13274485481218973
2023-10-07,False,219746.7358859129,218713.9832685599,1040.7579295406022,8.005312187606464,0.0,1032.7526173529957,0.004758534017747968,0.0047219322784902784,8005.312187606464,152659.70828800532,-39825.483084873114,-227.49735106569702,1268.2552806062993,12,12,0.08784304514334447,2.276788101706117,9.414898074481162,0.18540483783677744,0.14021936338196447
2023-10-08,False,220201.1837216868,219746.7358859129,463.8313482540401,9.383512480147399,0.0,454.44783577389273,0.0021107542115886076,0.0020680527241589194,9383.512480147398,160547.46813648072,-35975.562601589314,-401.9351220328134,865.7664702868535,12,12,0.09083599228077509,2.201770410365505,9.414898074481162,0.18464705595378986,0.14877017158939507
2023-10-09,False,220092.94928505216,220201.1837216868,-101.17160627971589,7.062830354908497,0.0,-108.23443663462439,-0.0004594507830057222,-0.0004915252261832631,7062.830354908498,166342.59689906953,-33002.022603616926,-2903.6248840582807,2802.453277778565,12,12,0.09293487819313759,2.1520445702243167,9.41489807448116,0.18420514501783744,0.15235162558705093
2023-10-10,False,219178.0249249257,220092.94928505216,-911.5401720867892,3.3841880396608337,0.0,-914.92436012645,-0.004141614599867136,-0.004156990776390073,3384.188039660834,164020.70677689352,-33926.108405785315,-1273.474927668156,361.9347555813667,12,12,0.09278628688500914,2.1554909320583304,9.414898074481162,0.18136914470012028,0.14858955590881978
2023-10-11,False,220687.88250289112,219178.0249249257,1510.905224406469,1.0476464410445878,0.0,1509.8575779654243,0.006893506887490177,0.006888726999354021,1047.6464410445878,163432.9435346886,-35384.235008896074,417.98142273640764,1092.923801670061,12,12,0.09242035775850847,2.164025381968265,9.414898074481162,0.1800196869785331,0.14950655563010365
2023-10-12,False,221133.4980195835,220687.88250289112,448.0466320459556,2.431115353586355,0.0,445.6155166923693,0.002030227609076298,0.002019211529144703,2431.115353586355,165189.1165093413,-36172.1275560137,-616.033840888721,1064.0804729346767,12,12,0.09092220280499418,2.199682737878128,9.414898074481162,0.18130587742336537,0.14342600392792848
2023-10-13,False,221738.9005717913,221133.4980195835,700.2094048446121,94.80685263680506,0.0,605.402552207807,0.0031664556076556154,0.0027377243051353206,94806.85263680507,181552.46773817707,13668.543366068989,1153.0690139824003,-452.85960913778825,12,12,0.08438996332753249,2.369950075979585,9.322252153985685,0.20399764314469734,0.11680200170311927
2023-10-14,False,221279.63955026327,221738.9005717913,-454.78939049797293,4.471631030076272,0.0,-459.2610215280492,-0.0020510131029116744,-0.00207117930297195,4471.631030076272,185845.81907091767,9897.12174083732,10.841309883650183,-465.63070038162317,12,12,0.08544712612814398,2.340628749761139,9.322252153985685,0.2045176790711805,0.11656833980737392
2023-10-15,False,221796.5685734925,221279.63955026327,520.3396395470586,3.410616317821143,0.0,516.9290232292375,0.0023515025630221364,0.00233608941283465,3410.6163178211427,188870.48210919343,6031.716032518198,777.6579168954266,-257.318277348368,12,12,0.0859429692767151,2.327124623260915,9.322252153985685,0.2033871237853213,0.12043805904833944
2023-10-16,False,224103.67138270978,221796.5685734925,2309.2967194025714,2.193910185285983,0.0,2307.1028092172855,0.010411778388886047,0.010401886846382049,2193.910185285983,192099.36848872324,4358.145486779278,4107.214769796622,-1797.9180503940504,12,12,0.0850840438020391,2.35061700247029,9.322252153985687,0.20170347398396693,0.11346337902280136
2023-10-17,False,223657.27509745333,224103.67138270978,-437.06865916409373,9.327626092351078,0.0,-446.3962852564448,-0.0019502967375206277,-0.0019919186620290484,9327.626092351078,206146.57603959407,-2660.1838861692304,-2284.7297537167606,1847.6610945526668,12,12,0.08016722529966432,2.4947851101544547,9.322252153985685,0.20208914656107282,0.12306913398014771
2023-10-18,False,224935.6089267968,223657.27509745333,1280.3076484573362,1.973819113860817,0.0,1278.3338293434754,0.005724417629158152,0.005715592433943728,1973.8191138608172,203988.0043051855,-4702.060553553463,252.76282102054938,1027.5448274367868,12,12,0.07991449816941451,2.50267479094983,9.322252153985687,0.1999630179224149,0.11956466572129323
2023-10-19,False,221673.88227389773,224935.6089267968,-3258.958054678429,2.768598220639005,0.0,-3261.726652899068,-0.01448840434925991,-0.014500712752690778,2768.5982206390054,205981.82051940827,-6190.351125735106,-21.206356935060967,-3237.7516977433684,12,12,0.07917879784719178,2.525928726348974,9.322252153985687,0.20079231010603268,0.11515516713065481
2023-10-20,False,224934.32978253363,221673.88227389773,3311.1614342101893,50.71392557428299,0.0,3260.447508635906,0.014937084153734249,0.014708306974149233,50713.925574282985,216011.23271707326,-17743.778886545777,4737.095756020022,-1425.9343218098334,12,12,0.07908580174521487,2.528898937439186,9.324151147710586,0.20224941641027033,0.12631181141531447
2023-10-21,False,232646.96872562732,224934.32978253363,7715.816635299234,3.1776922055495103,0.0,7712.638943093684,0.034302530177402805,0.03428840297766134,3177.69220554951,219484.63071523182,-13454.280056630472,10662.46783681926,-2946.651201520026,12,12,0.07910713550088805,2.52821693939044,9.324151147710586,0.2052697643310852,0.12784151189470766
2023-10-22,False,237957.78374528975,232646.96872562732,5325.550341779193,14.735322116760758,0.0,5310.815019662433,0.022891122850003227,0.02282778515771574,14735.322116760759,220684.65205237505,-14109.544428057008,7280.911575479469,-1955.3612337002767,12,12,0.07816591891071213,2.5586598710424844,9.324151147710586,0.20576983963079373,0.10682414926098913
2023-10-23,False,236524.24288172796,237957.78374528975,-1422.9930239575492,10.547839604231406,0.0,-1433.5408635617807,-0.005980023017363123,-0.006024349533765385,10547.839604231405,221341.579117972,-12295.926010870113,6182.321432617926,-7605.314456575475,12,12,0.07507233564446117,2.6640972108179772,9.324151147710587,0.2051631808064839,0.08347194447594415
2023-10-24,False,234455.12155834713,236524.24288172796,-2048.845872725863,20.275450654947612,0.0,-2069.1213233808107,-0.008662308132830053,-0.00874803063809175,20275.450654947614,215998.054401036,-2579.840005053331,-3000.3879499287914,951.5420772029282,12,12,0.07099547264154119,2.81708104134763,9.324151147710586,0.20630685696112158,0.08097199768555086
2023-10-25,False,238030.72839600514,234455.12155834713,3587.98254969653,12.375712038519339,0.0,3575.6068376580106,0.0153034940156068,0.015250709022230403,12375.71203851934,202031.8168389752,5773.924554775433,4265.726041918597,-677.7434922220666,12,12,0.06757278173898947,2.9597715952042876,9.324151147710586,0.20052514325276674,0.09267815772811813
2023-10-26,False,234739.58760779325,238030.72839600514,-3273.482139251154,17.65864896074416,0.0,-3291.1407882118983,-0.013752351056982661,-0.01382653748274264,17658.648960744158,191100.91204817343,14307.098736057662,-1713.6776820075725,-1559.8044572435817,12,12,0.06383356624099264,3.1331478370632535,9.324151147710586,0.19550643414073834,0.10097035685524607
2023-10-27,False,235148.9195769992,234739.58760779325,468.28907565409304,58.957106448134034,0.0,409.331969205959,0.00199493012843031,0.0017437705049132043,58957.10644813403,142459.6682913719,43287.50717780735,-492.408730493354,960.6978061474472,12,12,0.05279978719198734,3.7878940548145077,9.155674912944495,0.18866556373054086,0.09446277242739863
2023-10-28,False,234451.85414787312,235148.9195769992,-688.5310300031496,8.53439912292299,0.0,-697.0654291260726,-0.002928063761643995,-0.002964357354394815,8534.39912292299,137664.32915906262,47334.50084155977,-110.66395935861385,-577.8670706445357,12,12,0.05075561530666971,3.9404507026775883,9.155674912944491,0.18766471697052925,0.09119974751756321
2023-10-29,False,234917.14616055097,234451.85414787312,474.4304600045607,9.138447326701593,0.0,465.29201267785913,0.0020235730774188234,0.001984595150117221,9138.447326701593,133091.24004325803,52066.48771540384,1201.998352484482,-727.567892479921,12,12,0.047517345561168205,4.208989320384989,9.155674912944493,0.18000667212925067,0.0876024721886894
2023-10-30,False,235577.08728887077,234917.14616055097,670.1157072802562,10.174578960464537,0.0,659.9411283197917,0.002852561927609467,0.0028092505766640114,10174.578960464536,130191.0411317889,58146.86409729747,1263.357662193107,-593.2419549128508,12,12,0.04513724895237811,4.430930210456762,9.155674912944491,0.18320160541486621,0.0778869869202327
2023-10-31,False,237389.78266656311,235577.08728887077,1824.1014343767565,11.406056684413263,0.0,1812.6953776923433,0.007743119058688402,0.007694701545696458,11406.056684413263,127643.01082456464,64017.94781230487,1391.288788881951,432.81264549480534,12,12,0.04233730092561406,4.723966706129819,9.155674912944495,0.186725255943323,0.08030752583420993
2023-11-01,False,238071.95510389967,237389.78266656311,693.7452804986282,11.572843162061776,0.0,682.1724373365664,0.0029223889617568774,0.002873638577338198,11572.843162061776,124352.98604297492,68603.94827104217,1692.206884542959,-998.4616040443307,12,12,0.039681779213644526,5.040096587484421,9.155674912944491,0.18699453925813223,0.07431005934123935
2023-11-02,False,234870.67781857014,238071.95510389967,-3187.3436055707507,13.933679758770083,0.0,-3201.277285329521,-0.013388152351585159,-0.01344667952986069,13933.679758770082,118849.28975399991,72525.81441023748,-3240.017552138842,52.67394656809143,12,12,0.03714057884981656,5.384945689961637,9.155674912944491,0.1876297341723466,0.06746806739478127
2023-11-03,False,236396.00387687463,234870.67781857014,1534.449856901208,9.123798596726965,0.0,1525.326058304481,0.006533169108859642,0.006494323056719516,9123.798596726965,108969.67075049896,66431.4258210508,1547.4351147343932,-12.985257833185297,12,12,0.04036568977163277,4.954702895738728,9.213213721389222,0.17932931544475011,0.06471894568758195
2023-11-04,False,236960.10074526616,236396.00387687463,569.8520709255567,5.755202534016929,0.0,564.0968683915398,0.0024105825038496023,0.00238623690392561,5755.202534016929,111432.43738049234,72421.64901365989,928.9109364043625,-359.0588654788057,12,12,0.03818424641291176,5.237762134605629,9.21321372138922,0.18903318216949633,0.06748584659060747
2023-11-05,False,239525.27580265608,236960.10074526616,2574.63707588659,9.462018496677498,0.0,2565.1750573899126,0.010865276760893784,0.010825345909805696,9462.018496677498,108861.20357739832,75508.15367841438,2915.6140466648185,-340.9769707782283,12,12,0.03626107485748012,5.515556303448711,9.213213721389218,0.19063300027436408,0.0651593684539521
2023-11-06,False,243210.14488903014,239525.27580265608,3696.669757273718,11.800670899647615,0.0,3684.8690863740703,0.01543331802827936,0.015384051115382158,11800.670899647615,105145.96772438787,78037.11867377089,4345.021551256424,-648.3517939827052,12,12,0.034306551725048616,5.829790227910659,9.21321372138922,0.19175380534986192,0.061952644227160104
2023-11-07,False,242672.85342682226,243210.14488903014,-522.8435040966709,14.447958111221807,0.0,-537.2914622078928,-0.002149760259117602,-0.002209165503573231,14447.958111221806,99087.58506703547,80566.73461330538,-700.8743435646861,178.03083946801527,12,12,0.03205647097404465,6.238989942527835,9.21321372138922,0.19237754166670235,0.05610632300671431
2023-11-08,False,246556.72952738366,242672.85342682226,3890.192847250055,6.316746688661646,0.0,3883.8761005613933,0.016030605781882968,0.016004575895970877,6316.746688661646,94682.28815686605,81252.79825809303,3926.445271612311,-36.252424362256036,12,12,0.030763682874499453,6.501172204118105,9.21321372138922,0.19252096977252472,0.051913738702440045
2023-11-09,False,245982.01035257988,246556.72952738366,-565.8470886906716,8.872086113129914,0.0,-574.7191748038016,-0.0022949975438728643,-0.002330981498276123,8872.086113129913,92598.73373169376,82644.07616030207,-505.0039166754659,-60.84317201520571,12,12,0.029624518869424885,6.751164495920899,9.213213721389218,0.19294708460463317,0.04958246723034765
2023-11-10,False,248816.7266339082,245982.01035257988,2837.73824262142,3.0219612931051394,0.0,2834.716281328315,0.011536364950241402,0.011524079656334039,3021.9612931051392,90879.0193534884,84097.53849306567,2852.2461829782837,-14.507940356864221,12,12,0.029103788137641223,6.8719576659277255,9.114202150532678,0.19369548267462236,0.04513623622235613
2023-11-11,False,249874.41874850958,248816.7266339082,1063.5636392786632,5.871524677280552,0.0,1057.6921146013826,0.004274486099334944,0.004250888310083743,5871.524677280552,89809.6190997797,85316.01208114637,1129.5907126553982,-66.027073376735,12,12,0.028139376710828966,7.10747796780564,9.114202150532677,0.19291916930605177,0.04335119318295933
2023-11-12,False,249320.3515902021,249874.41874850958,-549.3209470911187,4.7462112163612655,0.0,-554.06715830748,-0.002198388093676737,-0.0022173824798973536,4746.2112163612655,90228.33595530436,86848.20104785194,-557.620986351521,8.300039260402254,12,12,0.027251343143955848,7.339087799947893,9.114202150532677,0.19333762476512142,0.04265794129688705
2023-11-13,False,245565.06110818355,249320.3515902021,-3752.738719251412,2.5517627671456307,0.0,-3755.2904820185577,-0.015051874808116903,-0.015062109683653015,2551.7627671456307,89939.9020864174,87105.90830255396,-3825.1289833050128,72.39026405360093,12,12,0.026660128692234164,7.501839256247028,9.114202150532677,0.19418879442615872,0.04337277109626142
2023-11-14,False,244001.82181012182,245565.06110818355,-1562.2123128249557,1.0269852367786125,0.0,-1563.2392980617342,-0.0063617043311252,-0.006365886462052718,1026.9852367786125,85945.52257695331,83256.30932119708,-1571.4737304192804,9.261417594324824,12,12,0.02665698024517526,7.5027252959831685,9.114202150532678,0.19067269095693168,0.04003253553913537
2023-11-15,False,248485.8623527513,244001.82181012182,4484.528934163189,0.488391533701564,0.0,4484.040542629487,0.018379079717089058,0.01837707812738748,488.39153370156396,84386.62990245644,81715.93948188885,4549.547865845797,-65.0189316826077,12,12,0.02666261725077683,7.5011390711905035,9.114202150532678,0.18950553316907637,0.04012551547856513
2023-11-16,False,244862.29045473572,248485.8623527513,-3621.991865250341,1.5800327652496817,0.0,-3623.5718980155907,-0.014576249251993863,-0.014582607894494845,1580.0327652496817,87984.85937506214,85437.37170817092,-3674.770830949869,52.778965699527845,12,12,0.02642895194230411,7.567458612683971,9.114202150532677,0.19758787173464665,0.039038269423286906
2023-11-17,False,244512.08383341876,244862.29045473572,-331.7093622000991,18.497259116863642,0.0,-350.20662131696275,-0.0013546772007403795,-0.0014302186778804985,18497.259116863643,85526.71871265737,83084.78897716521,-344.43132787360076,12.72196567350165,12,12,0.026537230703266374,7.5365814254078405,8.934374942755491,0.1942178964507918,0.038703361677513315
2023-11-18,False,244280.01515421717,244512.08383341876,-231.83313948794026,0.235539713646966,0.0,-232.06867920158723,-0.0009481459396742273,-0.000949109244677212,235.539713646966,85405.10513275722,82988.61932861205,-238.53795923478586,6.704819746845597,12,12,0.02659740755454368,7.51952984853344,8.934374942755491,0.1940251147553704,0.03858792507375129
2023-11-19,False,247140.7788144544,244280.01515421717,2860.960166237211,0.19650599998000234,0.0,2860.763660237231,0.011711806078082358,0.011711001648788966,196.50599998000234,85167.9778941156,82764.90172946414,2872.9944580905235,-12.034291853312604,12,12,0.0267528896316309,7.475827948078283,8.93437494275549,0.19385702724839193,0.040533204946944706
2023-11-20,False,245269.90562245998,247140.7788144544,-1870.1758271894316,0.6973648049853653,0.0,-1870.873191994417,-0.007567249064119448,-0.007570070795151983,697.3648049853653,87562.17932403219,85135.0345756741,-1888.3991834244478,18.223356235016116,12,12,0.02680431924392324,7.461484030986598,8.934374942755491,0.19920149855738684,0.03925444488246206
2023-11-21,False,240243.79372280254,245269.90562245998,-5025.837558350515,0.27434130693384734,0.0,-5026.111899657449,-0.02049104860865689,-0.02049216713686049,274.34130693384736,85647.09353788174,83256.39550199367,-5083.602159246415,57.76460089590013,12,12,0.02694062295918439,7.42373330798639,8.93437494275549,0.19539629018964585,0.038401171828337785
2023-11-22,False,244650.27488483742,240243.79372280254,4407.990252413668,1.5090903787802243,0.0,4406.481162034887,0.018347988033770742,0.018341706537981006,1509.0903787802242,80978.85767101208,78703.68883691583,4452.001376905782,-44.01112449211432,12,12,0.027810083802378947,7.191636005889759,8.93437494275549,0.19258733314811566,0.03511607694373842
2023-11-23,False,245394.36338250764,244650.27488483742,745.0521807221049,0.9636830518866373,0.0,744.0884976702183,0.0030453764299787456,0.003041437407010796,963.6830518866373,84511.18712052332,82147.99603744285,758.6337386708432,-13.581557948738263,12,12,0.02816602020421984,7.1007546877366785,8.934374942755491,0.20059294344639492,0.029396420966286252
2023-11-24,False,245752.9812244155,245394.36338250764,359.16018131645535,0.5423394085917699,0.0,358.6178419078636,0.001463604038682077,0.0014613939658787893,542.3394085917698,84741.06300855114,82350.70880957317,379.96231437718143,-20.802133060726028,12,12,0.02820284639248037,7.091482796336661,8.975874875239022,0.20155581255397678,0.03027027197243851
2023-11-25,False,246562.68087903748,245752.9812244155,809.9909863756466,0.29133175366704017,0.0,809.6996546219796,0.0032959558917252073,0.003294770425928555,291.3317536670402,84850.49570232202,82418.5372372226,829.5896902510411,-19.598703875394566,12,12,0.02831741141778221,7.062792465359597,8.975874875239022,0.20096658921414348,0.029659337366576506
2023-11-26,False,245999.95260979742,246562.68087903748,-562.4723269804336,0.25594225961838313,0.0,-562.728269240052,-0.0022812549124430555,-0.002282292953799135,255.9422596183831,85443.74183683006,82972.58596397984,-594.2772411641882,31.804914183754665,12,12,0.028367294385307246,7.050372773780971,8.975874875239022,0.2019663546018902,0.031155494693387072
2023-11-27,False,244045.54471936368,245999.95260979742,-1954.4078904337266,0.0,0.0,-1954.4078904337266,-0.007944749052589406,-0.007944749052589406,0.0,84817.65968148212,82410.11363699942,-1968.1613668375126,13.753476403785749,12,12,0.028434927335852025,7.033603344146095,8.975874875239022,0.20029343953819068,0.028844973560427103
2023-11-28,False,245258.9693435116,244045.54471936368,1213.424624147915,0.0,0.0,1213.424624147915,0.00497212364824473,0.00497212364824473,0.0,82835.74483824083,80455.7057465657,1223.3958945406596,-9.971270392744685,12,12,0.02875076955899631,6.956335537022823,8.975874875239022,0.1967442664501267,0.029949362722286325
2023-11-29,False,245128.59807822842,245258.9693435116,-130.37126528318902,0.0,0.0,-130.37126528318902,-0.000531565738990732,-0.000531565738990732,0.0,84069.11200317423,81669.13037071362,-126.58905927214805,-3.7822060110409885,12,12,0.028978752882404837,6.901608251107139,8.975874875239022,0.19910000194844088,0.032250411209696975
2023-11-30,False,244893.94255291365,245128.59807822842,-234.4781491748275,0.17737613995171658,0.0,-234.65552531477923,-0.0009565515856293438,-0.000957275190061231,177.3761399517166,83820.50977366178,81412.96372917909,-244.10558265747758,9.627433482650074,12,12,0.02924423561485274,6.838954610884848,8.975874875239022,0.1986827319665708,0.03435151456790509
2023-12-01,False,246541.4766989057,244893.94255291365,1647.7828325259052,0.24868653385737707,0.0,1647.5341459920478,0.00672855692283966,0.006727541436171166,248.68653385737707,83507.2400435436,81118.94886602621,1684.401463450985,-36.61863092507975,12,12,0.029498127490032888,6.780091382667525,8.97139240247282,0.19760926824015707,0.034261341243225905
2023-12-02,False,249132.85018062041,246541.4766989057,2591.8518670610533,0.47838534633883667,0.0,2591.3734817147147,0.010512843119806613,0.010510902734956388,478.3853463388366,84836.31917375822,82374.79073439068,2602.8546481840817,-11.002781123028557,12,12,0.029555386556544216,6.76695598676633,8.97139240247282,0.19865414581686774,0.03559734031288218
2023-12-03,False,249007.95475400207,249132.85018062041,-124.64770990448918,0.24771671384688307,0.0,-124.89542661833606,-0.0005003262709599317,-0.0005013205866981706,247.71671384688307,87202.45988921844,84718.92588760483,-122.92852535401599,-1.719184550473171,12,12,0.02935323575776328,6.813558874752145,8.97139240247282,0.2020915331989178,0.03533709828269123
2023-12-04,False,251560.51316610907,249007.95475400207,2552.642472412275,0.0840603052824415,0.0,2552.5584121069924,0.010251248699801823,0.01025091111899897,84.0603052824415,87076.78952014983,84589.81714943527,2563.6452535353037,-11.002781123028665,12,12,0.029256750644339555,6.836029141831408,8.97139240247282,0.20118329166103668,0.036068913964287554
2023-12-05,False,252063.08281142323,251560.51316610907,503.689845807682,1.1202004935315315,0.0,502.5696453141505,0.002002261163599584,0.0019978081575238974,1120.2004935315315,88594.36923117314,86085.39129821253,528.1022664244016,-24.41242061671956,12,12,0.02886992118822147,6.92762542357051,8.97139240247282,0.20358684466143706,0.039776121218106905
2023-12-06,False,252081.49763191573,252063.08281142323,19.25431188322534,0.8394913907366243,0.0,18.414820492488715,7.638687771517154e-05,7.305639638734981e-05,839.4913907366242,88307.39252747764,85749.5897532836,-14.269786851002323,33.52409873422769,12,12,0.02842836353670541,7.035227326461093,8.97139240247282,0.2028783919783518,0.03691241407637745
2023-12-07,False,253523.11275390568,252081.49763191573,1442.2948990682676,0.6797770783187314,0.0,1441.6151219899489,0.005721542091019616,0.005718845435038497,679.7770783187314,87643.34626795119,85152.59169122559,1470.317607240981,-28.02270817271339,12,12,0.02815518978352669,7.103486125922616,8.97139240247282,0.201804975282402,0.04066492555368787
2023-12-08,False,259961.33601127798,253523.11275390568,6459.828283676915,21.605026304598873,0.0,6438.223257372316,0.025480234182622456,0.02539501502421945,21605.026304598872,86174.36970067228,83843.47627397193,6530.318377855513,-70.49009417859818,12,12,0.028001710346476503,7.1424208566305065,8.864647412584198,0.1955103619194564,0.04203211579340409
2023-12-09,False,259498.7036338374,259961.33601127798,-456.5923553062792,6.040022134297997,0.0,-462.6323774405772,-0.00175638563146356,-0.0017796199409457825,6040.022134297998,88671.48947408923,87227.33959244067,-476.54019262758646,19.947837321307237,12,12,0.027499520087833882,7.272854193862184,8.864647412584196,0.20154077764548198,0.0382366615662027
2023-12-10,False,260760.2545939239,259498.7036338374,1263.3624884218414,1.8115283353565967,0.0,1261.5509600864848,0.004868473216746756,0.004861492340503487,1811.5283353565967,87699.69360971206,86757.29649561484,1268.5445621050155,-5.1820736831741945,12,12,0.027068536840396135,7.388652042009416,8.864647412584198,0.20017638224136364,0.03502327938161059
2023-12-11,False,254233.16751209396,260760.2545939239,-6525.9995132554695,1.0875685744679593,0.0,-6527.087081829937,-0.02502681830641047,-0.025030989066928255,1087.5685744679593,88815.44457669245,88396.22904651292,-6538.268706446426,12.269193190957077,12,12,0.026726626928976684,7.483174009630166,8.864647412584198,0.20312437970149722,0.03735251127757257
2023-12-12,False,254777.2638032899,254233.16751209396,544.1728921053982,0.07660090944099465,0.0,544.0962911959572,0.002140448067538283,0.0021401467657443806,76.60090944099466,82260.39216849147,81865.71502469387,543.4399978218676,0.7328942835306057,12,12,0.027085498826430306,7.384024982579903,8.864647412584196,0.19828057392854287,0.02980411287255197
2023-12-13,False,258253.8773089004,254777.2638032899,3476.7903843867693,0.17687877626845055,0.0,3476.613505610501,0.013646391881620772,0.013645697632951845,176.87877626845057,82831.95350006735,82438.74214483681,3478.880490306468,-2.0901059196984484,12,12,0.027160447550893148,7.36364890988047,8.864647412584198,0.19926354607685312,0.030829953987123716
2023-12-14,False,259110.0530650541,258253.8773089004,858.7150007091764,2.5392445554972576,0.0,856.1757561536791,0.0033250807680306675,0.003315248410112339,2539.2445554972574,83773.67954079625,83376.28797372631,858.1178275892626,0.5971731199138481,12,12,0.027184717560554884,7.357074781244028,8.8646474125842,0.20070088447187964,0.03157039359565758
2023-12-15,False,255396.93870708413,259110.0530650541,-3695.388497293757,17.725860676188482,0.0,-3713.1143579699456,-0.014261849177908839,-0.014330259725730146,17725.86067618848,85370.68010972941,84974.4828888993,-3700.8173438384283,5.428846544671274,12,12,0.027805856380985133,7.192729375412037,8.775707026324087,0.19822556100776817,0.029874468412891323
2023-12-16,False,256317.63366838775,255396.93870708413,921.6604332425813,0.9654719389573293,0.0,920.694961303624,0.0036087371990767584,0.0036049569190787097,965.4719389573293,82548.28733323797,82162.94780549721,925.0806065657242,-3.4201733231428815,12,12,0.028138537991403017,7.1076898188919655,8.775707026324087,0.19561867781291872,0.029902586407434335
2023-12-17,False,254488.89746926285,256317.63366838775,-1828.4507493185272,0.28544980635383355,0.0,-1828.736199124881,-0.007133534759782055,-0.007134648416311528,285.44980635383354,83485.06174593286,83092.8818715458,-1831.1923168235862,2.7415675050589825,12,12,0.028378017623406436,7.04770864033287,8.775707026324087,0.19678082142436545,0.02911033120382763
2023-12-18,False,256093.02697253172,254488.89746926285,1604.5205620568127,0.3910587879476443,0.0,1604.129503268865,0.00630487450734705,0.006303337863541224,391.0587879476443,82042.18664955186,81655.48991017493,1603.624802376942,0.8957596798707659,12,12,0.02882217615830218,6.939101298303264,8.775707026324087,0.19551191342314966,0.029803653514515926
2023-12-19,False,254329.61152515633,256093.02697253172,-1762.7227191734576,0.6927282019265476,0.0,-1763.415447375384,-0.00688313438289175,-0.006885839369474617,692.7282019265476,84053.1602700395,83668.25505002232,-1763.1027384315846,0.3800192581269933,12,12,0.029092522181724652,6.874618802409509,8.775707026324087,0.1989933637583211,0.03017904718557442
2023-12-20,False,256451.0848450502,254329.61152515633,2121.4742260930807,0.000906199202498101,0.0,2121.4733198938784,0.008341436191291633,0.008341432628202,0.9061992024981009,82290.58371155229,81906.43853005135,2119.0583893807016,2.4158367123787197,12,12,0.02945559865520229,6.789880672300547,8.775707026324087,0.19530607967313052,0.03138362518200697
2023-12-21,False,260070.93792789784,256451.0848450502,3621.526364355321,1.6732815076746377,0.0,3619.8530828476464,0.014121704209375743,0.01411517945043902,1673.2815076746379,84829.45192307826,84450.13841500207,3624.5393741876137,-3.013009832292563,12,12,0.029573321581829997,6.762852101229003,8.775707026324087,0.1982631033649524,0.032825399295571774
2023-12-22,False,260529.24967749082,260070.93792789784,466.15326109641467,7.841511503445861,0.0,458.3117495929688,0.0017924081206860997,0.0017622566875197386,7841.511503445861,81913.2310399482,81527.89151220744,473.4550596989975,-7.301798602582876,12,12,0.03075372537691996,6.50327716557214,8.914157276127362,0.1958370582197162,0.029921419483986723
2023-12-23,False,260872.9222771893,260529.24967749082,344.26342738514757,0.5908276866805646,0.0,343.672599698467,0.0013214002950198923,0.001319132497114621,590.8276866805646,82693.26581487463,82293.32268992868,341.1418406219616,3.121586763186003,12,12,0.03038269982751177,6.582693478046295,8.914157276127362,0.19442184483011873,0.028090225128905796
2023-12-24,False,259699.3913474587,260872.9222771893,-1172.8540202522288,0.6769094783742292,0.0,-1173.530929730603,-0.00449588255467165,-0.00449847734094715,676.9094783742291,83035.39086744128,82641.69091602173,-1176.5184916698818,3.6644714176530986,12,12,0.030338812701828016,6.592215785291734,8.91415727612736,0.19513498864529732,0.028237971825273284
2023-12-25,False,262555.64648148266,259699.3913474587,2856.5912625388137,0.33612851486759177,0.0,2856.255134023946,0.010999607075385496,0.010998312776954055,336.1285148675918,81959.62182340288,81573.25081481863,2859.685705069276,-3.0944425304626226,12,12,0.03055928563492437,6.544655604495939,8.91415727612736,0.1930599474687979,0.029017489521992925
2023-12-26,False,259895.10574237845,262555.64648148266,-2660.1508649330817,0.38987417111866557,0.0,-2660.5407391042004,-0.010131760259517767,-0.010133245179672193,389.8741711186656,84739.74960133394,84347.18970768877,-2657.409297428023,-2.7415675050589825,12,12,0.030424660714394522,6.573614801409304,8.91415727612736,0.19799719987579661,0.02659593142186859
2023-12-27,False,264559.36803111184,259895.10574237845,4664.302030432379,0.039741699009467994,0.0,4664.26228873337,0.017946863666820558,0.017946710752440368,39.74169900946799,82124.82357042046,81726.78054176517,4671.6581175004085,-7.356087068029609,12,12,0.030449822854992353,6.568182710041918,8.91415727612736,0.19425105934777775,0.02663972787779272
2023-12-28,False,262773.33384558675,264559.36803111184,-1782.5181961164776,3.5159894086139634,0.0,-1786.0341855250915,-0.006737686929713469,-0.006750976912354343,3515.9894086139634,83702.20155014304,83702.20155014304,-1782.5181961164776,0.0,12,12,0.02999787119330971,6.667139768391468,8.91415727612736,0.19927517868648345,0.029533489686764888
2023-12-29,False,261380.32584905202,262773.33384558675,-1376.0326043299353,16.975392204798695,0.0,-1393.007996534734,-0.005236576269715907,-0.005301177163407707,16975.392204798693,79056.14404592937,79056.14404592937,-1376.0326043299353,0.0,12,12,0.02640602343899974,7.574029480887866,8.948507390033303,0.18935413480394242,0.03834584330730872
2023-12-30,False,260972.62305181104,261380.32584905202,-407.2890838276459,0.41371341334938777,0.0,-407.7027972409953,-0.0015582239501180234,-0.00155980675254206,413.7134133493878,78093.8248549488,78093.8248549488,-407.2890838276459,0.0,12,12,0.026388660103837433,7.579013076564507,8.948507390033303,0.18798401897689745,0.03417763329401422
2023-12-31,False,260050.63497564505,260972.62305181104,-921.8022052080465,0.1858709579293386,0.0,-921.9880761659758,-0.0035321797145942036,-0.0035328919385652687,185.8709579293386,77872.40672905049,77872.40672905049,-921.8022052080465,0.0,12,12,0.026368899458214128,7.58469272928637,8.948507390033303,0.1867582711496057,0.03383083534870498
2024-01-01,False,262933.13288364885,260050.63497564505,2882.860824377819,0.36291637403143023,0.0,2882.4979080037874,0.01108576729546464,0.011084371735042089,362.9163740314302,77313.5208978739,77313.5208978739,2882.860824377819,0.0,12,12,0.026462813099625213,7.557775480900501,8.948507390033303,0.1858131876427802,0.03328386702192699
2024-01-02,False,261779.67355990055,262933.13288364885,-1153.1968251511275,0.2624985971780443,0.0,-1153.4593237483057,-0.004385893905814568,-0.00438689225316737,262.4985971780443,80132.05577499076,80132.05577499076,-1153.1968251511275,0.0,12,12,0.026380557555900533,7.5813409013891775,8.948507390033303,0.19087359207081434,0.029775025583063188
2024-01-03,False,256453.95632573494,261779.67355990055,-5325.640941786712,0.07629237890790501,0.0,-5325.71723416562,-0.020343981904187437,-0.020344273341554864,76.292378907905,79055.15132874754,79055.15132874754,-5325.640941786712,0.0,12,12,0.026435324321968563,7.56563443535262,8.948507390033303,0.1886979014165658,0.02826677909492013
2024-01-04,False,258285.65057430882,256453.95632573494,1832.9253530448868,1.231104471001057,0.0,1831.6942485738857,0.007147190783505781,0.007142390294214684,1231.104471001057,74379.52633083644,74379.52633083644,1832.9253530448868,0.0,12,12,0.02728491706511514,7.330057097945444,8.948507390033303,0.18496716442837793,0.0316715151118762
2024-01-05,False,256481.33125851137,258285.65057430882,-1769.4340148812282,34.88530091622554,0.0,-1804.3193157974538,-0.006850686481989296,-0.006985751286552215,34885.30091622554,86435.60010264577,86435.60010264577,-1769.4340148812282,0.0,12,12,0.02829476438433264,7.068445500494922,8.966851203843799,0.19562966128352355,0.023318835378662493
2024-01-06,False,254336.9997232373,256481.33125851137,-2143.0319289744834,1.299606299586688,0.0,-2144.33153527407,-0.00835550844367105,-0.008360575503691401,1299.606299586688,85739.97077276754,85739.97077276754,-2143.0319289744834,0.0,12,12,0.028797940506142525,6.944941078593469,8.966851203843799,0.19292403274750133,0.026415979400367162
2024-01-07,False,252514.7855385854,254336.9997232373,-1819.9207353517413,2.293449300178005,0.0,-1822.2141846519194,-0.007155548494053678,-0.007164565858034042,2293.449300178005,85857.48071485698,84750.29654747916,-1831.7280010001948,11.80726564845352,12,12,0.02962416806006741,6.751244443201586,8.966851203843799,0.19148606955006092,0.03302563251786918
2024-01-08,False,256319.46635326417,252514.7855385854,3808.6067826776393,3.9259679988635083,0.0,3804.6808146787757,0.015082708026598574,0.015067160548891517,3925.9679988635085,84938.40720295598,82481.37344763533,3875.922775974096,-67.31599329645671,12,12,0.030879596531123186,6.476768561351582,8.9668512038438,0.18773225875163518,0.036826602597145174
2024-01-09,False,254840.99940169606,256319.46635326417,-1475.2927516713157,3.174199896786241,0.0,-1478.4669515681019,-0.0057556797096247085,-0.005768063474080629,3174.199896786241,88412.8749624139,85655.63906087835,-1490.9588647482224,15.666113076906585,12,12,0.03140877318206836,6.367647626370276,8.966851203843799,0.1932379290611963,0.0304315358425558
2024-01-10,False,258979.85426118324,254840.99940169606,4141.141901450465,2.287041963290405,0.0,4138.854859487175,0.01624990449406825,0.016240930106239528,2287.041963290405,86710.17040544986,83440.92943253885,4217.272904850095,-76.13100339962928,12,12,0.03218546661293477,6.213984790253858,8.9668512038438,0.18891646129200437,0.035960495496253936
2024-01-11,False,259849.5865054641,258979.85426118324,870.5612262590084,0.8289819781296465,0.0,869.7322442808788,0.003361501722759642,0.003358300771162482,828.9819781296464,90174.59233556993,86753.08935585967,914.2389493632829,-43.67772310427444,12,12,0.03215843419506814,6.219208273227191,8.966851203843799,0.19629094044069265,0.02690568400477971
2024-01-12,False,255141.48976170327,259849.5865054641,-4681.38363336915,26.713110391682548,0.0,-4708.096743760832,-0.01801574401685919,-0.018118546221592046,26713.11039168255,87738.81277253988,84229.95434662109,-4655.030593730817,-26.353039638333232,12,12,0.02745329886851501,7.285098995129189,9.16822387736261,0.20482577735787522,0.028342657368242923
2024-01-13,False,256214.7379886576,255141.48976170327,1074.8523797052517,1.6041527509182818,0.0,1073.2482269543334,0.004212769866277496,0.004206482559762133,1604.152750918282,84247.17688105127,80685.6123758558,1050.939436329727,23.912943375524723,12,12,0.027638828500757343,7.236196714868712,9.16822387736261,0.20074374056549737,0.028801619211460586
2024-01-14,False,255338.8582173177,256214.7379886576,-875.7401489697867,0.13962237013740514,0.0,-875.8797713399241,-0.0034179928752129584,-0.003418537817987264,139.62237013740514,85134.58100386805,81620.84238542363,-928.9342474990149,53.19409852922818,12,12,0.027789380997137566,7.196993701320693,9.168223877362612,0.20179037066770608,0.0295593502309643
2024-01-15,False,257866.86852424606,255338.8582173177,2528.5517665203665,0.5414595919959215,0.0,2528.0103069283705,0.009902729980754938,0.009900609427715043,541.4595919959215,84377.75910273225,80970.40868134629,2511.715102306987,16.836664213379464,12,12,0.027955407151270897,7.154251015475111,9.16822387736261,0.1992318078605052,0.02579566571594593
2024-01-16,False,258320.36917646596,257866.86852424606,454.39105904804575,0.8904068281457552,0.0,453.5006522199,0.0017621149302680635,0.001758661959232112,890.4068281457553,86230.50798103755,82856.83088807834,462.1993670890337,-7.808308040987906,12,12,0.028006533579951066,7.141190802105308,9.16822387736261,0.20030267072619112,0.02740909895531121
2024-01-17,False,258081.77486533357,258320.36917646596,-238.4397485392628,0.15456259313324472,0.0,-238.59431113239606,-0.0009230388966205676,-0.0009236372334595322,154.56259313324472,86545.95306303434,83156.65935399316,-237.70771966042003,-0.7320288788427806,12,12,0.028094348047120646,7.118869591298374,9.168223877362609,0.20056701105018174,0.026538512990481093
2024-01-18,False,255502.17430890954,258081.77486533357,-2579.393199585995,0.2073568380489419,0.0,-2579.6005564240436,-0.009994480241512272,-0.009995283695526632,207.35683804894188,86101.62053420382,82710.86276740495,-2612.578508760192,33.185309174197364,12,12,0.02826473031016024,7.075956423617692,9.168223877362609,0.2006915643825696,0.02131692499786202
2024-01-19,False,257160.79927776035,255502.17430890954,1663.7943111029754,5.169342252176124,0.0,1658.6249688507992,0.006511859695923369,0.006491627608794724,5169.342252176124,83373.15712540623,80048.76997695575,1741.8773915128509,-78.0830804098756,12,12,0.027634983719984584,7.237203467406696,9.287619701150058,0.20096054814856903,0.037847229941046605
2024-01-20,False,257427.4342818087,257160.79927776035,267.89631409769186,1.2613100493257974,0.0,266.63500404836606,0.0010417463114521435,0.0010368415590448238,1261.3100493257975,84730.14393655056,81249.59062728033,268.87235260281534,-0.9760385051234902,12,12,0.027909735832585818,7.165958187482786,9.287619701150058,0.20434355399930892,0.03719222203080534
2024-01-21,False,256628.40172003506,257427.4342818087,-797.4313087746204,1.6012529990078763,0.0,-799.0325617736283,-0.003097693573334004,-0.0031039137844916655,1601.2529990078763,85234.55850993237,81752.05312365189,-787.4269140971052,-10.004394677515267,12,12,0.027722494479677694,7.2143580061531765,9.287619701150058,0.1982457081802905,0.03530337422432666
2024-01-22,False,252557.95827502597,256628.40172003506,-4069.5105150921718,0.9329299169085934,0.0,-4070.4434450090803,-0.015857599890801422,-0.01586123522465635,932.9299169085934,84610.03412227855,81107.51994664305,-4176.874750655751,107.36423556357938,12,12,0.027839169954507505,7.18412223952164,9.287619701150058,0.1948518402570296,0.03696262374113557
2024-01-23,False,251463.87481351075,252557.95827502597,-1091.5884071133444,2.495054401870103,0.0,-1094.0834615152144,-0.004322130312459393,-0.004332009448396789,2495.054401870103,81562.70384314064,78274.9181386323,-1137.4622168541468,45.87380974080246,12,12,0.02857313340337593,6.999582341094236,9.287619701150058,0.19369503680810238,0.03550134757021904
2024-01-24,False,251370.50879167632,251463.87481351075,-91.29455723097726,2.071464603444073,0.0,-93.36602183442133,-0.0003630523760070214,-0.0003712899990253587,2071.464603444073,82040.05147621459,77892.05198129373,-76.07407223458549,-15.22048499639178,12,12,0.029423020402312445,6.797398678494659,9.287619701150058,0.19457323361144724,0.03288696508534122
2024-01-25,False,250323.94535873638,251370.50879167632,-1044.9230387496236,1.640394190309348,0.0,-1046.563432939933,-0.0041569038618432565,-0.004163429663927975,1640.3941903093482,83400.16864678443,78067.64476760074,-1068.5480071360626,23.62496838643878,12,12,0.030221561316227396,6.617791778104147,9.28761970115006,0.1959119618214419,0.03211793331095369
2024-01-26,False,253142.91940982212,250323.94535873638,2820.5406119219256,1.566560836201128,0.0,2818.9740510857246,0.01126756214983685,0.011261304015666121,1566.560836201128,83779.3626394919,77364.60995318905,2914.3846289321705,-93.84401701024444,12,12,0.031105903933188923,6.4296475816800465,9.30861891289019,0.19553820062060137,0.03430600373319243
2024-01-27,False,253999.30363760574,253142.91940982212,856.6411361781371,0.25690839451080955,0.0,856.3842277836263,0.003384021714592341,0.0033830068396943597,256.90839451080956,86860.59933946244,79928.24217060016,875.4786013159073,-18.837465137769968,12,12,0.03163100042182731,6.322910983934225,9.308618912890191,0.2001625518681225,0.030762072875761194
2024-01-28,False,254424.2650110556,253999.30363760574,425.2379064583936,0.27653300854491975,0.0,424.9613734498487,0.0016741695759335744,0.0016730808603167022,276.53300854491977,87962.72086507217,80508.35029823339,408.2881185765506,16.949787881843076,12,12,0.03202962253315401,6.244219699841267,9.308618912890191,0.20097861719292034,0.02912309588416796
2024-01-29,False,256943.60376147635,254424.2650110556,2519.6930865189497,0.3543360981971218,0.0,2519.3387504207526,0.009903509346521884,0.009902116648784575,354.3360981971218,88591.72676378055,80579.25210649465,2569.8519023926897,-50.158815873740686,12,12,0.03244061478243021,6.165111276137705,9.308618912890193,0.20140228823784614,0.028381680789655712
2024-01-30,False,256949.1155047831,256943.60376147635,5.595142684225294,0.08339937746609939,0.0,5.511743306759195,2.1775761693680176e-05,2.1451179270746934e-05,83.3993774660994,91202.09326915219,83015.54581554749,-126.57604294402998,132.17118562825527,12,12,0.03249938602860175,6.15396241098173,9.30861891289019,0.20633003828110014,0.025503825079391817
2024-01-31,False,255224.80053869175,256949.1155047831,-1723.8947580277777,0.4202080635707334,0.0,-1724.3149660913484,-0.006709090064938119,-0.006710725439563734,420.20806357073343,91320.64447821885,82600.932894661,-1783.108199585913,59.213441558135465,12,12,0.03269832387603761,6.116521469363953,9.308618912890191,0.20575471561127984,0.028972085438652324
2024-02-01,False,257903.6170308439,255224.80053869175,2679.4641147675566,0.64762261540595,0.0,2678.8164921521507,0.010498447286909931,0.010495909827329047,647.62261540595,89982.89885272179,80552.15705082333,2715.8010901640782,-36.336975396521424,12,12,0.03312281521669662,6.038134098552818,9.30861891289019,0.20177827789253572,0.029759993312653308
2024-02-02,False,259440.7381829127,257903.6170308439,1538.963761176465,1.8426091076557867,0.0,1537.1211520688091,0.005967205031453332,0.005960060466639278,1842.6091076557868,91897.62146938268,81819.03157879716,1580.6730242419007,-41.70926306543583,12,12,0.033345413739260914,5.997826314703058,9.306565480998284,0.2053866386289902,0.03236143104506923
2024-02-03,False,258653.84632386192,259440.7381829127,-786.5503752940597,0.3414837567179034,0.0,-786.8918590507776,-0.0030317149912652518,-0.003033031221550093,341.48375671790336,93455.75501513563,83016.51158325572,-707.9581748237815,-78.59220047027819,12,12,0.03323777859467199,6.017249300531173,9.306565480998284,0.20752127579300128,0.028127533622928684
2024-02-04,False,259169.9513727371,258653.84632386192,516.1933913184719,0.08834244330186083,0.0,516.10504887517,0.001995691920514274,0.0019953503735218076,88.34244330186084,92738.04659748026,82141.6187646598,361.21429384458816,154.97909747388366,12,12,0.03321065703520527,6.022163301014736,9.306565480998286,0.20526618375918246,0.024160957063524644
2024-02-05,False,260047.15610063085,259169.9513727371,877.5986298496445,0.3939019558896084,0.0,877.2047278937548,0.003386189738437254,0.0033846698787706403,393.9019558896084,93150.40949684774,82263.91020008868,923.4124182876542,-45.81378843800981,12,12,0.033356992391950384,5.995744389960753,9.306565480998284,0.20506553067266994,0.023977290929826506
2024-02-06,False,259536.63246709193,260047.15610063085,-510.11587226987507,0.40776126903506726,0.0,-510.52363353891013,-0.0019616283443318057,-0.0019631963725123456,407.76126903506724,93947.16028124958,82746.4474390175,-508.96982532877024,-1.146046941104883,12,12,0.033448493951514516,5.9793424567907705,9.306565480998284,0.20644560540962564,0.02785488749490478
2024-02-07,False,261490.73772296542,259536.63246709193,1954.4487620443115,0.3435061708018757,0.0,1954.1052558735096,0.007530531406937812,0.007529207870574037,343.50617080187567,93524.69421687571,81898.40624096454,2033.9593931587488,-79.51063111443698,12,12,0.033341558060004564,5.998519914398164,9.306565480998284,0.2014443836196682,0.028200282177496865
2024-02-08,False,262357.9869766811,261490.73772296542,867.3109200657416,0.06166635003666511,0.0,867.2492537157049,0.003316794038741855,0.0033165582126067736,61.66635003666511,95576.49789111226,83791.1886529722,921.0649883812263,-53.75406831548465,12,12,0.033194527667565546,6.025089496767278,9.306565480998284,0.2044258560406394,0.02824564148642628
2024-02-09,False,264480.0181074929,262357.9869766811,2122.235960818007,0.2048300062101225,0.0,2122.0311308117966,0.008089084633076695,0.008088303905916182,204.83000621012252,96486.5562506827,84593.73887591166,2219.8644772978705,-97.62851647986368,12,12,0.03299997248149352,6.060611114514129,9.272083553698456,0.2039762042278725,0.03340073923867536
2024-02-10,False,265729.1529493256,264480.0181074929,1249.866599656693,0.731757823976226,0.0,1249.1348418327168,0.004725750582596787,0.004722983803354965,731.7578239762261,98868.11222365317,86780.03781592242,1236.5221952589047,13.344404397788438,12,12,0.03233895198117796,6.184492314914991,9.272083553698454,0.20486104238393574,0.029475214063898806
2024-02-11,False,266998.67449095286,265729.1529493256,1269.521541627244,0.0,0.0,1269.521541627244,0.004777501932086996,0.004777501932086996,0.0,100091.29001451429,88029.9044155791,1305.0708220165911,-35.54928038934735,12,12,0.03188009129531919,6.273507755900471,9.272083553698454,0.20715338421044804,0.022127922174258827
2024-02-12,False,269463.4074061982,266998.67449095286,2465.5817746523567,0.848859407014179,0.0,2464.7329152453426,0.009234434513029396,0.009231255248530678,848.8594070141789,101135.22504214557,89002.74088243167,2545.429920952877,-79.84814630052037,12,12,0.03133783409170785,6.382061996202891,9.272083553698454,0.20842222500693408,0.02640941998988736
2024-02-13,False,268115.99097144126,269463.4074061982,-1346.534519119749,0.8819156372243415,0.0,-1347.4164347569733,-0.004997096014190667,-0.0050003688728163095,881.9156372243415,102878.58747217461,90586.40701985969,-1497.5507482475332,151.0162291277842,12,12,0.030736270829261052,6.506970253840919,9.272083553698454,0.21013965081869007,0.03000079357997476
2024-02-14,False,271311.5593973626,268115.99097144126,3195.639151332574,0.07072541124232067,0.0,3195.5684259213317,0.011918868172517774,0.011918604385896968,70.72541124232066,101300.74590604161,89310.59791198227,3324.6208175325464,-128.98166619997212,12,12,0.030384841887664247,6.582229413581276,9.272083553698458,0.20571921247090164,0.023726873312450967
2024-02-15,False,272713.6155323636,271311.5593973626,1402.7494571846935,0.6933221836938119,0.0,1402.0561350009996,0.0051702531963639204,0.0051676977498314024,693.3221836938119,104061.02620608032,91812.91487962102,1601.453211422673,-198.70375423797992,12,12,0.029906265276343956,6.687561892196592,9.272083553698456,0.20997160600936887,0.02804449318517266
2024-02-16,False,272693.78713866934,272713.6155323636,5.875601647954596,25.70399534222061,0.0,-19.828393694266016,2.1544951602379106e-05,-7.270775115338138e-05,25703.99534222061,106169.65959129803,94125.76810533118,42.77758444576014,-36.90198279780555,12,12,0.02972295427563416,6.728806233233452,9.130880011933499,0.209392661677559,0.043130607747810884
2024-02-17,False,272098.90224324755,272693.78713866934,-593.7141336386302,1.1707617831492916,0.0,-594.8848954217794,-0.002177219143378271,-0.0021815124637191334,1170.7617831492917,105259.8770112506,93877.87791748592,-711.4399134725152,117.7257798338851,12,12,0.02913351171561416,6.864946524548555,9.130880011933499,0.20822441510643133,0.04219932344383977
2024-02-18,False,272695.52238410874,272098.90224324755,597.180409435569,0.5602685743678331,0.0,596.6201408612012,0.002194718187071954,0.002192659124834845,560.268574367833,104739.75482076996,93824.47415265763,670.4118328359355,-73.23142340036644,12,12,0.028837062519549737,6.93551917309235,9.1308800119335,0.20844323612045437,0.03756428861532457
2024-02-19,False,272890.9435826715,272695.52238410874,196.05146984141336,0.6302712786420789,0.0,195.42119856277128,0.0007189390868151571,0.0007166278230542717,630.2712786420789,104853.12679836416,94345.82816533012,241.75084973288727,-45.699379891473896,12,12,0.028501290000747276,7.017226237645953,9.130880011933499,0.2086157710494478,0.03795790975550189
2024-02-20,False,271820.89379780093,272890.9435826715,-1069.3340003192534,0.7157845513076254,0.0,-1070.049784870561,-0.0039185397150979535,-0.003921162684339477,715.7845513076254,104424.79247668092,94743.15490107992,-1108.1396149539705,38.80561463471716,12,12,0.028040414346369145,7.132562219997912,9.130880011933499,0.20623413582426878,0.0341306088298917
2024-02-21,False,272419.7749640017,271820.89379780093,599.6201217965873,0.7389555958039842,0.0,598.8811662007834,0.0022059383052526714,0.0022032197666389556,738.9555958039841,103061.39265667278,93922.95158475218,512.6476665602961,86.97245523629135,12,12,0.027944211564937604,7.157117299059734,9.1308800119335,0.20478443692864598,0.03387950733146639
2024-02-22,False,271731.5565215773,272419.7749640017,-686.2120250600411,2.0064173643750745,0.0,-688.2184424244163,-0.0025189508549837065,-0.002526316022819413,2006.4173643750746,101819.92487788793,92894.28947409756,-732.725516539089,46.513491479047914,12,12,0.027950472659779877,7.155514056397181,9.1308800119335,0.20286031918688782,0.03552729073864774
2024-02-23,False,270980.63733128936,271731.5565215773,-750.1886940999145,0.7304961880321571,0.0,-750.9191902879467,-0.002760771342508188,-0.0027634596434084704,730.4961880321571,101771.18205790195,92938.57363706967,-786.6615642100719,36.47287011015731,12,12,0.02826478724657936,7.075942169853207,9.058547120602599,0.20088922050581315,0.03124470266719796
2024-02-24,False,272963.0915151055,270980.63733128936,1982.520483734579,0.06629991842673917,0.0,1982.4541838161524,0.007316096468216783,0.007315851801590121,66.29991842673917,101014.34754200846,92254.68486139647,2077.427067077497,-94.90658334291814,12,12,0.028325688394751868,7.060728664834697,9.0585471206026,0.2001004015404786,0.025958934926915082
2024-02-25,False,274127.53434616455,272963.0915151055,1165.7531513142023,1.3103202551511968,0.0,1164.442831059051,0.004270735449410349,0.004265935092527379,1310.3202551511968,104497.00144758007,95547.52560028227,1148.1607795272055,17.59237178699683,12,12,0.028117747148986502,7.112945391402347,9.058547120602599,0.20074251030778295,0.029799726971715686
2024-02-26,False,277302.14972173225,274127.53434616455,3177.6851620599086,3.069786492221643,0.0,3174.615375567687,0.011591995563813632,0.01158079717580951,3069.786492221643,108572.35279650163,99658.06169277779,3260.7422313312454,-83.05706927133667,12,12,0.027658587991360797,7.231027124829016,9.058547120602599,0.19984578479781467,0.03362515739015742
2024-02-27,False,278383.06097360235,277302.14972173225,1081.3552459868454,0.4439941167472889,0.0,1080.911251870098,0.0038995559431182414,0.003897954822762006,443.9941167472889,111472.15798035689,102488.98277009494,1314.9688580254483,-233.61361203860284,12,12,0.027446551488664737,7.286889942534268,9.058547120602599,0.20344023150367976,0.030941905141204692
2024-02-28,False,282743.1505928179,278383.06097360235,4361.892008441684,1.8023892261090506,0.0,4360.089619215575,0.01566866889525042,0.015662194402083322,1802.3892261090507,111218.3512243119,103968.04457434836,4324.637483402678,37.254525039005884,12,12,0.02699180764908066,7.409655648120774,9.058547120602599,0.20600100132948915,0.031014591801793667
2024-02-29,False,281432.81260140723,282743.1505928179,-1307.5691282749797,2.768863135702096,0.0,-1310.3379914106818,-0.004624582860923224,-0.004634375717549093,2768.863135702096,112736.87104697347,106664.35796182966,-1195.6512680746175,-111.9178602003621,12,12,0.026496863654675726,7.548063144624566,9.058547120602599,0.20972164335358034,0.03752583493628041
2024-03-01,False,285261.68949783756,281432.81260140723,3851.395407476023,22.51851104568326,0.0,3828.87689643034,0.013684955111935534,0.013604941303888297,22518.511045683255,99881.53026794453,95894.26167690582,3900.964652562165,-49.56924508614176,12,12,0.026871411028828666,7.442854407066024,8.912886553060364,0.1897054550098312,0.04132395583906578
2024-03-02,False,291270.494608472,285261.68949783756,6013.050205174513,4.2450945401185605,0.0,6008.805110634395,0.021079066788672635,0.021064185384346693,4245.094540118561,101701.61224397668,99059.9825407725,6107.864431809958,-94.81422663544478,12,12,0.026267138098790256,7.6140765411063605,8.912886553060362,0.19368872008018687,0.03391992029155844
2024-03-03,False,290746.3213679663,291270.494608472,-514.4425475754063,9.730692930248933,0.0,-524.1732405056551,-0.0017662020599337528,-0.0017996098135866895,9730.692930248933,100134.12672184651,99690.89242634123,-520.5928529161382,6.150305340732035,12,12,0.025663490196450995,7.793172264139584,8.912886553060362,0.19497825081010348,0.029529645274397106
2024-03-04,False,292967.51218597894,290746.3213679663,2224.201473997751,3.0106559851447825,0.0,2221.190818012606,0.007649972881970942,0.007639617958231995,3010.655985144783,99860.69217237104,99860.69217237104,2224.201473997751,0.0,12,12,0.02502420264872991,7.992262642987784,8.912886553060364,0.1918102781815776,0.026662932428681806
2024-03-05,False,285598.2351738927,292967.51218597894,-7367.568438117502,1.7085739687622008,0.0,-7369.277012086264,-0.0251480731878574,-0.025153905144977878,1708.5739687622008,102830.1318627963,102830.1318627963,-7367.568438117502,0.0,12,12,0.024636823594586427,8.117929619950967,8.912886553060362,0.1965016830466128,0.022288421789418457
2024-03-06,False,292333.2113776659,285598.2351738927,6735.20824735789,0.23204358467460498,0.0,6734.976203773215,0.02358280765725675,0.023581995174698746,232.04358467460497,95694.60700935342,95694.60700935342,6735.20824735789,0.0,12,12,0.024755953516896356,8.078864741101434,8.912886553060362,0.19148933502486745,0.023057871798478295
2024-03-07,False,296647.6058284729,292333.2113776659,4317.995693271437,3.6012424644868144,0.0,4314.39445080695,0.014770801007939562,0.01475848204340072,3601.2424644868142,99365.6320404548,99365.6320404548,4317.995693271437,0.0,12,12,0.024646953063019915,8.11459329226696,8.912886553060362,0.19790120124564575,0.021032150756188247
2024-03-08,False,297646.61698168016,296647.6058284729,1039.5051619887045,40.49400878144041,0.0,999.0111532072641,0.0035041751275409435,0.003367669698251031,40494.0087814404,103130.8876877579,103130.8876877579,1039.5051619887045,0.0,12,12,0.025032602963937823,7.989580639621125,8.841143799577354,0.19909510865306987,0.03605076620890746
2024-03-09,False,298757.21279007406,297646.61698168016,1112.3236100357558,1.7278016418595217,0.0,1110.5958083938963,0.003737061154315818,0.003731256278522569,1727.8016418595216,104280.72358379526,104280.72358379526,1112.3236100357558,0.0,12,12,0.02474703205717801,8.08177722233115,8.841143799577354,0.1986713686718149,0.03293041086958376
2024-03-10,False,300476.4494169446,298757.21279007406,1719.8672599827205,0.630633112218271,0.0,1719.2366268705023,0.0057567388714099745,0.005754628016557873,630.633112218271,105709.2549845878,105709.2549845878,1719.8672599827205,0.0,12,12,0.024540277660137354,8.149867037766866,8.841143799577354,0.20059041304945796,0.031965933185161964
2024-03-11,False,306473.8690204617,300476.4494169446,6002.6478876980045,5.228284180882286,0.0,5997.419603517123,0.019977099367839844,0.019959699387937836,5228.284180882287,105365.7727837901,105365.7727837901,6002.6478876980045,0.0,12,12,0.024398189259408554,8.197329640882058,8.841143799577356,0.19733209412191333,0.027833903928694285
2024-03-12,False,305415.9500588753,306473.8690204617,-1056.9394827640917,0.9794788222719053,0.0,-1057.9189615863636,-0.003448709954105501,-0.0034519059160496705,979.4788222719053,110388.94184921621,110388.94184921621,-1056.9394827640917,0.0,12,12,0.024231910163623988,8.253579624945635,8.841143799577356,0.20878186749770847,0.02440228501779667
2024-03-13,False,311858.4056232337,305415.9500588753,6443.195947857425,0.7403834990562272,0.0,6442.455564358369,0.02109646187966072,0.021094037698805353,740.3834990562273,108591.6188673959,108591.6188673959,6443.195947857425,0.0,12,12,0.02398326550584088,8.339147975962325,8.841143799577354,0.2033503508301103,0.026345589642138473
2024-03-14,False,310309.6524136963,311858.4056232337,-1540.3918687966063,8.36134074080053,0.0,-1548.753209537407,-0.004939395062057759,-0.004966206398837638,8361.340740800531,107090.0873300261,107090.0873300261,-1540.3918687966063,0.0,12,12,0.02382782218909944,8.39354928926297,8.841143799577356,0.20211637089470577,0.026554499989585974
2024-03-15,False,308321.5749785655,310309.6524136963,-1956.0309371041963,32.046498026573055,0.0,-1988.0774351307693,-0.00630348080341526,-0.006406753446651796,32046.498026573056,108285.62296319944,108285.62296319944,-1956.0309371041963,0.0,12,12,0.024591302172332012,8.132956872248212,8.620390628711016,0.20387235234382295,0.035420091752409885
2024-03-16,False,300275.8548219535,308321.5749785655,-8043.953700477879,1.76645613409035,0.0,-8045.720156611969,-0.026089493416207067,-0.02609522268161515,1766.4561340903501,106916.42061274308,106916.42061274308,-8043.953700477879,0.0,12,12,0.024649063187829046,8.113898628762245,8.620390628711014,0.20398933871254285,0.03084593152450357
2024-03-17,False,303257.91534147726,300275.8548219535,2982.677377619009,0.6168580952833363,0.0,2982.0605195237254,0.009933124257984602,0.009931069953299834,616.8580952833363,99469.07981415966,99469.07981415966,2982.677377619009,0.0,12,12,0.02492482785345742,8.024127635941014,8.620390628711014,0.2003449887410217,0.028972136570251442
2024-03-18,False,301745.48744010075,303257.91534147726,-1511.2361533364938,1.1917480400075842,0.0,-1512.4279013765013,-0.004983336219385396,-0.004987266036150988,1191.7480400075842,101993.68030814319,101993.68030814319,-1511.2361533364938,0.0,12,12,0.025044020907166314,7.98593807046257,8.620390628711014,0.20411109297609364,0.029970226046579698
2024-03-19,False,292143.78046632744,301745.48744010075,-9601.190755979373,0.5162177939275548,0.0,-9601.7069737733,-0.03181883791347599,-0.03182054868568441,516.2177939275548,100884.05513797468,100884.05513797468,-9601.190755979373,0.0,12,12,0.02509357638072698,7.970167223895961,8.620390628711014,0.20176167250469879,0.027422500673697236
2024-03-20,False,301154.28639074246,292143.78046632744,9012.451026307806,1.9451018927973855,0.0,9010.505924415009,0.030849368115665167,0.03084271008621921,1945.1018927973855,93227.96627479268,93227.96627479268,9012.451026307806,0.0,12,12,0.025611509810454042,7.808989063126787,8.620390628711014,0.19881161859959293,0.024037622610242657
2024-03-21,False,300649.4025498728,301154.28639074246,-503.64390441932704,1.2399364503326096,0.0,-504.88384086965965,-0.001672378336218857,-0.0016764956159866229,1239.9364503326096,101000.48085076787,101000.48085076787,-503.64390441932704,0.0,12,12,0.025903835785904446,7.720864263231234,8.620390628711014,0.2145966904728717,0.026287087202981403
2024-03-22,False,299402.1616689098,300649.4025498728,-1245.3352990540498,1.9055819089899724,0.0,-1247.2408809630397,-0.004142151251564416,-0.0041484894710746775,1905.5819089899724,98591.25503735855,98591.25503735855,-1245.3352990540498,0.0,12,12,0.025034832164438893,7.988869215751845,8.951488641977196,0.21868245077794626,0.02831753310339503
2024-03-23,False,299785.79837306816,299402.1616689098,383.6710536093409,0.03434945094086925,0.0,383.63670415840005,0.0012814571927961525,0.0012813424659994272,34.34945094086925,97311.57028736365,97311.57028736365,383.6710536093409,0.0,12,12,0.02517268599689939,7.945119564302146,8.951488641977196,0.21522805817650126,0.022804254016934596
2024-03-24,False,303622.255528881,299785.79837306816,3836.8690402385696,0.41188442572945994,0.0,3836.45715581284,0.012798701809962931,0.012797327880884352,411.88442572945996,97283.35691524354,97283.35691524354,3836.8690402385696,0.0,12,12,0.02534652260579508,7.890628750559778,8.951488641977196,0.21467820587592173,0.021783266491706275
2024-03-25,False,306587.7704102553,303622.255528881,2966.464691966616,0.9498105923196126,0.0,2965.5148813742967,0.009770247858805073,0.009767119594736733,949.8105923196126,100170.4153631625,100170.4153631625,2966.464691966616,0.0,12,12,0.02541253995864062,7.870130271334692,8.951488641977196,0.21849736379728413,0.0278039314191456
2024-03-26,False,307289.83961885737,306587.7704102553,703.6853874278635,1.6161788257738299,0.0,702.0692086020896,0.0022952167546873726,0.0022899452501403674,1616.1788257738299,101520.70122935527,101520.70122935527,703.6853874278635,0.0,12,12,0.02536603891475005,7.884557800772843,8.951488641977196,0.21922306875294736,0.02915539103997632
2024-03-27,False,306215.9203139388,307289.83961885737,-1073.2222964467605,0.6970084717684658,0.0,-1073.919304918529,-0.0034925407809705544,-0.0034948090254157105,697.0084717684658,101527.37814501466,101527.37814501466,-1073.2222964467605,0.0,12,12,0.025275193373110058,7.912896928131017,8.951488641977196,0.21864230351221203,0.0288172739760296
2024-03-28,False,307931.0796525384,306215.9203139388,1716.0302993581327,0.8709607585284693,0.0,1715.159338599604,0.005603987857975586,0.005601143587966255,870.9607585284693,99583.19509003944,99583.19509003944,1716.0302993581327,0.0,12,12,0.02534688377148527,7.890516317630965,8.951488641977196,0.21616647397433042,0.025188289954607968
2024-03-29,False,310874.30277104926,307931.0796525384,2989.9451254044734,46.72200689359966,0.0,2943.2231185108735,0.009709786776892581,0.009558057997367241,46722.00689359966,92681.27652397405,92681.27652397405,2989.9451254044734,0.0,12,12,0.024443524461209277,8.182126121680636,8.774237911981212,0.2106944728608816,0.03263265486907041
2024-03-30,False,309155.9932531907,310874.30277104926,-1716.0407336343178,2.268784224252239,0.0,-1718.30951785857,-0.005520046907505689,-0.005527344983300404,2268.7842242522393,93903.93273343462,93903.93273343462,-1716.0407336343178,0.0,12,12,0.024422847998711365,8.189053136249823,8.774237911981214,0.2134219574380276,0.0310413969726959
2024-03-31,False,313064.38808531367,309155.9932531907,3908.39483212293,0.0,0.0,3908.39483212293,0.012642144798797597,0.012642144798797597,0.0,92187.8919998003,92187.8919998003,3908.39483212293,0.0,12,12,0.024441051600303753,8.182953960848167,8.774237911981212,0.2103865591532391,0.026285677046763455
2024-04-01,False,308686.81453229167,313064.38808531367,-4375.982596042914,1.5909569791080398,0.0,-4377.573553022023,-0.013977899635299332,-0.013982981519536752,1590.9569791080398,94505.3298528152,94505.3298528152,-4375.982596042914,0.0,12,12,0.02442009007230528,8.189977981564416,8.774237911981212,0.21355156215476062,0.028133641698449657
2024-04-02,False,304686.50267472776,308686.81453229167,-4000.1710009631097,0.14085660079827722,0.0,-4000.311857563908,-0.012958671419198738,-0.012959127728293156,140.8566007982772,90270.20385757055,90270.20385757055,-4000.1710009631097,0.0,12,12,0.02452208935159905,8.155911885500014,8.774237911981212,0.20812462440261956,0.024394329080734755
2024-04-03,False,303481.0034199835,304686.50267472776,-1204.751995401923,0.747259342323071,0.0,-1205.4992547442462,-0.003954070773814594,-0.00395652332532496,747.259342323071,87017.2921989305,87017.2921989305,-1204.751995401923,0.0,12,12,0.024734816521377507,8.085768488605785,8.774237911981214,0.20548041426630198,0.025845878580393947
2024-04-04,False,306757.91285006807,303481.0034199835,3277.568650014213,0.6592199296440181,0.0,3276.9094300845686,0.010799913711496556,0.010797741516458924,659.2199296440181,86391.02095718717,86391.02095718717,3277.568650014213,0.0,12,12,0.02496299270345553,8.011859890994351,8.774237911981212,0.20467502733993853,0.025459872534243994
2024-04-05,False,305174.5715950101,306757.91285006807,-1582.4733847949867,0.8678702629770305,0.0,-1583.3412550579637,-0.005158704367533108,-0.005161533537463604,867.8702629770305,88964.49431173975,88964.49431173975,-1582.4733847949867,0.0,12,12,0.025118429880697613,7.9622811198756915,8.781247217993668,0.2099605978915033,0.02489764331815388
2024-04-06,False,307677.26131528715,305174.5715950101,2503.264054078666,0.5743338016039448,0.0,2502.689720277062,0.008202728166358133,0.008200846181897231,574.3338016039447,87667.35926833063,87667.35926833063,2503.264054078666,0.0,12,12,0.02533999652716546,7.89266090804678,8.781247217993666,0.2082597862531338,0.023500757029035507
2024-04-07,False,308209.61081051355,307677.26131528715,532.9557575540487,0.6062623276210065,0.0,532.3494952264276,0.0017321909174429083,0.0017302204685217585,606.2623276210065,89564.3609947883,89564.3609947883,532.9557575540487,0.0,12,12,0.02550286017874488,7.842257636917452,8.781247217993668,0.21159547999861786,0.023065593192785165
2024-04-08,False,309530.91909175157,308209.61081051355,1321.591643667522,0.28336242952482554,0.0,1321.308281237997,0.004287963766581027,0.004287044384382725,283.36242952482553,89813.9543228175,89813.9543228175,1321.591643667522,0.0,12,12,0.025625060275740987,7.8048596900019085,8.781247217993668,0.2116109620712643,0.02466863407648303
2024-04-09,False,306675.806447452,309530.91909175157,-2854.5090194305963,0.6036248689782073,0.0,-2855.1126442995746,-0.009222048084264108,-0.009223998212124516,603.6248689782074,90531.92109750681,90531.92109750681,-2854.5090194305963,0.0,12,12,0.025681991068010623,7.787558194781835,8.781247217993666,0.21213310093575005,0.025873672171313273
2024-04-10,False,307293.38498007547,306675.806447452,617.769532596466,0.1909999730065465,0.0,617.5785326234594,0.002014405830550311,0.002013783023113301,190.9999730065465,87868.41205108279,87868.41205108279,617.769532596466,0.0,12,12,0.025863327053484306,7.73295715537325,8.781247217993668,0.20861363084677823,0.02332150168587875
2024-04-11,False,306283.5373424082,307293.38498007547,-1009.2943169192118,0.5533207480219757,0.0,-1009.8476376672338,-0.003284464834752799,-0.0032862654616945663,553.3207480219758,88992.53702938932,88992.53702938932,-1009.2943169192118,0.0,12,12,0.02600624374285178,7.690460874611049,8.781247217993666,0.21046605752738556,0.027436658474073894
2024-04-12,False,298511.56258007174,306283.5373424082,-7771.283892706658,0.6908696298254576,0.0,-7771.974762336483,-0.025372842302062056,-0.02537509795587819,690.8696298254577,88555.01505134659,88555.01505134659,-7771.283892706658,0.0,12,12,0.026261430692111263,7.615731311244917,8.75313805388188,0.20922840583823193,0.025974255254699152
2024-04-13,False,290893.2793575325,298511.56258007174,-7615.47454355823,2.8086789810211887,0.0,-7618.283222539251,-0.025511489329715597,-0.02552089827507351,2808.678981021189,82705.75767342234,82705.75767342234,-7615.47454355823,0.0,12,12,0.027121591506113686,7.374198522048991,8.75313805388188,0.20628095220741105,0.02140282934485538
2024-04-14,False,295389.2652636219,290893.2793575325,4500.2037738524505,4.217867763010971,0.0,4495.98590608944,0.015470291317116743,0.015455791608590213,4217.867763010971,76763.73100503998,76763.73100503998,4500.2037738524505,0.0,12,12,0.02850900049652057,7.015328370575789,8.75313805388188,0.20227448466436024,0.02381580248976467
2024-04-15,False,292500.4962964399,295389.2652636219,-2886.230417364066,2.5385498179383785,0.0,-2888.7689671820044,-0.0097709387468371,-0.009779532660416434,2538.5498179383785,79759.09283108481,79759.09283108481,-2886.230417364066,0.0,12,12,0.029485210007799793,6.783061743399268,8.75313805388188,0.2093732095435557,0.023112949463637098
2024-04-16,False,290911.78341442556,292500.4962964399,-1585.8017398909396,2.9111421233756367,0.0,-1588.7128820143153,-0.005421535210948088,-0.005431487816705123,2911.1421233756364,76720.23000610241,76720.23000610241,-1585.8017398909396,0.0,12,12,0.030633871013722388,6.52872109797715,8.75313805388188,0.20373865285887888,0.026976580586058556
2024-04-17,False,288922.6710217872,290911.78341442556,-1984.8823414157991,4.230051222527146,0.0,-1989.1123926383264,-0.0068229698987070115,-0.0068375105652034975,4230.051222527146,75726.0646703063,75726.0646703063,-1984.8823414157991,0.0,12,12,0.0318244185716471,6.2844824501580465,8.75313805388188,0.2033733974884019,0.028923570432510797
2024-04-18,False,291911.66377099615,288922.6710217872,2993.0901464863327,4.097397277392811,0.0,2988.99274920894,0.01035948524185085,0.010345303601957718,4097.397277392811,74841.76425093305,74259.60059546781,2997.384603524425,-4.294457038092326,12,12,0.033168477293167194,6.029821575234044,8.75313805388188,0.20230250006326156,0.03163252376418591
2024-04-19,False,292070.5291076317,291911.66377099615,201.29903622404305,42.43369958846992,0.0,158.86533663557313,0.0006895888763868015,0.0005442240114125845,42433.69958846992,85691.85011007031,78764.61928683482,204.74816529356895,-3.4491290695258874,12,12,0.03812469208425788,5.245944008098161,9.145699386487957,0.20357468812036603,0.04613635552388629
2024-04-20,False,295143.99895096524,292070.5291076317,3077.076339178656,3.6064958451246936,0.0,3073.469843333531,0.01053538797146053,0.010523039940811415,3606.495845124694,87835.83822067369,78316.21514221786,3329.169596677766,-252.09325749911,12,12,0.039691110126306314,5.038911720119534,9.145699386487957,0.20258630430123745,0.04526399319970786
2024-04-21,False,295014.50214755913,295143.99895096524,-128.62876978708013,0.8680336190174065,0.0,-129.49680340609754,-0.00043581699185572906,-0.0004387580430785311,868.0336190174064,90737.09704001846,80576.18917426027,-165.64948948251143,37.02071969543132,12,12,0.04024631817017289,4.9693986703167,9.145699386487957,0.20709633384793133,0.04343968017789305
2024-04-22,False,297689.1430954057,295014.50214755913,2675.417704489707,0.7767566431494517,0.0,2674.6409478465575,0.009068766738631471,0.00906613379469992,776.7566431494517,91060.56975873404,80064.43157621344,2994.211575713932,-318.79387122422474,12,12,0.04085073827633818,4.895872349896924,9.145699386487957,0.20481516787272477,0.043787566266084224
2024-04-23,False,297330.3787287666,297689.1430954057,-358.44370349511297,0.32066314403653584,0.0,-358.7643666391495,-0.0012040872561490635,-0.0012051644306160334,320.66314403653587,94052.91206163564,82419.18613666661,-480.35373643457166,121.91003293945872,12,12,0.04083764386880054,4.897442189430462,9.145699386487957,0.2093886655401162,0.03533313321069753
2024-04-24,False,295625.9846483645,297330.3787287666,-1704.3721820644264,0.021898337646813388,0.0,-1704.3940804020733,-0.005732250398870962,-0.005732324048720468,21.89833764681339,93428.74995461482,82038.8440955247,-1889.1024045874158,184.73022252298932,12,12,0.04107666340727121,4.868944636934579,9.145699386487957,0.20814627094476879,0.035140540622407374
2024-04-25,False,295821.6645931916,295625.9846483645,196.5155376929391,0.835592865854616,0.0,195.67994482708448,0.0006647437907959499,0.0006619172704315492,835.5928658546159,91847.40561193768,80433.04224427955,176.26865705636013,20.246880636578958,12,12,0.041959217082254786,4.766533169766486,9.145699386487957,0.20528239983622046,0.03830943824956774
2024-04-26,False,294656.17660216015,295821.6645931916,-1164.4741508052564,1.0138402261565536,0.0,-1165.487991031413,-0.003936405916742506,-0.003939833117476944,1013.8402261565536,92462.80826277254,79938.88230507636,-1167.9766406942126,3.502489888956174,12,12,0.04272679415621261,4.680903492754075,9.173491705840668,0.20390154896058899,0.041218067283907915
2024-04-27,False,294699.6978265445,294656.17660216015,45.98747609242993,2.466251708040154,0.0,43.521224384389775,0.00015607165145063785,0.0001477017209897195,2466.251708040154,93457.68912858926,79251.75262026442,-42.06341818719976,88.05089427962967,12,12,0.043561640709480966,4.591195298033645,9.173491705840668,0.20276774189493063,0.04292282014333917
2024-04-28,False,294696.6736217187,294699.6978265445,-0.3893704354010481,2.634834390424946,0.0,-3.024204825825994,-1.3212447731460696e-06,-1.0261988214205743e-05,2634.834390424946,95675.30314918874,79256.29310590882,-133.46135996097306,133.07198952557204,12,12,0.04450556948849994,4.49381958929161,9.173491705840668,0.20237009169852244,0.0438783220482409
2024-04-29,False,294045.57941756595,294696.6736217187,-647.6824879627228,3.4117161900437973,0.0,-651.0942041527666,-0.0021977936839358662,-0.002209370727368746,3411.7161900437977,98559.18722794665,79683.41685473656,-582.461166178966,-65.22132178375674,12,12,0.04533492441553177,4.411609869839772,9.173491705840668,0.20073078644188883,0.046492627286523674
2024-04-30,False,290199.073016937,294045.57941756595,-3844.0538787652677,2.4525218636961115,0.0,-3846.5064006289635,-0.013072986461416696,-0.013081327079454736,2452.5218636961117,100237.02324551491,79246.10386681142,-4188.75904959104,344.7051708257719,12,12,0.0463405052034002,4.315878713927469,9.173491705840668,0.19960354152565019,0.04900753013534949
2024-05-01,False,287988.4474782466,290199.073016937,-2204.3135900305465,6.311948659850778,0.0,-2210.625538690397,-0.007595867096039604,-0.007617617505488646,6311.948659850777,101849.487315835,76956.91383259888,-1783.7722196620346,-420.5413703685118,12,12,0.04862795149009358,4.112860893199331,9.173491705840668,0.19809108589969687,0.05230247095553943
2024-05-02,False,288339.6239816151,287988.4474782466,357.0205469448115,5.84404357629351,0.0,351.17650336851796,0.0012397044050587456,0.0012194117730887255,5844.04357629351,106007.18960076755,78812.97546377683,496.80902954256464,-139.78848259775322,12,12,0.05011795340528938,3.99058593599499,9.173491705840668,0.20012188210885803,0.05612182881466217
2024-05-03,False,292976.9964067473,288339.6239816151,4638.9761258988865,1.6037007667105576,0.0,4637.3724251321755,0.016088583531601863,0.01608302168496918,1603.7007667105577,108029.76565672955,79248.73474032493,4988.501981640128,-349.525855741242,12,12,0.05148835413004898,3.884373532213541,9.185117575953358,0.20164706699101495,0.056438846097019886
2024-05-04,False,294326.4525658971,292976.9964067473,1349.5477979690986,0.09163881932226377,0.0,1349.4561591497763,0.004606326826067557,0.004606014041035128,91.63881932226377,113381.01524533035,83796.07204690157,1320.5029768039526,29.04482116514601,12,12,0.0518988478837078,3.8536500935078455,9.185117575953358,0.20979987025536312,0.04635558334739835
2024-05-05,False,295041.8681499063,294326.4525658971,715.727766224614,0.3121822154377051,0.0,715.4155840091763,0.002431748013082069,0.0024306873465578197,312.18221543770505,114984.65561640686,84833.43762943296,720.8512111266546,-5.1234449020405926,12,12,0.05172383888232914,3.866689022348025,9.185117575953356,0.208051877545479,0.05057386550110063
2024-05-06,False,294275.6325993136,295041.8681499063,-765.9558435913137,0.27970700133882836,0.0,-766.2355505926525,-0.002596092033969034,-0.002597040058746306,279.7070013388284,115744.57066625019,85269.45839431873,-619.8132584051936,-146.14258518612007,12,12,0.05153313408721224,3.8809981877199524,9.185117575953358,0.20611858610991543,0.05236761134017398
2024-05-07,False,292831.7321278632,294275.6325993136,-1442.2364665459918,1.664004904422989,0.0,-1443.9004714504147,-0.004900971425349867,-0.00490662600466289,1664.004904422989,116338.66575611578,85387.3321474804,-1882.842408228094,440.6059416821023,12,12,0.051440356863885775,3.8879979104579667,9.185117575953358,0.20415202460089518,0.05080181849071025
2024-05-08,False,292193.7932679724,292831.7321278632,-636.3873204189306,1.5515394718863964,0.0,-637.938859890817,-0.0021732184411662595,-0.0021785168405597,1551.5394718863963,115111.9952371352,84510.3272037952,-716.4548598971973,80.0675394782667,12,12,0.05239198989958169,3.8173774346676774,9.185117575953358,0.20289758123030824,0.05476969715820642
2024-05-09,False,294471.806379561,292193.7932679724,2279.0883393936206,1.075227805005406,0.0,2278.013111588615,0.0077999204360356044,0.007796240591255262,1075.227805005406,115193.35231714862,84177.44552681014,2482.998373466405,-203.91003407278444,12,12,0.05354609463974213,3.7350996621807635,9.185117575953358,0.20257286900463872,0.056813747621963645
2024-05-10,False,291549.07287308417,294471.806379561,-2896.64262479873,26.09088167811373,0.0,-2922.733506476844,-0.009836740095468043,-0.009925342403440725,26090.88167811373,109670.65992470528,84053.36011131792,-3385.7240864067053,489.08146160797463,12,12,0.05085222340200994,3.9329647087190094,9.174205210910904,0.2049973725940873,0.046237486069476405
2024-05-11,False,292216.6930402099,291549.07287308417,669.6416889656699,2.0215218399606796,0.0,667.6201671257093,0.0022968403993422243,0.002289906671788096,2021.5218399606795,107396.0056489523,82756.86875878088,605.4352432314416,64.20644573422815,12,12,0.05232785920567281,3.8220558424510935,9.174205210910904,0.20456948795858673,0.04490410881406666
2024-05-12,False,292525.19324433553,292216.6930402099,309.5959518479289,1.0957477222845187,0.0,308.5002041256444,0.0010594738740860627,0.0010557240961014977,1095.7477222845187,108397.5973357179,83886.8733370149,249.67714131033574,59.918810537593174,12,12,0.053550749677467015,3.7347749789608575,9.174205210910904,0.20644942298225813,0.04803855558647112
2024-05-13,False,293192.7759911907,292525.19324433553,674.9294944646108,7.346747609455137,0.0,667.5827468551556,0.002307252537735671,0.002282137615058503,7346.747609455137,114684.38908739811,90293.50270977033,726.1330823012199,-51.203587836609124,12,12,0.053407704323575576,3.744778071498473,9.174205210910904,0.20926587178501305,0.0509591285398503
2024-05-14,False,289976.0841653238,293192.7759911907,-3214.554822757223,2.1370031096623165,0.0,-3216.691825866885,-0.01096396325554013,-0.010971251985975037,2137.0031096623165,117267.61803956845,92077.51623000855,-3433.346593958183,218.79177120095954,12,12,0.054296477892060734,3.683480177067694,9.174205210910904,0.2117351904962835,0.05545393144787787
2024-05-15,False,294828.25155698304,289976.0841653238,4856.318830677496,4.151439018287307,0.0,4852.167391659209,0.0167473081259652,0.016732991638347825,4151.439018287307,117730.99626182069,91807.80097212018,5551.679475514116,-695.3606448366202,12,12,0.05625621936181028,3.555162473924984,9.174205210910905,0.21280457997620122,0.06367429084315775
2024-05-16,False,292173.0665719155,294828.25155698304,-2653.4055263860782,1.77945868145825,0.0,-2655.1849850675367,-0.00899983469146355,-0.009005870268692194,1779.4586814582499,125228.61015416475,97914.69357479103,-2380.904822029909,-272.500704356169,12,12,0.05551139161174717,3.602864100378211,9.174205210910905,0.21960901799801347,0.05365116861105471
2024-05-17,False,294626.2359038357,292173.0665719155,2491.069378797937,37.90004687778009,0.0,2453.169331920157,0.008526006205930638,0.008396288407769214,37900.04687778009,149566.72523864894,88870.3741735814,3686.7233167723543,-1195.6539379744172,12,12,0.06737267547116384,2.968562530748864,9.319651988352028,0.20877008467521935,0.06007231652460007
2024-05-18,False,294963.05466378096,294626.2359038357,338.6616111923869,1.8428512471349212,0.0,336.81875994525194,0.001149461826281228,0.001143206947989478,1842.8512471349213,152606.25124626083,92347.00931999061,440.6965438772528,-102.03493268486591,12,12,0.06501409946228127,3.076255791500003,9.319651988352028,0.21423393605817106,0.04418249838866742
2024-05-19,False,294359.4751857625,294963.05466378096,-599.4771718754962,4.102306142926303,0.0,-603.5794780184225,-0.0020323805385010717,-0.002046288402818528,4102.306142926303,149046.67657989662,96787.9770741093,-723.809562055862,124.33239018036602,12,12,0.061637142959910254,3.2447967312515296,9.31965198835203,0.21170607558006033,0.04082996123776681
2024-05-20,False,301113.66066973604,294359.4751857625,6758.187230534155,4.001746560646819,0.0,6754.185483973508,0.02295895936853822,0.022945364608056594,4001.7465606468195,144196.78806701355,100190.24646288063,8029.268230018778,-1271.0809994846231,12,12,0.05870092079856875,3.4071015799955973,9.31965198835203,0.2065872901047645,0.044093126868508956
2024-05-21,False,303114.8888148683,301113.66066973604,2012.4805444887656,11.252399356495484,0.0,2001.2281451322701,0.006683458133425807,0.006646088857878932,11252.399356495484,142244.7379400215,106177.0205582228,1828.415905072561,184.06463941620487,12,12,0.0547871984956291,3.6504878053941,9.31965198835203,0.21629380394679365,0.055577265221646195
2024-05-22,False,301805.8504329742,303114.8888148683,-1298.3428943803242,10.695487513717016,0.0,-1309.0383818940413,-0.0042833359306652385,-0.004318621190177019,10695.487513717015,133790.45695854115,104049.91947962067,-1611.7510457652338,313.4081513849094,12,12,0.051496412653488366,3.883765677927315,9.319651988352028,0.21074290409206806,0.05688811059468986
2024-05-23,False,299742.99165794114,301805.8504329742,-2057.8524295051147,5.006345528000893,0.0,-2062.8587750331158,-0.006818464342400571,-0.006835052309535134,5006.345528000893,127638.40371205917,102628.59603347199,-2224.5097164881645,166.65728698305017,12,12,0.049576143963471965,4.034198386775731,9.31965198835203,0.20835170355815452,0.056182813052034423
2024-05-24,False,299681.6495015267,299742.99165794114,-45.87604776791483,15.466108646487069,0.0,-61.3421564144019,-0.00015305127740990646,-0.0002046491765332214,15466.10864648707,131386.2901618599,94304.12646776464,99.95429989219949,-145.8303476601143,12,12,0.0557314153791281,3.5886402424816533,9.300021547447761,0.19313444690308254,0.03846145817493672
2024-05-25,False,300162.05014065607,299681.6495015267,483.8702576724418,3.4696185431306503,0.0,480.4006391293112,0.0016146142363981373,0.001603036555385964,3469.6185431306503,133499.96024279302,96304.32076158743,677.775371642243,-193.9051139698012,12,12,0.05368225135618258,3.725626160367174,9.300021547447761,0.1956978317034933,0.027486206652539626
2024-05-26,False,299435.7593835681,300162.05014065607,-723.2767547210668,3.0140023669363636,0.0,-726.2907570880031,-0.0024096209177080813,-0.0024196621683109606,3014.0023669363636,136185.2622737411,98817.30214553684,-1096.9447427139085,373.6679879928417,12,12,0.051701568839017845,3.868354568170573,9.300021547447763,0.20004627491276264,0.03397042051362724
2024-05-27,False,301201.7757556447,299435.7593835681,1768.5575026565,2.541130579849374,0.0,1766.0163720766507,0.005906300257181481,0.005897813860683345,2541.130579849374,135545.8507267679,98925.22657454932,2027.9294628812752,-259.37196022477525,12,12,0.05060492269822795,3.952184675642306,9.300021547447763,0.19924462370762758,0.03478142755258668
2024-05-28,False,299963.9123470302,301201.7757556447,-1233.3737350871363,4.489673527368112,0.0,-1237.8634086145044,-0.004094842176786277,-0.004109748043513339,4489.6735273681115,136582.16118197603,99620.09976362399,-1506.710895292996,273.33716020585956,12,12,0.048458107553186316,4.127276323791336,9.300021547447763,0.19979569146355972,0.04223859149417346
2024-05-29,False,299109.10914182646,299963.9123470302,-851.7930357547413,3.0101694490134343,0.0,-854.8032052037547,-0.0028396517070670034,-0.002849686812375041,3010.169449013434,136041.68281998494,99714.96475724636,-1071.2970092367607,219.50397348201952,12,12,0.046880985528439445,4.266121920126314,9.300021547447761,0.19807576489477358,0.04533176056588712
2024-05-30,False,298797.7359079057,299109.10914182646,-308.8177890783806,2.5554448423812626,0.0,-311.37323392076183,-0.0010324586568573899,-0.0010410021774800585,2555.444842381263,135575.3041566928,99989.45387779287,-497.3403414291768,188.5225523507962,12,12,0.04610908308787916,4.337540167927882,9.300021547447761,0.1991990707390414,0.04532484551696723
2024-05-31,False,298526.1676599936,298797.7359079057,-269.5183625257147,2.0498853864055437,0.0,-271.5682479121202,-0.0009020093867404157,-0.0009088698315834026,2049.8853864055436,135492.3045133753,100283.49933917695,-291.21905343205174,21.700690906337005,12,12,0.0458036767543876,4.366461694166107,9.286286307772034,0.19801561525145847,0.041482709225143806
2024-06-01,False,299753.13336212584,298526.1676599936,1227.8134112061255,0.847709073865295,0.0,1226.9657021322603,0.004112917205316968,0.004110077557856546,847.7090738652951,136027.0938429022,100861.69005051654,1280.0503000890067,-52.236888882881374,12,12,0.0453042726436633,4.414594658059784,9.286286307772034,0.19727141668086934,0.037886644460579176
2024-06-02,False,299298.59352707764,299753.13336212584,-453.53012050027684,1.0097145478995044,0.0,-454.5398350481763,-0.00151301210904233,-0.0015163805960922373,1009.7145478995044,138369.0955797736,103099.21800962217,-631.7347498618014,178.20462936152458,12,12,0.044732760649984764,4.47099613558208,9.286286307772034,0.1985873124182194,0.03921044995187189
2024-06-03,False,301154.30626033025,299298.59352707764,1856.6447346235705,0.9320013709569502,0.0,1855.7127332526136,0.00620331927639212,0.006200205324669281,932.0013709569503,138491.1575715072,103577.68926007883,2089.965190808169,-233.32045618459892,12,12,0.04468035910475809,4.4762397618845835,9.286286307772034,0.1989521112338881,0.03778630208772142
2024-06-04,False,307479.2710163677,301154.30626033025,6327.266321523937,2.301565486506082,0.0,6324.9647560374315,0.021010047640010788,0.02100240516092727,2301.5654865060824,139884.20718846718,104504.09796466962,6544.609210070191,-217.34288854625308,12,12,0.04465264302657285,4.479018182215547,9.286286307772034,0.19822153967462544,0.03566142584453014
2024-06-05,False,309493.08590142144,307479.2710163677,2022.2531051018414,8.438220048095587,0.0,2013.8148850537457,0.006576876218085586,0.006549433002091859,8438.220048095587,139212.12353483934,103397.32853394929,2053.232176203247,-30.979071101405417,12,12,0.04452820260695332,4.491535438009549,9.286286307772034,0.19855121207286283,0.03713584256961518
2024-06-06,False,309668.0922965152,309493.08590142144,175.70544599005407,0.6990508963115281,0.0,175.00639509374255,0.0005677201010106542,0.0005654614046838026,699.050896311528,140597.2838858325,104720.5307427396,13.208226818511584,162.4972191715425,12,12,0.04373627815298211,4.572862814262197,9.286286307772034,0.1995253773257061,0.04126792219368327
2024-06-07,False,305247.8763874796,309668.0922965152,-4401.342890951509,18.87301808409133,0.0,-4420.2159090356,-0.01421309783100646,-0.014274043787511466,18873.01808409133,127334.19546976592,106588.03111441986,-4834.119706024634,432.7768150731255,12,12,0.03877552270183246,5.157893074399443,9.273220420343154,0.20064069569840584,0.046958868903140244
2024-06-08,False,304427.8807558543,305247.8763874796,-819.1198138325215,0.8758177928005534,0.0,-819.9956316253221,-0.0026834578622677665,-0.0026863270641870906,875.8177928005534,122943.11674146871,103062.50601626893,-1040.9499331836091,221.83011935108786,12,12,0.039928424852155975,5.0089629315592905,9.273220420343156,0.19817217743537247,0.03202939788446252
2024-06-09,False,304569.85312084114,304427.8807558543,142.76618506962228,0.7938200827740147,0.0,141.97236498684828,0.0004689655386200261,0.0004663579585232128,793.8200827740147,122474.15677170802,103037.20628521041,294.7305660064968,-151.96438093687453,12,12,0.04117213395907858,4.857654456258744,9.273220420343154,0.19780552792875244,0.03071773227773702
2024-06-10,False,300136.94011942326,304569.85312084114,-4429.357892114694,3.5551093032008065,0.0,-4432.9130014178945,-0.014542995134706591,-0.014554667692797198,3555.1093032008066,125423.6980617953,105682.81881342395,-4484.915467646377,55.55757553168267,12,12,0.04198781893237586,4.763286235994138,9.273220420343154,0.2008954967243688,0.0343402033997693
2024-06-11,False,295597.3478797801,300136.94011942326,-4536.770271771814,2.821967871370285,0.0,-4539.592239643184,-0.015115667768074971,-0.015125070035820646,2821.967871370285,122938.38255149705,103308.61845418905,-4871.654581759448,334.8843099876337,12,12,0.04374674634975545,4.571768569964016,9.273220420343156,0.2025910916840901,0.03624098167183866
2024-06-12,False,298778.4147229213,295597.3478797801,3187.0124245458614,5.945581404644698,0.0,3181.066843141217,0.010781600198395637,0.010761486413724394,5945.5814046446985,122605.33175912086,103645.33628178813,3507.133771797945,-320.1213472520834,12,12,0.04617768379416515,4.331096399106777,9.273220420343154,0.20242957277382398,0.0388339248043782
2024-06-13,False,294765.8183557488,298778.4147229213,-4008.363212471563,4.233154701011932,0.0,-4012.5963671725754,-0.013415839347661062,-0.013430007555578417,4233.154701011932,128534.66767148279,108934.4294996459,-4380.856903683311,372.4936912117486,12,12,0.047098721481845546,4.246399768560408,9.273220420343154,0.2047848611446322,0.04823780868891304
2024-06-14,False,293815.9457565274,294765.8183557488,-943.111300099949,6.761299121385468,0.0,-949.8725992213344,-0.0031995273582289007,-0.0032224652251739254,6761.2991213854675,127794.31054039138,107663.09948958868,-1078.4374763033443,135.32617620339536,12,12,0.04933575126691411,4.0538553658171494,9.354555099048714,0.20643758226033426,0.05764335965124463
2024-06-15,False,294887.77598464285,293815.9457565274,1080.5092923499858,8.679064234525631,0.0,1071.8302281154602,0.0036775039202445368,0.0036479648010786982,8679.064234525631,128351.17451783849,107016.32038260497,1316.3390364493537,-235.829744099368,12,12,0.05276979937622207,3.790046624473609,9.354555099048715,0.2061230120001597,0.06829804901494473
2024-06-16,False,295517.76765551325,294887.77598464285,636.723489851878,6.731818981452594,0.0,629.9916708704253,0.002159206117397817,0.0021363777076443954,6731.818981452594,131836.23465496412,107784.10907181162,677.2643823019146,-40.5408924500366,12,12,0.05555548706996669,3.6000044378716294,9.354555099048715,0.2065116031274254,0.07530117480446535
2024-06-17,False,293239.53183513816,295517.76765551325,-2271.8929127880747,6.342907587016529,0.0,-2278.2358203750914,-0.007687838639321454,-0.007709302349058226,6342.907587016529,135681.21747629004,107907.6432038192,-2333.5302292930246,61.63731650494982,12,12,0.05786197117206745,3.456501670246397,9.354555099048715,0.2062917370456993,0.08197012381113387
2024-06-18,False,289219.6706192746,293239.53183513816,-4007.6179684183753,12.243247445152342,0.0,-4019.861215863528,-0.013666704292351324,-0.013708455987180913,12243.247445152341,141149.77203650467,106050.37411298233,-4712.214904520901,704.5969361025251,12,12,0.06188382193553029,3.2318624439252837,9.354555099048715,0.20517438331504625,0.09241190517073895
2024-06-19,False,290276.07972703077,289219.6706192746,1078.405598531398,21.996490775227112,0.0,1056.409107756171,0.0037286730747681353,0.0036526184595058733,21996.490775227114,150409.45290176957,100048.75023343264,1292.4949301383324,-214.0893316069343,12,12,0.0692387255428411,2.8885569229065466,9.354555099048715,0.2039714069865952,0.10670419932855511
2024-06-20,False,288841.7882725826,290276.07972703077,-1413.9269052684795,20.3645491797284,0.0,-1434.2914544482078,-0.0048709728565926105,-0.0049411286517200585,20364.549179728398,165868.4796015878,97230.44354814371,-1387.9343430957078,-25.992562172771557,12,12,0.07511465168367704,2.662596384554113,9.354555099048715,0.2031317616962381,0.11958517076919771
2024-06-21,False,288307.1246995389,288841.7882725826,-517.7009702429674,16.96260280071476,0.0,-534.6635730436822,-0.0017923340432804977,-0.001851060320050073,16962.60280071476,181126.0909094451,92837.29183487187,-906.3315462609073,388.63057601794,12,12,0.0811040785629404,2.465967230547981,9.405158940103444,0.2026389317602319,0.12995947698411808
2024-06-22,False,289784.9017544309,288307.1246995389,1500.2339508291757,22.45689593716795,0.0,1477.7770548920078,0.005203596520178452,0.0051257042517838655,22456.89593716795,201593.00775463812,87072.92514210806,1522.7696104613196,-22.535659632144018,12,12,0.08723847077288188,2.292566550377567,9.405158940103442,0.2000319798981458,0.1406875845723436
2024-06-23,False,287346.6523510307,289784.9017544309,-2420.7255411006854,17.523862299560314,0.0,-2438.2494034002457,-0.00835352541297011,-0.008413997377497822,17523.862299560315,219905.5206991927,79502.37411459003,-3596.356620518559,1175.631079417874,12,12,0.09287215434128508,2.1534980147552436,9.405158940103444,0.19676407085340972,0.1490753947606929
2024-06-24,False,284431.9360768934,287346.6523510307,-2892.376563223564,22.339710913718452,0.0,-2914.7162741372827,-0.010065809152668173,-0.010143553962746655,22339.710913718453,236571.59620896273,65878.4993573428,-3922.1272422822412,1029.7506790586772,12,12,0.09872240090545698,2.0258826585015197,9.405158940103444,0.1918044309697476,0.15942571134862055
2024-06-25,False,286517.6482312597,284431.9360768934,2099.9771811265796,14.265026760298806,0.0,2085.7121543662806,0.007383056945331453,0.007332904255176284,14265.026760298804,244615.4962464882,49682.206907394335,4763.400027899101,-2663.422846772521,12,12,0.10337916576838961,1.9346257876377086,9.405158940103444,0.1867556585988066,0.16359561056153674
2024-06-26,False,285009.3241932128,286517.6482312597,-1502.6805759626498,5.643462084298569,0.0,-1508.3240380469483,-0.00524463531387699,-0.005264332048507952,5643.46208429857,257046.33399367184,46138.722004222334,-2581.7833937638643,1079.1028178012148,12,12,0.10500886221062743,1.9046011526040418,9.405158940103444,0.19114143138301076,0.1484239252725121
2024-06-27,False,284736.15105365706,285009.3241932128,-265.34449935465545,7.82864020108279,0.0,-273.17313955573826,-0.0009310028719438449,-0.0009584708862737046,7828.64020108279,260471.4244083608,36807.401227176895,3673.374322235731,-3938.718821590386,12,12,0.10553893480723435,1.8950352338243484,9.405158940103444,0.19034100000523446,0.1446421678954349
2024-06-28,False,283661.784810325,284736.15105365706,-1072.514277555378,1.8519657766432545,0.0,-1074.3662433320212,-0.003766695144211836,-0.00377319929119068,1851.9657766432547,266644.8440286192,34690.090951178994,-3072.4175378353825,1999.9032602800046,12,12,0.1082725088815481,1.8471909634864312,9.461315061702695,0.19315339814953963,0.13860673311956853
2024-06-29,False,283028.2673915703,283661.784810325,-628.649906307772,4.867512446932409,0.0,-633.5174187547044,-0.0022161952718732585,-0.0022333548355070666,4867.512446932409,263512.30401795724,28750.06422669122,-37.048957353307344,-591.6009489544646,12,12,0.10874836972890958,1.8391080298358915,9.461315061702695,0.19051329758800742,0.14560673429246285
2024-06-30,False,283801.3797613556,283028.2673915703,779.6579414062242,6.545571620936615,0.0,773.1123697852876,0.002754699905389893,0.0027315729870744133,6545.571620936615,265531.8598958406,21575.84269944681,3733.1316994287577,-2953.4737580225337,12,12,0.10750429832593544,1.8603907296211797,9.461315061702695,0.1896426175570182,0.14600255780621751
2024-07-01,False,282214.96493137133,283801.3797613556,-1583.2515104402623,3.163319543978836,0.0,-1586.4148299842411,-0.005578730842575872,-0.005589877086990325,3163.319543978836,269819.07471228973,19192.181096874192,-1663.4364805809923,80.18497014073,12,12,0.10928605982086029,1.8300595732688723,9.461315061702694,0.19175557494641715,0.1353803551729256
2024-07-02,False,280236.59160325857,282214.96493137133,-1976.901166358875,1.4721617538652658,0.0,-1978.3733281127402,-0.007004948043203929,-0.007010164498519199,1472.1617538652658,266975.2389331422,16136.767832568661,219.04501079083883,-2195.9461771497135,12,12,0.11086242062050637,1.8040378234624777,9.461315061702695,0.19063959220337634,0.13363791157936458
2024-07-03,False,281740.5447742758,280236.59160325857,1504.6550885673698,0.7019175501573405,0.0,1503.9531710172125,0.005369231333992123,0.005366726602022106,701.9175501573404,268986.11076055793,13457.949116052456,-5129.239106793179,6633.894195360549,12,12,0.11306796190121496,1.768847661504111,9.461315061702694,0.19163985711438,0.11969669407051721
2024-07-04,False,281207.35836439196,281740.5447742758,-527.90216672213,5.284243161730894,0.0,-533.1864098838608,-0.0018737174202068552,-0.0018924731273982517,5284.243161730894,253275.99357012947,9678.361042888922,-11090.083835364272,10562.18166864214,12,12,0.11164935153637552,1.791322540147846,9.461315061702695,0.18201570710664408,0.137737600064044
2024-07-05,False,282357.2407093781,281207.35836439196,1179.693174693795,29.810829707672656,0.0,1149.8823449861225,0.004195100660079934,0.0040890905262019875,29810.82970767266,208877.02804726764,-20660.370831505847,-2086.5242403870716,3266.217415080867,12,12,0.09997111355398221,2.00057789585393,9.529329518025058,0.16635123493120374,0.10435817825237158
2024-07-06,False,278167.14722790674,282357.2407093781,-4162.935015070942,27.15846640041555,0.0,-4190.093481471358,-0.014743503671491562,-0.014839688442004917,27158.46640041555,177140.241531831,-46639.144057227604,3228.4104242159083,-7391.345439286852,12,12,0.0814931243405093,2.4541947755533813,9.529329518025058,0.17230933417809857,0.07316162090657231
2024-07-07,False,281761.100905247,278167.14722790674,3615.9585672126045,22.00488987239159,0.0,3593.953677340213,0.01299922943182788,0.012920122714547703,22004.88987239159,165755.10752294218,-64070.152471842404,-3120.9628433110825,6736.921410523688,12,12,0.07516229633531687,2.6609085904953256,9.529329518025056,0.19748790239266809,0.09797867151855846
2024-07-08,False,278055.88689913903,281761.100905247,-3682.000670112309,23.213335995624647,0.0,-3705.2140061079335,-0.013067810490102121,-0.013150197079028146,23213.335995624646,139076.76183139544,-75359.64648337977,1120.0730462296228,-4802.073716341931,12,12,0.0637944950305535,3.135066746812758,9.529329518025058,0.20114231863965762,0.09236526243461292
2024-07-09,False,278175.4096661437,278055.88689913903,141.69770765310847,22.174940648419117,0.0,119.52276700468934,0.0005096015381415296,0.00042985159687715797,22174.940648419117,127213.3504358068,-77855.30814555394,382.11672172841907,-240.4190140753106,12,12,0.05938690236325946,3.3677459513990886,9.529329518025058,0.20295679249358206,0.08995107693660634
2024-07-10,False,277177.8093270249,278175.4096661437,-986.5928243930593,11.007514725743786,0.0,-997.6003391188032,-0.0035466572173907577,-0.0035862276263602445,11007.514725743786,121530.04281521704,-80684.50345695365,167.68842793849487,-1154.2812523315542,12,12,0.05560434720449773,3.596841075473005,9.529329518025058,0.2037590846207849,0.08668076075795147
2024-07-11,False,277511.5405381719,277177.8093270249,341.4212013190779,7.689990172076215,0.0,333.7312111470017,0.001231776822784021,0.0012040329345169654,7689.990172076215,116888.8355332867,-81249.75720406523,-141.66970488893185,483.09090620800976,12,12,0.053557860014406905,3.73427915055233,9.529329518025058,0.2035536079121727,0.08363195382236502
2024-07-12,False,273819.6770523671,277511.5405381719,-3656.5153358534353,35.348149951403755,0.0,-3691.863485804839,-0.013176083880196253,-0.013303459303513256,35348.14995140376,108191.74158146797,-73742.02501067758,272.8452959456129,-3929.360631799048,12,12,0.058298984670887385,3.4305914782058546,9.59676521244801,0.1911650621329593,0.08822662741626121
2024-07-13,False,271002.59818805096,273819.6770523671,-2813.795610523627,3.283253792497196,0.0,-2817.0788643161245,-0.010276089873502767,-0.01028808044272643,3283.253792497196,109297.46426433173,-76036.23128189883,152.45769341285538,-2966.2533039364826,12,12,0.058918413392388284,3.394524537991686,9.596765212448014,0.20129773676841675,0.08430955036495007
2024-07-14,False,270425.47613248636,271002.59818805096,-573.569165108113,3.552890456477147,0.0,-577.1220555645901,-0.002116471092687121,-0.002129581263881907,3552.8904564771465,108863.28480520393,-75408.85442044589,443.2073050973713,-1016.7764702054843,12,12,0.06075080112583115,3.2921376556952153,9.59676521244801,0.2042436820793733,0.08888875153835941
2024-07-15,False,266622.70785386866,270425.47613248636,-3802.768278617731,0.0,0.0,-3802.768278617731,-0.014062167266943022,-0.014062167266943022,0.0,110323.26858050677,-75982.42358555399,1245.052797036602,-5047.821075654333,12,12,0.06322558083590077,3.16327659399589,9.596765212448014,0.20386579695863236,0.08080515486809152
2024-07-16,False,266898.6036984214,266622.70785386866,279.1727929187535,3.276948366027642,0.0,275.89584455272586,0.0010470705783686036,0.0010347799959482058,3276.948366027642,113696.09149950297,-76865.140910477,-111.27262294171715,390.44541586047063,12,12,0.0731551527773017,2.73391541685161,9.596765212448014,0.20855551195785108,0.0820296272552881
2024-07-17,False,268017.79267818626,266898.6036984214,1126.139787029699,6.950807264805345,0.0,1119.1889797648937,0.004219354359388729,0.0041933114832983795,6950.807264805345,119338.13174411576,-75299.24494847593,-357.152124204542,1483.291911234241,12,12,0.08279467809707157,2.415614198843947,9.596765212448014,0.20881695619627824,0.07023385349860424
2024-07-18,False,269375.43846329127,268017.79267818626,1366.6109662101962,8.965181105192253,0.0,1357.645785105004,0.0050989561273311074,0.005065506179789912,8965.181105192252,121319.18972602024,-71140.47964821549,181.68831806505733,1184.9226481451392,12,12,0.09028327738309828,2.2152496652435607,9.596765212448014,0.20405874320763193,0.05907409294094365
2024-07-19,False,267766.98936486745,269375.43846329127,-1544.4419475961079,64.00715082773766,0.0,-1608.4490984238455,-0.005733417851333073,-0.005971031017525506,64007.15082773767,128807.44246708813,-73616.52320458592,1077.6132493975147,-2622.0551969936228,12,12,0.09259064851253847,2.160045352451726,9.577233503650211,0.19978731708408423,0.08803551705639931
2024-07-20,False,266970.11576395907,267766.98936486745,-782.4772030385773,14.396397869797557,0.0,-796.8736009083748,-0.0029222317691011196,-0.002975996416879194,14396.397869797558,146903.50878327683,-74591.34660550415,111.86459623817011,-894.3417992767473,12,12,0.11039741113182497,1.811636685584783,9.577233503650211,0.20984490878253273,0.1221538043996947
2024-07-21,False,265358.5162767761,266970.11576395907,-1582.4901487955046,29.10933838744801,0.0,-1611.5994871829525,-0.005927592847862639,-0.006036628791096019,29109.33838744801,168999.58110233885,-66095.92317083929,906.0726444219606,-2488.5627932174657,12,12,0.1381844757005353,1.4473405857357482,9.577233503650211,0.21390871100600342,0.1821500620803043
2024-07-22,False,268057.15882696246,265358.5162767761,2745.1475839687378,46.50503378237097,0.0,2698.642550186367,0.010345051752947981,0.010169798158547171,46505.03378237097,190185.90347302053,-40444.02543615689,-1762.834702850185,4507.982286818923,12,12,0.1712437205928662,1.1679260372735196,9.577233503650211,0.2020206656126081,0.21821996527043122
2024-07-23,False,267012.12065459916,268057.15882696246,-1012.6780235730603,32.36014879023773,0.0,-1045.038172363298,-0.0037778436062092602,-0.0038985646827581874,32360.14879023773,213953.026150629,-15827.441607140545,-1135.604222904968,122.92619933190781,12,12,0.18081165153418385,1.1061234068877936,9.577233503650211,0.18687637312087735,0.2255006064972398
2024-07-24,False,269282.5799685661,267012.12065459916,2282.5183135311822,12.058999564259897,0.0,2270.4593139669223,0.008548369669269794,0.00850320692708904,12058.999564259899,224753.49529265202,-4781.120066453725,-309.9451193693259,2592.463432900508,12,12,0.17740115661810654,1.1273883655141113,9.577233503650211,0.1832041025509959,0.17761512054778542
2024-07-25,False,270577.685137537,269282.5799685661,1304.3628538586709,9.257684887711324,0.0,1295.1051689709595,0.004843844165526533,0.004809465094705123,9257.684887711324,231108.7716280935,6616.525657952716,-1869.7606965551445,3174.1235504138153,12,12,0.17185457575928886,1.163774657243538,9.577233503650211,0.17641684367056013,0.18635092218662289
2024-07-26,False,268370.79644056695,270577.685137537,-2195.436932381751,11.451764588315426,0.0,-2206.888696970066,-0.008113887629963982,-0.00815621101883655,11451.764588315425,237516.65196943996,8915.478680919347,2399.9535515207613,-4595.390483902513,12,12,0.1660136459790615,1.2047202434504993,9.551634843363544,0.17850073182725618,0.17342801261332091
2024-07-27,False,267274.96779127244,268370.79644056695,-1091.9757986098903,3.8528506846352757,0.0,-1095.8286492945256,-0.004068906949239232,-0.004083263394633948,3852.8506846352757,248364.84668949852,10572.892433172881,-450.9347421494803,-641.0410564604099,12,12,0.1626080157516523,1.229951666745972,9.551634843363544,0.18679501127472048,0.153715238418544
2024-07-28,False,267572.83987259946,267274.96779127244,301.24247181046076,3.370390483459534,0.0,297.87208132700124,0.0011270882353850479,0.0011144780365650387,3370.390483459534,251925.34348726898,12851.30711802252,795.0214679294742,-493.7789961190135,12,12,0.15933779001395934,1.2551950167156098,9.551634843363544,0.18912923122925523,0.16182230936174907
2024-07-29,False,263476.2901621472,267572.83987259946,-4079.256092739686,17.293617712576278,0.0,-4096.549710452263,-0.015245404184826677,-0.015310035623954844,17293.61771257628,237110.54482465505,30376.538955419514,-1235.4350398182582,-2843.8210529214275,12,12,0.15116896262797583,1.3230229044582156,9.551634843363544,0.1818920758875754,0.14972881777919636
2024-07-30,False,268389.8807322487,263476.2901621472,4942.285727758795,28.69515765728082,0.0,4913.590570101514,0.01875799042379578,0.018649080594984914,28695.15765728082,221637.53657148004,53742.58532017021,2824.6087327722344,2117.6769949865597,12,12,0.13726489234396935,1.4570368036921195,9.551634843363544,0.18677707687236783,0.1385015034614428
2024-07-31,False,267400.654555565,268389.8807322487,-969.2125254947074,20.01365118903577,0.0,-989.2261766837431,-0.0036112111337819543,-0.003685780454854837,20013.651189035772,220948.63287279542,66645.43333776869,-2769.019101334511,1799.8065758398038,12,12,0.12181676577275193,1.6418101295933123,9.551634843363544,0.1918609822924794,0.11085218856844595
2024-08-01,False,265583.9207620043,267400.654555565,-1810.1175974051953,6.616196155525655,0.0,-1816.7337935607209,-0.006769308775304657,-0.0067940514079153445,6616.196155525656,218781.4387984933,68861.29634921564,-2198.616158979543,388.4985615743476,12,12,0.11744004879767612,1.7029965675896208,9.551634843363546,0.19341791307573858,0.1042896339107968
2024-08-02,False,261518.40461396394,265583.9207620043,-4060.652434967081,4.863713073253617,0.0,-4065.5161480403344,-0.015289526652503646,-0.01530783993389244,4863.713073253617,218631.5194766819,68761.04611334977,-8996.741020642028,4936.088585674948,12,12,0.11624308020749921,1.720532522391792,9.548612934459868,0.1941903636223404,0.10155699158994945
2024-08-03,False,259004.6663975294,261518.40461396394,-2505.398975056002,8.339241378539128,0.0,-2513.7382164345413,-0.00958020135811973,-0.009612089138220136,8339.241378539129,213037.9312489041,63966.954920332006,-3290.189780582334,784.790805526332,12,12,0.13853174084233216,1.4437124574044518,9.548612934459868,0.19099435214725854,0.13030741552320244
2024-08-04,False,254025.30475585602,259004.6663975294,-4956.092635962468,23.26900571090036,0.0,-4979.3616416733685,-0.01913514804538573,-0.019224988147630014,23269.00571090036,232231.95637369578,53392.73010534709,-8854.336877152207,3898.244241189738,12,12,0.1671942465094383,1.1962134114986416,9.548612934459868,0.18954262496983548,0.20651467476319035
2024-08-05,False,256199.43445811188,254025.30475585602,2203.343441017665,29.21373876182171,0.0,2174.1297022558433,0.008673716357255435,0.008558713094923365,29213.738761821707,226305.3296298974,20453.705676442012,-8368.419928419442,10571.763369437105,12,12,0.1870048319682054,1.0694910815673686,9.548612934459866,0.1756009641327095,0.25878266656211135
2024-08-06,False,254741.73746405685,256199.43445811188,-1386.31769368907,71.3793003659505,0.0,-1457.6969940550205,-0.00541108803234197,-0.005689696377114178,71379.3003659505,160416.09596217694,-31988.452636452417,2809.6750844253947,-4195.992778114465,12,12,0.11959042053243214,1.6723747530075899,9.54861293445987,0.1586335459393238,0.1412304955429659
2024-08-07,False,260367.9013973886,254741.73746405685,5679.027554099989,52.863620768236764,0.0,5626.163933331753,0.02229327479130223,0.022085756301028544,52863.62076823677,128716.5351578994,-54057.495475587144,3266.9010059812986,2412.126548118691,12,12,0.08568983948731553,2.333999003809612,9.548612934459868,0.1744744957168279,0.10376834192313496
2024-08-08,False,252498.9437647937,260367.9013973886,-7840.5801282999955,28.37750429491868,0.0,-7868.957632594914,-0.030113466699311937,-0.03022245672512778,28377.50429491868,113658.13050386359,-64444.01811248861,1609.4549713415308,-9450.035099641525,12,12,0.06925063144159632,2.888060308427272,9.548612934459868,0.1808535815888311,0.08404878943465975
2024-08-09,False,251746.08300656418,252498.9437647937,-729.086678102263,23.77408012723439,0.0,-752.8607582294974,-0.0028874840711469174,-0.002981639237789437,23774.080127234392,136485.91995280463,-51009.814708641985,-2150.2194469049437,1421.1327688026809,12,12,0.09110594632172825,2.195246392521156,9.659941942966617,0.18042246467528483,0.08926779470766429
2024-08-10,False,251186.44234453858,251746.08300656418,-556.3824786278673,3.2581833977366625,0.0,-559.6406620256039,-0.002210093885009364,-0.0022230362250006148,3258.1833977366628,135719.5244818538,-53689.53793068767,133.8631638814175,-690.2456425092848,12,12,0.08731254596997486,2.290621557052938,9.659941942966617,0.1832081477178898,0.08208535448820699
2024-08-11,False,252944.07635836446,251186.44234453858,1758.8832054960835,1.2491916702053754,0.0,1757.6340138258781,0.007002301513883144,0.006997328348697374,1249.1916702053754,137347.529175009,-54047.34182844704,-2257.4558300791564,4016.339035575239,12,12,0.08626495905000087,2.3184384737732975,9.659941942966615,0.18471738532593826,0.08034725611883602
2024-08-12,False,250008.95195427118,252944.07635836446,-2932.583124050905,2.541280042376788,0.0,-2935.124404093282,-0.011593800362006102,-0.01160384716792053,2541.280042376788,132324.35482362457,-54829.73866532774,1024.7950093292975,-3957.3781333802026,12,12,0.07979540328727995,2.506410040688167,9.659941942966617,0.18038708375843832,0.06758307567318944
2024-08-13,False,249565.99726733254,250008.95195427118,-441.05664716067406,1.8980397779541534,0.0,-442.95468693862824,-0.001764163417801724,-0.0017717553050646303,1898.0397779541536,135408.4881883799,-57218.91193419126,559.0178216747591,-1000.0744688354333,12,12,0.07934683116950508,2.5205795499602117,9.659941942966615,0.19037030388906379,0.0803006195395966
2024-08-14,False,250024.1179045414,249565.99726733254,459.8874858983702,1.7668486895149589,0.0,458.1206372088552,0.0018427489759582248,0.001835669290789326,1766.848689514959,135200.73178937516,-56401.35916287762,-656.8550305593341,1116.7425164577044,12,12,0.07962201524445364,2.5118680981128736,9.659941942966617,0.18927844683313658,0.07758487889936563
2024-08-15,False,249939.04349905418,250024.1179045414,-83.48303877640072,1.5913667108250207,0.0,-85.07440548722573,-0.00033389994323777334,-0.00034026479605342284,1591.3667108250206,131835.76753153309,-55239.3422247853,-531.7991288237771,448.3160900473763,12,12,0.07825693511590735,2.5556840387855395,9.659941942966617,0.18476010050790379,0.07142203924764569
2024-08-16,False,249059.6639531547,249939.04349905418,-875.4509161008539,3.9286297986437124,0.0,-879.3795458994975,-0.0035026577034338643,-0.0035183760551713295,3928.629798643712,126927.02251401823,-54626.225705264325,146.8812050357712,-1022.3321211366249,12,12,0.0760300644326308,2.6305383468038133,9.703383235646083,0.18126015720536234,0.07046486748709213
2024-08-17,False,247834.77766541042,249059.6639531547,-1221.3930807445558,3.493206999723494,0.0,-1224.8862877442793,-0.004904018022662578,-0.00491804360570673,3493.206999723494,124727.04615318126,-55384.59829245689,235.4511224329653,-1456.8442031775212,12,12,0.07484853186539933,2.6720630988415577,9.703383235646083,0.18193410174541258,0.06896813182283022
2024-08-18,False,248878.76924797468,247834.77766541042,1044.9987249284814,1.007142364231653,0.0,1043.9915825642497,0.0042165136578986625,0.004212449892620363,1007.1423642316531,125546.3609612146,-56466.95554231295,-206.82546943072572,1251.8241943592072,12,12,0.075742602158912,2.640521903121171,9.703383235646083,0.1837308847980249,0.06597967168313418
2024-08-19,False,249694.7474829939,248878.76924797468,816.9278282653567,0.949593246125925,0.0,815.9782350192307,0.0032824327713200656,0.0032786172861784635,949.5932461259249,123605.75857444931,-56371.55006351039,1816.4912816372314,-999.5634533718745,12,12,0.07537041567250612,2.6535610586125067,9.703383235646083,0.1816798920260066,0.07148559062228227
2024-08-20,False,249959.52650338478,249694.7474829939,266.8007473329188,2.0217269420298614,0.0,264.7790203908889,0.0010685076479275558,0.0010604108538924005,2021.7269420298612,125044.26328613923,-54177.07221192584,-293.93922112101416,560.739968453933,12,12,0.07871732790638274,2.540736649976951,9.703383235646083,0.17840012560940258,0.07344766425832193
2024-08-21,False,247795.8944439745,249959.52650338478,-2158.595424053343,5.036635356928134,0.0,-2163.632059410271,-0.008635779777027673,-0.00865592958058741,5036.635356928134,122178.14146070814,-51898.828828736805,430.2207810856403,-2588.8162051389836,12,12,0.08185425435901629,2.44336719656368,9.703383235646083,0.17542032292915163,0.07474419895807231
2024-08-22,False,247372.7890770668,247795.8944439745,-417.2552936688927,5.850073238833679,0.0,-423.10536690772636,-0.0016838668558458792,-0.0017074752907312132,5850.073238833679,128039.14134995395,-48426.110772183885,-111.89233898368661,-305.3629546852061,12,12,0.08692425921192393,2.3008536605689565,9.703383235646083,0.17604660113210077,0.08245192900948568
2024-08-23,False,244479.76806646478,247372.7890770668,-2883.0616819640672,9.959328637944688,0.0,-2893.0210106020118,-0.011654724404897562,-0.011694984809750909,9959.328637944689,138191.94060360017,-43661.061597059306,1258.7944175640728,-4141.8560995281405,12,12,0.09184581628718437,2.1775624419803523,9.711339557547317,0.17358589725244788,0.09045896692615424
2024-08-24,False,243783.8288308283,244479.76806646478,-684.7547382705741,11.184497365902956,0.0,-695.9392356364771,-0.0028008646428542717,-0.0028466127939358876,11184.497365902957,154777.0884865953,-38067.14703055462,52.81756236028423,-737.5723006308583,12,12,0.10115918763071627,1.9770819110381175,9.711339557547317,0.17774225519070813,0.0921730359854655
2024-08-25,False,244889.59003823588,243783.8288308283,1116.8366125537882,11.075405146209965,0.0,1105.7612074075782,0.004581257985445816,0.004535826731045855,11075.405146209965,166642.8834957964,-31147.680309384265,-1144.345648787282,2261.1822613410704,12,12,0.10887618658414043,1.8369489809917097,9.711339557547316,0.17661600620690687,0.09881859470481077
2024-08-26,False,246349.3928594219,244889.59003823588,1469.9629797594998,10.160158573465361,0.0,1459.8028211860344,0.006002553965360417,0.005961065233349069,10160.15857346536,173397.51415913345,-25763.302280823547,-1954.8778176578285,3424.8407974173283,12,12,0.11383354754003436,1.7569513058499877,9.711339557547317,0.1755902861397719,0.10116850976080798
2024-08-27,False,248713.48539779105,246349.3928594219,2367.8837968062335,3.7912584370692186,0.0,2364.0925383691642,0.009611892155778338,0.009596502394135073,3791.2584370692184,171809.0539811275,-26562.62484390524,-2593.4375124677363,4961.32130927397,12,12,0.11369281225887032,1.7591261578138684,9.711339557547317,0.17443496244369897,0.10144200566226257
2024-08-28,False,248358.85906470392,248713.48539779105,-351.5890229485738,3.0373101385565247,0.0,-354.6263330871303,-0.0014136307180378424,-0.0014258428026929977,3037.3101385565246,167291.6052979423,-27232.051185655524,277.34895595358194,-628.9379789021558,12,12,0.1085323032625219,1.8427693321520386,9.711339557547317,0.17139706463538407,0.07791359865121643
2024-08-29,False,247335.47483392386,248358.85906470392,-1022.2351450572809,1.149085722776752,0.0,-1023.3842307800576,-0.004115960062415016,-0.004120586777673348,1149.085722776752,168241.70696659846,-28732.72593138086,-689.6260890951626,-332.6090559621183,12,12,0.10391357914655516,1.9246762708262484,9.711339557547317,0.17420405573650272,0.08135477462733401
2024-08-30,False,245717.35228239332,247335.47483392386,-1614.336757564843,3.7857939656960187,0.0,-1618.122551530539,-0.0065269115101616836,-0.0065422178222393915,3785.793965696019,164198.1308448684,-33540.75504213416,276.40967970722625,-1890.7464372720692,12,12,0.09939661181486581,2.0121410211900996,9.898828293214343,0.1760796043838477,0.08929372586919888
2024-08-31,False,246006.8639120941,245717.35228239332,296.48284921581046,6.971219515047534,0.0,289.5116297007629,0.0012066011881614056,0.0011782303000239013,6971.2195150475345,159394.06744680012,-38288.12645493487,-161.47702304385945,457.95987225966996,12,12,0.09681680640262207,2.065757046026499,9.898828293214343,0.18134978005412752,0.0977000466457266
2024-09-01,False,247295.91761618812,246006.8639120941,1294.9437367172236,5.890032623185756,0.0,1289.0537040940378,0.005263852057314739,0.005239909503316366,5890.032623185756,153009.36007783352,-40710.36502152814,-2011.3229631934284,3306.266699910652,12,12,0.09376260631440794,2.1330465082140875,9.898828293214342,0.18010551570736774,0.09810576895732963
2024-09-02,False,245945.42606351068,247295.91761618812,-1340.8258154175714,9.665737259873044,0.0,-1350.4915526774446,-0.005421948847124034,-0.005461034560115361,9665.737259873044,138026.03315485638,-45641.01850940497,1671.223970044825,-3012.0497854623964,12,12,0.08613153879213511,2.3220298023778314,9.898828293214342,0.17732310520638664,0.0942970719973494
2024-09-03,False,248051.2615301719,245945.42606351068,2111.6312351588776,5.795768497655419,0.0,2105.835466661222,0.008585771522392897,0.008562206260007579,5795.768497655419,136913.53841270818,-50402.655643299804,-880.6836106923301,2992.314845851208,12,12,0.08262941160581802,2.420445651411583,9.898828293214343,0.18103190069149272,0.09245543977660148
2024-09-04,False,246658.2593866536,248051.2615301719,-1386.899021423773,6.103122094541072,0.0,-1393.0021435183141,-0.0055911790686663234,-0.005615783346253513,6103.122094541072,127760.5243024102,-53009.52474652469,19.621272201711427,-1406.5202936254846,12,12,0.07800339148925842,2.5639910801511925,9.898828293214343,0.1794885916483902,0.08778876019275804
2024-09-05,False,246721.82871853205,246658.2593866536,71.79713028969604,8.227798411243946,0.0,63.5693318784521,0.00029107936814371644,0.0002577222917105032,8227.798411243946,120958.86745699347,-58031.93422830899,-755.3740886687367,827.1712189584326,12,12,0.07399464895690509,2.7028981530337575,9.898828293214342,0.18545280266389644,0.0807201208274757
2024-09-06,False,249423.44562060072,246721.82871853205,2738.322401156395,36.70549908774073,0.0,2701.616902068654,0.011098825002145872,0.010950052194817114,36705.49908774073,114437.23349818257,-66634.68152352957,-1002.9842609766457,3741.3066621330413,12,12,0.0661762437465133,3.022232581923141,9.910114945791515,0.19448554231029733,0.07914030473344386
2024-09-07,False,249057.5792333296,249423.44562060072,-356.7144824369949,9.15190483411541,0.0,-365.8663872711103,-0.001430156180985468,-0.0014668484206077064,9151.904834115408,107058.83431065049,-72447.78529350243,136.99352663029774,-493.70800906729266,12,12,0.06025342507869624,3.319313379094757,9.910114945791515,0.19949097294711982,0.06862983227532111
2024-09-08,False,248849.14121109544,249057.5792333296,-200.05148756641893,8.386534667736077,0.0,-208.438022234155,-0.00080323388744978,-0.000836906962943215,8386.534667736076,103306.24771329954,-77695.68913011256,124.98775280119969,-325.0392403676185,12,12,0.056177506059764244,3.560143801813322,9.910114945791516,0.2095510133882525,0.06898278155176893
2024-09-09,False,247232.2231369727,248849.14121109544,-1610.3441336647852,6.573940457967773,0.0,-1616.918074122753,-0.0064711661283120584,-0.006497583500805184,6573.940457967773,98680.59601823364,-79135.60832280014,204.52993386898686,-1814.8740675337722,12,12,0.05348068024769567,3.7396682142728994,9.910114945791516,0.211342171339876,0.06740369601327309
2024-09-10,False,247002.77257756295,247232.2231369727,-225.76666962079392,3.6838897889599904,0.0,-229.4505594097539,-0.0009131765542378902,-0.0009280770787011558,3683.8897889599903,97016.1102306764,-80074.86478091778,21.965529138239276,-247.7321987590332,12,12,0.052894320982659546,3.7811242546353214,9.910114945791515,0.21506790360975428,0.06795024444675478
2024-09-11,False,246466.12463539757,247002.77257756295,-535.1705456955699,1.477396469813029,0.0,-536.6479421653829,-0.0021666580504780264,-0.002172639345563891,1477.396469813029,95808.41148876066,-80682.82330476952,-91.39200732109263,-443.7785383744773,12,12,0.052334830315663564,3.821546736536203,9.910114945791516,0.2154705478863805,0.06744788167453195
2024-09-12,False,245583.6954858468,246466.12463539757,-880.594999941517,1.8341496092370704,0.0,-882.4291495507541,-0.003572884514024795,-0.0035803263059219588,1834.1496092370705,94326.64841057696,-81182.76327570381,317.9814769220213,-1198.5764768635381,12,12,0.052293871941917605,3.824539904448813,9.910114945791515,0.21696451131668418,0.06165505232680018
2024-09-13,False,242946.61910886277,245583.6954858468,-2636.822003783673,0.25437320036745314,0.0,-2637.0763769840405,-0.010736958732407525,-0.010737994522669839,254.37320036745314,95588.83316399506,-81808.98507527786,128.0952329517059,-2764.917236735379,12,12,0.05367804305925114,3.7259182451796,10.120729239815416,0.22240914291584837,0.06652973508057881
2024-09-14,False,242808.96138195044,242946.61910886277,-135.36529753376374,2.292429378544914,0.0,-137.65772691230865,-0.0005571812360686009,-0.0005666171746585415,2292.429378544914,96189.41625513724,-82153.37770051663,234.11465544522412,-369.4799529789879,12,12,0.05734039246864581,3.4879426419929307,10.120729239815416,0.2260376487818397,0.06546718421532352
2024-09-15,False,245605.17633148917,242808.96138195044,2801.0752517502447,4.860302211531143,0.0,2796.2149495387134,0.011536127974057824,0.01151611099369652,4860.302211531142,97718.33999162227,-77428.44078651925,-419.5128756106994,3220.5881273609443,12,12,0.062499071160159805,3.200047557306588,10.120729239815418,0.2166014950709422,0.062111940191051006
2024-09-16,False,247261.36757674764,245605.17633148917,1663.0170607452503,6.825815486780604,0.0,1656.1912452584697,0.006771099394504227,0.006743307571918339,6825.815486780604,96712.71494054534,-72993.03800409073,300.6676104582897,1362.3494502869607,12,12,0.06496354462423454,3.078649743588504,10.120729239815416,0.20605752940670288,0.061957531060085766
2024-09-17,False,246001.27764602297,247261.36757674764,-1254.821131785182,5.268798939503141,0.0,-1260.089930724685,-0.005074877422554484,-0.005096186044241484,5268.798939503142,100636.54737482681,-70092.88213033066,-55.327510813142624,-1199.4936209720393,12,12,0.06639150699107675,3.0124335033829057,10.120729239815416,0.20070091592191044,0.05760976908915311
2024-09-18,False,244368.4160268086,246001.27764602297,-1628.8361874332709,4.0254317810753255,0.0,-1632.861619214346,-0.006621250926090887,-0.006637614384929777,4025.431781075326,104875.22151540367,-67846.19123847179,85.68293441355745,-1714.519121846828,12,12,0.06873996729065984,2.909515495611464,10.120729239815416,0.1984022430803738,0.05578439675085591
2024-09-19,False,242939.9008876705,244368.4160268086,-1422.0846329383849,6.430506199723348,0.0,-1428.5151391381082,-0.005819428942823667,-0.00584574374366527,6430.506199723348,113105.92977138741,-64824.06096962672,152.86050914005872,-1574.9451420784435,12,12,0.07316889089555706,2.7334020996093074,10.120729239815418,0.19754153533504923,0.05927748979888428
2024-09-20,False,242401.44978440355,242939.9008876705,-530.2339053490068,8.217197917921157,0.0,-538.4511032669279,-0.0021825723292534563,-0.002216396323944722,8217.197917921158,123050.93334052707,-61513.2698615359,-33.14358179635984,-497.09032355264696,12,12,0.0786645862210716,2.5424401195976385,10.006077233059637,0.1971321860405927,0.0628223140446064
2024-09-21,False,241194.5327058604,242401.44978440355,-1196.8176305393517,10.099448003797562,0.0,-1206.9170785431493,-0.004937336932612508,-0.004979001072875613,10099.448003797563,133614.3280860809,-58379.13409452918,957.0081188662552,-2153.8257494056074,12,12,0.08428434411939728,2.372919930618192,10.006077233059637,0.1963327272439717,0.06328602486653351
2024-09-22,False,239714.56437513322,241194.5327058604,-1467.0746471907066,12.893683536463085,0.0,-1479.9683307271698,-0.006082536907997918,-0.006135994519129539,12893.683536463086,149618.84549081587,-50928.98704647711,-584.2038000720214,-882.8708471186851,12,12,0.09354147330221715,2.138089052262763,10.006077233059635,0.1937963266045182,0.07255111820926056
2024-09-23,False,241057.20048490659,239714.56437513322,1354.6817362609343,12.045626487562062,0.0,1342.6361097733723,0.00565122832562218,0.00560097845232407,12045.626487562062,161963.13902542458,-40350.43520610575,502.7853615750578,851.8963746858766,12,12,0.10363674139139127,1.9298175272096436,10.006077233059635,0.18763062788753188,0.09124673472955114
2024-09-24,False,240493.18408787233,241057.20048490659,-547.6595407342337,16.35685630001633,0.0,-564.0163970342501,-0.0022719069981422296,-0.002339761666109472,16356.85630001633,177970.8843123301,-31187.623050961847,543.6746865083865,-1091.3342272426203,12,12,0.1116871219641964,1.7907167494575973,10.006077233059637,0.18621183285894521,0.10171293870580697
2024-09-25,False,239334.48987359542,240493.18408787233,-1145.3625488586,13.331665418310068,0.0,-1158.6942142769099,-0.004762557214262267,-0.004817991905556632,13331.665418310069,192937.55864439116,-22654.14953821462,-1858.579382675413,713.2168338168132,12,12,0.11797011017331016,1.6953446911779564,10.006077233059637,0.18877212824448872,0.10420929873616976
2024-09-26,False,236856.17406493943,239334.48987359542,-2471.4761420415575,6.839666614426554,0.0,-2478.3158086559843,-0.01032645208530901,-0.010355029941421763,6839.666614426555,197205.4290423255,-16959.845472646648,1297.4882147582161,-3768.9643567997737,12,12,0.12194722931348707,1.640053661948025,10.006077233059635,0.1890063979777754,0.10864517104721344
2024-09-27,False,234160.02960890238,236856.17406493943,-2688.9082092415842,7.236246795471423,0.0,-2696.1444560370555,-0.011352493638204085,-0.011383044865437399,7236.246795471423,208632.15748741117,-12195.074819216781,756.3339594487961,-3445.2421686903804,12,12,0.12741514505870288,1.569672113215864,10.06901814640689,0.19871551115299557,0.1042295247807336
2024-09-28,False,236945.9973267853,234160.02960890238,2799.4010851291027,13.433367246199644,0.0,2785.967717882903,0.011955076576496445,0.011897708257622227,13433.367246199643,208365.88132660574,-1450.6157822587165,1576.343071866775,1223.0580132623277,12,12,0.12884250868113012,1.5522827213414185,10.06901814640689,0.19423469699184143,0.13113671754392442
2024-09-29,False,239853.35770053236,236945.9973267853,2917.2541218408674,9.89374809378857,0.0,2907.360373747079,0.012311894502347391,0.012270139215465952,9893.74809378857,200292.16440351307,11242.533396658946,1852.607036654064,1064.6470851868032,12,12,0.11944281046263111,1.6744415107560788,10.06901814640689,0.18233691287769624,0.12940216096206927
2024-09-30,False,238408.4523174948,239853.35770053236,-1433.9565264502928,10.948856587264416,0.0,-1444.9053830375572,-0.0059784717637376234,-0.006024119890960985,10948.856587264416,190919.34509040072,25108.644105764244,-5045.532219039161,3611.575692588868,12,12,0.10643116338732406,1.8791488661282452,10.069018146406892,0.17914719657191658,0.10024550332422166
2024-10-01,False,239718.90368197663,238408.4523174948,1310.452495275917,0.001130794104898996,0.0,1310.451364481812,0.005496669612748264,0.005496664869652564,1.130794104898996,182263.3679728776,23675.818373418846,-3135.482480522017,4445.934975797933,12,12,0.10568644058856877,1.8923903472025185,10.06901814640689,0.17308517744312815,0.10464637984757326
2024-10-02,False,234861.8288548846,239718.90368197663,-4848.493893352212,8.580933739804939,0.0,-4857.074827092017,-0.02022574698482883,-0.02026154280071154,8580.93373980494,183262.88425636257,26744.1738539143,-5869.8952377586675,1021.4013444064552,12,12,0.1109975477840354,1.8018416081509658,10.06901814640689,0.17738070978714024,0.10524620642292533
2024-10-03,False,232895.94410414543,234861.8288548846,-1952.6605008524,13.224249886771338,0.0,-1965.8847507391713,-0.008314081987579604,-0.008370388497459259,13224.249886771337,189595.8375609688,10735.687232358305,-1381.038842660997,-571.6216581914032,12,12,0.12849035021085262,1.5565371226072626,10.069018146406892,0.18269276272433427,0.12249571354276062
2024-10-04,False,232639.2089568011,232895.94410414543,-244.53565376800958,12.199493576312678,0.0,-256.7351473443223,-0.00104997815530295,-0.0011023598900868645,12199.493576312678,200985.91395281188,-669.6113745250923,2187.9157270799637,-2432.4513808479733,12,12,0.14336360058171438,1.395054247999331,10.144635620832647,0.18827799965725134,0.1300375266590841
2024-10-05,False,231403.54660139393,232639.2089568011,-1223.2575803465277,12.404775060648666,0.0,-1235.6623554071764,-0.0052581746036356024,-0.005311496548445654,12404.775060648666,209844.97191454322,-13318.92208894176,294.2997229242272,-1517.5573032707546,12,12,0.14101933737264602,1.4182452118002553,10.144635620832647,0.19037899161089752,0.1427932791442274
2024-10-06,False,231020.8018970657,231403.54660139393,-373.9548948378595,8.789809490365352,0.0,-382.7447043282249,-0.001616029228290172,-0.0016540139939493878,8789.809490365351,204281.37417468254,-23331.989159653625,982.340278642446,-1356.2951734803055,12,12,0.14277390717497457,1.4008161852353933,10.144635620832647,0.1885115230856134,0.1387147516556617
2024-10-07,False,233256.92450350377,231020.8018970657,2236.4064044100332,0.28379797197708556,0.0,2236.122606438056,0.009680541258819165,0.009679312806793863,283.7979719770856,206903.80759878235,-23989.742026468575,-929.1986630810848,3165.605067491118,12,12,0.1458823859033602,1.3709674321647716,10.144635620832647,0.188705062797967,0.1435694704093452
2024-10-08,False,233845.94096956923,233256.92450350377,603.2721312505245,14.25566518508275,0.0,589.0164660654417,0.002586298917104442,0.002525183195822313,14255.665185082751,195351.8546788182,-35572.993846424724,1531.9803994633216,-928.7082682127972,12,12,0.13317607322844607,1.5017712653002335,10.144635620832647,0.18044126595558274,0.16574435974259058
2024-10-09,False,234755.20297708228,233845.94096956923,917.6172997082355,8.355292195176583,0.0,909.2620075130588,0.003924024919584328,0.003888295019118517,8355.292195176582,189457.25115131773,-43325.01391035077,-1145.8035105787778,2063.4208102870134,12,12,0.12889766569034694,1.5516184791155443,10.144635620832647,0.18722895622374394,0.13668042371680045
2024-10-10,False,234467.76880681296,234755.20297708228,-277.43382748811086,10.00034278121854,0.0,-287.4341702693294,-0.0011818005478464093,-0.0012243995729346619,10000.34278121854,176247.68404923342,-52407.739391861076,-513.1561075513227,235.72228006321197,12,12,0.11772955779660281,1.6988087252101374,10.144635620832647,0.19445628479089386,0.1138962766447955
2024-10-11,False,232902.75351618408,234467.76880681296,-1557.8759289275677,7.139361701314998,0.0,-1565.0152906288827,-0.0066443073896914236,-0.006674756614067323,7139.361701314998,168359.44396030388,-58189.26018705286,1025.0833108653155,-2582.959239792883,12,12,0.11068740758760431,1.8068902719734277,10.014824598512256,0.19501853216899948,0.1173794695268867
2024-10-12,False,232083.6526575141,232902.75351618408,-812.7272923709475,6.3735662990331265,0.0,-819.1008586699805,-0.0034895563925330417,-0.003516922175903182,6373.566299033127,167077.50879232868,-59742.873812290556,264.2971497173376,-1077.024442088285,12,12,0.10944006956599477,1.827484218468955,10.014824598512256,0.19675191960144114,0.1195799335473991
2024-10-13,False,233743.48863741165,232083.6526575141,1663.3645807216974,3.528600824145492,0.0,1659.8359798975519,0.007167090666124275,0.00715188666194845,3528.600824145492,170287.97448127746,-62424.745201804704,-387.7017431132114,2051.066323834909,12,12,0.11079717311497705,1.8051002058730767,10.014824598512256,0.20036502690836716,0.11768373391620625
2024-10-14,False,230472.17637986195,233743.48863741165,-3267.1990371104125,4.113220439291835,0.0,-3271.3122575497046,-0.013977711448375651,-0.013995308603544634,4113.220439291835,171829.26485014363,-64741.43905689729,1650.868997601077,-4918.06803471149,12,12,0.10703245290135474,1.8685921379782613,10.014824598512256,0.20113530890781567,0.12111252194402372
2024-10-15,False,226681.97538829467,230472.17637986195,-3790.2009915672847,0.0,0.0,-3790.2009915672847,-0.016445373368281616,-0.016445373368281616,0.0,178398.2018824562,-68008.63809400769,506.7731894271582,-4296.974180994443,12,12,0.1187721346187516,1.6838966533857702,10.014824598512256,0.2152800692038245,0.1226910761846393
2024-10-16,False,228041.63589688577,226681.97538829467,1380.4239693486816,20.76346075758788,0.0,1359.6605085910937,0.0060896944584327255,0.005998097141433785,20763.46075758788,192329.7729996309,-56987.947869534844,692.3741114177537,688.0498579309279,12,12,0.14210251439117544,1.4074346316592692,10.014824598512256,0.21259870801356343,0.1760054360817634
2024-10-17,False,224353.14318128317,228041.63589688577,-3666.6958595059905,21.79685609660945,0.0,-3688.4927156026,-0.016079063128471727,-0.016174645919793507,21796.85609660945,214130.95334972715,-37907.833495603496,-1175.6634470885558,-2491.0324124174344,12,12,0.16582047211662393,1.2061236917679086,10.014824598512256,0.20131236016731852,0.21179336572149499
2024-10-18,False,224162.13108440355,224353.14318128317,-155.70338087860185,35.30871600101317,0.0,-191.012096879615,-0.0006940102495144874,-0.0008513903312033042,35308.71600101316,230617.10576359936,-16080.882178995747,1162.6712584843874,-1318.3746393629892,12,12,0.19634966118856015,1.0185910115115215,9.946957269094083,0.1968436761597514,0.283710568977444
2024-10-19,False,222451.14342571283,224162.13108440355,-1675.5036771522668,35.48398153845755,0.0,-1710.9876586907244,-0.007474517078539867,-0.007632813135803424,35483.98153845755,224150.49023673308,17011.59211277541,-186.86682950128258,-1488.6368476509842,12,12,0.20205808677541365,0.9898143805662122,9.946957269094083,0.18218971221298405,0.2938750865235377
2024-10-20,False,222829.61575082914,222451.14342571283,411.38878704508414,32.91646192877757,0.0,378.4723251163066,0.0018493444479977092,0.0017013728016313694,32916.46192877757,192535.7983261052,48252.550364400704,1677.3617940765005,-1265.9730070314165,12,12,0.17699412156089125,1.1299810312129155,9.946957269094082,0.1850130360707794,0.22334176631011074
2024-10-21,False,222625.4231742129,222829.61575082914,-165.77006371600874,38.42251290023375,0.0,-204.1925766162425,-0.0007439319192713364,-0.0009163619293970922,38422.51290023375,159136.50969759296,51742.82481582258,-1382.9263241512167,1217.1562604352082,12,12,0.1418119481709422,1.410318401090697,9.946957269094082,0.1696580843286773,0.15056775508271825
2024-10-22,False,222324.77836140525,222625.4231742129,-290.35647791171414,10.288334895924432,0.0,-300.6448128076386,-0.0013042377360670938,-0.001350451392841924,10288.334895924432,155225.46960805397,52017.578604130074,-803.5752435762764,513.2187656645624,12,12,0.1299892049027148,1.5385893017014913,9.946957269094082,0.16415790911668432,0.14890981862626465
2024-10-23,False,222441.8447987872,222324.77836140525,120.92175682677316,3.8553194448198833,0.0,117.06643738195328,0.0005438968958745838,0.0005265559612597621,3855.3194448198833,154632.50941369578,52949.946681891764,-1355.6628322383424,1476.5845890651156,12,12,0.12632631582210418,1.5832013994743972,9.946957269094082,0.16383903425559163,0.1589154514747124
2024-10-24,False,223673.531181116,222441.8447987872,1237.7468230969512,6.060440768153011,0.0,1231.6863823287981,0.005564361436655823,0.005537116379532533,6060.440768153011,157860.7027605453,51345.64074559232,1816.6982872787355,-578.9514641817847,12,12,0.12863805265076247,1.5547499039259947,9.946957269094082,0.16342683917383197,0.15544623282675682
2024-10-25,False,223865.50718817997,223673.531181116,355.64202034824643,163.6660132842769,0.0,191.97600706396955,0.0015900049436795947,0.000858286655780116,163666.01328427688,246887.97225481048,28573.46784821008,-5403.629312542369,5759.271332890616,12,12,0.2675066345469482,0.7476450082769796,9.916939783026384,0.16923887898380532,0.4531454545540514
2024-10-26,False,223788.28686085713,223865.50718817997,-56.26667595227144,20.9536513705567,0.0,-77.22032732282814,-0.00025134142664047846,-0.0003449407114688607,20953.651370556698,248294.70555595314,7975.45849800164,2004.8880219067094,-2061.1546978589813,12,12,0.23862747640036047,0.8381264513917388,9.916939783026384,0.1742702562721715,0.34122683334347664
2024-10-27,False,225239.77837503847,223788.28686085713,1459.5137143934867,8.022200212151958,0.0,1451.4915141813347,0.00652185033840022,0.006486003063617962,8022.200212151958,249055.4331531869,-103.00839010259733,2913.13759005449,-1453.6238756610026,12,12,0.21133953371041703,0.9463444746407232,9.916939783026384,0.1757271981795207,0.2807443719186374
2024-10-28,False,228089.6891354572,225239.77837503847,2855.0196629013667,5.108902482632537,0.0,2849.9107604187343,0.012675468265412597,0.012652786204013453,5108.902482632537,253167.85028483818,-3752.3971583416387,3944.3719679915284,-1089.3523050901615,12,12,0.19776256263260883,1.0113137559384673,9.916939783026383,0.1797786624534677,0.215123395483116
2024-10-29,False,229564.3470456726,228089.6891354572,1478.219005567094,3.5610953517200907,0.0,1474.657910215374,0.00648086729027551,0.006465254592633552,3561.0953517200905,259170.364980452,-4458.4728471603585,4547.049725305253,-3068.8307197381587,12,12,0.18995174629683204,1.0528989803940305,9.916939783026383,0.18375429082244255,0.1996432190257892
2024-10-30,False,227094.54765520897,229564.3470456726,-2458.4075588662226,11.391831597398445,0.0,-2469.799390463621,-0.010709012921667293,-0.010758636618656843,11391.831597398446,271600.49527380697,6713.566024041809,-2973.369241667147,514.9616828009247,12,12,0.18186308374097368,1.0997284104390235,9.916939783026383,0.19342739413235707,0.1765272388948795
2024-10-31,False,227724.81975583913,227094.54765520897,635.7969958316837,5.524895201533342,0.0,630.2721006301504,0.00279970172069915,0.0027753731084159453,5524.8952015333425,268444.5062041207,6248.241704716886,-4519.166423685157,5154.96341951684,12,12,0.1718947858855289,1.1635024237046225,9.916939783026384,0.19405903929069893,0.14208494964337542
2024-11-01,False,226463.64136377632,227724.81975583913,-1158.558249467843,102.62014259495281,0.0,-1261.1783920627959,-0.005087536135542978,-0.005538168362214536,102620.1425949528,234416.66254334373,42248.44262442894,-666.1611415408554,-492.39710792698753,12,12,0.11515761694399508,1.7367500761783439,10.002132549961267,0.19160561341382543,0.18904980783714675
2024-11-02,False,226188.39493643318,226463.64136377632,-274.6467218775436,0.5997054655887423,0.0,-275.2464273431323,-0.0012127629858091399,-0.0012154111171470325,599.7054655887423,233643.19304414108,41689.58984054983,-949.1150328427793,674.4683109652358,12,12,0.11873325809333649,1.6844480073374182,10.002132549961267,0.19109745369283732,0.15905609248911862
2024-11-03,False,225142.16777815076,226188.39493643318,-1042.1554207964955,4.071737485931611,0.0,-1046.2271582824271,-0.004607466360461939,-0.004625467891827313,4071.7374859316114,233921.14345404337,37343.20563274066,-3122.041085626115,2079.88566482962,12,12,0.12510599320331095,1.5986444364418104,10.002132549961267,0.18991332635925312,0.1550773931772385
2024-11-04,False,224870.97831707605,225142.16777815076,-253.7578039867619,17.431657087959877,0.0,-271.18946107472175,-0.0011271002961862225,-0.0012045254061067085,17431.65708795988,232912.37444776093,20247.34624330427,-1091.1300276390082,837.3722236522464,12,12,0.13612112286581157,1.4692796811348694,10.002132549961265,0.18990259181027472,0.12399953471018348
2024-11-05,False,225292.98257914212,224870.97831707605,439.6209337614239,17.61667169535336,0.0,422.0042620660705,0.001954991867120989,0.0018766506252800197,17616.67169535336,226025.3507325882,2376.9167439641597,3070.549329734106,-2630.9283959726818,12,12,0.14028390063988944,1.425680345982128,10.002132549961265,0.19175764729053293,0.08464573156605341
2024-11-06,False,225328.71481189356,225292.98257914212,46.9551688778906,11.222936126437547,0.0,35.732232751453054,0.0002084182487192913,0.00015860339874945216,11222.936126437548,231041.54059602364,-8406.398448711958,8427.515816537672,-8380.560647659782,12,12,0.13664466377281384,1.4636502771342839,10.002132549961267,0.19242860348663618,0.10510373975882283
2024-11-07,False,222301.0521866088,225328.71481189356,-3027.6626252847577,0.0,0.0,-3027.6626252847577,-0.01343664800028828,-0.01343664800028828,0.0,247849.6170602211,-8359.44327983405,1244.17250897927,-4271.835134264027,12,12,0.14909574938586778,1.3414198649110332,10.002132549961265,0.20750772509368248,0.11372265876421173
2024-11-08,False,221022.41958459365,222301.0521866088,-1206.2839886773486,72.34861333780432,0.0,-1278.632602015153,-0.005426353032574688,-0.005751806342966903,72348.61333780432,226474.66877162832,-47070.001263401384,1273.4493164561156,-2479.733305133464,12,12,0.17590963971355145,1.1369473573232083,10.00993035796421,0.2157990349976367,0.21366593442674248
2024-11-09,False,219491.23636867898,221022.41958459365,-1510.0826275503998,21.100588364277225,0.0,-1531.183215914677,-0.006832259959820203,-0.0069277280503602275,21100.588364277228,234194.1601860065,-27175.696887801503,2999.5215310485105,-4509.6041585989105,12,12,0.18480053631444826,1.082247941422037,10.00993035796421,0.19899904951669184,0.2680758571528543
2024-11-10,False,221449.96502562912,219491.23636867898,2016.3871458664437,57.6584889162892,0.0,1958.7286569501546,0.009186640793619305,0.008923949262648839,57658.48891628921,204087.93930045998,21262.64061231312,8919.83823680985,-6903.4510909434075,12,12,0.14541687714893486,1.3753561754400867,10.00993035796421,0.16802862418060638,0.19220121579772598
2024-11-11,False,227683.66577046987,221449.96502562912,6330.583881232956,96.88313639221757,0.0,6233.7007448407385,0.028586971691326738,0.028149477215403,96883.13639221757,134013.25109221,55138.31249093088,9067.405996999138,-2736.8221157661833,12,12,0.09526222939355812,2.0994679766913427,10.009930357964208,0.17652481924630972,0.15691346084333355
2024-11-12,False,225519.1481753137,227683.66577046987,-2097.9572890632735,66.56030609289614,0.0,-2164.5175951561696,-0.009214351332423841,-0.009506688096537591,66560.30609289613,86689.3891106047,64859.55786126621,-2000.060591305488,-97.89669775778498,12,12,0.06272607084431873,3.1884668895710773,10.00993035796421,0.18150702573666994,0.1008213981251775
2024-11-13,False,225887.92884665937,225519.1481753137,397.8085813621087,29.027910016426265,0.0,368.78067134568244,0.0017639680913164011,0.0016352521474540173,29027.910016426264,78072.39673594183,70292.25283318528,226.44622507021924,171.36235629188948,12,12,0.04761939583145264,4.199969287890458,10.00993035796421,0.1903817656512827,0.0670650165682613
2024-11-14,False,228423.78994122174,225887.92884665937,2549.7687112585895,13.90761669622037,0.0,2535.861094562369,0.011287759927133875,0.01122619126887387,13907.61669622037,78503.26021400529,72910.07926889231,2385.101410885531,164.6673003730586,12,12,0.04028160416085683,4.965045562767027,10.009930357964208,0.1953679673631027,0.06195726227111473
2024-11-15,False,233117.0141181069,228423.78994122174,4721.861533094047,28.637356208899007,0.0,4693.224176885148,0.020671496319665663,0.020546126907765666,28637.356208899004,72130.32109792581,69194.53158272489,4839.8091344580525,-117.94760136400498,12,12,0.02994161328212826,6.6796667940193215,9.837989131983214,0.2083838380571786,0.03469891850054747
2024-11-16,False,240093.94618598412,233117.0141181069,6980.786286434368,3.8542185571311,0.0,6976.9320678772365,0.02994541738123674,0.029928883973876007,3854.2185571311,73233.85927661677,70903.52826161683,7121.156796925357,-140.37051049098991,12,12,0.027278554495809886,7.331766792508047,9.837989131983216,0.21295699270244367,0.029865302103393755
2024-11-17,False,237420.41418651814,240093.94618598412,-2664.361985867672,9.170013598297324,0.0,-2673.5319994659694,-0.011097164373331494,-0.011135357812791204,9170.013598297324,71325.3729857358,69776.92717180858,-2712.4079709324837,48.04598506481166,12,12,0.025391740480302488,7.876577037133353,9.837989131983216,0.21372388365699896,0.030994442489990844
2024-11-18,False,239297.708323567,237420.41418651814,1878.8288469582214,1.534709909373657,0.0,1877.2941370488477,0.007913510105673593,0.007907046003104181,1534.709909373657,67030.20912036483,65883.44349200669,1940.5419990924972,-61.713152134275674,12,12,0.024627151944625992,8.121117717943953,9.837989131983216,0.20727274042020918,0.025391119487398386
2024-11-19,False,239203.2723316194,239297.708323567,-93.2949780611212,1.1410138864632118,0.0,-94.43599194758441,-0.00038986991858263914,-0.0003946380958228507,1141.0138864632117,67891.45038512841,67270.62594598757,-103.7281341931053,10.433156131984088,12,12,0.023895304030375864,8.369845378228238,9.837989131983216,0.20965950707476308,0.027285733599112887
2024-11-20,False,238284.80297503824,239203.2723316194,-917.1097558034267,1.3596007777406918,0.0,-918.4693565811673,-0.0038340184348815754,-0.0038397023068641283,1359.6007777406917,66594.64937488758,66307.30038968367,-919.1876926799013,2.077936876474545,12,12,0.023528200737767423,8.50043750599936,9.837989131983216,0.20714617255921972,0.028760147975119197
2024-11-21,False,243145.20838722386,238284.80297503824,4861.400594779351,0.9951825937414893,0.0,4860.40541218561,0.020401639274027106,0.02039746283230142,995.1825937414893,65618.73235407309,65576.22879705457,4862.198835935796,-0.7982411564448926,12,12,0.023368148020095143,8.558658556425291,9.837989131983216,0.2057628558016911,0.027839969145582705
2024-11-22,False,248419.8344685554,243145.20838722386,5303.023476702038,28.39739537048834,0.0,5274.62608133155,0.02181010891342199,0.021693316994885543,28397.39537048834,75901.85858538949,75901.85858538949,5303.023476702038,0.0,12,12,0.02553695310369059,7.83178788745538,9.761049101448133,0.20027130721773553,0.029262423730386476
2024-11-23,False,250885.98074481374,248419.8344685554,2471.397415307125,5.251139048774497,0.0,2466.1462762583506,0.009948470582448401,0.009927332419064596,5251.139048774497,76730.45786006779,76730.45786006779,2471.397415307125,0.0,12,12,0.024994435635025847,8.001780993195576,9.761049101448135,0.20094996914641303,0.028995516971552445
2024-11-24,False,250144.0606347829,250885.98074481374,-741.2361037693656,0.6840062614963628,0.0,-741.920110030862,-0.002954473986823946,-0.002957200349849356,684.0062614963629,78675.54403386808,78675.54403386808,-741.2361037693656,0.0,12,12,0.024382736162654933,8.202524879317025,9.761049101448135,0.2051344262349179,0.027955324369913333
2024-11-25,False,247151.19975589946,250144.0606347829,-2992.4958875420334,0.36499134140189426,0.0,-2992.8608788834354,-0.011963089908863191,-0.01196454903341916,364.99134140189426,78121.88293163775,78121.88293163775,-2992.4958875420334,0.0,12,12,0.023826120423302816,8.39414879328792,9.761049101448133,0.20359187396679712,0.028483300231131187
2024-11-26,False,246241.902125699,247151.19975589946,-908.8620893588791,0.4355408415758971,0.0,-909.2976302004549,-0.003677352528559533,-0.0036791147730560435,435.54084157589716,75343.33432021855,75343.33432021855,-908.8620893588791,0.0,12,12,0.02367297411055818,8.448452613767685,9.761049101448137,0.20037992007563127,0.0247791363076035
2024-11-27,False,249995.09490391673,246241.902125699,3753.3849825809198,0.19220436320715192,0.0,3753.1927782177127,0.015242673769896931,0.015241893218895871,192.2043632071519,74626.67659406683,74626.67659406683,3753.3849825809198,0.0,12,12,0.023653687936681888,8.455341109402315,9.761049101448133,0.20005492060355026,0.024005800880230643
2024-11-28,False,250604.92185331837,249995.09490391673,610.5474586595252,0.7205092578972176,0.0,609.826949401628,0.002442237752281433,0.0024393556587020606,720.5092578972177,77853.28469866313,77853.28469866313,610.5474586595252,0.0,12,12,0.023478700726073182,8.518358930223906,9.761049101448137,0.2066008161359705,0.025636754019133262
2024-11-29,False,256078.95626105665,250604.92185331837,5503.438008595914,29.403600857651913,0.0,5474.0344077382615,0.021960614212585706,0.021843283712289857,29403.600857651916,68777.88823510312,68777.88823510312,5503.438008595914,0.0,12,12,0.022473276432655783,8.89945890174613,9.695623756869086,0.20176125267134878,0.026291478826237055
2024-11-30,False,256964.4484611434,256078.95626105665,890.5223317818449,5.030131695097214,0.0,885.4922000867476,0.003477530308558476,0.003457887414942613,5030.131695097214,69645.35179879125,69645.35179879125,890.5223317818449,0.0,12,12,0.022230657212799647,8.996585125015867,9.695623756869088,0.20172649099623954,0.025271122531876154
2024-12-01,False,263681.32534386095,256964.4484611434,6718.672401750141,1.7955190325902208,0.0,6716.876882717551,0.026146311063594847,0.02613932364162522,1795.5190325902208,69471.42389437536,69471.42389437536,6718.672401750141,0.0,12,12,0.022019416949995232,9.082892633087786,9.695623756869086,0.1991688485908871,0.022141271813256806
2024-12-02,False,269963.67139878083,263681.32534386095,6288.338772831091,5.9927179112161815,0.0,6282.346054919874,0.023848252297088573,0.02382552517409872,5992.717911216181,70536.75473574219,70536.75473574219,6288.338772831091,0.0,12,12,0.02188264087152693,9.139664685546904,9.695623756869088,0.20117600775389988,0.022495657289897022
2024-12-03,False,268864.8749823977,269963.67139878083,-1093.6395064224607,5.156909960675974,0.0,-1098.7964163831366,-0.0040510617623323655,-0.004070163999066501,5156.909960675974,71668.18354789728,71668.18354789728,-1093.6395064224607,0.0,12,12,0.02176501142158294,9.189060190507094,9.695623756869086,0.20462743076631698,0.0168755983026571
2024-12-04,False,269332.98017607356,268864.8749823977,468.5793687506104,0.47417507478381865,0.0,468.10519367582657,0.001742806191330451,0.0017410425728034311,474.1750747838187,70100.368966691,70100.368966691,468.5793687506104,0.0,12,12,0.021647765734375483,9.238828729673973,9.695623756869084,0.20210041837604165,0.018860037477783986
2024-12-05,False,268355.2294313432,269332.98017607356,-977.1259095973827,0.6248351329442067,0.0,-977.7507447303269,-0.0036279474907179843,-0.0036302674261842454,624.8351329442066,70740.5499584235,70740.5499584235,-977.1259095973827,0.0,12,12,0.021517776399478588,9.294640686239603,9.695623756869088,0.204033069636755,0.019000529585231383
2024-12-06,False,271014.6342527355,268355.2294313432,2670.3412544058,10.93643301352047,0.0,2659.4048213922797,0.009950770328062446,0.009910016760350368,10936.43301352047,68418.7431116593,68418.7431116593,2670.3412544058,0.0,12,12,0.022112954407159206,9.044472136895862,9.465106996582804,0.19335029265964024,0.024981669935917175
2024-12-07,False,271657.8599314422,271014.6342527355,643.5859203146081,0.36024160790553106,0.0,643.2256787067025,0.0023747275570160918,0.0023733983239696958,360.24160790553105,70728.84275815958,70728.84275815958,643.5859203146081,0.0,12,12,0.022015701574732715,9.084425464303113,9.465106996582804,0.19841251843824317,0.0210959514317742
2024-12-08,False,272121.594448218,271657.8599314422,464.9077608517091,1.1732440759005531,0.0,463.7345167758086,0.0017113723894056922,0.001707053559550386,1173.244075900553,70212.42196249789,70212.42196249789,464.9077608517091,0.0,12,12,0.02194316327055896,9.114456176349883,9.465106996582806,0.19655121109726564,0.020609869099767166
2024-12-09,False,262133.7150690202,272121.594448218,-9987.875279712162,0.0040994856586535205,0.0,-9987.87937919782,-0.03670372173132608,-0.036703736796229944,4.099485658653521,70681.42920900826,70681.42920900826,-9987.875279712162,0.0,12,12,0.021876775441277165,9.14211514109339,9.465106996582804,0.19716594914890806,0.01945940041218683
2024-12-10,False,262425.7662232024,262133.7150690202,292.2898121743815,0.23865799214986738,0.0,292.05115418223164,0.001115040894672481,0.0011141304509621516,238.65799214986737,60932.21192144597,60932.21192144597,292.2898121743815,0.0,12,12,0.022081948428452108,9.057171773044464,9.465106996582804,0.18713196027211856,0.019862422684224647
2024-12-11,False,265687.25962438853,262425.7662232024,3261.6915342071097,0.19813302095432847,0.0,3261.4934011861556,0.012429006423984014,0.012428251418011065,198.13302095432846,61422.63475457467,61422.63475457467,3261.6915342071097,0.0,12,12,0.022154813898875636,9.027383435170723,9.465106996582804,0.18946151826504554,0.02126012415463645
2024-12-12,False,266759.4813089266,265687.25962438853,1072.2216845380378,0.0,0.0,1072.2216845380378,0.004035653369506222,0.004035653369506222,0.0,64684.326288781784,64684.326288781784,1072.2216845380378,0.0,12,12,0.022188212636126237,9.013794994661513,9.465106996582804,0.19783169993600586,0.016374770841073527
2024-12-13,False,268130.24647286144,266759.4813089266,1371.1580882858225,0.3929243509816779,0.0,1370.7651639348408,0.0051400538101134,0.005138580856465965,392.9243509816779,65363.62362233814,65363.62362233814,1371.1580882858225,0.0,12,12,0.021972254518985712,9.102388643240259,9.559785828390336,0.2020095414528743,0.017167026337013978
2024-12-14,False,266251.87289962725,268130.24647286144,-1877.6284249546281,0.7451482795441134,0.0,-1878.3735732341722,-0.007002672953365112,-0.007005452006789134,745.1482795441134,65989.63343107986,65989.63343107986,-1877.6284249546281,0.0,12,12,0.021938746175932496,9.116291259133414,9.559785828390336,0.20234172610523932,0.018965513565937495
2024-12-15,False,267771.6780095803,266251.87289962725,1519.8051099530492,0.0,0.0,1519.8051099530492,0.0057081480532007066,0.0057081480532007066,0.0,64112.005006125226,64112.005006125226,1519.8051099530492,0.0,12,12,0.021969812852455108,9.103400258489238,9.559785828390336,0.19803451115882273,0.016547511561218618
2024-12-16,False,267104.45893090125,267771.6780095803,-667.0871245136956,0.13195416535028198,0.0,-667.2190786790459,-0.0024912534793535136,-0.002491746265470145,131.95416535028198,65499.855950728,65499.855950728,-667.0871245136956,0.0,12,12,0.021974894116542774,9.101295275386075,9.559785828390336,0.2010668863665716,0.016917351307587754
2024-12-17,False,268064.5946418906,267104.45893090125,960.3417193572409,0.20600836790362517,0.0,960.1357109893372,0.0035953788386800275,0.00359460757350262,206.00836790362519,64626.76045831067,64626.76045831067,960.3417193572409,0.0,12,12,0.022005425402315898,9.088667741862949,9.559785828390336,0.1985524202479952,0.016300177685630694
2024-12-18,False,261637.1808039207,268064.5946418906,-6426.784510947651,0.6293270222622505,0.0,-6427.413837969913,-0.02397476070845252,-0.02397710837776373,629.3270222622505,64957.77515540566,64957.77515540566,-6426.784510947651,0.0,12,12,0.022047172886431668,9.071457870368702,9.559785828390336,0.19933399351274883,0.01734180679955155
2024-12-19,False,257824.80296911046,261637.1808039207,-3812.2427278664113,0.13510694383631972,0.0,-3812.377834810248,-0.014570722387975233,-0.014571238778434041,135.10694383631972,58666.09758829433,58666.09758829433,-3812.2427278664113,0.0,12,12,0.022278315097189128,8.977339584591572,9.559785828390336,0.18876649188975334,0.0165708855578224
2024-12-20,False,259112.7268085769,257824.80296911046,1289.0490921944775,1.1252527280356999,0.0,1287.9238394664417,0.004999709404796544,0.004995344996426685,1125.2527280356999,55979.107588463616,55979.107588463616,1289.0490921944775,0.0,12,12,0.02237884495308453,8.937011736722075,9.651628927590979,0.1866122796732662,0.017129226922584746
2024-12-21,False,257955.8171935195,259112.7268085769,-1156.9096150574114,0.0,0.0,-1156.9096150574114,-0.004464889198252675,-0.004464889198252675,0.0,57268.156680658096,57268.156680658096,-1156.9096150574114,0.0,12,12,0.022607861680325515,8.846480168181936,9.65162892759098,0.1898571023228846,0.016003564588496718
2024-12-22,False,256968.21721421153,257955.8171935195,-987.2706723911346,0.3293069168297807,0.0,-987.5999793079643,-0.003827285940407694,-0.0038285625424258713,329.3069168297807,56440.553982430465,56440.553982430465,-987.2706723911346,0.0,12,12,0.02293735442166319,8.719401388815353,9.65162892759098,0.1884251632628477,0.01615291735743095
2024-12-23,False,259807.01672872563,256968.21721421153,2839.3384696696085,0.5389551555029252,0.0,2838.7995145141053,0.01104937606856923,0.01104727870741949,538.9551555029252,55992.23846554225,55992.23846554225,2839.3384696696085,0.0,12,12,0.0232950778696267,8.585504676967409,9.651628927590979,0.18793220941156752,0.017521162306249033
2024-12-24,False,261221.082485449,259807.01672872563,1414.0657567233618,0.0,0.0,1414.0657567233618,0.005442754297124475,0.005442754297124475,0.0,58831.576935211866,58831.576935211866,1414.0657567233618,0.0,12,12,0.02355372910622358,8.491224429814563,9.651628927590979,0.19649586122665155,0.013907662416931416
2024-12-25,False,261025.26306232507,261221.082485449,-195.81456336739038,0.004859756548242785,0.0,-195.81942312393863,-0.0007496124030429205,-0.0007496310070411201,4.859756548242785,60240.78293538698,60240.78293538698,-195.81456336739038,0.0,12,12,0.02367369743132119,8.448194481669454,9.651628927590979,0.1988946849062826,0.013545048726781533
2024-12-26,False,257448.409766895,261025.26306232507,-3576.7924032051073,0.06089222497713626,0.0,-3576.8532954300845,-0.013702859107361864,-0.013703092388325793,60.892224977136266,60073.06341742925,60073.06341742925,-3576.7924032051073,0.0,12,12,0.023839843918323514,8.389316670243728,9.65162892759098,0.198359178118592,0.015524291540715433
2024-12-27,False,256906.59468494984,257448.409766895,-541.1067522768901,0.7083296682545713,0.0,-541.8150819451447,-0.002101806543558889,-0.0021045578896204007,708.3296682545713,57204.60068247871,57204.60068247871,-541.1067522768901,0.0,12,12,0.0241467041965764,8.282703857711425,9.6935072707227,0.19391009569262455,0.015555642900610397
2024-12-28,False,257965.78912465024,256906.59468494984,1059.4567852879536,0.26234558755378495,0.0,1059.1944397004,0.004123898752335216,0.004122877581244316,262.345587553785,56925.83951775561,56925.83951775561,1059.4567852879536,0.0,12,12,0.024530899633525585,8.15298268664662,9.693507270722696,0.19347086063123928,0.017777917414569293
2024-12-29,False,256134.8157144887,257965.78912465024,-1830.7932060211622,0.1802041403686103,0.0,-1830.9734101615309,-0.007097038767169683,-0.00709773732545906,180.2041403686103,57805.092162674955,57805.092162674955,-1830.7932060211622,0.0,12,12,0.024813961047379818,8.059978800567942,9.693507270722698,0.19524841276485785,0.018041629620830297
2024-12-30,False,255993.06944307697,256134.8157144887,-140.97991583507522,0.7663555766578916,0.0,-141.74627141173312,-0.0005504129356323988,-0.000553404936444628,766.3555766578916,56712.50168245093,56712.50168245093,-140.97991583507522,0.0,12,12,0.025242169070524748,7.9232493626524265,9.693507270722696,0.19346585815476147,0.020548403142261924
2024-12-31,False,256481.0744618637,255993.06944307697,488.575476720687,0.5704579339504184,0.0,488.00501878673657,0.0019085496251269702,0.0019063212134938293,570.4579339504185,57041.05281076846,57041.05281076846,488.575476720687,0.0,12,12,0.025610485224933786,7.809301473338918,9.693507270722698,0.19411316580213658,0.02182166340239506
2025-01-01,False,259589.74935737505,256481.0744618637,3108.8716065284416,0.1967110170694566,0.0,3108.674895511372,0.01212125149214743,0.012120484531008165,196.7110170694566,57601.02344036734,57601.02344036734,3108.8716065284416,0.0,12,12,0.02601739351411099,7.687165122498781,9.6935072707227,0.195956101520442,0.021299993883801015
2025-01-02,False,260864.5781455124,259589.74935737505,1275.6783338724401,0.8495457350877252,0.0,1274.8287881373524,0.004914209197514284,0.004910936550049617,849.5457350877252,59908.77110622854,59908.77110622854,1275.6783338724401,0.0,12,12,0.026252011692909874,7.618463771064672,9.693507270722698,0.20306593120248914,0.01983465451597002
2025-01-03,False,264047.15027064056,260864.5781455124,3182.9320583586314,0.35993323046616704,0.0,3182.572125128165,0.012201472813925567,0.012200093043498226,359.93323046616706,60824.51620963481,60824.51620963481,3182.9320583586314,0.0,12,12,0.026570360000268686,7.527184426480392,9.607658925023578,0.20290105272316958,0.020415593048032414
2025-01-04,False,263700.6947363353,264047.15027064056,-345.75237130911245,0.7031629961210352,0.0,-346.45553430523347,-0.0013094342088325,-0.0013120972294157567,703.1629961210351,63304.2852718724,63304.2852718724,-345.75237130911245,0.0,12,12,0.026409812887641524,7.572942710759985,9.607658925023578,0.20946611456228545,0.022003445883622887
2025-01-05,False,264134.5421942223,263700.6947363353,433.8474578869725,0.0,0.0,433.8474578869725,0.0016452268293064632,0.0016452268293064632,0.0,62958.5329005633,62958.5329005633,433.8474578869725,0.0,12,12,0.026255481970146634,7.6174568125394435,9.607658925023577,0.20837550851959846,0.019574749513391904
2025-01-06,False,264652.7417622469,264134.5421942223,518.7424534488579,0.542885424244596,0.0,518.1995680246133,0.001963932657726449,0.0019618773210039794,542.8854242445959,63189.5630154545,63189.5630154545,518.7424534488579,0.0,12,12,0.025969611252338164,7.701308966725217,9.607658925023577,0.20636721295526964,0.02091750731804324
2025-01-07,False,259466.48890423737,264652.7417622469,-5186.069242112906,0.18361589660185018,0.0,-5186.252858009508,-0.01959575104939535,-0.019596444848731714,183.61589660185018,63524.6895723015,63524.6895723015,-5186.069242112906,0.0,12,12,0.025798055902775924,7.752522157240523,9.607658925023577,0.2061958037162805,0.018383202919090867
2025-01-08,False,259166.9661008415,259466.48890423737,-299.52280339587907,0.0,0.0,-299.52280339587907,-0.0011543795295523712,-0.0011543795295523712,0.0,58338.6203301886,58338.6203301886,-299.52280339587907,0.0,12,12,0.02632071572399208,7.5985775651873455,9.607658925023577,0.1958044637156168,0.017014879451871967
2025-01-09,False,257625.25834536416,259166.9661008415,-1541.7077554773375,0.0,0.0,-1541.7077554773375,-0.005948704723724169,-0.005948704723724169,0.0,58039.09752679272,58039.09752679272,-1541.7077554773375,0.0,12,12,0.026758122764348823,7.474365887373458,9.607658925023578,0.19526821968286848,0.019012441158949223
2025-01-10,False,259043.51064864456,257625.25834536416,1418.6494422426545,0.39713896226440126,0.0,1418.2523032803902,0.005506639571578259,0.005505098034211873,397.13896226440124,56894.52873357978,56894.52873357978,1418.6494422426545,0.0,12,12,0.027232987788567652,7.344034431798907,9.632651263465181,0.19151151799829427,0.02250721562903922
2025-01-11,False,260896.95293726822,259043.51064864456,1854.1186869499043,0.6763983262501129,0.0,1853.4422886236541,0.0071575569768460665,0.00715494583895438,676.3983262501129,58989.57650207254,58989.57650207254,1854.1186869499043,0.0,12,12,0.027562134781686804,7.256331978061679,9.632651263465181,0.19472429587013096,0.02295342103290568
2025-01-12,False,259892.7095821689,260896.95293726822,-1003.9684067585001,0.27494834082031183,0.0,-1004.2433550993204,-0.0038481415572526865,-0.003849195415251888,274.94834082031184,60765.380756655395,60765.380756655395,-1003.9684067585001,0.0,12,12,0.027881790662453065,7.173140434962431,9.632651263465181,0.19898158182833528,0.024535634280704738
2025-01-13,False,258856.71909164675,259892.7095821689,-1035.786131895749,0.20435862640157165,0.0,-1035.9904905221504,-0.003985437427471469,-0.003986223746667302,204.35862640157166,59965.77097629846,59965.77097629846,-1035.786131895749,0.0,12,12,0.028333238511651097,7.058847152885707,9.632651263465181,0.19634676695471923,0.0249053640049744
2025-01-14,False,261370.41125993262,258856.71909164675,2514.551221445757,0.8590531598936737,0.0,2513.6921682858633,0.009714065875012093,0.009710747231544354,859.0531598936736,59789.0380042964,59789.0380042964,2514.551221445757,0.0,12,12,0.0289748495569909,6.902537996154844,9.632651263465181,0.19502356579668073,0.028427251658224434
2025-01-15,False,268411.9999399246,261370.41125993262,7041.841858620737,0.2531786287549071,0.0,7041.588679991983,0.026942000912328335,0.026941032253988112,253.1786287549071,62250.02010089337,62250.02010089337,7041.841858620737,0.0,12,12,0.029294176905247472,6.827295426217419,9.632651263465181,0.19954735865163042,0.027187176554503204
2025-01-16,False,270049.2649554064,268411.9999399246,1639.5485529157104,2.283537433851102,0.0,1637.2650154818593,0.006108328067607524,0.0060998204843610146,2283.537433851102,67008.32452566302,67008.32452566302,1639.5485529157104,0.0,12,12,0.028948255139582213,6.908879275646956,9.632651263465181,0.20868012801281485,0.028420451711405545
2025-01-17,False,273702.0334475392,270049.2649554064,3654.0797106059567,1.311218473173798,0.0,3652.7684921327827,0.013531159624557244,0.013526304145786025,1311.218473173798,67336.65460540494,67336.65460540494,3654.0797106059567,0.0,12,12,0.02822788749035909,7.085191907056726,9.705886768611455,0.20901809015664508,0.027130255151346934
2025-01-18,False,271574.5373938157,273702.0334475392,-2125.5975475196155,1.8985062039076241,0.0,-2127.4960537235233,-0.007766100677973339,-0.007773037075850966,1898.5062039076242,69092.22811210326,69092.22811210326,-2125.5975475196155,0.0,12,12,0.027585712348803238,7.250129975660269,9.705886768611458,0.21189922973698636,0.023387825492249787
2025-01-19,False,266762.6755771108,271574.5373938157,-4811.670913257337,0.19090344759219396,0.0,-4811.861816704929,-0.017717680602286495,-0.01771838355275241,190.90344759219397,66775.72711699145,66775.72711699145,-4811.670913257337,0.0,12,12,0.02736610070572906,7.308311920306946,9.705886768611458,0.20685906481383193,0.021779029991371376
2025-01-20,False,268179.48146701884,266762.6755771108,1417.4844641079208,0.6785741998682606,0.0,1416.8058899080524,0.005313653647540286,0.005311109910121248,678.5741998682606,62642.63040360238,62642.63040360238,1417.4844641079208,0.0,12,12,0.027671309658661502,7.227702716896786,9.705886768611457,0.19935680308688258,0.024268730920911002
2025-01-21,False,269598.09242441447,268179.48146701884,1418.7947342992782,0.1837769036150339,0.0,1418.610957395663,0.0052904671399096725,0.005289781864128655,183.77690361503392,63876.33796409526,63876.33796409526,1418.7947342992782,0.0,12,12,0.02771482173843447,7.216355273273983,9.705886768611457,0.20092015957433249,0.02184785361410273
2025-01-22,False,268521.2604857273,269598.09242441447,-1076.4771207540061,0.3548179331655579,0.0,-1076.8319386871717,-0.003992895910625968,-0.003994212010194681,354.81793316555786,65440.58984461284,65440.58984461284,-1076.4771207540061,0.0,12,12,0.02755613213203541,7.257912650501838,9.705886768611458,0.20070061569931338,0.022696020738221367
2025-01-23,False,268241.09449352475,268521.2604857273,-279.6515173913169,0.5144748112084507,0.0,-280.16599220252533,-0.0010414501886571517,-0.0010433661442514233,514.4748112084508,64878.58753506727,64878.58753506727,-279.6515173913169,0.0,12,12,0.027597257559678588,7.2470969105355305,9.705886768611455,0.198785512058624,0.022663649183070882
2025-01-24,False,267998.7929948126,268241.09449352475,-216.33612608220378,25.965372629942443,0.0,-242.3014987121462,-0.0008064988196185058,-0.0009032974577204288,25965.372629942445,68267.03327152952,68267.03327152952,-216.33612608220378,0.0,12,12,0.02942842498092608,6.796150325055766,9.53722742492233,0.19974031054109237,0.03224138995353271
2025-01-25,False,268620.2917180936,267998.7929948126,622.8366127617657,1.3378894807254427,0.0,621.4987232810402,0.0023240276786389157,0.0023190355312274484,1337.8894807254426,68866.2624999757,68866.2624999757,622.8366127617657,0.0,12,12,0.029323005744022714,6.820583188023574,9.53722742492233,0.19971773431842516,0.03295024484530803
2025-01-26,False,266068.0568380934,268620.2917180936,-2551.46305662699,0.7718233732607943,0.0,-2552.2348800002505,-0.009498400289523359,-0.00950127357719766,771.8233732607944,69409.11046071394,69409.11046071394,-2551.46305662699,0.0,12,12,0.02923539368499413,6.841022979028859,9.537227424922332,0.200587945543451,0.03233146413725262
2025-01-27,False,265511.1150294805,266068.0568380934,-555.1516458239751,1.790162788951627,0.0,-556.9418086129267,-0.002086502425061095,-0.002093230638925719,1790.1627889516267,68359.25492564989,68359.25492564989,-555.1516458239751,0.0,12,12,0.029517596919993522,6.775619320979734,9.53722742492233,0.19908898078952036,0.03222438681067962
2025-01-28,False,263846.9670804918,265511.1150294805,-1663.2810617030188,0.8668872856516591,0.0,-1664.1479489886706,-0.0062644498386379786,-0.006267714814138366,866.8872856516591,68244.08421509396,68244.08421509396,-1663.2810617030188,0.0,12,12,0.02995149709765698,6.677462543788685,9.53722742492233,0.19886479548962832,0.032451407312887065
2025-01-29,False,264860.8678750803,263846.9670804918,1016.2956243838078,2.3948297953229964,0.0,1013.9007945884848,0.003851837432998676,0.00384276084659019,2394.8297953229967,67996.74309325872,67996.74309325872,1016.2956243838078,0.0,12,12,0.030725860006562106,6.509175006241847,9.53722742492233,0.19749786162913144,0.03244169006561783
2025-01-30,False,267200.9916999119,264860.8678750803,2341.3435614799346,1.2197366483836838,0.0,2340.123824831551,0.008839899907691203,0.008835294710033394,1219.7366483836838,69047.08103158529,69047.08103158529,2341.3435614799346,0.0,12,12,0.03133064819264248,6.383525765897398,9.53722742492233,0.1994165744208867,0.033801635260665645
2025-01-31,False,265888.5952966684,267200.9916999119,-1311.253477198227,1.1429260452613887,0.0,-1312.3964032434885,-0.0049073675544994595,-0.004911644956458151,1142.9260452613887,71861.06129163555,71861.06129163555,-1311.253477198227,0.0,12,12,0.03152164243564009,6.344847049399593,9.515812689934668,0.20288687420339802,0.03330517868435623
2025-02-01,False,261690.42754300978,265888.5952966684,-4196.24419883146,1.9235548271701657,0.0,-4198.16775365863,-0.01578196384899266,-0.015789198288006578,1923.5548271701657,72226.21114268414,72226.21114268414,-4196.24419883146,0.0,12,12,0.03151720617395314,6.345740129887737,9.51581268993467,0.19960102384576897,0.03346818386562281
2025-02-02,False,256230.1908374585,261690.42754300978,-5457.806922925427,2.4297826258444637,0.0,-5460.236705551271,-0.020855967007155495,-0.020865251957501815,2429.782625844464,69565.52385977338,69565.52385977338,-5457.806922925427,0.0,12,12,0.03245190372705381,6.16296663770971,9.515812689934668,0.19513194449535712,0.038644688368595116
2025-02-03,False,258835.7855957198,256230.1908374585,2610.9190556028702,5.3242973415881805,0.0,2605.594758261282,0.01018974012027773,0.010168960768226412,5324.297341588181,66396.1679996143,66396.1679996143,2610.9190556028702,0.0,12,12,0.03466487978254225,5.769528158027047,9.51581268993467,0.19276294743460468,0.041734249799209706
2025-02-04,False,254947.52294232606,258835.7855957198,-3886.0632708254475,2.1993825682787493,0.0,-3888.2626533937264,-0.015013624417819716,-0.01502212162991586,2199.382568278749,67988.3409198206,67647.77684545488,-3898.2853608252994,12.222089999852162,12,12,0.03648423353024243,5.481819971199791,9.51581268993467,0.19555490596578887,0.038986128817416164
2025-02-05,False,252446.4522122922,254947.52294232606,-2494.592052467476,6.478677566378943,0.0,-2501.070730033855,-0.009784727553645617,-0.009810139361893877,6478.677566378943,68912.85244441837,65158.988012304566,-2519.208736658261,24.616684190784987,12,12,0.0394360238372311,5.071505201069036,9.515812689934672,0.19241020828180422,0.04810577826431353
2025-02-06,False,251107.64595348792,252446.4522122922,-1331.9957844539522,6.810474350319841,0.0,-1338.806258804272,-0.005276349787375203,-0.005303327684234662,6810.474350319841,72012.35118674886,64349.88825817855,-1496.057688282513,164.06190382856096,12,12,0.042917279668685276,4.6601276116279715,9.51581268993467,0.19260954482001802,0.057290377212270656
2025-02-07,False,252112.478482774,251107.64595348792,1021.7715236445105,16.938994358451005,0.0,1004.8325292860594,0.00406905779298242,0.004001600689897679,16938.994358451004,77246.79928672385,69912.46016581064,1055.3672073562127,-33.595683711702186,12,12,0.05623170825963235,3.5567121503149517,9.565561985410598,0.21233075923175873,0.047214081719269066
2025-02-08,False,253037.22231610888,252112.478482774,935.5144224730718,10.770589138183496,0.0,924.7438333348883,0.003710702572530508,0.0036679812078324915,10770.589138183497,82538.34641478218,66286.71558944872,1146.6491872569402,-211.13476478386832,12,12,0.06290834773600466,3.1792283090838986,9.565561985410598,0.20039797213291574,0.0689051505479041
2025-02-09,False,253048.79110188753,253037.22231610888,17.83503846216837,6.266252683524632,0.0,11.568785778643738,7.048385331976098e-05,4.5719699547568283e-05,6266.252683524632,90162.38305034762,66054.61874202202,79.66203435568383,-61.82699589351544,12,12,0.06816893274053538,2.9338877984380374,9.565561985410598,0.20267666029622414,0.07238043248843126
2025-02-10,False,255766.45546866985,253048.79110188753,2724.181620122988,6.517253340656105,0.0,2717.664366782332,0.010765440167726879,0.010739685239942884,6517.253340656105,96821.12542125292,64568.6351725602,2963.0889428034425,-238.90732268045485,12,12,0.07294754213056748,2.741696212903564,9.565561985410598,0.20189323213783655,0.08092175703430249
2025-02-11,False,255179.54796228078,255766.45546866985,-583.4135206181098,3.4939857709756974,0.0,-586.9075063890855,-0.0022810400196892713,-0.0022947008641677753,3493.9857709756975,103517.10745771251,65795.96455941699,-440.6939331401718,-142.71958747793815,12,12,0.07626598817705668,2.6224009519903735,9.5655619854106,0.20817391546131495,0.07756637996720034
2025-02-12,False,255528.34155044728,255179.54796228078,350.9879898876811,2.1944017211744793,0.0,348.79358816650665,0.0013754550185956212,0.0013668555765999843,2194.4017211744795,105413.53483322478,64685.18206653736,1630.7262050896688,-1279.7382152019875,12,12,0.07813801752892091,2.5595735126755015,9.565561985410598,0.20634897510035735,0.07660589933652323
2025-02-13,False,257362.9332938627,255528.34155044728,1840.5696843155135,5.977940900100265,0.0,1834.5917434154132,0.007202996243577709,0.007179601809661579,5977.940900100265,102346.05835341619,69465.7282419262,1366.4644701792515,474.1052141362618,12,12,0.07549077355355033,2.6493303828464216,9.565561985410598,0.2128214257011154,0.07079512857321836
2025-02-14,False,259528.7656107463,257362.9332938627,2170.5272882478926,4.6949713642764355,0.0,2165.832316883616,0.008433721439479928,0.00841547883047564,4694.971364276435,101978.12201934279,72868.38556313385,2482.9526176990476,-312.4253294511555,12,12,0.07603949336044735,2.6302121589888428,9.47596314598333,0.2169916135570802,0.0793828850831856
2025-02-15,False,261249.17582576786,259528.7656107463,1725.19599784981,4.785782828269375,0.0,1720.4102150215406,0.0066474172671762395,0.006628976988246052,4785.782828269375,104944.06953451943,75188.77464273108,1349.064918156718,376.1310796930919,12,12,0.0755166325807613,2.6484231773193794,9.47596314598333,0.22010870378772696,0.08670148020222752
2025-02-16,False,259177.67427382478,261249.17582576786,-2067.712187808882,3.789364134183289,0.0,-2071.5015519430654,-0.00791471276903809,-0.007929217557894191,3789.3641341832886,107437.68651762369,77596.84942369611,-2379.5018388570534,311.7896510481719,12,12,0.07537563769019437,2.653377220130876,9.47596314598333,0.2235866690386544,0.08536431454707612
2025-02-17,False,257087.1962268411,259177.67427382478,-2082.373988370095,8.10405861357675,0.0,-2090.478046983672,-0.008034542304635538,-0.00806581065611019,8104.05861357675,109410.77921922952,77906.76444133504,-1964.683519378225,-117.69046899186992,12,12,0.07548556495075802,2.649513190110815,9.47596314598333,0.2171352367725476,0.08859351591436715
2025-02-18,False,256906.0959941459,257087.1962268411,-172.50921494307886,8.591017752111581,0.0,-181.10023269519044,-0.000671014416411719,-0.000704431163251695,8591.01775211158,110171.39990501343,76215.92285473234,-742.6330573732312,570.1238424301528,12,12,0.078020183352267,2.563439246188194,9.475963145983332,0.21163848817260172,0.09224411825223737
2025-02-19,False,260055.1727616241,256906.0959941459,3158.957398889854,9.880631411643478,0.0,3149.0767674782105,0.012296155864521941,0.0122576957751519,9880.631411643477,109913.38577323714,72333.21463160988,3485.3677400778465,-326.41034118799234,12,12,0.08364159093822558,2.3911548998118914,9.47596314598333,0.20506622487302345,0.10404675234111477
2025-02-20,False,258355.70889788566,260055.1727616241,-1691.172402928107,8.29146081033024,0.0,-1699.463863738437,-0.006503129258952662,-0.006535012727073215,8291.46081033024,118487.42853125464,71988.49309968302,-1025.6418606438845,-665.5305422842225,12,12,0.08745804807512099,2.286810698407224,9.475963145983332,0.2070909186060936,0.10697842921781574
2025-02-21,False,256133.64168624635,258355.70889788566,-2216.9925804489653,5.074631190340568,0.0,-2222.0672116393057,-0.008581163504791083,-0.008600805537134739,5074.6311903405685,123201.94840323555,69980.49472336694,-2948.988660592322,731.9960801433567,12,12,0.08895632403412976,2.248294341875753,9.458512202875328,0.20368173159626293,0.111103799101642
2025-02-22,False,255559.00332008113,256133.64168624635,-563.6253972783951,11.012968886828954,0.0,-574.638366165224,-0.002200512957094539,-0.002243509920766806,11012.968886828954,130533.9325493288,67616.38447849659,243.89158830723966,-807.5169855856346,12,12,0.09271629746282217,2.1571180630913025,9.45851220287533,0.20394530646906878,0.11975434044274909
2025-02-23,False,256498.98339092438,255559.00332008113,945.3963640025204,5.416293159276951,0.0,939.9800708432434,0.00369932716797473,0.003678133263283792,5416.293159276951,137001.63428249865,67107.30383551135,611.5581547124395,333.83820929008095,12,12,0.0937402715320158,2.1335547330017337,9.458512202875328,0.2036132588074098,0.12140837589488271
2025-02-24,False,251018.61620129488,256498.98339092438,-5474.6179966723785,5.749192957111757,0.0,-5480.36718962949,-0.021343624541110308,-0.021366038637576138,5749.192957111756,143028.54718503277,65990.30262971361,-10496.397787509235,5021.7797908368575,12,12,0.09548682131600363,2.0945298758885373,9.458512202875328,0.20440711273016915,0.12416682127517562
2025-02-25,False,250867.88983409805,251018.61620129488,-127.86086964757361,22.865497549265775,0.0,-150.7263671968394,-0.0005093680762905665,-0.000600458920050655,22865.497549265776,149893.03898317783,56695.38840619576,516.7077659451062,-644.5686355926797,12,12,0.10574922618493954,1.8912667942385697,9.458512202875328,0.20505418829636007,0.12439542866599498
2025-02-26,False,252833.41506169332,250867.88983409805,1974.5877476763035,9.062520081031934,0.0,1965.5252275952716,0.007871026256019143,0.007834901584635233,9062.520081031933,158340.781911435,48248.96368962676,-103.18580476330817,2077.7735524396116,12,12,0.10921847551975947,1.83119201259879,9.458512202875328,0.20260484581507235,0.1443264211291932
2025-02-27,False,252391.60063792017,252833.41506169332,-426.92875646176583,14.885667311391307,0.0,-441.81442377315716,-0.0016885772648270875,-0.0017474526603429813,14885.667311391308,158989.99668827423,35337.88412591176,577.0929195446746,-1004.0216760064403,12,12,0.10681184306452866,1.8724515396590733,9.458512202875328,0.20196812751084436,0.13249197651344158
2025-02-28,False,248587.5591720417,252391.60063792017,-3793.454808442002,10.58665743645011,0.0,-3804.041465878452,-0.015030035860361593,-0.01507198122387485,10586.65743645011,156182.0312805636,24324.297932999893,-771.8383066527485,-3021.616501789254,12,12,0.10283487262369226,1.9448655392598966,9.530427837297767,0.19704237710384656,0.11528802932652542
2025-03-01,False,250249.76182417592,248587.5591720417,1674.2763873982522,12.073735264049564,0.0,1662.2026521342025,0.006735157595877612,0.006686588249510228,12073.735264049563,150742.7256465375,8822.960602483348,54.10712141673207,1620.1692659815203,12,12,0.09738316129525022,2.053743145528331,9.530427837297765,0.19941082279356254,0.1075974758047905
2025-03-02,False,250951.91755013028,250249.76182417592,709.7293444493658,7.573618495012387,0.0,702.1557259543534,0.0028360839957482864,0.0028058197571739713,7573.618495012388,149172.36823986648,2923.6184948692153,14013.907204488223,-13304.177860038857,12,12,0.09223583813693534,2.168354557618652,9.530427837297765,0.19175294961222675,0.10617971310561855
2025-03-03,False,251075.1480545972,250951.91755013028,152.44741664270595,29.216912175790586,0.0,123.23050446691536,0.0006074765960385737,0.0004910522528376328,29216.91217579059,149100.89482219098,1830.2020750722622,-11509.262681569277,11661.710098211986,12,12,0.10133081618188733,1.9737332386724582,9.530427837297765,0.1959404099359385,0.09329428172959633
2025-03-04,False,250033.72922512775,251075.1480545972,-1033.9470339772388,7.4717954922136665,0.0,-1041.4188294694525,-0.004118077961871413,-0.004147837161657243,7471.795492213666,131966.62117459715,-5489.146000498698,-659.5008564557137,-374.44617752152516,12,12,0.09716136395620831,2.058431374945932,9.530427837297765,0.1759692902473984,0.08579533047173757
2025-03-05,False,247372.9300862364,250033.72922512775,-2653.9254655355985,6.873673355754602,0.0,-2660.7991388913533,-0.010614269817757394,-0.010641760802182003,6873.673355754602,132508.16675464672,-13396.766390230543,1107.744346683284,-3761.6698122188827,12,12,0.09060259973232834,2.207442177055291,9.530427837297763,0.17911775051305737,0.08451499545910124
2025-03-06,False,248642.43064215398,247372.9300862364,1277.1432796851275,7.642723767524151,0.0,1269.5005559176034,0.005162825533254201,0.00513192997906054,7642.723767524151,132196.9484354137,-19815.037731535405,313.2013708716609,963.9419088134667,12,12,0.08861124593721598,2.2570498573251827,9.530427837297763,0.18487446704160185,0.0854679021488489
2025-03-07,False,249088.89386301732,248642.43064215398,523.1764250593872,76.71320419604272,0.0,446.4632208633444,0.002104131719225116,0.0017956035086621799,76713.20419604273,150978.62063768087,-29184.923189114572,-1279.1065678185817,1802.2829928779688,12,12,0.10032752716451566,1.9934708414774625,9.706790710471887,0.17969100537774982,0.10598420669728523
2025-03-08,False,248524.83801467938,249088.89386301732,-562.3524343163068,1.703414021636528,0.0,-564.0558483379433,-0.0022576375268885496,-0.002264476105659441,1703.414021636528,149600.64509862085,-30365.160785691703,-834.6372251875733,272.2847908712665,12,12,0.09862751616797329,2.027831661697517,9.706790710471887,0.17980131101040384,0.08055839859120281
2025-03-09,False,251641.58782568638,248524.83801467938,3119.933042528298,3.183231521291064,0.0,3116.749811007007,0.012553807770087012,0.012540999265525777,3183.231521291064,148131.8991201393,-34110.74474129908,-4308.448213836867,7428.381256365164,12,12,0.09493712648335408,2.1066573995692535,9.706790710471887,0.17945798756650164,0.08037215176653037
2025-03-10,False,254339.52253511615,251641.58782568638,2706.002137107267,8.067427677490938,0.0,2697.9347094297764,0.010753397959727273,0.010721338760978777,8067.4276774909395,130945.21622023391,-38476.34556407419,-2920.861812680796,5626.863949788063,12,12,0.08487564502108899,2.356388572367328,9.706790710471887,0.17056768733441632,0.08574576206360877
2025-03-11,False,252438.75728361783,254339.52253511615,-1885.469713516279,15.295537982045412,0.0,-1900.7652514983245,-0.0074131998626204695,-0.007473338129098239,15295.53798204541,108883.18070867966,-47706.01957522158,1468.9134157809622,-3354.3831292972413,12,12,0.07124881329480272,2.807064296951443,9.706790710471887,0.1727380142414512,0.07270723069663092
2025-03-12,False,250836.61953438187,252438.75728361783,-1588.9979379243614,13.13981131158972,0.0,-1602.137749235951,-0.0062945878636975865,-0.006346639345225151,13139.81131158972,100566.66594216815,-55985.2924768931,377.3333790326026,-1966.3313169569642,12,12,0.06417164032528729,3.116641541126207,9.706790710471887,0.18882243764424747,0.055957027094630594
2025-03-13,False,252284.6499451212,250836.61953438187,1456.7255956834053,8.695184944065776,0.0,1448.0304107393395,0.0058074678186441344,0.005772803083645687,8695.184944065775,94215.14569409195,-60163.42257748895,-395.12390967733074,1851.8495053607362,12,12,0.060164308800649983,3.3242299959380457,9.706790710471887,0.19876781293119092,0.054421671917002576
2025-03-14,False,250821.8013186362,252284.6499451212,-1422.574815997091,40.27381048791282,0.0,-1462.848626485004,-0.005638768812555738,-0.005798405201438983,40273.810487912815,113829.6614421694,-68796.6230850062,966.3511912265649,-2388.9260072236557,12,12,0.08604486769060533,2.324368731894008,9.736540194001737,0.21125494997188177,0.08206736668084282
2025-03-15,False,247447.90931176423,250821.8013186362,-3367.2524388248776,6.6395680470953735,0.0,-3373.892006871973,-0.013424879420857141,-0.01345135067659404,6639.568047095374,110545.37059352425,-71861.9983364876,255.3507322147191,-3622.6031710395973,12,12,0.08185891888091276,2.4432279675102633,9.736540194001735,0.21988722874486769,0.06645084600425041
2025-03-16,False,249836.44195013418,247447.90931176423,2396.5915344760083,8.058896106065065,0.0,2388.532638369943,0.009685236545912771,0.009652668495010747,8058.8961060650645,107109.87315565406,-73051.80097736513,-682.5908652219665,3079.182399697975,12,12,0.08235843325278894,2.4284094791619575,9.736540194001737,0.22756586661602746,0.07846314994693163
2025-03-17,False,247146.5829048521,249836.44195013418,-2684.501897735607,5.357147546468549,0.0,-2689.859045282076,-0.010745037340354924,-0.010766479958992353,5357.147546468548,104655.5196538848,-72798.68207959057,300.8550159368594,-2985.356913672467,12,12,0.07861495209399225,2.5440453078299847,9.736540194001737,0.22217497632986266,0.0760058040445455
2025-03-18,False,247237.04443814972,247146.5829048521,98.98790689415388,8.526373596538821,0.0,90.46153329761506,0.0004005230650195265,0.0003660238075492286,8526.373596538822,103684.60688438767,-71555.61423229142,-356.17358002189275,455.1614869160466,12,12,0.07971747977025943,2.5088600464589064,9.736540194001737,0.2238849169653496,0.07896891209426522
2025-03-19,False,246368.39751183288,247237.04443814972,-861.6866248017222,6.960301515123378,0.0,-868.6469263168457,-0.003485265028790161,-0.0035134173695162076,6960.301515123378,101911.37771264042,-71130.11518246192,1633.3456598055268,-2495.0322846072495,12,12,0.07817831495484824,2.55825416697085,9.736540194001737,0.22086972667037533,0.07837866835226222
2025-03-20,False,247377.49689645253,246368.39751183288,1012.2085848802631,3.109200260601772,0.0,1009.0993846196612,0.004108516332057757,0.004095896205888967,3109.2002606017722,104662.86098130995,-70614.90713152035,-717.8914368784525,1730.1000217587155,12,12,0.07979227540723766,2.5065082926794036,9.736540194001737,0.22088196439120356,0.08158628400717517
2025-03-21,False,247177.9147582274,247377.49689645253,-195.0254291024539,4.556709122693799,0.0,-199.5821382251477,-0.0007883717458103629,-0.0008067918089925898,4556.709122693799,101089.54499913965,-68477.37402310697,-345.05870297096646,150.0332738685125,12,12,0.08105156819251623,2.4675648412496316,9.737009520928364,0.21110509071151964,0.06680436907924886
2025-03-22,False,247137.2168866909,247177.9147582274,-35.06435059887765,5.633520937611451,0.0,-40.6978715364891,-0.00014185875236133135,-0.00016465011275905046,5633.520937611451,99348.95944029032,-67426.9058701996,-64.88475656352587,29.820405964648256,12,12,0.08144436418575711,2.4556640843047526,9.737009520928366,0.20987188825525013,0.07005556685565514
2025-03-23,False,246749.01351904846,247137.2168866909,-385.0470713438742,3.156296298569112,0.0,-388.2033676424433,-0.0015580294874017826,-0.0015708009199619228,3156.296298569112,98488.42842187702,-66696.14436491331,432.6179017335675,-817.6649730774417,12,12,0.08112739863510093,2.46525838822431,9.737009520928364,0.2086204932743792,0.07123593565405482
2025-03-24,False,243733.73443695472,246749.01351904846,-3012.520847978367,2.7582341153699104,0.0,-3015.2790820937366,-0.012208846572534756,-0.0122200248709848,2758.2341153699103,99338.28830547139,-66910.43786331854,116.8241077902485,-3129.3449557686154,12,12,0.08146939685671058,2.4549095453813483,9.737009520928364,0.21128709789170627,0.07132758519403223
2025-03-25,False,242798.02999343656,243733.73443695472,-932.150602496534,3.553841021617896,0.0,-935.704443518152,-0.0038244628083588007,-0.0038390436419468454,3553.8410216178963,99648.97569365044,-66987.47703591712,20.495907135802863,-952.6465096323368,12,12,0.08569057071362007,2.3339790870153587,9.737009520928366,0.21774311509352673,0.07751985867195162
2025-03-26,False,243594.61063328193,242798.02999343656,798.7280326768149,2.1473928314473505,0.0,796.5806398453675,0.0032896808623134486,0.0032808365037677654,2147.3928314473505,99498.45514118492,-66795.96466918,-613.6479956223377,1412.3760282991527,12,12,0.08969041695014857,2.2298926329126485,9.737009520928364,0.21976702127332565,0.07809906303630029
2025-03-27,False,243458.5237809861,243594.61063328193,-134.79871179021134,1.2881405055994402,0.0,-136.0868522958108,-0.0005533731285752593,-0.0005586611786772324,1288.14050559944,98760.57162286287,-67285.37714210263,-21.184974621770422,-113.61373716844096,12,12,0.0901178754254017,2.219315524871169,9.737009520928364,0.2198582591065021,0.07644252370463812
2025-03-28,False,247323.7287505165,243458.5237809861,3869.1583829170117,3.9534133866382764,0.0,3865.2049695303735,0.015892474507886546,0.01587623595798802,3953.4133866382763,97260.02413010746,-65827.19959859074,-861.537681856082,4730.696064773094,12,12,0.09316079857086304,2.146825736448249,9.73790696934213,0.2165585685269528,0.07080242959600878
2025-03-29,False,249485.45843739898,247323.7287505165,2164.60621316912,2.8765262866286285,0.0,2161.7296868824915,0.008752117009171527,0.008740486397336742,2876.5262866286284,93949.71551236676,-64239.96634456221,-494.406044791202,2659.012257960322,12,12,0.08858721514582574,2.2576621205528897,9.73790696934213,0.2090478421322484,0.06261146889208927
2025-03-30,False,249909.31123756763,249485.45843739898,425.4408576508962,1.5880574822374198,0.0,423.85280016865875,0.0017052731662821465,0.0016989078354440932,1588.05748223742,91834.93368818262,-63663.417613630525,-11.264243371994027,436.7051010228902,12,12,0.08036940606940578,2.4885091203396863,9.73790696934213,0.20501347569825923,0.05426492024699715
2025-03-31,False,250297.34474165944,249909.31123756763,388.6883360140296,0.6548319222209752,0.0,388.0335040918086,0.0015553175433489009,0.0015526972651408654,654.8319222209752,91211.24297222082,-63892.80867820059,-264.63359133813236,653.3219273521621,12,12,0.07414695525542274,2.697346092109062,9.73790696934213,0.2049367076925074,0.062204733023135596
2025-04-01,False,248387.83162418587,250297.34474165944,-1904.1838961699098,5.329221303663463,0.0,-1909.5131174735732,-0.00760768716158489,-0.0076289787230641535,5329.221303663463,90542.96590804236,-66974.21347540418,282.85307883650233,-2187.036975006412,12,12,0.06784381218945205,2.9479475510825557,9.73790696934213,0.21007141550574837,0.06586741024554638
2025-04-02,False,251842.57189833547,248387.83162418587,3458.511880764367,3.7716066147515783,0.0,3454.7402741496157,0.013923837806987027,0.013908653461642535,3771.6066147515785,89241.24934713371,-67617.67826488081,-572.202633844192,4030.7145146085586,12,12,0.065614291566766,3.0481164274476615,9.73790696934213,0.2141160774387465,0.06874344388457285
2025-04-03,False,250948.64800050436,251842.57189833547,-891.1070250004162,2.816872830715457,0.0,-893.9238978311317,-0.003538349446971741,-0.003549534501227987,2816.872830715457,85277.45655326519,-66754.50196684763,184.90672262793848,-1076.0137476283546,12,12,0.06018312952896046,3.3231904283701112,9.73790696934213,0.20700501200350993,0.06269971464230382
2025-04-04,False,250332.44290080955,250948.64800050436,-614.0594253608674,2.1456743339272792,0.0,-616.2050996947947,-0.0024469525150007314,-0.0024555027676162505,2145.674333927279,84919.46801676754,-68177.66894841411,256.72865096312245,-870.7880763239898,12,12,0.05655430902131259,3.5364237219241716,9.752697581430038,0.20755695343419084,0.0637996891150097
2025-04-05,False,251410.09097913784,250332.44290080955,1080.1889760957506,2.540897767469316,0.0,1077.6480783282814,0.004315017916090721,0.0043048678223273,2540.897767469316,84550.86274078031,-68787.9872670386,46.70927253251299,1033.4797035632378,12,12,0.0549786344022962,3.637776786824791,9.752697581430036,0.2091668004507876,0.06071718758521371
2025-04-06,False,259393.31614968774,251410.09097913784,7985.667942820118,2.442772270196329,0.0,7983.225170549921,0.031763513993090964,0.03175379770739741,2442.7722701963294,84377.63862174205,-69508.5965853595,-755.399739225094,8741.067682045212,12,12,0.05270486655396469,3.7947159925966103,9.752697581430036,0.20662740225386483,0.06158461783505743
2025-04-07,False,259090.4675882797,259393.31614968774,-296.1764999332883,6.672061474780174,0.0,-302.84856140806846,-0.0011418046707200973,-0.001167526464842695,6672.061474780174,79782.02657901109,-68194.99011731955,-69.38706483516609,-226.7894350981222,12,12,0.04769957254593488,4.192909691326881,9.752697581430036,0.2011671196071584,0.05161343133161586
2025-04-08,False,260888.80461290453,259090.4675882797,1802.867143315298,4.530118690462121,0.0,1798.337024624836,0.0069584464457420015,0.006940961747317431,4530.118690462121,80021.64053428247,-70504.94124699465,-255.29671852163443,2058.1638618369325,12,12,0.04356533717272931,4.5908057409732255,9.752697581430038,0.20636869489544513,0.04995071625905412
2025-04-09,False,254026.8457229353,260888.80461290453,-6858.582443200007,3.3764467692137594,0.0,-6861.958889969221,-0.02628929383679945,-0.02630223592825571,3376.4467692137596,78364.47852377803,-70834.58915360186,538.2386392638163,-7396.821082463824,12,12,0.04017811729265802,4.977834041928768,9.752697581430036,0.2046128143745207,0.04718917470440527
2025-04-10,False,256266.5122718129,254026.8457229353,2247.1847554870355,7.518206609420171,0.0,2239.6665488776152,0.008846249100530182,0.008816652989977282,7518.206609420171,78781.3316360855,-71964.55944540421,-145.6490087031007,2392.833764190136,12,12,0.04016074288961647,4.9799875602328525,9.752697581430036,0.2177435444593016,0.04343201117527372
2025-04-11,False,253890.3721643694,256266.5122718129,-2375.888445349841,0.2516620936845975,0.0,-2376.1401074435253,-0.009271162370328821,-0.00927214440302382,251.6620936845975,75991.18676950767,-69785.5474100256,89.70790889203455,-2465.596354241876,12,12,0.03888276571332789,5.143667029103482,9.87639927669684,0.21160057327974116,0.038137067800896596
2025-04-12,False,251060.6813859375,253890.3721643694,-2827.988117459266,1.702660972620501,0.0,-2829.6907784318864,-0.011138618976967028,-0.011145325261093146,1702.660972620501,76843.83006002108,-70936.44995415655,200.77026480305432,-3028.7583822623205,12,12,0.03862765944524945,5.177637031916948,9.876399276696839,0.21489016734550132,0.03578967873715867
2025-04-13,False,252471.84076935664,251060.6813859375,1413.3730670250961,2.213683605952683,0.0,1411.1593834191435,0.005629607389029664,0.00562079006409558,2213.683605952683,77859.67510113376,-71701.8639186138,-57.904190756510374,1471.2772577816065,12,12,0.0395304401558318,5.059392185151135,9.876399276696839,0.2203014713014716,0.04039717267158453
2025-04-14,False,252757.8358145759,252471.84076935664,286.10594657436206,0.1109013550970185,0.0,285.995045219265,0.0011332192362621999,0.0011327799739874087,110.9013550970185,76219.59229749862,-70177.58949649168,11.409692759903795,274.6962538144582,12,12,0.03946663869331557,5.067571159382109,9.876399276696839,0.21198985129577805,0.036762997271177336
2025-04-15,False,254398.03355040096,252757.8358145759,1640.4185477326146,0.2208119075448958,0.0,1640.1977358250697,0.006490079891869433,0.006489206281336911,220.8119075448958,76177.11764398897,-70112.29545746223,-61.61234090347889,1702.0308886360936,12,12,0.03956018854132069,5.055587634298043,9.876399276696839,0.2104743350301432,0.036389739472823035
2025-04-16,False,254396.59736854408,254398.03355040096,-0.9565165392968247,0.4796653175717729,0.0,-1.4361818568685976,-3.7599211202523745e-06,-5.645412571886344e-06,479.6653175717729,74893.13973202115,-68951.54222730137,-0.9983481164916836,0.04183157719485919,12,12,0.03933746409540752,5.084211821965137,9.876399276696839,0.20482502578565004,0.03598576749075113
2025-04-17,False,253410.7935997902,254396.59736854408,-984.9144419063686,0.8893268475272189,0.0,-985.8037687538957,-0.0038715708153891854,-0.003875066643779684,889.3268475272189,75452.30262483074,-69512.70181634395,-23.104627838804845,-961.8098140675636,12,12,0.039147650403698935,5.10886344231537,9.876399276696839,0.2051867458721682,0.03688493702974687
2025-04-18,False,252891.6992080076,253410.7935997902,-518.4849530026454,0.6094387799557321,0.0,-519.0943917826012,-0.0020460255288947357,-0.002048430472943481,609.4387799557321,76125.16950614243,-70231.77795333324,-7.558921453436316,-510.92603154920914,12,12,0.039319786298625724,5.086497634576164,9.903357455223114,0.2080397763731011,0.03487294744005544
2025-04-19,False,252134.88414803048,252891.6992080076,-756.7148900926037,0.10016988451928682,0.0,-756.8150599771229,-0.002992248826127714,-0.002992644924081237,100.16988451928682,76528.3667317189,-70650.09302181659,36.65363799118999,-793.3685280837936,12,12,0.0397633889054334,5.0297523804031545,9.903357455223116,0.20968042063129724,0.0323324264815076
2025-04-20,False,251679.99159414132,252134.88414803048,-454.11204885454134,0.7805050346299945,0.0,-454.8925538891713,-0.0018010679100950125,-0.0018041634953698043,780.5050346299945,77415.33601476684,-71463.75502888215,-12.693283195393063,-441.4187656591483,12,12,0.040209009397097574,4.9740096311459165,9.903357455223114,0.21177195280497063,0.03550037877032402
2025-04-21,False,251402.6653240096,251679.99159414132,-277.25050014384107,0.07576998788713445,0.0,-277.3262701317282,-0.0011015992903835388,-0.0011019003472431137,75.76998788713445,77768.29150934347,-71842.09708984956,9.270375367421437,-286.5208755112625,12,12,0.04083575145544468,4.897669147051628,9.903357455223112,0.21288404071770306,0.034914715356854024
2025-04-22,False,246527.7679677269,251402.6653240096,-4874.70493643984,0.19241984288709818,0.0,-4874.897356282727,-0.019390028861298206,-0.019390794246353447,192.41984288709818,77885.88979217001,-71941.15462194127,184.97964386993658,-5059.684580309777,12,12,0.041734215427146025,4.792230977700613,9.903357455223116,0.21313127526993608,0.03657320667480871
2025-04-23,False,246433.391907657,246527.7679677269,-91.25052007776807,3.1255399921174907,0.0,-94.37606006988557,-0.00037014296941070645,-0.00038282121664379973,3125.539992117491,80005.01402423224,-73690.31956626361,5.276982901454865,-96.52750297922293,12,12,0.044964778905978886,4.447925795836758,9.903357455223114,0.22794661916506195,0.04362726621266684
2025-04-24,False,245858.71646108924,246433.391907657,-574.3803142029992,0.29513236475535815,0.0,-574.6754465677545,-0.00233077307322958,-0.0023319706883842095,295.13236475535814,79811.68614535757,-73486.43772158603,-19.396477691835976,-554.9838365111633,12,12,0.04762933398740123,4.1990929382490085,9.903357455223114,0.22765572192898034,0.04229360787150844
2025-04-25,False,245185.2414742327,245858.71646108924,-673.3845417982185,0.0904450583194257,0.0,-673.474986856538,-0.0027389085548439017,-0.0027392764289612863,90.4450583194257,80256.82844585748,-73970.37297746961,-33.94383596071323,-639.4407058375053,12,12,0.050423102825706466,3.9664357961334535,9.903149582328254,0.2298382849676509,0.04590943077107415
2025-04-26,False,244734.61667980405,245185.2414742327,-449.8670363215843,0.7577581070704275,0.0,-450.6247944286547,-0.0018348047118034315,-0.0018378952653070365,757.7581070704275,80657.69904124434,-74439.1312447779,13.8342524713832,-463.70128879296755,12,12,0.052367445022152924,3.8191666581288106,9.903149582328254,0.22452373793218688,0.04500426281692296
2025-04-27,False,246179.23794201144,244734.61667980405,1445.3034526400827,0.6821904326899475,0.0,1444.6212622073926,0.005905594689659412,0.005902807219533833,682.1904326899476,80934.48184869745,-74688.24554728824,87.56939193225962,1357.7340607078231,12,12,0.05601224159130547,3.5706480283239572,9.903149582328254,0.22593144091400322,0.048771340784647836
2025-04-28,False,245553.11014545138,246179.23794201144,-623.3355779464712,2.792218613578651,0.0,-626.1277965600498,-0.0025320395950421313,-0.002543381813163045,2792.218613578651,82073.31717770007,-74963.43021263278,66.62928564964108,-689.9648635961123,12,12,0.05859470813424729,3.41327751888066,9.903149582328254,0.22320268806950386,0.04751574262837547
2025-04-29,False,246083.0781765011,245553.11014545138,531.5051531431416,1.5371220934365097,0.0,529.968031049705,0.0021645221794515607,0.0021582623438806486,1537.1220934365097,84367.03342038233,-75343.01743728571,-102.49948204480339,634.0046351879449,12,12,0.062408462663486465,3.2046935858430414,9.903149582328254,0.22518922451798812,0.05388467737049697
2025-04-30,False,247154.76781102523,246083.0781765011,1072.9264572074856,1.2368226833589837,0.0,1071.6896345241266,0.004360017215153404,0.004354991178042181,1236.8226833589838,84723.6884247395,-74335.45414417854,-87.87202370410833,1160.798480911594,12,12,0.06530069820171511,3.0627543886620656,9.903149582328254,0.22137422464008943,0.05157810371713793
2025-05-01,False,244353.51197981858,247154.76781102523,-2799.359723140397,1.896108066252838,0.0,-2801.25583120665,-0.011326343197557856,-0.011334014941392887,1896.108066252838,85015.65077240558,-73704.57463690886,75.32619403325882,-2874.6859171736555,12,12,0.0671469248106833,2.9785429573117153,9.903149582328254,0.21830901412322695,0.05069032980287769
2025-05-02,False,244669.9430270933,244353.51197981858,319.41855308035946,2.9875058056243726,0.0,316.4310472747351,0.0013071985358112659,0.0012949723730628004,2987.5058056243724,90953.1686892369,-73516.4285544249,0.11204416502332926,319.3065089153361,12,12,0.07147610518713124,2.798137915830486,9.892939666374971,0.21928592721183582,0.04794567356495968
2025-05-03,False,245828.12788943623,244669.9430270933,1161.5877915620815,3.4029292191449176,0.0,1158.1848623429366,0.004747570450177667,0.004733662206373613,3402.929219144917,93015.00026929636,-69983.13833646667,-117.85486243326943,1279.442653995351,12,12,0.0722694187163867,2.7674222866642637,9.89293966637497,0.1960192399675597,0.06584565451063325
2025-05-04,False,247330.19245861043,245828.12788943623,1504.0429666155906,1.97839744139183,0.0,1502.0645691741988,0.006118270433609817,0.006110222544792629,1978.39744139183,93596.10019425959,-69098.30797964883,-182.237397571408,1686.2803641869987,12,12,0.07472309638462328,2.676548613169576,9.892939666374971,0.19191432807475328,0.07198011815308754
2025-05-05,False,247659.3273150592,247330.19245861043,330.71798543449097,1.5831289857334905,0.0,329.1348564487575,0.0013371516924276646,0.0013307508200958388,1583.1289857334905,93310.71141823466,-68730.64178271963,-82.68828632941238,413.40627176390336,12,12,0.07380911736063323,2.7096923408905558,9.89293966637497,0.18764267395117504,0.0751828122993761
2025-05-06,False,243866.85302654377,247659.3273150592,-3792.2566653322115,0.2176231832284816,0.0,-3792.47428851544,-0.015312391850713144,-0.015313270570628876,217.6231832284816,93032.24004336982,-68362.24418691381,180.9507045112596,-3973.207369843471,12,12,0.07373452928368474,2.71243340051069,9.892939666374971,0.18619462835509168,0.07603308287510828
2025-05-07,False,244629.85756676635,243866.85302654377,766.2429809731976,3.2384407506229698,0.0,763.0045402225746,0.0031420546559060066,0.0031287751113084857,3238.44075062297,96633.0464578111,-69423.46232880162,-112.58693115543153,878.8299121286291,12,12,0.08050094897526681,2.484442761804562,9.89293966637497,0.1974160038864181,0.08976078110428613
2025-05-08,False,238598.77175136056,244629.85756676635,-6029.1572868268695,1.9285285789132949,0.0,-6031.085815405782,-0.024646040130981737,-0.024653923586411483,1928.528578913295,96810.51871521241,-68023.39061937,1209.6652524853264,-7238.822539312197,12,12,0.08506562708945001,2.3511259111708163,9.89293966637497,0.19329768187722068,0.0971167368988781
2025-05-09,False,233801.29617676217,238598.77175136056,-4791.727385351248,5.748189247140252,0.0,-4797.475574598388,-0.02008278311819903,-0.02010687456345228,5748.189247140252,109059.17852910828,-68490.66395733674,71.96887107919943,-4863.696256430448,12,12,0.11078092313373822,1.8053649883252345,9.887898346437733,0.20513697695758176,0.09131479072339194
2025-05-10,False,229583.03521399165,233801.29617676217,-4183.811155093077,34.449807677455894,0.0,-4218.260962770533,-0.017894730369373,-0.018042076890717393,34449.807677455894,122836.62643780399,-48777.41334695739,1510.5345094738466,-5694.345664566923,12,12,0.18617802384990717,1.0742406427153606,9.887898346437732,0.18136649290025017,0.2354198808472834
2025-05-11,False,230004.96176573588,229583.03521399165,510.27747396036443,88.35092221613962,0.0,421.9265517442248,0.002222627092131354,0.001837794989298543,88350.92221613963,194811.59670531884,26815.60824915421,-3056.769200266121,3567.046674226486,12,12,0.3402884489934428,0.5877366704382432,9.887898346437733,0.1494218201047951,0.41487085370067267
2025-05-12,False,232921.31042537466,230004.96176573588,2948.0291410126383,31.680481373871565,0.0,2916.3486596387665,0.012817241499404079,0.012679503247452198,31680.481373871567,183143.7839256874,56593.36508204971,3571.843135162584,-623.8139941499458,12,12,0.2217384677450042,0.9019634799226489,9.887898346437733,0.15325009134773437,0.18837285299290435
2025-05-13,False,232436.75867168285,232921.31042537466,-436.88301934479006,47.668734347027794,0.0,-484.55175369181785,-0.0018756678749013067,-0.0020803238347186902,47668.7343470278,140044.126118044,62801.35785008163,1100.3707281696973,-1537.2537475144873,12,12,0.13480709680517117,1.4836014181734687,9.887898346437732,0.13770006278996694,0.18121214535500596
2025-05-14,False,231551.9169426089,232436.75867168285,-846.835515683569,38.00621339037712,0.0,-884.8417290739461,-0.0036432942901244163,-0.0038068063508138396,38006.21339037712,112222.18099639556,71513.2597588008,-1486.5598365362507,639.7243208526817,12,12,0.09471446482758718,2.111609883074023,9.887898346437735,0.15781084508127904,0.12216461400836315
2025-05-15,False,230530.0290697815,231551.9169426089,-1008.1403928851042,13.747479942268212,0.0,-1021.8878728273725,-0.00435384170511953,-0.004413212752976913,13747.479942268212,102502.98151401422,73989.81830779469,-1654.5910641402177,646.4506712551133,12,12,0.07905871398570143,2.5297654099986,9.887898346437733,0.1658862484628142,0.10269361835777387
2025-05-16,False,230199.60393266552,230530.0290697815,-286.2660885697315,44.15904854626994,0.0,-330.42513711600145,-0.001241773532605935,-0.0014333279636033086,44159.04854626994,95651.99900989179,75353.1670229504,-379.0238026578183,92.75771408808674,12,12,0.06425205497026891,3.1127409091047,10.103510583692495,0.1802140631624772,0.09421116227825078
2025-05-17,False,229429.7848944393,230199.60393266552,-766.5032374782971,3.315800747900878,0.0,-769.819038226198,-0.0033297330854769975,-0.003344137110033316,3315.800747900878,94183.70271524246,76457.89022724087,-1041.0313763224165,274.52813884411927,12,12,0.06058741282282769,3.301015684311337,10.103510583692497,0.18285429872604234,0.08061776585239136
2025-05-18,False,231584.11526828638,229429.7848944393,2155.038270406366,0.7078965593026816,0.0,2154.330373847063,0.00939301874600937,0.009389933285420073,707.8965593026817,93000.72779751761,76387.85327233786,2481.1656652053757,-326.1273947990097,12,12,0.06023047760828489,3.320578018668897,10.103510583692495,0.1836660892591951,0.07784530839909716
2025-05-19,False,230415.00187177424,231584.11526828638,-1165.9276889566875,3.1857075554665317,0.0,-1169.113396512154,-0.00503457539652916,-0.005048331553991755,3185.7075554665316,94305.73235744008,79478.836979521,-1365.7507894063478,199.8231004496604,12,12,0.056295122827869686,3.5527056333375158,10.103510583692495,0.19059160177046636,0.08138255413239634
2025-05-20,False,230152.92521986563,230415.00187177424,-261.0450823326108,1.0315695759883756,0.0,-262.07665190859916,-0.0011329344018922959,-0.0011374114088910088,1031.5695759883756,92881.85894461129,79230.9617292007,-186.7170976232474,-74.32798470936336,12,12,0.055001317825716024,3.636276509478277,10.103510583692497,0.19042894516545572,0.07788012084903873
2025-05-21,False,232740.48579333795,230152.92521986563,2588.151548995323,0.5909755229924686,0.0,2587.560573472331,0.01124535587163559,0.011242788120118082,590.9755229924685,92241.03378742264,79192.70030759274,2725.4643506886337,-137.31280169331058,12,12,0.05464215689966193,3.6601776237943016,10.103510583692495,0.19047173227480904,0.07405164327181427
2025-05-22,False,235816.42039591266,232740.48579333795,3078.8637219274797,2.9291193527646255,0.0,3075.934602574715,0.013228741494770956,0.013216156149583673,2929.1193527646255,92308.41529324917,80744.63301876586,3436.4101186298867,-357.5463967024073,12,12,0.051847177729018486,3.857490585993102,10.103510583692495,0.193369964574687,0.0701446287943273
2025-05-23,False,232357.98367308287,235816.42039591266,-3452.3962427488595,6.0404800809207915,0.0,-3458.43672282978,-0.014640185941897619,-0.014665801122005854,6040.480080920792,90237.76741429114,81450.1936520781,-3809.204214112019,356.80797136316016,12,12,0.04685485039891019,4.268501516860074,10.15827586866387,0.1953639485593861,0.06450559639569536
2025-05-24,False,232890.8255520169,232357.98367308287,533.000539723933,0.15866078989205562,0.0,532.8418789340409,0.0022938765920513435,0.0022931937629641565,158.66078989205562,86220.02680123254,78156.45819922129,510.4624155787518,22.53812414518112,12,12,0.046631943166942004,4.288905553088395,10.158275868663868,0.1926504038156456,0.05521562041577322
2025-05-25,False,233137.77788678496,232890.8255520169,247.36530528015362,0.41297051209310887,0.0,246.95233476806052,0.0010621513522219182,0.0010603781157231672,412.9705120931088,86545.9503985088,78571.45129219117,284.1442894524643,-36.77898417231065,12,12,0.04588850467107605,4.3583900027594895,10.158275868663868,0.19312547021429277,0.056320976528010123
2025-05-26,False,233032.92354146406,233137.77788678496,-104.33766398440525,0.5166813364816515,0.0,-104.8543453208869,-0.00044753649507233925,-0.0004497527010479,516.6813364816514,86617.43885315023,78602.16284614618,-150.2601453961051,45.92248141169979,12,12,0.045080000348730956,4.436557197267861,10.158275868663868,0.19268715682143017,0.05542123274221717
2025-05-27,False,233747.67835504794,233032.92354146406,715.0507332441437,0.295919660262226,0.0,714.7548135838814,0.003068453686188738,0.003067183824163385,295.919660262226,86318.61103717411,78431.91243601254,776.3328431011312,-61.28210985698742,12,12,0.04456315902311707,4.488012169340381,10.15827586866387,0.1912613273080864,0.053809427171546236
2025-05-28,False,233936.30360023942,233747.67835504794,188.9961438280272,0.37089863656057614,0.0,188.6252451914666,0.0008085476833740098,0.0008069609354791399,370.89863656057616,87127.59209993649,79245.15832316314,213.02676180006353,-24.03061797203636,12,12,0.0433977839593678,4.6085302463198285,10.15827586866387,0.19087384346908878,0.053914433593601103
2025-05-29,False,232201.84804998426,233936.30360023942,-1733.816588852002,0.638961403168109,0.0,-1734.4555502551702,-0.0074114900601952895,-0.007414221407973872,638.961403168109,86955.52714425637,79188.59872290712,-1941.8174934161334,208.00090456413147,12,12,0.042530037547753315,4.702558745108965,10.158275868663868,0.1902657680797532,0.055953626206352636
2025-05-30,False,229664.02917671693,232201.84804998426,-2536.54777951825,1.2710937490909218,0.0,-2537.818873267341,-0.01092389143678231,-0.010929365526501086,1271.0937490909218,85097.24165367997,77746.31504145898,-2803.9958239079774,267.4480443897269,12,12,0.04328352301092613,4.6206959620526655,10.181731671229018,0.18851469689825645,0.05852895697208837
2025-05-31,False,230827.5004970498,229664.02917671693,1168.6688085340797,5.197488201215619,0.0,1163.471320332864,0.005088601870843421,0.005065971038231769,5197.4882012156195,83672.94163906747,76856.91111562593,1198.2558224923168,-29.58701395823715,12,12,0.047019237505778855,4.253578122686894,10.181731671229016,0.18938009930620814,0.0539370194087181
2025-06-01,False,230562.72462519316,230827.5004970498,-260.9009231677211,3.8749486889263323,0.0,-264.7758718566474,-0.0011302852675955553,-0.0011470724731086862,3874.9486889263326,84933.7053048961,78058.50075353807,-254.20932870482977,-6.691594462891398,12,12,0.04962010861433599,4.03062398662741,10.181731671229016,0.19148105305711716,0.05025487281300837
2025-06-02,False,230989.39273207844,230562.72462519316,431.5680932478033,4.899986362533607,0.0,426.6681068852697,0.00187180340599014,0.0018505511139273224,4899.986362533607,86652.00612293839,79763.41838265458,479.00332685875304,-47.43523361094978,12,12,0.05177322926598899,3.8630002963980568,10.181731671229016,0.19353983816721013,0.049108834615619025
2025-06-03,False,230518.8377081927,230989.39273207844,-467.8204143503176,2.7346095354317512,0.0,-470.55502388574934,-0.0020252895980073697,-0.002037128278143663,2734.6095354317513,87702.78082139978,80719.3226138941,-471.80905396353535,3.9886396132177655,12,12,0.05354937671855098,3.7348707353061403,10.181731671229016,0.1951165796585969,0.049161763780132976
2025-06-04,False,230536.7180657907,230518.8377081927,20.91470602255602,3.0343484245862546,0.0,17.880357597969766,9.072883687289522e-05,7.756571122662004e-05,3034.3484245862546,88254.27409173062,81278.79316345137,-107.71133326325766,128.62603928581368,12,12,0.05566259078929632,3.5930774540673944,10.181731671229018,0.19666804890690007,0.05075752748953296
2025-06-05,False,227075.0015744357,230536.7180657907,-3457.7068567553324,4.009634599648754,0.0,-3461.7164913549814,-0.014998508201928034,-0.015015900809202442,4009.6345996487535,89859.70435510135,82341.49120413177,-3680.3344973809562,222.62764062562403,12,12,0.058343182664663276,3.4279926268255165,10.181731671229016,0.19898433307482638,0.05569748009655674
2025-06-06,False,228651.13186581802,227075.0015744357,1589.9710577121214,13.840766329796379,0.0,1576.130291382325,0.007001964314380617,0.0069410119143637474,13840.76632979638,99797.50854689113,84371.18091747185,1908.4092152500764,-318.4381575379549,12,12,0.06514866436711188,3.06990176917523,10.400972304999577,0.20351498824324782,0.07311292420399598
2025-06-07,False,230218.7792044905,228651.13186581802,1571.8243218635134,4.176983191018997,0.0,1567.6473386724945,0.006874334314627076,0.006856066383228993,4176.983191018997,105897.27089819011,85946.7431453347,1787.1173179858324,-215.29299612231898,12,12,0.07059462873655992,2.833076730898975,10.400972304999577,0.2065541826316764,0.08349094728242468
2025-06-08,False,230673.34337231077,230218.7792044905,456.6355956039312,2.0714277836710075,0.0,454.5641678202602,0.001983485435818106,0.0019744877867521665,2071.4277836710075,109764.66220236232,86656.74983612818,375.1899726321329,81.44562297179839,12,12,0.07298213668878537,2.740396610376749,10.400972304999577,0.20727522472675175,0.09083664311718084
2025-06-09,False,233022.68996038227,230673.34337231077,2357.0193562081395,7.672768136655449,0.0,2349.346588071484,0.010217996244168834,0.010184733761280764,7672.768136655449,117596.41193732966,89207.7494178036,2926.7346712455605,-569.7153150374212,12,12,0.07338472145179262,2.725362937180086,10.400972304999577,0.20688269258976624,0.10049256110849174
2025-06-10,False,234362.65865055585,233022.68996038227,1340.1658487161292,0.19715854253476164,0.0,1339.9686901735945,0.00575122469380119,0.005750378602192823,197.15854253476164,121169.81739057436,91641.72424097349,1804.7018571567567,-464.53600844062754,12,12,0.06999437313550937,2.8573725435443116,10.400972304999577,0.21032607428726346,0.07225103178186255
2025-06-11,False,233189.5504331098,234362.65865055585,-1173.002442686721,0.10577475932006723,0.0,-1173.108217446041,-0.005005073971428678,-0.005005525300833835,105.77475932006723,123481.48238858479,93024.31722210263,-1523.8875703891385,350.88512770241755,12,12,0.06396156841824391,3.126877669606262,10.400972304999577,0.21068347862226444,0.07185013485568593
2025-06-12,False,231982.52362101336,233189.5504331098,-1204.0703253208067,2.9564867756397417,0.0,-1207.0268120964463,-0.0051634831967575364,-0.005176161666998371,2956.4867756397416,119577.13198930511,91773.05688951047,-2041.7913601164603,837.7210347956538,12,12,0.06104299394102487,3.276379271194085,10.400972304999579,0.20560013424854262,0.07293312515841988
2025-06-13,False,234003.81183428827,231982.52362101336,2023.2656579765987,1.9774447016870749,0.0,2021.2882132749116,0.008721629657249439,0.00871310554659308,1977.4447016870747,118585.77902108492,92457.14599088157,1939.752807383938,83.51285059266058,12,12,0.06324098821813705,3.162505925905843,10.369375988300641,0.20888243560770997,0.06405902317603478
2025-06-14,False,231751.91715205382,234003.81183428827,-2250.604830088222,1.2898521462159358,0.0,-2251.8946822344383,-0.009617812686239515,-0.009623324785107074,1289.8521462159358,121403.31460801138,95049.3597147147,-2469.80052127213,219.19569118390774,12,12,0.06417107713518524,3.1166688939734075,10.369375988300643,0.21429608565691244,0.07502377456385807
2025-06-15,False,234561.22940562098,231751.91715205382,2816.4063377795055,7.0940842123351935,0.0,2809.3122535671705,0.012152677623510853,0.012122066941625187,7094.084212335193,125381.02695494336,92610.14451438107,3018.5974808673373,-202.1911430878315,12,12,0.06822651791889603,2.931411511250642,10.36937598830064,0.21363858995148635,0.08867411361189097
2025-06-16,False,235192.81840580842,234561.22940562098,633.9038594670922,2.314859279652914,0.0,631.5890001874393,0.00270250911062074,0.002692640219306013,2314.859279652914,130504.17562554232,93111.69157250764,724.44032029194,-90.53646082484791,12,12,0.06958582045278684,2.8741487662087373,10.369375988300641,0.21585644550769492,0.08964124016111466
2025-06-17,False,235112.04945891438,235192.81840580842,-77.72865265375503,3.0402942402797377,0.0,-80.76894689403477,-0.00033048905651379115,-0.00034341587231066605,3040.2942402797376,133955.4179020058,93906.94340293165,-666.0976439455374,588.3689912917823,12,12,0.06973848901889393,2.8678568006515732,10.369375988300641,0.21755276825845313,0.08851123760827412
2025-06-18,False,234451.7063658893,235112.04945891438,-653.5269548702986,6.816138154781352,0.0,-660.34309302508,-0.002779640415598954,-0.002808631435712419,6816.138154781352,138986.23793793295,92763.96362647098,-582.1422671532987,-71.38468771699993,12,12,0.0719021930357404,2.7815563275043096,10.369375988300643,0.21762049986343304,0.0944130269231986
2025-06-19,False,238506.55075835434,234451.7063658893,4060.748326734418,5.903934269356751,0.0,4054.844392465061,0.01732019096673643,0.017295009088724663,5903.9342693567505,144026.1875455545,92083.63395688967,3986.511538938818,74.23678779560018,12,12,0.07444827666576127,2.6864288732687336,10.369375988300643,0.21897572294189974,0.09887078113524511
2025-06-20,False,236321.16312512735,238506.55075835434,-2182.148060648761,3.239572578226796,0.0,-2185.387633226988,-0.009149216462652338,-0.009162799203117647,3239.572578226796,151178.03487492455,93310.1232670713,-3013.8572096131275,831.7091489643664,12,12,0.07559850010989724,2.645555132830159,10.29450030024729,0.2245558075444928,0.09319123269327127
2025-06-21,False,235294.8193096905,236321.16312512735,-1017.1119979841108,9.23181745273055,0.0,-1026.3438154368414,-0.004303939539454493,-0.004343004248389776,9231.81745273055,155844.02486659455,88791.91495922723,-2117.810282018379,1100.698284034268,12,12,0.07950493117284001,2.5155672365178123,10.294500300247288,0.21946831350984597,0.10492192234435202
2025-06-22,False,232778.83026230292,235294.8193096905,-2496.300055466024,19.688991921563087,0.0,-2515.989047387587,-0.010609243598264022,-0.010692921564397433,19688.991921563087,171693.9751505484,84236.89987051391,-2947.7536427823334,451.45358731630876,12,12,0.08675418082458417,2.305364399721524,10.294500300247288,0.21686179217793247,0.11914222725632483
2025-06-23,False,232992.95601474,232778.83026230292,234.91758578834538,20.791833351281912,0.0,214.12575243706345,0.0010091879296911684,0.0009198678084075749,20791.833351281915,189086.60127173166,78892.1294931205,3990.362494855846,-3755.4449090675002,12,12,0.09766994736929831,2.0477127856308055,10.294500300247288,0.22003196513074086,0.1375628594124625
2025-06-24,False,231881.35241492226,232992.95601474,-1108.9280939338666,2.675505883850725,0.0,-1111.6035998177174,-0.004759491930149647,-0.004770975135177019,2675.505883850725,194513.92189649428,76808.56029974812,-827.4683029130424,-281.4597910208241,12,12,0.09899911334747889,2.0202201134672406,10.29450030024729,0.21888079646397435,0.12364812448396242
2025-06-25,False,237140.7184319344,231881.35241492226,5261.917337648274,2.5513206361307748,0.0,5259.366017012143,0.022692283285603496,0.022681280586983876,2551.320636130775,194733.6893706831,76352.54779711852,4667.315102189497,594.6022354587766,12,12,0.09943555067120402,2.0113530688971073,10.29450030024729,0.2185790394295557,0.12278747518097033
2025-06-26,False,238122.47060535164,237140.7184319344,982.1334027105034,0.3812292932486143,0.0,981.7521734172549,0.004141563748329461,0.004139956140425726,381.22929324861434,199187.63153066247,81233.23584151818,414.2626172810825,567.870785429421,12,12,0.09819961387513587,2.036667886029641,10.29450030024729,0.227474392661853,0.11127231439788304
2025-06-27,False,240257.0759876192,238122.47060535164,2135.7292044867895,1.1238222192233098,0.0,2134.6053822675663,0.008969036811424677,0.008964317297905578,1123.8222192233097,199412.4950603905,81091.54702500539,2699.729058446234,-563.9998539594445,12,12,0.09701035138320208,2.0616356620540106,10.285207643251596,0.22780953544910382,0.11573112077804282
2025-06-28,False,237406.81215316683,240257.0759876192,-2849.4058214966917,0.8580129556719599,0.0,-2850.263834452364,-0.01185982061000162,-0.011863391838662193,858.0129556719598,202272.12586729863,82369.26327382021,-1715.9144403056348,-1133.4913811910574,12,12,0.09521910154156636,2.1004188945501996,10.285207643251598,0.22952071509319924,0.11034320903698716
2025-06-29,False,238661.71243004547,237406.81215316683,1255.6342117560412,0.7339348773996462,0.0,1254.9002768786415,0.005288956118689419,0.0052858646535762525,733.9348773996462,200955.76793078438,78785.92257492387,2706.1274188902667,-1450.4932071342255,12,12,0.09340092570863094,2.141306400151862,10.285207643251596,0.22481637483259292,0.11073095916336045
2025-06-30,False,240332.56145657643,238661.71243004547,1676.795227353624,5.946200822680308,0.0,1670.8490265309438,0.00702582416878079,0.007000909402343659,5946.200822680308,199166.18773412856,81915.58621460914,239.77279572704273,1437.0224316265815,12,12,0.08940437301280478,2.2370270408512947,10.285207643251594,0.2268874185105285,0.10409321686888917
2025-07-01,False,240455.87726307206,240332.56145657643,124.5994183743843,1.2836118787380546,0.0,123.31580649564624,0.0005184458469515254,0.0005131048649765549,1283.6118787380547,196685.32621949096,82308.76956322469,-1945.0931116951574,2069.692530069541,12,12,0.08641158890260252,2.314504368452557,10.285207643251596,0.2246273586796728,0.09298559153040364
2025-07-02,False,240402.10705084674,240455.87726307206,-53.622073445823844,0.1481387794978864,0.0,-53.77021222532173,-0.0002230017168062743,-0.00022361779149400509,148.1387794978864,192818.67935722417,82285.2302021012,3115.905588353022,-3169.5276617988457,12,12,0.08686016184403547,2.3025515466931363,10.285207643251594,0.22106314344425243,0.07582715735724632
2025-07-03,False,237987.87868088958,240402.10705084674,-2410.2427649109895,3.985605046158431,0.0,-2414.228369957148,-0.010025880365521114,-0.010042459276143207,3985.605046158431,195118.5075612176,84853.05914621559,-1591.9243466601436,-818.3184182508461,12,12,0.08258891836473248,2.421632392819967,10.285207643251596,0.22132244642524573,0.07764398486852354
2025-07-04,False,236877.645076768,237987.87868088958,-1102.9352893036648,7.298314817918694,0.0,-1110.2336041215835,-0.004634417918328336,-0.004665084668493813,7298.314817918694,187046.58681488963,85060.94609745148,-2786.916373174013,1683.9810838703484,12,12,0.07845753874161034,2.5491495553878374,10.292818011882014,0.21638719667254275,0.06113106453193437
2025-07-05,False,237517.68825642287,236877.645076768,640.4328968420923,0.3897171872354156,0.0,640.0431796548569,0.0027036443081597627,0.002701999082469052,389.7171872354156,182185.9721706098,84347.72799538323,949.2405677541742,-308.807670912082,12,12,0.07800762880016804,2.5638518062424325,10.292818011882016,0.2147022434540792,0.05736476092971736
2025-07-06,False,238252.40623852413,237517.68825642287,734.7179821012683,0.0,0.0,734.7179821012683,0.0030933190176054195,0.0030933190176054195,0.0,183444.02040927607,84988.16089222532,1081.2093913227716,-346.49140922150343,12,12,0.07714121744839733,2.5926477000935013,10.292818011882014,0.21520978507441182,0.052671405603903036
2025-07-07,False,239286.5878705348,238252.40623852413,1036.613205184417,2.4315731737379283,0.0,1034.181632010679,0.004350903403454493,0.00434069753308312,2431.5731737379283,182440.14803608242,84827.2148129014,388.2401225338518,648.3730826505653,12,12,0.07485318702108765,2.671896921952782,10.292818011882014,0.21176542891345074,0.04961881838112627
2025-07-08,False,238974.18226089704,239286.5878705348,-312.40560963777045,0.0,0.0,-312.40560963777045,-0.0013055709156870774,-0.0013055709156870774,0.0,182180.01507596573,85863.82801808581,725.8341257816587,-1038.239735419429,12,12,0.07292115153305011,2.7426884490346244,10.292818011882016,0.205988522683669,0.05428554072809625
2025-07-09,False,239981.2592200703,238974.18226089704,1011.7025935129238,4.625634339671695,0.0,1007.0769591732521,0.004233522566920682,0.004214166357409223,4625.634339671695,182416.0584111987,86602.69077573917,2899.5854940846493,-1887.8829005717255,12,12,0.07012322931839457,2.8521219279833776,10.292818011882016,0.20210616796818306,0.06452392147500685
2025-07-10,False,240049.66575366023,239981.2592200703,77.40544507497486,8.99891148505169,0.0,68.40653358992317,0.00032254787447377986,0.0002850494818313802,8998.911485051689,178204.61532080336,87808.99646947357,2716.0848199409734,-2638.6793748659984,12,12,0.06631952074849139,3.0157033365556933,10.292818011882016,0.19915249331357845,0.054692544353370585
2025-07-11,False,242082.29955723527,240049.66575366023,2046.4022033875112,13.768399812476305,0.0,2032.633803575035,0.008524911696763353,0.00846755523359458,13768.399812476304,169790.97970313404,90495.19364105695,2203.291568166419,-156.88936477890775,12,12,0.05932357197998852,3.37134116043224,10.283537162566079,0.1922382324786464,0.06396011340840788
2025-07-12,False,239511.17218334982,242082.29955723527,-2558.7715308110883,12.355843074352752,0.0,-2571.127373885441,-0.010569841477427476,-0.010620881322541933,12355.843074352752,159795.3175617266,92389.27962209175,-2862.411596806335,303.64006599524726,12,12,0.05371666128964839,3.7232395908146576,10.283537162566079,0.1893615817792832,0.07478759361999505
2025-07-13,False,239824.2358102481,239511.17218334982,320.7431390934778,7.679512195196339,0.0,313.0636268982814,0.0013391573185068109,0.001307094045110455,7679.512195196338,149122.0865284783,92037.55258417578,995.7590671669651,-675.0159280734873,12,12,0.050378821568178606,3.96992215725682,10.283537162566079,0.18933494848883006,0.07985696556100993
2025-07-14,False,239528.2674887043,239824.2358102481,-283.55206668699043,12.416254856813508,0.0,-295.96832154380394,-0.0011823328269097053,-0.001234105137639124,12416.254856813508,138628.85696441345,92892.97740418093,-247.32277918386288,-36.2292875031276,12,12,0.04679216430330582,4.274219903648915,10.283537162566077,0.1885438794984899,0.07630219224752238
2025-07-15,False,238362.67295702867,239528.2674887043,-1155.8247257877906,9.76980588783843,0.0,-1165.594531675629,-0.004825420973924496,-0.004866208668797708,9769.805887838429,128818.98895026557,92911.04732754148,-649.3852578024951,-506.4394679852955,12,12,0.04396876203749302,4.548683900389466,10.283537162566079,0.18803707221321778,0.07274239362036004
2025-07-16,False,239862.49538694252,238362.67295702867,1509.9030331288395,10.08060321497973,0.0,1499.8224299138599,0.006334477686449843,0.0062921866553503686,10080.60321497973,119081.35650257199,92363.51071556701,1870.6794912475445,-360.7764581187053,12,12,0.041443956715793144,4.82579405657437,10.28353716256608,0.18754360035472303,0.06926681142559528
2025-07-17,False,241138.2876987593,239862.49538694252,1287.0375393658192,11.24522754905719,0.0,1275.7923118167619,0.005365730633668219,0.005318848658514425,11245.22754905719,114956.15197634937,92927.10694053717,1767.070869650703,-480.0333302848835,12,12,0.03871721975965939,5.1656601698551174,10.283537162566077,0.1884030354395496,0.06544626329763233
2025-07-18,False,242586.74636532032,241138.2876987593,1461.0798175791122,12.62115101807952,0.0,1448.4586665610327,0.006059095100668369,0.0060067552124717415,12621.15101807952,110655.54214617853,93973.43452700187,1477.1817957085846,-16.10197812947244,12,12,0.03569358371526815,5.603247956143131,10.278143139324584,0.18991215685862597,0.061576151372869974
2025-07-19,False,243416.27860208304,242586.74636532032,839.4899122495867,9.957675486869661,0.0,829.532236762717,0.003460576164311005,0.003419528268512633,9957.675486869663,106969.29208619184,94427.78586996121,1074.4181320828905,-234.92821983330367,12,12,0.03327320582138537,6.010842510145383,10.278143139324584,0.1904315097339681,0.057302387197829825
2025-07-20,False,247153.28534157996,243416.27860208304,3746.7785076387086,9.771768141799086,0.0,3737.0067394969096,0.015392473047226372,0.01535232877997392,9771.768141799086,103004.78809634701,93884.49302322665,3888.1780605413687,-141.39955290266025,12,12,0.030712386255593537,6.512030629452465,10.278143139324584,0.1911391559758066,0.05220684963737006
2025-07-21,False,246354.50647575373,247153.28534157996,-786.4977129819615,12.281152844274496,0.0,-798.778865826236,-0.003182226414247242,-0.0032319168435178923,12281.152844274497,101283.72402261835,94604.04943064798,-762.2094096288154,-24.288303353146198,12,12,0.028362564681452627,7.051548484639956,10.278143139324584,0.19207877489392128,0.04728216549774562
2025-07-22,False,248361.3152565699,246354.50647575373,2013.125821153826,6.317040337653443,0.0,2006.8087808161727,0.008171662251901848,0.008146020178501112,6317.040337653443,99405.85635357545,94261.30421752058,2047.9225432825024,-34.79672212867658,12,12,0.026677963111169337,7.496824220296843,10.278143139324584,0.1918657794341528,0.04321494732864889
2025-07-23,False,245440.01795441878,248361.3152565699,-2916.2945898886765,5.002712262463221,0.0,-2921.29730215114,-0.01174214505538431,-0.011762287935757187,5002.71226246322,100596.25930004267,96442.40438959879,-3106.336862006435,190.0422721177581,12,12,0.025225290520580416,7.928550905561509,10.278143139324584,0.19292648688229475,0.04279236042226918
2025-07-24,False,245221.03935657546,245440.01795441878,-217.45115706517902,1.5274407781535364,0.0,-218.97859784333255,-0.0008859645581738931,-0.0008921878333793128,1527.4407781535365,97935.23102720863,94313.00547891208,-261.94395405884825,44.49279699366923,12,12,0.024923533020347274,8.02454450726237,10.278143139324582,0.1928635157592246,0.04125532138427502
2025-07-25,False,248296.4588938938,245221.03935657546,3076.5506080789132,1.1310707605782253,0.0,3075.419537318335,0.012546030373867336,0.012541417919880738,1131.0707605782254,97899.41679051438,94493.21118136522,3111.7108579998335,-35.16024992092048,12,12,0.024729812643934902,8.087404578418871,10.235947235240957,0.19304557818573687,0.04027491286192118
2025-07-26,False,248804.970049219,248296.4588938938,512.7460359447455,4.234880619563511,0.0,508.51115532518196,0.0020650557733642937,0.0020480000302480652,4234.880619563511,97908.09879589995,94596.67905702456,534.349639376593,-21.603603431847585,12,12,0.024409798732513883,8.193430932865487,10.235947235240957,0.19300682752159914,0.03985545173820606
2025-07-27,False,253008.80697614612,248804.970049219,4205.257449040708,1.4205221135795165,0.0,4203.836926927128,0.01690182253276057,0.01689611315278597,1420.5221135795166,97893.94327382158,94894.65695034736,4249.512728629711,-44.25527958900261,12,12,0.0240886252700442,8.302673886861998,10.235947235240957,0.19325446914450203,0.03961840082491282
2025-07-28,False,250134.4234224339,253008.80697614612,-2867.897488426671,6.486065285552236,0.0,-2874.383553712223,-0.011335168616075324,-0.011360804345372936,6486.065285552237,96775.73712216888,94151.78161914824,-2953.3199605703003,85.42247214363016,12,12,0.02374992600797249,8.42107886706102,10.235947235240957,0.19351527206947147,0.03841106882552933
2025-07-29,False,248868.93259430717,250134.4234224339,-1264.9090829905888,0.5817451361397545,0.0,-1265.4908281267285,-0.005056917259462427,-0.005059242989476634,581.7451361397545,94318.73982559469,91865.6292668613,-1283.7886873411737,18.879604350584994,12,12,0.023718902319737934,8.432093412415966,10.235947235240957,0.19160111169945204,0.034073618806210265
2025-07-30,False,249685.82483212271,248868.93259430717,818.1114808175026,1.2192430019547502,0.0,816.8922378155479,0.0032873186391293935,0.003282419502104756,1219.2430019547503,94231.4536854497,91816.10233541747,787.4708114616351,30.6406693558675,12,12,0.02357574081094047,8.48329652093854,10.235947235240957,0.1902147744753911,0.030722488541753155
2025-07-31,False,246940.40403061296,249685.82483212271,-2745.3513286877114,0.06947282205653187,0.0,-2745.420801509768,-0.010995223018902094,-0.010995501259855912,69.47282205653187,94923.25113593752,92569.18112461704,-2783.729540810212,38.37821212250065,12,12,0.023599207427569012,8.474860887334566,10.235947235240955,0.19214058987177587,0.03237879253052449
2025-08-01,False,244449.06437911134,246940.40403061296,-2491.200898671545,0.1387528300651793,0.0,-2491.33965150161,-0.010088267687302857,-0.010088829575223184,138.7528300651793,92239.89621307,89962.58262599452,-2532.674127900699,41.47322922915385,12,12,0.02393833714196338,8.354799199874432,10.2062551611971,0.18903574086368843,0.030849444290565433
2025-08-02,False,242450.95236562955,244449.06437911134,-1997.857177859391,0.25483562238579544,0.0,-1998.1120134817768,-0.008172897625662224,-0.008173940115323753,254.83562238579543,89920.58447832592,87726.21734970875,-2009.9277445753387,12.070566715947786,12,12,0.024303014045762638,8.229431938910931,10.206255161197102,0.18803634335300554,0.03247775710288566
2025-08-03,False,245284.76701886894,242450.95236562955,2835.2010554759036,1.3864022365052333,0.0,2833.8146532393985,0.011693915935625044,0.011688197656430931,1386.4022365052333,89284.98840353987,87114.7624083546,2864.294216278444,-29.093160802540723,12,12,0.02475349973835686,8.079665587249847,10.2062551611971,0.18920028556889298,0.030615257825137982
2025-08-04,False,249747.66939743096,245284.76701886894,4462.902378562008,0.0,0.0,4462.902378562008,0.018194780021617455,0.018194780021617455,0.0,92178.37578062087,89949.9634638305,4499.423580420516,-36.52120185850861,12,12,0.024984977144767245,8.004810204194532,10.2062551611971,0.194560200655541,0.0243532859659617
2025-08-05,False,247702.184562322,249747.66939743096,-2044.4562342347049,1.0286008742399062,0.0,-2045.4848351089447,-0.008186087338341886,-0.008190205898794208,1028.6008742399063,96476.70621656344,94175.25149605607,-2075.096903590572,30.64066935586728,12,12,0.024831560828711734,8.05426615667059,10.2062551611971,0.20004228581060124,0.029377981140683043
2025-08-06,False,249132.78961737032,247702.184562322,1430.7654090559986,0.16035400769650004,0.0,1430.6050550483021,0.00577615175895236,0.005775504392809911,160.35400769650005,94531.3226513135,92291.14926951786,1447.168999721261,-16.403590665262225,12,12,0.02484451572134455,8.050066350384723,10.2062551611971,0.19760543748256168,0.023608944325901108
2025-08-07,False,251899.09200986152,249132.78961737032,2766.4809159252172,0.1785234340155257,0.0,2766.3023924912018,0.011104443217507044,0.011103726638070473,178.5234340155257,95816.37180768448,93543.39124455833,2825.9052443729597,-59.424328447742596,12,12,0.024817509349120137,8.058826419142285,10.2062551611971,0.19929604635126666,0.023942328001369133
2025-08-08,False,252510.1697777224,251899.09200986152,611.7605931012716,0.6828252404048871,0.0,611.0777678608667,0.002428593879478224,0.0024258831700629704,682.8252404048872,98018.8761401003,95627.04692007863,647.0437881171191,-35.283195015847525,12,12,0.024660311824344208,8.110197528101152,10.183824740262754,0.20192406099620014,0.020313785197001076
2025-08-09,False,251554.7416346653,252510.1697777224,-955.1900413761672,0.23810168092268577,0.0,-955.4281430570899,-0.0037827785004342367,-0.003783721439410248,238.10168092268577,98463.10144231058,96000.70583225726,-906.598272801711,-48.59176857445619,12,12,0.024352231725217468,8.212799642214886,10.183824740262754,0.2010742818532633,0.021728260920666206
2025-08-10,False,252909.72102460693,251554.7416346653,1355.077302054087,0.09791211245708836,0.0,1354.97938994163,0.005386808824387319,0.005386419596532495,97.91211245708837,97633.48271870296,95073.9035715007,1327.531649804873,27.545652249213973,12,12,0.024136868452040033,8.286079049459133,10.183824740262754,0.19986518178829932,0.02427793889649496
2025-08-11,False,252258.78787825097,252909.72102460693,-650.4904470072142,0.44269934875723266,0.0,-650.9331463559715,-0.0025720262723469005,-0.002573776696755119,442.69934875723266,98490.7693675014,95986.28152479758,-710.5337788762877,60.04333186907357,12,12,0.023916486689461475,8.36243226678138,10.183824740262752,0.20055025486743172,0.025204841287341125
2025-08-12,False,257748.19862312314,252258.78787825097,5490.299225856015,0.8884809838513865,0.0,5489.410744872164,0.021764550888533678,0.021761028787316415,888.4809838513866,98047.17621482475,95662.77503585906,5584.387745898273,-94.08852004225926,12,12,0.023824861978716104,8.394592177644917,10.183824740262754,0.19870359791757244,0.027455639165311255
2025-08-13,False,258802.39345226856,257748.19862312314,1057.1322843826676,2.9374552372595097,0.0,1054.1948291454082,0.004101414830558704,0.004090018222345916,2937.45523725951,100788.19724350577,98215.61902445558,1094.5819913731723,-37.44970699050468,12,12,0.023591302685739318,8.477700560422965,10.183824740262754,0.20338133034366576,0.028851404334938255
2025-08-14,False,255194.64545009783,258802.39345226856,-3606.797607494383,0.9503946763594631,0.0,-3607.7480021707424,-0.013936492469725137,-0.013940164749040957,950.3946763594631,100969.83426551,98322.3566324788,-3697.791110429989,90.99350293560614,12,12,0.02323677848663695,8.607045082218105,10.183824740262752,0.20207437372715034,0.03125381640727693
2025-08-15,False,254080.2411621403,255194.64545009783,-1113.5706368954327,0.8336510620941963,0.0,-1114.404287957527,-0.004363612860808188,-0.004366879587116744,833.6510620941963,96347.3985900502,93881.90796289021,-1141.7352925659775,28.164655670544832,12,12,0.022974574529903535,8.70527546613242,10.29161667693439,0.1997109450684863,0.028352370090070245
2025-08-16,False,254758.05919057268,254080.2411621403,677.8243679678388,0.006339535457780812,0.0,677.8180284323811,0.002667757102510336,0.002667732151591568,6.339535457780812,95173.25066298369,92764.08934716479,699.7989894250771,-21.974621457238236,12,12,0.022965485804221565,8.708720629947901,10.29161667693439,0.19871526464722805,0.027756507132163794
2025-08-17,False,255444.64874820414,254758.05919057268,686.8850009332831,0.29544330181323164,0.0,686.5895576314699,0.0026962248146954844,0.0026950651132016364,295.44330181323164,95690.80610705446,93237.69554832106,713.8116497611664,-26.926648827883408,12,12,0.022908503363544497,8.730382636792873,10.29161667693439,0.1988208629862126,0.02913536670079384
2025-08-18,False,253816.2751659441,255444.64874820414,-1627.5872665088964,0.7863157511487778,0.0,-1628.3735822600452,-0.006371584899056684,-0.006374663122675782,786.3157511487778,95740.00030791019,93233.03645152104,-1670.2985025807116,42.71123607181508,12,12,0.022851018118461977,8.7523452549545,10.29161667693439,0.1986923589918604,0.029357063270984612
2025-08-19,False,250443.07924698514,253816.2751659441,-3372.8719387341926,0.32398022475170585,0.0,-3373.1959189589443,-0.01328863539790355,-0.013289911833878903,323.9802247517058,94328.14854905763,91906.60716481211,-3433.224772313931,60.35283357973876,12,12,0.022901887523604936,8.732904647875,10.29161667693439,0.1962247702179462,0.03038503483170358
2025-08-20,False,253980.14829501725,250443.07924698514,3537.7821930437703,0.7131450116545675,0.0,3537.069048032116,0.014126092857829923,0.014123245324514973,713.1450116545674,91547.71595481853,89246.88023773249,3589.1594770142146,-51.37728397044432,12,12,0.0231834013234516,8.62686183142964,10.29161667693439,0.19410083910548462,0.025562117938991373
2025-08-21,False,251902.46983408486,253980.14829501725,-2076.368304907066,1.3101560253361313,0.0,-2077.6784609324022,-0.008175317318482728,-0.008180475816239862,1310.1560253361313,93878.09669046706,91474.50640544013,-2103.604455445615,27.236150538548863,12,12,0.023277161750607796,8.592112824699418,10.29161667693439,0.19772361537728553,0.028100471967560384
2025-08-22,False,258676.53492399576,251902.46983408486,6774.08825339748,0.02316348658483605,0.0,6774.065089910895,0.026891710342733924,0.026891618388547846,23.16348658483605,91727.75156420944,89378.6335802596,6893.555913714296,-119.46766031681615,12,12,0.023349568656538224,8.565468722009863,10.347428668414343,0.19659718873284115,0.02584212813071025
2025-08-23,False,257155.05003757158,258676.53492399576,-1517.9515780945544,3.5333083296228875,0.0,-1521.4848864241774,-0.005868145630374083,-0.005881804806420573,3533.308329622888,95207.46680861765,92619.41350403418,-1503.7144994039493,-14.237078690605081,12,12,0.023256000634560375,8.59993096589373,10.347428668414343,0.20317233836167944,0.0326473754377354
2025-08-24,False,256011.45696664718,257155.05003757158,-1143.5265718955993,0.06649902880870513,0.0,-1143.593070924408,-0.00444683692476008,-0.004447095519832582,66.49902880870513,93651.49035909562,91034.96289713093,-1179.7382720434427,36.21170014784327,12,12,0.02314162472265939,8.642435541881712,10.347428668414343,0.2015596149246087,0.03283067606243327
2025-08-25,False,250671.0448296639,256011.45696664718,-5340.319248817977,0.0928881653025868,0.0,-5340.412136983279,-0.020859688515868672,-0.020860051344026454,92.8881653025868,92428.05637083687,89893.82706785684,-5457.1651011086615,116.84585229068537,12,12,0.023106885975077426,8.655428525319923,10.347428668414343,0.19931950779392815,0.03091462527428151
2025-08-26,False,253093.8341698241,250671.0448296639,2422.8668608039734,0.07752064377762144,0.0,2422.789340160196,0.009665523445080627,0.009665214192594643,77.52064377762144,86776.52477365991,84475.98717526125,2470.6534230864436,-47.786562282470165,12,12,0.023627885292913806,8.464574697253234,10.347428668414343,0.19550425851175623,0.026650943227484004
2025-08-27,False,252416.71290579153,253093.8341698241,-676.6267351136985,0.4945289188793881,0.0,-677.1212640325779,-0.0026734224377022433,-0.0026753763727734056,494.52891887938813,88800.43584014942,86404.32511718583,-692.0417552048181,15.41502009111951,12,12,0.0238365967783758,8.39045950474931,10.347428668414343,0.19869571346652792,0.030920981307708602
2025-08-28,False,253815.9127371368,252416.71290579153,1399.2607501546295,0.06091880936757116,0.0,1399.1998313452618,0.005543455241321005,0.005543213899102947,60.91880936757116,88032.06025548592,85666.77957270456,1443.3477076152312,-44.08695746060159,12,12,0.024048621964851528,8.316484840267012,10.347428668414343,0.1975165433545341,0.029166218834724682
2025-08-29,False,251179.83145907734,253815.9127371368,-2635.4626164452366,0.6186616142268554,0.0,-2636.0812780594633,-0.010383362445736965,-0.010385799887927073,618.6616142268554,88900.83330633488,86447.37870863231,-2699.280799622471,63.81818317723443,12,12,0.023922997104751487,8.360156510668842,10.445577620302378,0.20016964468065113,0.030187324763205115
2025-08-30,False,252156.83475929717,251179.83145907734,977.1086762080666,0.10537598823370718,0.0,977.0033002198329,0.0038900761678680356,0.0038896566437859404,105.37598823370718,86032.35833530147,83706.54010395338,987.8991902718501,-10.790514063783547,12,12,0.024360935563147203,8.209865318249784,10.445577620302378,0.19689963486384532,0.028491490903953722
2025-08-31,False,251266.08686975032,252156.83475929717,-890.6518173457723,0.09607220107977264,0.0,-890.7478895468521,-0.003532134348830826,-0.003532515350603677,96.07220107977264,86953.60254559388,84606.20328611821,-911.6162446696947,20.964427323922482,12,12,0.024636071409077795,8.118177475581795,10.445577620302378,0.1981249937215789,0.026993576651747814
2025-09-01,False,250755.62097172334,251266.08686975032,-510.43182025864235,0.034077768323263175,0.0,-510.4658980269656,-0.0020314393662016024,-0.002031574990426693,34.07776832326317,86055.09964192352,83749.6292370957,-525.230239546117,14.798419287474655,12,12,0.02499271959212721,8.002330409172465,10.44557762030238,0.1960369312116256,0.027243076996377572
2025-09-02,False,253304.0698407697,250755.62097172334,2548.9361148583907,0.48724581204454553,0.0,2548.4488690463463,0.01016502084771142,0.010163077737482599,487.2458120445456,85759.92575199607,83484.05218574319,2588.3985662916566,-39.46245143326564,12,12,0.025397100069452592,7.874914830947894,10.44557762030238,0.19582476083998165,0.029158810168696064
2025-09-03,False,254430.5205942887,253304.0698407697,1128.0230966215217,1.5723431024966719,0.0,1126.450753519025,0.004453237160108056,0.004447029825565483,1572.3431024966717,87536.28153595093,85181.48306683154,1142.513215507174,-14.490118885652288,12,12,0.025529821215796854,7.833975737998816,10.445577620302378,0.19854004166167755,0.03224054251364991
2025-09-04,False,252731.44803193051,254430.5205942887,-1698.2666320482897,0.8059303099125532,0.0,-1699.0725623582023,-0.006674775605071066,-0.006677943190107759,805.9303099125532,87887.35456043121,85503.57585354052,-1730.6381742396406,32.3715421913508,12,12,0.02551086233642418,7.839797705091365,10.44557762030238,0.1986444035559523,0.03269870518823764
2025-09-05,False,253903.64248812303,252731.44803193051,1172.574869657155,0.38041346464394793,0.0,1172.194456192511,0.0046396080851363215,0.004638102876870369,380.4134646439479,85944.07967198841,83625.0440494804,1192.9226961774325,-20.347826520277582,12,12,0.02548810394644089,7.846797879523229,10.54904992484431,0.19759189147005593,0.03061841889695201
2025-09-06,False,253833.74794046063,253903.64248812303,-69.54159586079794,0.3529518016213785,0.0,-69.89454766241931,-0.0002738897133547461,-0.0002752798147261271,352.95180162137854,86817.18641192216,84457.45513637361,-71.08309786990986,1.5415020091119147,12,12,0.025550841350046573,7.827530892623051,10.54904992484431,0.1988442902209695,0.03197315548075424
2025-09-07,False,255439.86140201247,253833.74794046063,1606.2984939514868,0.18503239964218618,0.0,1606.1134615518445,0.006328151819781903,0.006327422868643043,185.0323996421862,86581.5829902968,84224.93471876645,1659.017862663115,-52.71936871162829,12,12,0.025667759758913174,7.791875951719926,10.54904992484431,0.19814225001508046,0.02855779192627475
2025-09-08,False,254716.23816738653,255439.86140201247,-723.2630212370523,0.3602133888713554,0.0,-723.6232346259236,-0.002831441487899876,-0.0028328516569584333,360.2133888713554,87933.1068328002,85471.01982384661,-707.231400342288,-16.031620894764302,12,12,0.02556970951597006,7.821754872697561,10.54904992484431,0.19952020130611753,0.026271021443615098
2025-09-09,False,254332.62557847777,254716.23816738653,-383.57273691987405,0.039851988888142384,0.0,-383.6125889087622,-0.0015058825447469492,-0.0015060390011596809,39.85198888814239,87202.05506446453,84707.90481372143,-354.9007995503921,-28.67193736948201,12,12,0.025501512761040353,7.842671996523585,10.54904992484431,0.19742090759508799,0.024309473099332277
2025-09-10,False,256033.16246453437,254332.62557847777,1700.5655739335646,0.02868787696076413,0.0,1700.5368860566039,0.006686383904014045,0.006686271107329406,28.68787696076413,86904.51407924439,84353.0199537623,1724.6130052757107,-24.047431342146325,12,12,0.025506385651667806,7.841173686124457,10.54904992484431,0.1965718232392925,0.025377632250277192
2025-09-11,False,256941.05275890473,256033.16246453437,908.7338530179973,0.8435586476281361,0.0,907.8902943703691,0.0035492818362694513,0.003545987112103612,843.5586476281362,88028.38047681072,85428.79148864435,916.7496634653792,-8.015810447382021,12,12,0.025261901503968478,7.917060398979916,10.54904992484431,0.19757736184917934,0.029465757013824395
2025-09-12,False,258589.55360091958,256941.05275890473,1648.688855538011,0.18801352315709755,0.0,1648.500842014854,0.006416603488758271,0.006415871750792935,188.01352315709755,89068.23466745345,86525.53886481945,1671.4664228411914,-22.77756730318036,12,12,0.025228357273915897,7.927587112728263,10.466087979414114,0.19827688465190582,0.029980062362831808
2025-09-13,False,259067.67213107322,258589.55360091958,479.2369603305262,1.1184301768692122,0.0,478.118530153657,0.0018532727005288506,0.0018489475831322086,1118.4301768692121,89860.95268856292,87612.85891624865,524.2717244123198,-45.03476408179356,12,12,0.024913719696465327,8.027705314047317,10.46608797941411,0.20020765057371537,0.032583338802093256
2025-09-14,False,258030.03799145462,259067.67213107322,-1036.5953581605525,1.038781458062021,0.0,-1037.6341396186144,-0.004001253223274015,-0.004005262914832661,1038.7814580620209,89581.46817774045,87737.28241550144,-1072.9370281579138,36.34166999736137,12,12,0.024567507272917483,8.140834060949858,10.46608797941411,0.20032888535752408,0.033527616402398604
2025-09-15,False,257166.85786031894,258030.03799145462,-862.9138787855849,0.2662523501092733,0.0,-863.1801311356942,-0.0033442380798089973,-0.0033452699455258027,266.25235010927327,88409.12416817946,86784.40170427616,-894.3613349135235,31.447456127938544,12,12,0.02448033614822115,8.169822456238327,10.46608797941411,0.19874303787332562,0.03249418313448358
2025-09-16,False,258952.6349040296,257166.85786031894,1785.8854152196545,0.10837150899861604,0.0,1785.777043710656,0.006944461778934455,0.006944040373509587,108.37150899861604,87591.68688613662,86029.85933448919,1805.4694597544187,-19.58404453476422,12,12,0.024452890885191148,8.178992043886373,10.466087979414109,0.19692081372964645,0.03081991611834082
2025-09-17,False,261345.93904706888,258952.6349040296,2394.7049092411653,1.400766201897062,0.0,2393.304143039268,0.00924765608246723,0.009242246729508083,1400.7662018970618,88239.40525607897,86786.47015499018,2420.5098022386255,-25.80489299746034,12,12,0.024394220560939532,8.198663265357354,10.466087979414114,0.1979161211026893,0.032336287203096704
2025-09-18,False,261652.6203977969,261345.93904706888,309.1020216986632,2.420670970620164,0.0,306.681350728043,0.001182731297933018,0.0011734689731406507,2420.670970620164,88357.42628738923,87123.36179257883,327.1840662046311,-18.082044505967897,12,12,0.02405421937874073,8.314549595268149,10.466087979414112,0.19596801463883648,0.030991577141463035
2025-09-19,False,259869.31736045526,261652.6203977969,-1783.0456118456596,0.25742549599859693,0.0,-1783.3030373416582,-0.006814552856894196,-0.006815536701411431,257.42549599859694,88630.29942801688,87689.88931027608,-1801.310032583066,18.264420737406617,12,12,0.0237148465892202,8.433535475237349,10.483452296239534,0.19641765046193566,0.029357739766626624
2025-09-20,False,261615.36929833546,259869.31736045526,1746.3423558638608,0.2904179836699555,0.0,1746.0519378801907,0.006720079052047429,0.0067189614980913874,290.41798366995556,86726.62917692719,85907.07017556745,1746.154167803847,0.18818806001376834,12,12,0.023773531870016344,8.41271718032961,10.483452296239534,0.19344667297073334,0.02775939116035336
2025-09-21,False,261601.26676244216,261615.36929833546,-11.588860191633259,2.5136757016557767,0.0,-14.102535893289035,-4.429732176177233e-05,-5.390560933446949e-05,2513.6757016557767,86182.4572524939,85454.821734871,-19.44525103203669,7.856390840403431,12,12,0.02381996823706642,8.396316821647924,10.483452296239536,0.1922937279021302,0.02870983121799425
2025-09-22,False,257134.4803024945,261601.26676244216,-4466.506323025407,0.2801369222383169,0.0,-4466.786459947645,-0.017073718251836307,-0.017074789106445325,280.13692223831686,86302.80888086838,85599.31999446359,-4485.088736671929,18.582413646522518,12,12,0.023772851779595944,8.412957850166654,10.483452296239536,0.19080751503194068,0.030158421765762097
2025-09-23,False,257391.29508373133,257134.4803024945,256.9115431861072,0.09676194928609902,0.0,256.81478123682115,0.0009991329940810543,0.000998756685352749,96.76194928609902,81895.89967983603,81229.57562072427,251.13034782941133,5.781195356695861,12,12,0.024465626858779968,8.174734338688163,10.483452296239536,0.18770266201719835,0.026395292012715482
2025-09-24,False,257429.53891940435,257391.29508373133,39.46608085085047,1.2222451778364423,0.0,38.243835673014026,0.0001533310628784546,0.00014858247502338033,1222.2451778364423,83363.49401014518,82708.73234174683,41.53079347824184,-2.0647126273913683,12,12,0.024983535023817657,8.00527226468685,10.483452296239536,0.18955112463188806,0.02493605883213148
2025-09-25,False,252997.36896454092,257429.53891940435,-4432.042261911949,0.12769295149775167,0.0,-4432.169954863447,-0.01721652565791809,-0.017217021688606855,127.69295149775166,83534.78246774856,82875.89137409542,-4447.568900869933,15.526638957983224,12,12,0.025592025245622384,7.814934460265539,10.483452296239536,0.18990078843989147,0.029980296881016135
2025-09-26,False,254642.3429412961,252997.36896454092,1648.6936585933877,3.7196818381847043,0.0,1644.973976755203,0.006516643494519747,0.00650194104186813,3719.6818381847042,81685.19249143878,81057.3546757016,1658.7694562150577,-10.075797621669953,12,12,0.026798597042690657,7.463077252939635,10.453989634128197,0.1895982662410891,0.03104164503353049
2025-09-27,False,254669.38292504547,254642.3429412961,28.461996274712817,1.422012525349737,0.0,27.03998374936308,0.00011177244108720086,0.0001061880888976769,1422.0125253497372,83407.73210345078,82759.74269247026,25.488810091269244,2.9731861834435844,12,12,0.02757068548286592,7.254081518005493,10.453989634128199,0.19161092890405726,0.029921939650240793
2025-09-28,False,256752.7846289698,254669.38292504547,2084.997635086305,1.595931161972521,0.0,2083.401703924332,0.00818707616572803,0.008180809487167607,1595.9311619725208,83742.41152152426,83100.36848291064,2093.9171936366356,-8.919558550330818,12,12,0.02843648818990632,7.033217275788332,10.453989634128193,0.19165336794551938,0.030667681089471873
2025-09-29,False,258404.42871311167,256752.7846289698,1652.2413265958278,0.5972424539395633,0.0,1651.6440841418882,0.006435144720955844,0.006432818582780546,597.2424539395633,85248.00581977164,84588.12366405738,1650.7547335041058,1.486593091721833,12,12,0.028912400510333277,6.917447063190762,10.453989634128197,0.19330950289808665,0.03002343368042056
2025-09-30,False,257490.43643406514,258404.42871311167,-913.8513951328164,0.14088391372283332,0.0,-913.9922790465392,-0.0035365159942649495,-0.003537061201305032,140.8839137228333,86756.39004646121,86099.48107693036,-919.7151789946079,5.863783861791515,12,12,0.029236437027057575,6.840778847809161,10.453989634128193,0.19474866475396074,0.027461336742005345
2025-10-01,False,261051.94138911852,257490.43643406514,3562.4411264736973,0.9361714203076608,0.0,3561.5049550533895,0.013835236662802898,0.013831600910604593,936.1714203076608,85930.76026008025,85285.57885827299,3580.280243574359,-17.83911710066158,12,12,0.029599482979413574,6.756874778491905,10.453989634128197,0.19221238695506934,0.03085513218566568
2025-10-02,False,264284.6899318696,261051.94138911852,3233.292469533321,0.54392678220159,0.0,3232.748542751119,0.012385628899475769,0.01238354530347067,543.92678220159,88984.95283855367,88304.0932025451,3248.4887544709213,-15.196284937600625,12,12,0.029188241891215775,6.852074227197294,10.453989634128193,0.19747424522023949,0.025549191870989623
2025-10-03,False,268387.6517078054,264284.6899318696,4104.413857678641,1.4520817428790687,0.0,4102.961775935762,0.015530274790933687,0.015524780406286383,1452.0817428790688,90796.55613508314,90085.30392919936,4105.570096749981,-1.1562390713392316,12,12,0.028387996454290784,7.045231258994695,10.435429283877317,0.1995119159125658,0.022379090240886818
2025-10-04,False,266301.77210583026,268387.6517078054,-2079.2836145612805,6.595987413866185,0.0,-2085.8796019751467,-0.007747314756585761,-0.0077718911011824465,6595.987413866185,90192.27357258159,89478.70888855512,-2090.267885739003,10.984271177722169,12,12,0.02736434553689019,7.3087806806991855,10.435429283877317,0.19630547429947534,0.02525040495166437
2025-10-05,False,266810.6301919043,266301.77210583026,509.70152298079904,0.8434369067369171,0.0,508.8580860740621,0.0019139997415347275,0.0019108325192512734,843.4369067369171,88934.45832240178,88242.86218073076,505.07656669544235,4.62495628535672,12,12,0.026892898439415624,7.43690757061982,10.435429283877317,0.19522506822050764,0.025179499207382137
2025-10-06,False,268892.95382152527,266810.6301919043,2083.8164448967127,1.4928152757454245,0.0,2082.3236296209675,0.007810095285176313,0.0078045002484468115,1492.8152757454245,89530.31132551076,88847.96509641045,2105.867575757253,-22.05113086053997,12,12,0.02656930537243499,7.527483206523538,10.435429283877317,0.19584328712770505,0.024421522644916868
2025-10-07,False,269207.3338724125,268892.95382152527,317.13396571822625,2.7539148309737467,0.0,314.3800508872525,0.0011794060097562854,0.0011691643325690072,2753.9148309737466,90176.48549502157,89450.03700420016,295.57836588826024,21.555599829966095,12,12,0.026146928661419783,7.649081947246188,10.435429283877317,0.19561737952912286,0.023018522638335266
2025-10-08,False,270118.93882951216,269207.3338724125,914.7932686965411,3.1883115969074645,0.0,911.6049570996336,0.003398099359098798,0.0033862560279716504,3188.3115969074643,88434.60981499714,87751.27252383568,919.4182249818979,-4.624956285356696,12,12,0.026275328948586082,7.611702992999535,10.435429283877317,0.19371543981753622,0.023896628480885317
2025-10-09,False,269422.6322546905,270118.93882951216,-695.9476112692835,0.3589635523826764,0.0,-696.3065748216661,-0.0025764487832100388,-0.0025777776924451263,358.9635523826764,89522.6518013106,88830.06459757843,-705.9408203858577,9.993209116574283,12,12,0.0261270100610585,7.654913422263109,10.435429283877317,0.19499484811114481,0.022515037053664384
2025-10-10,False,256455.73934960226,269422.6322546905,-12966.742497141566,0.15040794669922253,0.0,-12966.892905088265,-0.04812788884373993,-0.04812844710399239,150.40794669922252,88957.12571850739,88284.52493300839,-13060.480450425135,93.737953283569,12,12,0.026988722776442917,7.4105025886801075,10.06613987702577,0.1887136151637302,0.02179247159976271
2025-10-11,False,256141.08618695507,256455.73934960226,-309.67408562860663,4.979077018586166,0.0,-314.6531626471928,-0.0012075147408046765,-0.0012269296972849393,4979.077018586166,77807.56755614253,77322.44267721065,-304.8839523330585,-4.790133295548063,12,12,0.03127921187238669,6.3940229957187675,10.06613987702577,0.1946824781317006,0.021193130012422644
2025-10-12,False,264481.87641841546,256141.08618695507,8344.64043077192,3.8501993115194857,0.0,8340.790231460402,0.03257829719938504,0.03256326564248476,3850.1993115194855,79648.14111459313,79153.43596907015,8364.709437510164,-20.069006738244248,12,12,0.03435314849328357,5.821882673697355,10.066139877025773,0.1969340890970159,0.02529687492243016
2025-10-13,False,264883.0887075136,264481.87641841546,404.59190001292285,3.379610914792862,0.0,401.21228909813,0.001529752834076429,0.0015169746015541888,3379.610914792862,84653.30864404867,84118.46548504921,415.74134820083634,-11.149448187913494,12,12,0.036827092103550944,5.430784473496771,10.06613987702577,0.2116401053500285,0.02337311851766046
2025-10-14,False,261451.31640966897,264883.0887075136,-3430.3959475491088,1.3763502954988143,0.0,-3431.7722978446077,-0.01295060384672947,-0.012955799913802739,1376.3502954988144,83826.33208598534,83146.70708956331,-3443.2912928710803,12.895345321971693,12,12,0.03844607838457364,5.202091042925443,10.066139877025773,0.20772777429507722,0.023756048000557594
2025-10-15,False,258804.18407891432,261451.31640966897,-2642.2126462724764,4.919684482191193,0.0,-2647.1323307546677,-0.010105945085900368,-0.010124761914018695,4919.684482191193,81757.4315310267,80667.03791509068,-2660.6938940002055,18.48124772772911,12,12,0.04091564078427166,4.888106263678066,10.066139877025773,0.20605066617387732,0.029084970052478207
2025-10-16,False,256863.50679712178,258804.18407891432,-1934.352524739416,6.324757053113258,0.0,-1940.6772817925291,-0.007474193400789823,-0.007498631788737928,6324.757053113258,81119.86761643125,79511.85339955098,-1965.127916450043,30.77539171062709,12,12,0.04442878046033705,4.501586537549601,10.066139877025769,0.20680994659230087,0.03542453044962555
2025-10-17,False,252335.48246530673,256863.50679712178,-4520.18460208953,7.839729725517315,0.0,-4528.024331815047,-0.01759761306093085,-0.017628134055615037,7839.729725517315,80380.39738078423,78195.07504530312,-4566.210462223212,46.02586013368172,12,12,0.048624710265116236,4.113135048199591,10.371738610385757,0.2111441882165568,0.03916647428974872
2025-10-18,False,253398.1110367842,252335.48246530673,1076.0261646904146,13.397593212969909,0.0,1062.6285714774447,0.004264268164657961,0.004211173795677126,13397.59321296991,85128.39375919114,77137.50891584053,1139.8497664923843,-63.823601801969815,12,12,0.05697364841399153,3.5103948152789215,10.371738610385755,0.21786013697148632,0.05606748741183805
2025-10-19,False,254452.1202881297,253398.1110367842,1068.658041937447,14.648790591946483,0.0,1054.0092513455006,0.00421730863566823,0.004159499244224819,14648.790591946483,94356.64318357017,76819.11003686236,1244.2439431483076,-175.58590121086064,12,12,0.06547436041421434,3.054630831591605,10.371738610385755,0.22037752829523283,0.06802009172674275
2025-10-20,False,254154.61720723205,254452.1202881297,-282.2953453644358,15.207735533211311,0.0,-297.50308089764707,-0.0011094242211256787,-0.0011691908110679858,15207.73553321131,102269.72941185515,75657.76404228438,-138.37736021583643,-143.91798514859934,12,12,0.07318152043510635,2.732930373827773,10.371738610385755,0.2212470011960934,0.077688753077481
2025-10-21,False,251411.65311359192,254154.61720723205,-2728.6200101585828,14.344083481530271,0.0,-2742.964093640113,-0.010736063110487292,-0.010792501524391197,14344.083481530271,107841.70297527373,73325.69446334272,-3043.1842472096755,314.56423705109256,12,12,0.07941750953374908,2.5183363363340985,10.371738610385755,0.22115158132063442,0.08462559162397659
2025-10-22,False,252428.06979114856,251411.65311359192,1034.7942402149854,18.377562658344623,0.0,1016.4166775566408,0.004115935866136834,0.004042838368742626,18377.56265834462,114807.85427689522,69049.66583922795,797.5332913140635,237.26094890092196,12,12,0.08626208938664395,2.318515600793762,10.371738610385755,0.21916487855616643,0.09654159590994849
2025-10-23,False,256128.30656172067,252428.06979114856,3717.2301721924555,16.993401620330538,0.0,3700.236770572125,0.014725898650130236,0.014658578872126187,16993.401620330536,122891.6510219307,63790.51385444495,4420.534731853439,-703.3045596609836,12,12,0.0933091322681375,2.143412923670436,10.371738610385753,0.21764188875510768,0.1028291530552243
2025-10-24,False,253929.50814125585,256128.30656172067,-2191.3776313543312,7.420789110491772,0.0,-2198.798420464823,-0.008555780736504665,-0.008584753672804087,7420.789110491773,135120.02375394205,60086.95491614565,-1138.2217110275387,-1053.1559203267925,12,12,0.09678973984071751,2.0663347202826556,10.37775012745593,0.2174992206301916,0.10294980350105154
2025-10-25,False,254424.49543165637,253929.50814125585,497.2466876397472,2.2593972392362125,0.0,494.98729040051103,0.0019582075800467385,0.0019493098459638634,2259.3972392362125,137294.3552024775,58011.17601759722,716.7514788750402,-219.504791235293,12,12,0.09768297359579392,2.0474397188970475,10.37775012745593,0.21487253999806624,0.108871981762911
2025-10-26,False,254815.1454107266,254424.49543165637,391.30514578787427,0.6551667176401665,0.0,390.6499790702341,0.0015380010683483378,0.001535425975425274,655.1667176401666,138885.77819022798,57853.25598759678,2063.320784377668,-1672.015638589794,12,12,0.09795403796092615,2.0417739193128512,10.377750127455927,0.21463435630334723,0.10658153667331437
2025-10-27,False,255111.44121891755,254815.1454107266,298.3244946148508,2.028686423899486,0.0,296.2958081909513,0.0011707486779641498,0.0011627872735482955,2028.6864238994863,140592.42818929598,60273.24755728415,-55.60508472112976,353.9295793359805,12,12,0.09386179209448998,2.1307924719641136,10.37775012745593,0.2197433798897904,0.0902822587041349
2025-10-28,False,253204.56810634222,255111.44121891755,-1898.834537745886,8.038574829449505,0.0,-1906.8731125753357,-0.0074431571107641875,-0.0074746671629634985,8038.574829449504,136200.50659734744,63216.734495141696,-2943.755031483918,1044.920493738032,12,12,0.09030910372769405,2.2146161543475524,10.377750127455927,0.21919534138773383,0.09696981335822943
2025-10-29,False,252795.31552744916,253204.56810634222,-403.8994530014211,5.353125891630845,0.0,-409.2525788930519,-0.0015951507353208147,-0.0016162922413041608,5353.125891630845,136507.52027656653,65363.259322461985,192.40118365430243,-596.3006366557235,12,12,0.08824447280330837,2.26643090095612,10.377750127455927,0.22011364512516784,0.09491363128484828
2025-10-30,False,251953.6564854054,252795.31552744916,-833.6123494196306,8.04669262412478,0.0,-841.6590420437554,-0.0032975783102638817,-0.0033294091715570812,8046.69262412478,136921.8792318318,67510.53365139796,-2771.33745950252,1937.725110082889,12,12,0.0862472894420551,2.3189134556439503,10.377750127455927,0.22055503914419486,0.0909621648059153
2025-10-31,False,252092.883940559,251953.6564854054,142.53998476102743,3.3125296074462307,0.0,139.2274551535812,0.0005657389011509907,0.0005525915245514448,3312.529607446231,134806.7639699407,67827.98243482686,738.1480870580856,-595.6081022970583,12,12,0.08851529088783695,2.2594966134544148,10.410647455002968,0.21787951398187422,0.07836066080381204
2025-11-01,False,251194.0424801356,252092.883940559,-896.9024975608497,1.9389628625512487,0.0,-898.8414604234009,-0.003557825526611574,-0.0035655169887117435,1938.9628625512487,137468.18911329098,68313.98205144332,951.5528011241124,-1848.4552986849621,12,12,0.0897253993521992,2.229023235828016,10.410647455002966,0.21884147250663574,0.08344712417259965
2025-11-02,False,250427.7342402028,251194.0424801356,-762.3653645263859,3.94287540642987,0.0,-766.3082399328157,-0.0030349659450489303,-0.003050662477369125,3942.87540642987,141719.54186269458,70574.65590729141,-1253.5882955255734,491.22293099918755,12,12,0.08761879425688175,2.2826152961388373,10.410647455002964,0.2230511374758335,0.09335954713028012
2025-11-03,False,246423.49998687196,250427.7342402028,-4002.232381992135,2.001871338702025,0.0,-4004.234253330837,-0.015981586041717382,-0.01598957985016985,2001.8713387020248,140685.4861300225,71100.66014774868,-8186.340045837581,4184.107663845445,12,12,0.08767284771092601,2.2812079819676656,10.410647455002964,0.22329081837073625,0.09351779307824333
2025-11-04,False,241777.46807536643,246423.49998687196,-4636.90467787505,9.127233630493297,0.0,-4646.031911505544,-0.018816812025322576,-0.018853850837087606,9127.233630493296,136709.95928065974,66277.81037491455,-5675.860295643182,1038.9556177681313,12,12,0.09645479893535125,2.0735101022194846,10.410647455002966,0.21903300312861748,0.1029625953676615
2025-11-05,False,241948.76591404542,241777.46807536643,190.46683987925354,19.169001200256602,0.0,171.29783867899692,0.0007877774608007789,0.0007084938064848966,19169.0012002566,148957.3305388037,57890.50700436604,2427.686311583642,-2237.2194717043876,12,12,0.10705149190426116,1.8682598106980612,10.410647455002966,0.21884779249259786,0.12571791657923426
2025-11-06,False,241830.91042260622,241948.76591404542,-110.73286306503479,7.1226283741772525,0.0,-117.85549143921205,-0.00045767070828695066,-0.00048710928941493885,7122.628374177253,151662.86224951092,50958.34547006803,-1328.2050088842357,1217.472145819201,12,12,0.11084221200103411,1.8043667334799678,10.410647455002966,0.21284903141367123,0.13317378199090135
2025-11-07,False,241885.25372289578,241830.91042260622,111.85742161481159,57.51412132523957,0.0,54.343300289572014,0.0004625439379082585,0.0002247161051273619,57514.121325239576,132325.62255413344,57150.50180603515,4222.4096736483025,-4110.552252033491,12,12,0.12380590265427759,1.6154318632003437,10.50050462250892,0.22999104444753704,0.16165713482402863
2025-11-08,False,241630.64505801353,241885.25372289578,-241.47347208388592,13.135192798374797,0.0,-254.6086648822607,-0.0009982976157799119,-0.0010526010203744825,13135.192798374796,147084.04740821815,49042.38624919744,-251.37547842975852,9.902006345872564,12,12,0.12983968060844597,1.540361152020503,10.500504622508922,0.22674609539359986,0.14966684634982666
2025-11-09,False,241053.57412394698,241630.64505801353,-560.8409552293557,16.229978837206986,0.0,-577.0709340665627,-0.0023210671605611217,-0.002388235705483519,16229.978837206987,156101.50685921602,34376.96222792432,676.3494060060949,-1237.1903612354506,12,12,0.1352164514949931,1.479109958801173,10.500504622508922,0.2128212361532786,0.16797454481376964
2025-11-10,False,240136.02326182358,241053.57412394698,-910.9825551284258,6.568306994983775,0.0,-917.5508621234096,-0.003779170495352245,-0.003806418823940007,6568.306994983775,160232.55388940507,29229.78402357779,-396.4665485352245,-514.5160065932014,12,12,0.13776203009919963,1.4517788381601526,10.500504622508924,0.21048043996513133,0.16903336423594006
2025-11-11,False,239733.2663556306,240136.02326182358,-401.4477612788559,1.3091449141130302,0.0,-402.7569061929689,-0.0016717515174353994,-0.001677203198096762,1309.1449141130302,161531.94045086388,27137.464365048505,-3210.7421684250126,2809.294407146156,12,12,0.14051725126816586,1.4233127832704051,10.500504622508922,0.20871304540145222,0.16298412129959813
2025-11-12,False,240460.61810919715,239733.2663556306,737.3230054237648,9.971251857210095,0.0,727.3517535665547,0.00307559737800422,0.0030340042690928425,9971.251857210096,165483.15573250287,16764.764746559555,-489.6832629722001,1227.006268395965,12,12,0.14311397232606135,1.3974875880346143,10.500504622508922,0.1967413623719869,0.17632144671932246
2025-11-13,False,239920.53791438282,240460.61810919715,-529.9210944733858,10.159100340945809,0.0,-540.0801948143315,-0.0022037749825326485,-0.0022460234821864767,10159.10034094581,173925.5665420805,7342.987411037513,-2486.1228957126204,1956.2018012392348,12,12,0.14148624184341918,1.4135650038774596,10.500504622508922,0.1918175141752475,0.16389321641774568
2025-11-14,False,240427.78356211106,239920.53791438282,560.3586527142613,53.11300498602146,0.0,507.2456477282399,0.0023356010185098404,0.00211422353474905,53113.00498602146,150925.1377057815,25340.9040285007,-1153.1575551819974,1713.5162078962587,12,12,0.14423466068814791,1.3866292543400731,10.472849301111873,0.18965910379763787,0.17811456342396736
2025-11-15,False,240274.12212923044,240427.78356211106,-141.09828588037047,12.563147000234105,0.0,-153.66143288060456,-0.000586863480542463,-0.0006391167884343465,12563.147000234105,147140.21598466282,13338.115680980864,1496.7017623092463,-1637.8000481896167,12,12,0.13719454102802572,1.4577839504499275,10.472849301111872,0.17195729356415596,0.17062723989843706
2025-11-16,False,242141.4650255631,240274.12212923044,1874.727952909182,7.385056576494588,0.0,1867.3428963326874,0.007802454697559429,0.007771718734356023,7385.056576494587,145462.53558347534,5811.960818605889,-479.9877830467319,2354.7157359559137,12,12,0.13645503752098195,1.465684254927174,10.472849301111873,0.16523974363698563,0.16026031080163547
2025-11-17,False,243033.12065829706,242141.4650255631,904.9100576398453,13.254424905897343,0.0,891.6556327339479,0.003737113168718596,0.003682374816059756,13254.424905897342,136810.09376681305,-5567.736134382252,-1403.117481908891,2308.027539548737,12,12,0.12459412043699451,1.6052121825534873,10.472849301111873,0.15180895178156156,0.1419454288853626
2025-11-18,False,242004.19519479532,243033.12065829706,-1016.7749806864061,12.150482815328058,0.0,-1028.9254635017342,-0.004183688947137312,-0.004233684119739368,12150.482815328058,122892.38359255035,-16813.308892070472,1521.6452378727936,-2538.4202185592003,12,12,0.10959990173487537,1.8248191543438106,10.472849301111873,0.14280903515870158,0.12285638508712138
2025-11-19,False,242259.59867641155,242004.19519479532,260.947155740138,5.543674123895229,0.0,255.40348161624274,0.0010782753395249822,0.0010553679923220422,5543.674123895229,122229.1959111743,-23373.7579966521,-1890.5764898207774,2151.5236455609156,12,12,0.10823332784174441,1.8478596564307264,10.472849301111873,0.15122480714523193,0.10160143042561014
2025-11-20,False,244259.5188567469,242259.59867641155,2006.871388205404,6.951207870060083,0.0,1999.920180335344,0.008283970580195673,0.00825527736057491,6951.207870060083,112339.62968643935,-30064.018710972054,-1408.7630375903025,3415.634425795706,12,12,0.09755869552070356,2.050047911490952,10.472849301111873,0.15311379118089632,0.09142689861920383
2025-11-21,False,244831.20626411427,244259.5188567469,581.6484927901517,9.961085422779421,0.0,571.6874073673723,0.002381272572354801,0.002340491826247537,9961.085422779423,98809.54547368664,-38018.23274554606,-1253.4688895219958,1835.1173823121474,12,12,0.08335569927397438,2.399356033744471,10.452624316225908,0.15749337284811796,0.08334383780662966
2025-11-22,False,244942.8556552489,244831.20626411427,122.90525281831106,11.255861683702424,0.0,111.64939113460863,0.0005019999480202115,0.0004560259814844259,11255.861683702424,88563.32290543747,-46360.51055941517,79.4641240212791,43.44112879703198,12,12,0.073200088263864,2.7322371426529024,10.452624316225908,0.17083578027680046,0.08047400021319975
2025-11-23,False,244304.6877445452,244942.8556552489,-624.670655459052,13.497255244626443,0.0,-638.1679107036784,-0.002550270975603635,-0.0026053746658440376,13497.255244626444,78444.2235089913,-49233.016718088926,170.86467432140168,-795.5353297804537,12,12,0.0670162665363405,2.9843500740457873,10.452624316225911,0.17709305253587124,0.07066562642773395
2025-11-24,False,242379.4533793477,244304.6877445452,-1916.9479718303012,8.286393367206617,0.0,-1925.2343651975077,-0.00784654600584144,-0.007880464279959335,8286.393367206616,71759.34926509182,-51787.39314380009,250.81776539979063,-2167.7657372300914,12,12,0.062413679485231056,3.20442572284696,10.452624316225908,0.18459200330917194,0.061461379098210187
2025-11-25,False,242483.71407062054,242379.4533793477,109.3223480367057,5.0616567638472265,0.0,104.26069127285848,0.0004510380170946482,0.00043015482467352644,5061.656763847226,71703.49081979314,-53566.1399834689,-71.57955588684538,180.90190392355112,12,12,0.061050885528822055,3.2759557583416252,10.45262431622591,0.19244243789635132,0.056779455267092646
2025-11-26,False,241062.78415975787,242483.71407062054,-1417.8972627792107,3.032648083465509,0.0,-1420.9299108626763,-0.005847391723661346,-0.005859898328878479,3032.6480834655094,69645.69025916609,-54867.068766182536,243.68324490582734,-1661.580507685038,12,12,0.05870675034894111,3.4067632565461428,10.45262431622591,0.19503979170373223,0.05609949083384454
2025-11-27,False,241164.61247625304,241062.78415975787,104.52087456374718,2.6925580685753814,0.0,101.8283164951718,0.0004335836198360623,0.00042241408954974915,2692.558068575381,71725.24762078821,-54958.67666891194,-41.994732464291644,146.51560702803886,12,12,0.059077437411744364,3.3853871928480226,10.452624316225908,0.19891133974753264,0.05804145558722142
2025-11-28,False,242436.27785813686,241164.61247625304,1273.1449889186142,1.4796070347770027,0.0,1271.6653818838372,0.00527915342075313,0.005273018163098267,1479.6070347770028,72318.22045834808,-54673.6607335974,69.98299915126753,1203.1619897673468,12,12,0.0587028019253031,3.406992399689742,10.356085263562038,0.19793542178882895,0.057713768959498445
2025-11-29,False,242633.29504079916,242436.27785813686,200.11295414699782,3.095771484708185,0.0,197.01718266228963,0.000825424956672925,0.0008126555332514034,3095.771484708185,73338.49538958231,-53878.76063020077,-336.25808410110415,536.371038248102,12,12,0.05835389529097517,3.4273633148690825,10.356085263562036,0.19546995359286212,0.05545998869051904
2025-11-30,False,243779.17814660684,242633.29504079916,1147.330555539808,1.4474497321413855,0.0,1145.8831058076667,0.004728660818569367,0.004722695232799706,1447.4497321413855,71135.54117757938,-54628.80750862291,196.42361344589895,950.906942093909,12,12,0.056520392758888253,3.5385458281081834,10.356085263562038,0.19654420621233418,0.052953597116587654
2025-12-01,False,247248.2299011968,243779.17814660684,3471.6113810327897,2.5596264428008997,0.0,3469.051754589989,0.014240803531403287,0.014230303756720884,2559.6264428009,71113.26625756474,-55316.97748524189,-311.61776496301997,3783.2291459958096,12,12,0.055051005713875965,3.6329944822350213,10.356085263562036,0.1957267593198621,0.05211026518267481
2025-12-02,False,242736.29478643168,247248.2299011968,-4507.768027840364,4.167086924772201,0.0,-4511.935114765136,-0.018231750454358032,-0.018248604313843446,4167.086924772202,66662.8965858579,-55735.822812620056,235.20890086661137,-4742.976928706976,12,12,0.05120493878101395,3.905873237254159,10.356085263562036,0.19284093582071482,0.047130632261907404
2025-12-03,False,240406.4249846083,242736.29478643168,-2328.0332841780864,1.8365176452816394,0.0,-2329.869801823368,-0.00959079187653571,-0.009598357772879713,1836.5176452816395,70735.203743775,-58969.8460214285,486.24850402551067,-2814.281788203597,12,12,0.05164838165061959,3.8723381761101265,10.356085263562038,0.21388658305357178,0.05263306133230712
2025-12-04,False,241963.0439526934,240406.4249846083,1559.31720072085,2.6982326357560713,0.0,1556.618968085094,0.006486171078084469,0.00647494744861646,2698.2326357560714,76283.7412720256,-58599.64666985051,-235.35846001370024,1794.6756607345503,12,12,0.054931388177667996,3.640905621265707,10.356085263562035,0.21972847875116522,0.048379410693105064
2025-12-05,False,244547.75221141198,241963.0439526934,2586.999632385522,2.291373666943735,0.0,2584.7082587185782,0.010691713867227223,0.010682243934837911,2291.373666943735,76545.08081822109,-54748.95580218593,-289.86125976519696,2876.860892150719,12,12,0.05617721390295977,3.5601623167976784,10.385531176495746,0.20777518123535646,0.04749788085369644
2025-12-06,False,244516.05813609785,244547.75221141198,-29.17443859599308,2.5196367181285093,0.0,-31.69407531412159,-0.00011929955737549256,-0.0001296028077441579,2519.6367181285095,75897.99538443369,-52416.79278809793,502.61975837009135,-531.7941969660844,12,12,0.055619055538152495,3.595889898971906,10.385531176495746,0.1987956318271605,0.041267572311170286
2025-12-07,False,244884.39518310927,244516.05813609785,369.88864495361133,1.5515979422051187,0.0,368.33704701140624,0.0015127376409271697,0.0015063920538355379,1551.5979422051187,78484.00728197496,-51189.042325080685,348.23722760746466,21.65141734614666,12,12,0.05608369111299881,3.566099092818892,10.385531176495745,0.19685337141227835,0.04110914558436834
2025-12-08,False,243018.7084362752,244884.39518310927,-1862.6878560901137,2.998890743971953,0.0,-1865.6867468340856,-0.007606396702808735,-0.007618642851615929,2998.8907439719533,81809.48383620824,-49700.93567437504,-517.039812046977,-1345.6480440431367,12,12,0.05690852135709264,3.5144121694012975,10.385531176495746,0.19454890548621132,0.04111314929446243
2025-12-09,False,240648.34050955853,243018.7084362752,-2368.7691258978916,1.598800818764139,0.0,-2370.367926716656,-0.009747270657226106,-0.009753849577956332,1598.800818764139,84236.89288696853,-49964.82271170101,162.54614550012826,-2531.31527139802,12,12,0.05765080983418173,3.469162021752174,10.385531176495746,0.19829329578333582,0.04209817724455656
2025-12-10,False,241762.5576277422,240648.34050955853,1121.3229783434726,7.105860159810039,0.0,1114.2171181836627,0.0046595915682158375,0.004630063584998651,7105.860159810039,94036.61446367673,-56176.909766255325,-385.8805009296276,1507.2034792731004,12,12,0.055077120541072104,3.6312718972092237,10.385531176495746,0.19382879307748546,0.04438178769463644
2025-12-11,False,243267.81439720513,241762.5576277422,1507.8551191311496,2.598349668213063,0.0,1505.2567694629365,0.006236925742045193,0.006226178214827955,2598.349668213063,94741.88015168707,-55219.68418935326,54.5514716698578,1453.3036474612918,12,12,0.05567730102357531,3.5921281442021495,10.385531176495746,0.19068221024495505,0.04422814211653733
2025-12-12,False,245055.58608456294,243267.81439720513,1790.7196715934347,2.947984235620609,0.0,1787.771687357814,0.007361103958740577,0.007348985692117738,2947.984235620609,96291.11221151624,-54198.62771155592,271.7276585513147,1518.9920130421199,12,12,0.0554209070774435,3.608746419839828,10.372663797000145,0.18478413697329488,0.04924949307926883
2025-12-13,False,244892.10442725295,245055.58608456294,-162.02616391192728,1.4554933980479747,0.0,-163.48165730997525,-0.0006611812711586826,-0.0006671207129861613,1455.4933980479748,96499.3412550734,-52860.19064647009,-64.93250985041885,-97.09365406150843,12,12,0.05513459974418088,3.627486205177517,10.372663797000145,0.1804138520386534,0.05014517031136651
2025-12-14,False,246348.88832524113,244892.10442725295,1458.2153634465535,1.4314654583701272,0.0,1456.7838979881833,0.005954521755027539,0.005948676464662959,1431.4654583701272,97962.96785765463,-52993.02011235569,-844.141804780547,2302.3571682271004,12,12,0.055369962833432186,3.6120667193086993,10.372663797000145,0.18159436908995039,0.05184175043550798
2025-12-15,False,247133.47608521598,246348.88832524113,785.7195222740249,1.131762299164943,0.0,784.58775997486,0.0031894583637685505,0.00318486421963882,1131.762299164943,95948.23118381192,-52666.56704807408,-869.7453705505466,1655.4648928245715,12,12,0.05404116668384273,3.7008823508578357,10.372663797000145,0.1785663689858836,0.04841582739225255
2025-12-16,False,246529.00053408233,247133.47608521598,-604.3342086883345,0.1413424453336768,0.0,-604.4755511336681,-0.0024453757469908664,-0.0024459476745482844,141.34244533367678,93564.36336577048,-52022.18997113373,399.1828663231551,-1003.5170750114896,12,12,0.051497828767404226,3.8836588801310956,10.372663797000145,0.17438713847563436,0.04817934456162448
2025-12-17,False,249369.65196159063,246529.00053408233,2841.087119960981,0.4356924526750768,0.0,2840.651427508306,0.011524352566253983,0.0115225852591553,435.69245267507677,95402.75575978021,-53062.21663249715,17.456976661359704,2823.6301432996215,12,12,0.050535670814919366,3.957600577470817,10.372663797000145,0.17832053150149665,0.04735891913345338
2025-12-18,False,251807.17006145403,249369.65196159063,2441.2980311248625,3.7799312614721057,0.0,2437.5180998633905,0.009789876241640204,0.009774718297472826,3779.9312614721057,94084.21137693606,-54001.06077400828,703.4384871542992,1737.8595439705632,12,12,0.04825576539322183,4.144582483984239,10.372663797000145,0.1751943908410219,0.05147409136851951
2025-12-19,False,250287.89107067333,251807.17006145403,-1514.9501487840037,4.3288419967042415,0.0,-1519.278990780708,-0.006016310609480569,-0.006033501708509432,4328.841996704241,94725.86877754034,-55888.604739587645,2025.1928818743493,-3540.143030658353,12,12,0.04616124739246661,4.332638550678322,10.393144786304525,0.17467152378517736,0.05200280711470791
2025-12-20,False,249118.6647913507,250287.89107067333,-1167.941007761139,1.2852715615040597,0.0,-1169.226279322643,-0.004666390382550907,-0.0046715255553153815,1285.2715615040597,100122.32632224531,-58688.826449875705,-1081.465449976391,-86.47555778474785,12,12,0.04654674014932362,4.296756321890487,10.393144786304525,0.18542682124903714,0.04328892743711491
2025-12-21,False,249695.85361337423,249118.6647913507,578.232144364696,1.043322341142928,0.0,577.188822023553,0.002321111285856458,0.0023169232321752263,1043.322341142928,99972.61181866436,-60702.042846247554,-31.524767642761386,609.7569120074573,12,12,0.046271386025651264,4.322325678533314,10.393144786304525,0.1892207427443203,0.03969189707353556
2025-12-22,False,249393.01503184222,249695.85361337423,-302.31997237256786,0.5186091594259579,0.0,-302.83858153199384,-0.0012107528739370903,-0.0012128298373784976,518.6091594259578,99714.01454195392,-60506.49510482262,-25.21981411420854,-277.10015825835933,12,12,0.04619370958417517,4.329593829990114,10.393144786304527,0.18750568133759996,0.03998040167679287
2025-12-23,False,249570.4838380861,249393.01503184222,178.20564406212816,0.7368378182413071,0.0,177.46880624388686,0.0007145574788426815,0.0007116029541614381,736.8378182413071,100702.73270433936,-61545.65289543649,-596.3158679372755,774.5215119994036,12,12,0.04603584569042772,4.344440663584599,10.393144786304527,0.18906661297996408,0.041375632112544775
2025-12-24,False,250218.30899887523,249570.4838380861,649.0591507825471,1.233989993429734,0.0,647.8251607891174,0.002600704782075261,0.002595760327208433,1233.989993429734,100542.20146362578,-62577.753390597456,-123.11251363646296,772.1716644190101,12,12,0.045316664112308225,4.413387523502178,10.393144786304525,0.18986708936835897,0.04373529969400719
2025-12-25,False,251850.33271893804,250218.30899887523,1632.9165171003692,0.8927970375661644,0.0,1632.023720062803,0.00652596735879831,0.006522399286417283,892.7970375661644,100258.075697811,-62539.8526520556,699.5180020098885,933.3985150904808,12,12,0.04465770717176171,4.478510265445636,10.393144786304525,0.18828173276430402,0.04041364786483935
2025-12-26,False,251026.59187410565,251850.33271893804,-821.7133021173904,2.027542715002572,0.0,-823.740844832393,-0.003262704850322404,-0.003270755436133086,2027.542715002572,102051.73789973297,-62934.4788499578,171.22926424910014,-992.9425663664906,12,12,0.044118520886253926,4.533243544488689,10.403785735502247,0.18644121399747085,0.04414564766188854
2025-12-27,False,249151.16480641055,251026.59187410565,-1874.5029065708156,0.9241611242743948,0.0,-1875.42706769509,-0.0074673479513712735,-0.007471029478166403,924.1611242743948,104092.41997245658,-64632.7023941832,942.0927930294545,-2816.59569960027,12,12,0.043834549689519525,4.56261103208774,10.403785735502247,0.19161227091395913,0.04631005772901977
2025-12-28,False,249718.37002798275,249151.16480641055,569.5253226373081,2.3201010651240668,0.0,567.2052215721841,0.0022858625729477405,0.002276550551200113,2320.1010651240667,106584.85918468799,-64890.82890901595,-33.46498938572245,602.9903120230306,12,12,0.04444814128395617,4.499625726131123,10.403785735502245,0.19556340817597204,0.0437356822637399
2025-12-29,False,249751.54259731068,249718.37002798275,34.67523226766434,1.5026629397323013,0.0,33.17256932793204,0.00013885735464226652,0.00013283992412818814,1502.6629397323013,107451.06682301153,-62863.05080660837,-831.6118430585691,866.2870753262334,12,12,0.04524001799100667,4.42086473174609,10.403785735502247,0.19035767347816604,0.03904538678668728
2025-12-30,False,248921.64803786756,249751.54259731068,-828.9015372785691,0.9930221645364572,0.0,-829.8945594431055,-0.0033189045747559465,-0.003322880614920542,993.0221645364572,106746.19006916317,-61963.72647147659,-118.92128120304122,-709.9802560755279,12,12,0.045300356021405044,4.414976339380142,10.403785735502247,0.1861457543241287,0.04354590771588898
2025-12-31,False,250563.01560539924,248921.64803786756,1641.7079871001026,0.34041956842276705,0.0,1641.36756753168,0.006595280081266196,0.006593912504074312,340.41956842276704,107677.66861245844,-62452.2084403324,135.92621137415156,1505.781775725951,12,12,0.045799041957119126,4.366903573818349,10.403785735502248,0.18789536550893216,0.0412414439918353
2026-01-01,False,247215.66417256556,250563.01560539924,-3345.9937478308493,1.357685002825693,0.0,-3347.351432833675,-0.013353901172311515,-0.013359319709438973,1357.6850028256931,107665.49805093234,-61313.6655130467,-242.91872514221853,-3103.0750226886307,12,12,0.046096463438650606,4.33872763940293,10.403785735502247,0.1829616343397535,0.04604325599287814
2026-01-02,False,244745.83771201712,247215.66417256556,-2469.481977204334,0.34448334411472026,0.0,-2469.8264605484487,-0.00998918084527421,-0.009990574298012199,344.48334411472024,110870.13769259347,-64315.175916762826,657.2520621109248,-3126.7340393152585,12,12,0.04693179624588647,4.26150320248034,10.3762905781229,0.1964375152215721,0.03745549853121343
2026-01-03,False,246443.34528415202,244745.83771201712,1697.8096867514012,0.3021146165095306,0.0,1697.5075721348917,0.006937031912874235,0.006935797511426048,302.1146165095306,114956.23841052919,-66482.54327745762,1772.8072587257952,-74.99757197439398,12,12,0.04763789144207842,4.198338632245603,10.3762905781229,0.1966831789007416,0.03865983679938024
2026-01-04,False,244753.700044526,246443.34528415202,-1688.490153800144,1.1550858258877197,0.0,-1689.6452396260318,-0.006851433346083236,-0.006856120369888062,1155.0858258877197,117959.1290671171,-64594.656108507406,-631.7759753354193,-1056.714178464725,12,12,0.04935974691214156,4.05188463295795,10.3762905781229,0.19082621464537544,0.042508051088775395
2026-01-05,False,242814.798237893,244753.700044526,-1934.1084927520535,4.79331388093761,0.0,-1938.901806632991,-0.007902264572099206,-0.0079218488066994,4793.3138809376105,120964.35771169342,-63901.84036159533,278.74161064067476,-2212.850103392728,12,12,0.05165724399822104,3.871673835462216,10.3762905781229,0.19185181922311365,0.04993769625624896
2026-01-06,False,241953.74429643629,242814.798237893,-854.1193063658836,6.9346350908316365,0.0,-861.0539414567153,-0.003517575174842009,-0.003546134534243315,6934.635090831636,123929.00776574688,-60874.61964458393,-349.0257626057125,-505.0935437601712,12,12,0.05532241085797118,3.6151714449585093,10.3762905781229,0.19274287484236255,0.050054522078189514
2026-01-07,False,244387.6901850204,241953.74429643629,2448.2318558513243,14.285967267218457,0.0,2433.945888584106,0.01011859462216797,0.010059550413909239,14285.967267218455,130987.5823566044,-62712.43857269268,-475.82040751867794,2924.052263370002,12,12,0.05714079200779767,3.5001264940938723,10.3762905781229,0.18953465554710144,0.05654339866604848
2026-01-08,False,245293.63549409813,244387.6901850204,914.1406407375905,8.195331659842232,0.0,905.9453090777482,0.0037405347218819216,0.003707000579251261,8195.331659842232,131941.10160101214,-59555.974005663214,162.28300882376405,751.8576319138265,12,12,0.05919501908451007,3.3786626492081875,10.376290578122902,0.18403789592812742,0.0635490490358794
2026-01-09,False,245660.21357855722,245293.63549409813,370.25368745296845,3.675602993878333,0.0,366.5780844590901,0.0015094304697598929,0.0014944459676692677,3675.602993878333,132611.39916341144,-57883.97206126636,155.5490655005524,214.70462195241606,12,12,0.0604371605279217,3.309222310462466,10.356562613827245,0.1812746277337528,0.06756144716599957
2026-01-10,False,246473.39701821236,245660.21357855722,817.6921096981491,4.5086700429935505,0.0,813.1834396551556,0.0033285492094415506,0.0033101959320535872,4508.67004299355,133769.25787933829,-56532.58150859627,553.9777692622275,263.7143404359216,12,12,0.06170855788913299,3.2410415482294144,10.356562613827247,0.1792076632947718,0.0710200875825533
2026-01-11,False,248259.16995521376,246473.39701821236,1791.7664075699686,5.9934705685709995,0.0,1785.7729370013976,0.007269613797052392,0.007245296890477164,5993.470568571,134832.77509658693,-54117.653651456836,315.4747392022982,1476.2916683676704,12,12,0.06327022889753328,3.1610443566420767,10.356562613827245,0.17596808535915234,0.07680727518592424
2026-01-12,False,248660.28549735076,248259.16995521376,407.773066545906,6.657524408909315,0.0,401.1155421369967,0.0016425297265735188,0.0016157128947517161,6657.524408909314,140066.28848819027,-52213.26367259828,-1768.408682406595,2176.181748952501,12,12,0.06455796797515063,3.097990941675598,10.356562613827247,0.17530679311203712,0.07841818863060046
2026-01-13,False,244099.81949331195,248660.28549735076,-4554.525434921941,5.940569116867466,0.0,-4560.466004038809,-0.018316255954634403,-0.01834014625583383,5940.569116867466,142062.26717369864,-51384.026354361886,-133.10325818651125,-4421.42217673543,12,12,0.06489063685662469,3.0821087554110203,10.356562613827245,0.17427959387889438,0.08126527701281562
2026-01-14,False,244003.53098157854,244099.81949331195,-88.50350203293988,7.7850097004564205,0.0,-96.28851173339629,-0.00036257094420082017,-0.0003944636744642676,7785.00970045642,154135.59579270397,-48543.56348228052,-1334.4192733156729,1245.9157712827327,12,12,0.06842392205101547,2.922954341186174,10.356562613827244,0.18200176406093402,0.07244358284699962
2026-01-15,False,248261.85069511284,244003.53098157854,4270.626838734484,12.307125200185771,0.0,4258.319713534299,0.017502315731065803,0.01745187742326478,12307.12520018577,163862.38594829134,-45696.054047366684,-765.5992248839202,5036.226063618404,12,12,0.07089084644062751,2.821238707701198,10.356562613827245,0.181447920925441,0.07830425865054214
2026-01-16,False,246354.32084203465,248261.85069511284,-1895.7995881462227,11.730264931966316,0.0,-1907.529853078189,-0.007636290404015515,-0.007683539970951081,11730.264931966314,169790.82559175533,-44175.71651527948,784.128804890755,-2679.9283930369775,12,12,0.07177196948738591,2.7866032021756135,10.395236523845687,0.17863663004221755,0.08497193967700577
2026-01-17,False,246317.51148460992,246354.32084203465,-33.23644208337862,3.5729153413546118,0.0,-36.80935742473323,-0.00013491316884468296,-0.0001494163256358545,3572.915341354612,176827.79813103768,-42498.60076207108,-172.02864975022663,138.79220766684801,12,12,0.07299735464610958,2.7398253124321825,10.395236523845687,0.18161192083134575,0.07712136127852695
2026-01-18,False,249672.74799817818,246317.51148460992,3361.076982346963,5.840468778697177,0.0,3355.236513568266,0.013645302609989082,0.013621591470884537,5840.468778697177,182357.4460523178,-39783.041341916876,-622.8444888766744,3983.921471223637,12,12,0.0740154375919935,2.702138992982657,10.395236523845687,0.17843061930848875,0.09156748399786167
2026-01-19,False,251008.60539791908,249672.74799817818,1344.299585222153,8.442185481249197,0.0,1335.8573997409037,0.005384246362490319,0.0053504333590730984,8442.185481249198,186192.86557346667,-37102.31521224698,-843.7096243758976,2188.009209598051,12,12,0.07391914441527087,2.7056590221934744,10.395236523845687,0.17626083440179183,0.0994620318984114
2026-01-20,False,254796.99246607756,251008.60539791908,3793.076472058682,4.689403900201811,0.0,3788.3870681584804,0.015111340370365357,0.015092658126811325,4689.403900201812,187850.55063969456,-38101.34236035234,-2143.7144643921556,5936.790936450838,12,12,0.07211480170044453,2.7733557506096167,10.395236523845687,0.17418781032398797,0.08946081459520952
2026-01-21,False,253245.84166933736,254796.99246607756,-1547.9095907795809,3.2412059606248875,0.0,-1551.1507967402058,-0.006075070101094942,-0.0060877908397867705,3241.2059606248877,183011.25119947645,-37549.471848918554,852.6171260625338,-2400.526716842114,12,12,0.06837925176697075,2.9248638268458804,10.395236523845687,0.1693805210446913,0.0744359618715985
2026-01-22,False,255152.07968197746,253245.84166933736,1908.4535005406497,2.2154879005457735,0.0,1906.238012640104,0.007535971718076674,0.007527223349748327,2215.4879005457733,184048.9071418353,-41312.86934024391,1209.847012091952,698.6064884486979,12,12,0.06575315561676932,3.0416791121883904,10.395236523845687,0.17731582282660202,0.07962399123888382
2026-01-23,False,255219.9482989684,255152.07968197746,73.01480952065418,5.146192529711356,0.0,67.86861699094283,0.0002861619219865271,0.00026599280349011667,5146.192529711356,179413.95513576723,-44550.60836941464,-139.1528747239081,212.1676842445623,12,12,0.06391334400421006,3.129236986674109,10.423824218089855,0.1764345994196421,0.08090166217857683
2026-01-24,False,254937.42124064956,255219.9482989684,-278.42024988545836,4.1068084333913,0.0,-282.52705831884964,-0.0010909031670177786,-0.0011069944187430572,4106.8084333913,175000.20981474445,-48004.92729100389,-252.99666830133407,-25.423581584124307,12,12,0.06200828274589199,3.225375565061103,10.423824218089857,0.1770408339002474,0.08401147915078741
2026-01-25,False,255724.66558206102,254937.42124064956,792.4195799973822,5.175238585925345,0.0,787.2443414114568,0.0031082905606445808,0.003087990525597783,5175.2385859253445,169597.39814210188,-49950.10637295841,-1901.2642283786286,2693.6838083760113,12,12,0.060444812884194045,3.308803360565929,10.423824218089855,0.17725404498642922,0.08189826720840628
2026-01-26,False,252805.44800005254,255724.66558206102,-2910.351118566592,8.86646344187937,0.0,-2919.2175820084713,-0.011380799391964293,-0.01141547130529615,8866.463441879368,156386.46357651416,-53907.334865466066,639.693015509786,-3550.044134076378,12,12,0.05729432867209507,3.490746896514542,10.423824218089855,0.17515876235795116,0.07948709580448403
2026-01-27,False,253347.77213709394,252805.44800005254,553.6977694732462,11.373632431839988,0.0,542.3241370414063,0.0021902129635795317,0.0021452232985156774,11373.63243183999,149202.5682942603,-56840.87308393694,1506.4564671077146,-952.7586976344684,12,12,0.05587454754075443,3.579447329826191,10.423824218089853,0.1798445456166836,0.07192251478245823
2026-01-28,False,253743.33773913496,253347.77213709394,397.10578919121383,1.5401871501927418,0.0,395.56560204102107,0.0015674335157616,0.00156135417613607,1540.1871501927417,150121.59630880976,-57827.36246465644,-409.02189108708444,806.1276802782984,12,12,0.05581211387581825,3.583451442907167,10.423824218089855,0.1810690219589644,0.07000195929287571
2026-01-29,False,256616.37294402634,253743.33773913496,2873.03520489139,0.0,0.0,2873.03520489139,0.011322603503564935,0.011322603503564935,0.0,148906.44673744438,-57430.25667546522,-2536.8638332327837,5409.899038124174,12,12,0.055809087832979415,3.583645742402073,10.423824218089853,0.1798031104250926,0.06430071786200053
2026-01-30,False,257855.96830577395,256616.37294402634,1244.366839486021,4.771477738414681,0.0,1239.5953617476064,0.004849132676960736,0.00483053886050361,4771.477738414682,136255.69040004833,-59328.69920898851,-160.10901734109603,1404.4758568271172,12,12,0.053020179078918664,3.7721487078024967,10.450988988964882,0.17626233353290868,0.06853261936541105
2026-01-31,False,263482.2671145172,257855.96830577395,5633.874557604271,7.5757488609907755,0.0,5626.2988087432805,0.02184892052187615,0.02181954075257794,7575.748860990776,127369.5943021962,-64637.20858561466,-2657.2638102389606,8291.138367843232,12,12,0.049792403701028325,4.016676945360434,10.450988988964882,0.17678785955933662,0.06870412602817302
2026-02-01,False,265735.92784632585,263482.2671145172,2272.158700799013,18.49796899037197,0.0,2253.660731808641,0.008623573516662757,0.008553367771156808,18497.96899037197,103384.30901291638,-72770.68236308172,264.43102612265494,2007.7276746763578,12,12,0.04315902845847868,4.634024609530097,10.450988988964882,0.17794914282548446,0.06021320567311016
2026-02-02,False,263742.04313821637,265735.92784632585,-1976.5269779169112,17.3577301925743,0.0,-1993.8847081094855,-0.007437936578376146,-0.007503256049225462,17357.7301925743,101213.48384961848,-79812.21870347577,486.65640540526795,-2463.183383322179,12,12,0.03804222078978692,5.25731662999268,10.450988988964882,0.18229096429603042,0.05225905593510236
2026-02-03,False,265426.86371732986,263742.04313821637,1697.41280354936,12.59222443584974,0.0,1684.8205791135103,0.006435882513656784,0.0063881380422558,12592.224435849741,100291.76314807743,-84288.8366090117,-188.27845149336477,1885.6912550427248,12,12,0.035331685092494784,5.660641417934644,10.450988988964884,0.1903735187581668,0.04278050205493317
2026-02-04,False,268345.63637326227,265426.86371732986,2927.9875461305023,9.214890198080395,0.0,2918.772655932422,0.011031240414492124,0.010996523166701057,9214.890198080395,98162.9774129895,-87483.32445945281,56.0742113072836,2871.9133348232185,12,12,0.03275206524258344,6.106485148911002,10.450988988964882,0.19194712786908807,0.03976054175272694
2026-02-05,False,280721.71432910184,268345.63637326227,12384.480170449591,8.402214609991704,0.0,12376.077955839599,0.046151226223865555,0.04611991505844639,8402.214609991704,96371.51860011109,-89230.77120635191,-527.7663678666288,12912.24653831622,12,12,0.03052291862863917,6.552453336239712,10.450988988964882,0.19370722009511193,0.03675927236015213
2026-02-06,False,272571.2303058373,280721.71432910184,-8100.271801456951,50.212221807615194,0.0,-8150.4840232645665,-0.02885516647978525,-0.029034034801131956,50212.22180761519,73203.71941252146,-73203.71941252146,0.0,-8100.271801456951,12,12,0.028144064224204384,7.106294187177008,10.610438150348521,0.17475629012796354,0.04298609626962115
2026-02-07,False,273249.4857477172,272571.2303058373,679.9366407938602,1.681198913970743,0.0,678.2554418798894,0.002494528274429185,0.002488360349398783,1681.198913970743,79810.37551289226,-79810.37551289226,0.0,679.9366407938602,12,12,0.027390529762910468,7.301793785340367,10.610438150348521,0.20721017290061064,0.02010927312360343
2026-02-08,False,273754.21677282534,273249.4857477172,505.40180410883596,0.6707790006910344,0.0,504.73102510814493,0.001849598372439236,0.0018471435498844725,670.7790006910343,79408.422150312,-79408.422150312,0.0,505.40180410883596,12,12,0.026396103459302066,7.576875894139573,10.610438150348521,0.20446819758197304,0.018647879079607424
2026-02-09,False,273907.07047739474,273754.21677282534,153.9282362724984,1.074531703088337,0.0,152.85370456941007,0.0005622862657134359,0.0005583610962100926,1074.531703088337,79819.68796381982,-79819.68796381982,0.0,153.9282362724984,12,12,0.025721560744543688,7.775577928039455,10.610438150348521,0.20468014313519103,0.021233566241844998
2026-02-10,False,276159.583969168,273907.07047739474,2253.4913643466894,0.9778725734369181,0.0,2252.5134917732526,0.008227211369239436,0.008223641280406998,977.8725734369182,80276.75414543833,-80276.75414543833,0.0,2253.4913643466894,12,12,0.025289330885864006,7.908473375695129,10.610438150348521,0.20522770718169245,0.021494018453060273
2026-02-11,False,278034.6633854358,276159.583969168,1876.6603770038587,1.5809607360521007,0.0,1875.0794162678067,0.0067955649050129635,0.006789840096504313,1580.9607360521009,79604.22351714375,-79604.22351714375,0.0,1876.6603770038587,12,12,0.02484077724694645,8.051277865091157,10.610438150348521,0.20140950348852268,0.019230572732421583
2026-02-12,False,277520.7730654391,278034.6633854358,-512.3994003408823,1.490919655880125,0.0,-513.8903199967624,-0.0018429335180791817,-0.0018482958698008204,1490.919655880125,79218.48279601999,-79218.48279601999,0.0,-512.3994003408823,12,12,0.024388842347904068,8.200471229713273,10.610438150348521,0.19862526410001938,0.018074701292775674
2026-02-13,False,274658.6344626526,277520.7730654391,-2861.0690143052298,1.0695884812245928,0.0,-2862.138602786454,-0.010309386871124754,-0.010313240955521427,1069.5884812245927,80556.51038653977,-80556.51038653977,0.0,-2861.0690143052298,12,12,0.023854107238646286,8.384300363837466,10.665802959626413,0.2031223205679063,0.016009542010416572
2026-02-14,False,271626.68727227085,274658.6344626526,-3031.196509335514,0.7506810462318335,0.0,-3031.9471903817457,-0.011036232359000126,-0.011038965500988181,750.6810462318335,82666.89835461316,-82666.89835461316,0.0,-3031.196509335514,12,12,0.024114307875951136,8.293831240309295,10.665802959626413,0.2123655008621758,0.021265529714253197
2026-02-15,False,274190.7193854042,271626.68727227085,2566.067998963359,2.035885830034621,0.0,2564.0321131333244,0.009447039334508415,0.00943954417322482,2035.885830034621,83662.20903391409,-83662.20903391409,0.0,2566.067998963359,12,12,0.024367272229659415,8.207730357137125,10.665802959626413,0.21925887974369976,0.026067262968383145
2026-02-16,False,273275.0694581958,274190.7193854042,-914.8282234478893,0.8217037604566755,0.0,-915.649927208346,-0.0033364667684539716,-0.0033394636013238024,821.7037604566754,81224.36892315469,-81224.36892315469,0.0,-914.8282234478893,12,12,0.024459327853643076,8.176839576162399,10.665802959626413,0.21015435925833365,0.022050629892833525
2026-02-17,False,274437.9124703989,273275.0694581958,1163.7652560906804,0.9222438876526616,0.0,1162.8430122030277,0.004258585528486005,0.004255210746112036,922.2438876526617,81216.95325894991,-81216.95325894991,0.0,1163.7652560906804,12,12,0.024706516501059508,8.095030312809305,10.665802959626413,0.2107543538088396,0.02029433853655395
2026-02-18,False,276296.2939707988,274437.9124703989,1859.3843119126398,1.0028115127605637,0.0,1858.381500399879,0.006775245793028668,0.006771591736984685,1002.8115127605638,80224.73467173813,-80224.73467173813,0.0,1859.3843119126398,12,12,0.02481574076785376,8.05940075982255,10.665802959626413,0.20512306401380093,0.016714215242159963
2026-02-19,False,276217.86145597784,276296.2939707988,-77.19457956835761,1.2379352526072929,0.0,-78.4325148209649,-0.0002793905718348729,-0.00028387103458309246,1237.935252607293,78962.64945333969,-78962.64945333969,0.0,-77.19457956835761,12,12,0.024892274715748945,8.034621274425483,10.665802959626413,0.20029884624622207,0.013148544176301034
2026-02-20,False,274018.6019606734,276217.86145597784,-2198.730935562272,0.5285597421551366,0.0,-2199.259495304427,-0.007960133077464631,-0.007962046638518827,528.5597421551365,78678.0657621326,-78678.0657621326,0.0,-2198.730935562272,12,12,0.025051947609437956,7.9834112348475825,10.624096992893504,0.1990880831898344,0.012750276504950551
2026-02-21,False,274141.0427656193,274018.6019606734,122.91835550789628,0.4775505620143085,0.0,122.44080494588196,0.00044857668285431683,0.0004468339159085792,477.5505620143085,80399.24613568056,-80399.24613568056,0.0,122.91835550789628,12,12,0.025220529883521234,7.93004750192332,10.624096992893504,0.2061254527960094,0.013020896529674012
2026-02-22,False,275701.2638474436,274141.0427656193,1560.6880298475721,0.4669480232434581,0.0,1560.2210818243286,0.005693011210955027,0.005691307897877449,466.9480232434581,79809.37975692921,-79809.37975692921,0.0,1560.6880298475721,12,12,0.025377959755519052,7.880854171364393,10.624096992893506,0.2044964665250619,0.011832160164878829
2026-02-23,False,278748.61042078247,275701.2638474436,3047.9954463508034,0.6488730119365997,0.0,3047.3465733388666,0.011055427907060229,0.011053074370471814,648.8730119365997,77599.81871514501,-77599.81871514501,0.0,3047.9954463508034,12,12,0.025568937590847864,7.821991011139545,10.624096992893508,0.19781176494218816,0.013674969091914799
2026-02-24,False,279644.1483963314,278748.61042078247,896.2792643987277,0.7412888497809873,0.0,895.5379755489467,0.0032153676498898323,0.0032127083044363714,741.2888497809873,75293.1121185752,-75293.1121185752,0.0,896.2792643987277,12,12,0.024961130028523154,8.012457760183912,10.624096992893506,0.19036761076112005,0.014930422961141162
2026-02-25,False,271705.690275589,279644.1483963314,-7936.481482812246,1.9766379301457713,0.0,-7938.458120742392,-0.02838064564670992,-0.028387714051114163,1976.6379301457714,76373.47078432226,-76373.47078432226,0.0,-7936.481482812246,12,12,0.024321912910698226,8.223037420384319,10.624096992893504,0.19233721645897417,0.01347990429955454
2026-02-26,False,273052.40571405407,271705.690275589,1352.6952639588335,5.979825493768821,0.0,1346.7154384650646,0.004978531228355229,0.004956522762181025,5979.825493768822,80909.97077318413,-80909.97077318413,0.0,1352.6952639588335,12,12,0.02410637436699607,8.296560774971583,10.624096992893506,0.21928255345399827,0.02997789362119681
2026-02-27,False,275361.0949842843,273052.40571405407,2310.595685530156,1.9064152999252342,0.0,2308.6892702302307,0.008462096056204895,0.00845511419023327,1906.4152999252342,80992.8397315878,-80992.8397315878,0.0,2310.595685530156,12,12,0.023693729916805094,8.441051734034806,10.592035978815748,0.21774720713698534,0.028101493501536505
2026-02-28,False,274473.9711440675,275361.0949842843,-885.1514514579364,1.9723887589205642,0.0,-887.123840216857,-0.003214511663343199,-0.003221674580671928,1972.3887589205642,80654.63280497822,-80654.63280497822,0.0,-885.1514514579364,12,12,0.023173402485513073,8.630584141669772,10.592035978815746,0.21482700734136237,0.024357116529013803
2026-03-01,False,275746.6784016377,274473.9711440675,1275.57805498275,2.87079741251724,0.0,1272.7072575702327,0.004647355265294782,0.004636895995147776,2870.79741251724,81676.22800957464,-81676.22800957464,0.0,1275.57805498275,12,12,0.022746861847723555,8.79242162452468,10.592035978815748,0.21849604515561918,0.028725336543107702
2026-03-02,False,273561.22321438824,275746.6784016377,-2183.1169077492696,2.3382795001661316,0.0,-2185.4551872494358,-0.00791711044500583,-0.007925590255220482,2338.2795001661316,81648.1255694229,-81648.1255694229,0.0,-2183.1169077492696,12,12,0.02229413244880965,8.970970297194883,10.592035978815748,0.21710629678940568,0.027085777954740153
2026-03-03,False,274325.34650362266,273561.22321438824,768.358430387324,4.235141152887124,0.0,764.1232892344369,0.002808725671566274,0.0027932441603231105,4235.141152887124,81416.24878673705,-81416.24878673705,0.0,768.358430387324,12,12,0.022030096326831245,9.078489582290787,10.592035978815748,0.21839926301347798,0.028722029197713175
2026-03-04,False,270356.29845800257,274325.34650362266,-3967.862260609008,1.1857850110623176,0.0,-3969.0480456200703,-0.014464074542075206,-0.014468397092018824,1185.7850110623176,81370.12444334153,-81370.12444334153,0.0,-3967.862260609008,12,12,0.021775957335651748,9.184441212720353,10.592035978815748,0.2159431866010355,0.026017220866988277
2026-03-05,False,271886.58401464217,270356.29845800257,1534.7647924799517,4.479235840367758,0.0,1530.285556639584,0.005676822775106768,0.005660254876130804,4479.235840367758,80858.75086358277,-80858.75086358277,0.0,1534.7647924799517,12,12,0.021851688461109933,9.152610808814416,10.592035978815748,0.22009183864991694,0.028665904000076303
2026-03-06,False,274574.00998260226,271886.58401464217,2687.7172436714277,0.29127571135105246,0.0,2687.425967960077,0.009885435331103662,0.009884364017811736,291.27571135105245,79615.26178245386,-79615.26178245386,0.0,2687.7172436714277,12,12,0.021850673404947254,9.153035986283042,10.595114128757432,0.215153151355752,0.02424274792842762
2026-03-07,False,275314.23569518834,274574.00998260226,741.0797712482208,0.854058662124804,0.0,740.225712586096,0.0026990164556914093,0.0026959059695161923,854.058662124804,77781.60320090725,-77781.60320090725,0.0,741.0797712482208,12,12,0.021747065150166195,9.196643253651704,10.595114128757432,0.20758357401941727,0.016254891738310535
2026-03-08,False,276466.6270986939,275314.23569518834,1152.7189295203157,0.32752601471344317,0.0,1152.3914035056023,0.00418692090733927,0.004185731263026522,327.52601471344315,77368.04944437247,-77368.04944437247,0.0,1152.7189295203157,12,12,0.021670083998172083,9.229313555815954,10.59511412875743,0.20569730474505968,0.015279580857939894
2026-03-09,False,274330.44346064125,276466.6270986939,-2135.599486308618,0.5841517440392799,0.0,-2136.1836380526574,-0.007724619454869123,-0.007726732374428961,584.15174403928,76799.48225889144,-76799.48225889144,0.0,-2135.599486308618,12,12,0.021558519588294273,9.277074855761196,10.59511412875743,0.2030369416530396,0.013649707037770614
2026-03-10,False,273226.21303677565,274330.44346064125,-1104.0936125995293,0.13681126606614089,0.0,-1104.2304238655954,-0.004024684969963736,-0.004025183679710785,136.8112660661409,79071.8930112662,-79071.8930112662,0.0,-1104.0936125995293,12,12,0.021581007092323922,9.267408103078626,10.59511412875743,0.2115613021615911,0.020026672588983784
2026-03-11,False,272400.01890039793,273226.21303677565,-825.6903282666697,0.5038081110310026,0.0,-826.1941363777007,-0.0030220026076177896,-0.0030238465306639405,503.8081110310027,79844.20675998545,-79844.20675998545,0.0,-825.6903282666697,12,12,0.021644986962088365,9.240014805751747,10.595114128757432,0.21495961027170404,0.024439195603238453
2026-03-12,False,272175.69537599053,272400.01890039793,-223.6679568061618,0.6555676012239633,0.0,-224.32352440738578,-0.0008211011060463442,-0.000823507741713516,655.5676012239633,80014.32948702817,-80014.32948702817,0.0,-223.6679568061618,12,12,0.021769326811296705,9.187238619442034,10.595114128757432,0.21627392970339412,0.024679921044419642
2026-03-13,False,271615.64022466633,272175.69537599053,-559.6506889782559,0.40446234592829794,0.0,-560.0551513241842,-0.002056211111007322,-0.0020576971450390145,404.46234592829796,79833.53509790603,-79833.53509790603,0.0,-559.6506889782559,12,12,0.021850961785246332,9.152915188156115,10.621188566785499,0.21657662911206943,0.02544617715210562
2026-03-14,False,271400.73077235004,271615.64022466633,-214.4600782693513,0.44937404694247196,0.0,-214.90945231629377,-0.0007895719042245177,-0.0007912263525713462,449.374046942472,79943.81173994183,-79943.81173994183,0.0,-214.4600782693513,12,12,0.02202565727031544,9.080319263368603,10.621188566785499,0.21732175256151315,0.025713060794826357
2026-03-15,False,269532.43972670194,271400.73077235004,-1868.291045648084,0.0,0.0,-1868.291045648084,-0.00688388362231493,-0.00688388362231493,0.0,80158.27181821116,-80158.27181821116,0.0,-1868.291045648084,12,12,0.022165832228505714,9.022896047313573,10.621188566785499,0.21557922817712788,0.021535976831519848
2026-03-16,False,266500.76274758263,269532.43972670194,-3030.209583187539,1.4673959317455174,0.0,-3031.6769791192846,-0.011242467089527641,-0.011247911317069354,1467.3959317455174,80559.16693211373,-80559.16693211373,0.0,-3030.209583187539,12,12,0.022489156901220393,8.89317464760748,10.621188566785499,0.2190401240871263,0.02512304111175536
2026-03-17,False,267790.1081708483,266500.76274758263,1292.0341435275934,2.688720261913341,0.0,1289.34542326568,0.0048481442612280596,0.004838055283492337,2688.720261913341,80900.65625338793,-80900.65625338793,0.0,1292.0341435275934,12,12,0.023011853989292962,8.691172823061398,10.621188566785499,0.22412220883933162,0.03112715824965816
2026-03-18,False,270631.0251180295,267790.1081708483,2840.9169471812224,0.0,0.0,2840.9169471812224,0.01060874491065494,0.01060874491065494,0.0,79608.62210986034,-79608.62210986034,0.0,2840.9169471812224,12,12,0.023398475710477717,8.547565340354245,10.621188566785499,0.21933250398403337,0.02472358989646149
2026-03-19,False,271892.65184257005,270631.0251180295,1261.6267245405559,0.0,0.0,1261.6267245405559,0.00466179634796242,0.00466179634796242,0.0,76767.70516267912,-76767.70516267912,0.0,1261.6267245405559,12,12,0.023596894477460714,8.475691586917764,10.621188566785497,0.2096865002437594,0.01865066273342289
2026-03-20,False,271004.1711761637,271892.65184257005,-888.4492964464588,0.031369959896477666,0.0,-888.4806664063552,-0.0032676473248746873,-0.00326776270114427,31.369959896477667,75537.44839803503,-75537.44839803503,0.0,-888.4492964464588,12,12,0.023610146817705475,8.470934193853386,10.648089542877461,0.20554987151395498,0.017527417392330154
2026-03-21,False,272886.82615120726,271004.1711761637,1882.6549750435665,0.0,0.0,1882.6549750435665,0.006946959402406262,0.006946959402406262,0.0,76425.8976944815,-76425.8976944815,0.0,1882.6549750435665,12,12,0.023847244488902613,8.38671319418353,10.648089542877461,0.20878393788850927,0.016001577261309557
2026-03-22,False,273621.26929926936,272886.82615120726,734.915159587801,0.47201152567980537,0.0,734.4431480621212,0.0026931133684723304,0.002691383671468129,472.01152567980535,75015.25424511773,-75015.25424511773,0.0,734.915159587801,12,12,0.023835219610397338,8.390944294583152,10.648089542877461,0.20221384754710042,0.010454867343230841
2026-03-23,False,271138.3994757977,273621.26929926936,-2482.638334819863,0.23148865179885617,0.0,-2482.8698234716617,-0.009073265178462835,-0.009074111196948138,231.48865179885615,74511.82773732879,-74511.82773732879,0.0,-2482.638334819863,12,12,0.023847469388737365,8.386634101078062,10.648089542877461,0.1998229289495104,0.007375194252235498
2026-03-24,False,271111.89059817034,271138.3994757977,-26.50887762740022,0.0,0.0,-26.50887762740022,-9.776880618404052e-05,-9.776880618404052e-05,0.0,76994.46607214866,-76994.46607214866,0.0,-26.50887762740022,12,12,0.024162799855149585,8.27718646841235,10.648089542877464,0.2095287861509491,0.015318663159749316
2026-03-25,False,270683.0608984589,271111.89059817034,-428.6805103144114,0.1491893970830679,0.0,-428.82969971149447,-0.0015811940574372743,-0.0015817443446148449,149.1893970830679,76871.78555269298,-76871.78555269298,0.0,-428.6805103144114,12,12,0.024422750852302322,8.18908570985754,10.648089542877463,0.2092479638017824,0.016513765731861554
2026-03-26,False,273527.08617235394,270683.0608984589,2844.0252738950458,0.0,0.0,2844.0252738950458,0.01050684614122168,0.01050684614122168,0.0,77300.46606300739,-77300.46606300739,0.0,2844.0252738950458,12,12,0.02471849021736001,8.091109054044825,10.648089542877461,0.21078262471220383,0.016802159190967062
2026-03-27,False,274871.02180114755,273527.08617235394,1343.9356287936098,0.0,0.0,1343.9356287936098,0.004913354825659839,0.004913354825659839,0.0,74456.44078911236,-74456.44078911236,0.0,1343.9356287936098,12,12,0.024709305399883124,8.09411663999855,10.64866505828726,0.200774476686681,0.010449605905067305
2026-03-28,False,274816.50982335594,274871.02180114755,-53.894295684294406,0.6176821073182255,0.0,-54.51197779161263,-0.00019607121671517505,-0.00019831838741825875,617.6821073182255,73730.18726763697,-73730.18726763697,0.0,-53.894295684294406,12,12,0.024642275917800688,8.116133455657286,10.64866505828726,0.19733435363577664,0.012539957905707977
2026-03-29,False,276158.88820694794,274816.50982335594,1343.2879856252334,0.9096020332341268,0.0,1342.3783835919994,0.004887945001880199,0.004884635149667104,909.6020332341268,73522.616547839,-73522.616547839,0.0,1343.2879856252334,12,12,0.024628472517223464,8.120682265623,10.648665058287262,0.1961530539963135,0.012890658781442048
2026-03-30,False,275421.9330546552,276158.88820694794,-736.6638659185294,0.29128637417918435,0.0,-736.9551522927086,-0.0026675363255608425,-0.002668591103757809,291.28637417918435,72470.61493639296,-72470.61493639296,0.0,-736.6638659185294,12,12,0.024455837810519028,8.178006476391307,10.64866505828726,0.19261059141279924,0.010836881530078807
2026-03-31,False,274382.72870474914,275421.9330546552,-1039.204349906048,0.0,0.0,-1039.204349906048,-0.003773135778913535,-0.003773135778913535,0.0,73207.2788023115,-73207.2788023115,0.0,-1039.204349906048,12,12,0.024306499464136412,8.228251883620455,10.648665058287259,0.19353950653279664,0.010253829793157334
2026-04-01,False,274768.0771734423,274382.72870474914,385.348468693135,0.0,0.0,385.348468693135,0.0014044195511583788,0.0014044195511583788,0.0,74246.48315221754,-74246.48315221754,0.0,385.348468693135,12,12,0.024411736718731127,8.1927804770457,10.64866505828726,0.1970930141524557,0.0118500059893767
2026-04-02,False,277178.4688407235,274768.0771734423,2411.304657272036,0.9129899908313055,0.0,2410.3916672812047,0.008775781677687194,0.008772458911810522,912.9899908313055,74774.12467435571,-74774.12467435571,0.0,2411.304657272036,12,12,0.024118657461947163,8.292335521392387,10.648665058287262,0.19286776669900155,0.013869706384368668
2026-04-03,False,276685.778211774,277178.4688407235,-491.1741111804859,1.5165177690014688,0.0,-492.6906289494874,-0.001772050019739202,-0.001777521288035561,1516.5177690014689,73879.33778608513,-73879.33778608513,0.0,-491.1741111804859,12,12,0.023905843478758786,8.36615533677811,10.652968616830973,0.18889888058616622,0.015084093938199015
2026-04-04,False,276344.32921986893,276685.778211774,-341.057265518953,0.3917263861472911,0.0,-341.4489919051003,-0.001232651955309063,-0.0012340677360140888,391.7263861472911,74762.23828341291,-74762.23828341291,0.0,-341.057265518953,12,12,0.023735789823964237,8.426094159212477,10.652968616830972,0.19082573070294367,0.013332293486064782
2026-04-05,False,275964.1940110051,276344.32921986893,-379.82711496316244,0.3080939006888257,0.0,-380.1352088638513,-0.0013744704515393153,-0.001375585342883598,308.09390068882567,75411.3894496207,-75411.3894496207,0.0,-379.82711496316244,12,12,0.02363287196503388,8.462788623232543,10.652968616830972,0.19218646735781625,0.012731587427013106
2026-04-06,False,276182.206420267,275964.1940110051,218.94529558473562,0.9328863228264599,0.0,218.01240926190917,0.0007933829835040279,0.0007900025220417367,932.88632282646,76724.10288741032,-76724.10288741032,0.0,218.94529558473562,12,12,0.023479524641818992,8.518060014033816,10.652968616830973,0.19379608221138414,0.015559677819794062
2026-04-07,False,272779.56153971073,276182.206420267,-3396.9650356280845,5.679844928173072,0.0,-3402.6448805562577,-0.012299724445169058,-0.012320290016723403,5679.844928173072,82185.00251999866,-82185.00251999866,0.0,-3396.9650356280845,12,12,0.022405837409314632,8.926245261284246,10.652968616830972,0.18543860041012789,0.02214370144985483
2026-04-08,False,275064.64790758607,272779.56153971073,2287.5655287185455,2.4791608431911154,0.0,2285.0863678753544,0.008386132435312702,0.008377043921388869,2479.1608431911154,88061.12839881785,-88061.12839881785,0.0,2287.5655287185455,12,12,0.022040425291482486,9.074235063753054,10.652968616830972,0.18956980198534418,0.01807208085273538
2026-04-09,False,274476.4634763924,275064.64790758607,-586.8406454698716,1.343785723808889,0.0,-588.1844311936804,-0.002133464441664759,-0.002138349786742838,1343.785723808889,87117.34859390819,-87117.34859390819,0.0,-586.8406454698716,12,12,0.022159254374900544,9.025574444713131,10.652968616830972,0.1863539103867652,0.022712870935296826
2026-04-10,False,273832.94277096726,274476.4634763924,-623.7449660908783,19.775739334256244,0.0,-643.5207054251346,-0.0022724898091108143,-0.002344538753066831,19775.739334256243,96151.62209667498,-96151.62209667498,0.0,-623.7449660908783,12,12,0.021941909845770286,9.114976836829623,10.559108932773015,0.20926802885992463,0.0343161838531274
2026-04-11,False,274173.68745336763,273832.94277096726,341.3513686218671,0.6066862214858347,0.0,340.74468240038124,0.0012465679445565173,0.001244352410459901,606.6862214858347,96168.68084128003,-96168.68084128003,0.0,341.3513686218671,12,12,0.022081072203060496,9.05753118149215,10.559108932773013,0.2098116921883907,0.03360669174586796
2026-04-12,False,277335.1916903642,274173.68745336763,3162.112837722384,0.6086007258046684,0.0,3161.5042369965795,0.011533246924945001,0.01153102716151162,608.6007258046684,96054.09646728414,-96054.09646728414,0.0,3162.112837722384,12,12,0.02217155573653953,9.020566818881038,10.559108932773013,0.20848630762880974,0.034571721324815424
2026-04-13,False,273657.2936779466,277335.1916903642,-3675.638149737323,2.259862680296841,0.0,-3677.89801241762,-0.013253414135199454,-0.013261562623916385,2259.862680296841,95151.84630985859,-95151.84630985859,0.0,-3675.638149737323,12,12,0.022144316666357442,9.031662751817862,10.559108932773015,0.20479709684306335,0.03280765242454107
2026-04-14,False,274950.3660278634,273657.2936779466,1294.4394035199073,1.367053603104884,0.0,1293.0723499168023,0.004730147646067374,0.004725152151210534,1367.0536031048841,97460.43085649103,-97460.43085649103,0.0,1294.4394035199073,12,12,0.022425185031695227,8.918544026161868,10.559108932773015,0.21427249368030857,0.031757545044685066
2026-04-15,False,273469.40440404456,274950.3660278634,-1479.0236462570333,1.9379775618210457,0.0,-1480.9616238188544,-0.00537923868814617,-0.005386287151437267,1937.9775618210456,97969.83939129054,-97969.83939129054,0.0,-1479.0236462570333,12,12,0.02237594287439997,8.938170834750274,10.559108932773015,0.21021254020086863,0.033506143632351174
2026-04-16,False,269916.36768931564,273469.40440404456,-3552.390403382946,0.646311345950528,0.0,-3553.036714728896,-0.012990083520035656,-0.012992446897201592,646.311345950528,98807.2431623043,-98807.2431623043,0.0,-3552.390403382946,12,12,0.02256113406757264,8.864802602607737,10.559108932773015,0.21175260750391953,0.032663033122039
2026-04-17,False,269627.77875325055,269916.36768931564,-243.10478623426675,45.48414983080705,0.0,-288.5889360650738,-0.0009006670781598911,-0.0010691790888252136,45484.149830807044,91756.95835986335,-91756.95835986335,0.0,-243.10478623426675,12,12,0.022322895884589473,8.959411047473875,10.553708127999666,0.21542400325720631,0.0384230143022109
2026-04-18,False,272059.7060442907,269627.77875325055,2432.664168635355,0.7368775952034543,0.0,2431.9272910401514,0.009022305416318413,0.009019572472411034,736.8775952034543,91500.82815052342,-91500.82815052342,0.0,2432.664168635355,12,12,0.022674050820423203,8.82065589355802,10.553708127999666,0.21509686834149042,0.037669132040390525
2026-04-19,False,274347.9147296306,272059.7060442907,2289.7208182447575,1.5121329048887764,0.0,2288.2086853398687,0.008416243814774968,0.008410685722667633,1512.1329048887765,90513.9010825809,-90513.9010825809,0.0,2289.7208182447575,12,12,0.02289792109951086,8.734417379238518,10.553708127999666,0.2116171570094671,0.03278727348691981
2026-04-20,False,272276.89393489243,274347.9147296306,-2069.685400036591,1.3353947015263403,0.0,-2071.0207947381173,-0.007544017245679679,-0.007548884768375604,1335.3947015263402,89559.57496586248,-89559.57496586248,0.0,-2069.685400036591,12,12,0.02295160301394373,8.713988294346784,10.553708127999666,0.2082784452405067,0.03214840460935364
2026-04-21,False,271645.6317885887,272276.89393489243,-631.0265786857159,0.23556761803096582,0.0,-631.2621463037468,-0.00231759136651753,-0.0023184565431934737,235.56761803096583,91393.6927478681,-91393.6927478681,0.0,-631.0265786857159,12,12,0.023167208338959064,8.632891674896825,10.553708127999666,0.2149941992093393,0.028464021340999617
2026-04-22,False,271056.1946757164,271645.6317885887,-589.2420433297839,0.19506954252633069,0.0,-589.4371128723102,-0.002169157072212257,-0.0021698751752100556,195.06954252633068,91829.64978402748,-91829.64978402748,0.0,-589.2420433297839,12,12,0.02337175272099682,8.557338526875784,10.553708127999666,0.21521453035525706,0.03128841542602824
2026-04-23,False,271073.7714721762,271056.1946757164,18.319587809301854,0.7427913495336136,0.0,17.57679645976824,6.758594036642058e-05,6.484558111943023e-05,742.7913495336136,91676.10047782364,-91676.10047782364,0.0,18.319587809301854,12,12,0.023728130024676285,8.428814229861695,10.553708127999666,0.2154867011847127,0.035266556539129315
2026-04-24,False,270965.42611522006,271073.7714721762,-107.43348481883797,0.9118721372859967,0.0,-108.34535695612396,-0.00039632563576836227,-0.0003996895618772355,911.8721372859968,91754.46469542841,-91754.46469542841,0.0,-107.43348481883797,12,12,0.024049618201373146,8.316140336422503,10.560717045228197,0.21547793838619697,0.03565567899884919
2026-04-25,False,271559.92074155546,270965.42611522006,597.1312372223912,2.636610886999355,0.0,594.4946263353918,0.002203717447584913,0.0021939870147219464,2636.610886999355,94294.4714126865,-94294.4714126865,0.0,597.1312372223912,12,12,0.023916146913029332,8.362551071763217,10.560717045228195,0.21312602773035896,0.034788037579889616
2026-04-26,False,270858.2284325109,271559.92074155546,-701.2366876096615,0.455621434886275,0.0,-701.6923090445479,-0.002582253985399528,-0.0025839317787706637,455.621434886275,93915.62518799114,-93915.62518799114,0.0,-701.2366876096615,12,12,0.024172104708979895,8.274000233239944,10.560717045228197,0.21158621830388072,0.036045513180640906
2026-04-27,False,272477.2906439325,270858.2284325109,1627.0244135791968,7.9622021576646524,0.0,1619.062211421532,0.006006922599305852,0.005977526401140698,7962.202157664652,102231.44010137662,-102231.44010137662,0.0,1627.0244135791968,12,12,0.023705855513568075,8.436734117675263,10.560717045228198,0.20923003760249556,0.0334609294958803
2026-04-28,False,272428.90981173597,272477.2906439325,-46.928116027134934,1.4527161693757698,0.0,-48.3808321965107,-0.00017222762277264273,-0.00017755913559685876,1452.7161693757696,101953.79736367198,-101953.79736367198,0.0,-46.928116027134934,12,12,0.02383840011604068,8.389824779617719,10.560717045228198,0.20698364671231817,0.033774590300877635
2026-04-29,False,273406.9823756561,272428.90981173597,978.2177906038719,0.14522668376735237,0.0,978.0725639201046,0.003590726811188565,0.003590193730158847,145.22668376735237,102145.95216346647,-102145.95216346647,0.0,978.2177906038719,12,12,0.023943168486990477,8.353113336218222,10.560717045228197,0.20622555913013704,0.03204928634464204
2026-04-30,False,273867.5172318388,273406.9823756561,461.52629981861594,0.9914436359166379,0.0,460.5348561826993,0.0016880560101588313,0.001684429754430825,991.443635916638,101886.14887059193,-101886.14887059193,0.0,461.52629981861594,12,12,0.024030251797930963,8.322842460486422,10.560717045228197,0.20489183840239045,0.03243236740434221
2026-05-01,False,273021.47030673164,273867.5172318388,-843.9907672032351,2.0561579039228244,0.0,-846.0469251071579,-0.0030817483421692773,-0.0030892561982476677,2056.1579039228245,103115.93078706448,-103115.93078706448,0.0,-843.9907672032351,12,12,0.024026937790985994,8.323990420245417,10.556280196787347,0.20463891171482923,0.03257155447308486
2026-05-02,False,272642.2164267344,273021.47030673164,-378.72524076465373,0.5286392325905863,0.0,-379.2538799972443,-0.0013871628496439016,-0.0013890991048109281,528.6392325905863,103840.90785019241,-103840.90785019241,0.0,-378.72524076465373,12,12,0.02419058071511494,8.267680811607574,10.556280196787348,0.20599584433474244,0.029395867165838075
2026-05-03,False,273303.59207430074,272642.2164267344,661.609375091526,0.23372752518666653,0.0,661.3756475663394,0.0024266578513137804,0.002425800583029177,233.72752518666653,103985.90556577039,-103985.90556577039,0.0,661.609375091526,12,12,0.02436273658232566,8.209258402649777,10.556280196787347,0.2067794407103041,0.029310187676153527
2026-05-04,False,272781.8849235407,273303.59207430074,-520.6584406219457,1.0487101381266128,0.0,-521.7071507600723,-0.0019050552415732563,-0.0019088924035006469,1048.710138126613,104283.83434216623,-104283.83434216623,0.0,-520.6584406219457,12,12,0.024314718336628408,8.225470566060974,10.556280196787345,0.20345123311755628,0.031695476487345324
2026-05-05,False,269365.1153294701,272781.8849235407,-3416.019100846325,0.7504932243090862,0.0,-3416.769594070634,-0.012522895726026002,-0.012525646983590337,750.4932243090861,105040.34895449343,-105040.34895449343,0.0,-3416.019100846325,12,12,0.02446304162255626,8.175598238593073,10.556280196787347,0.2050740720017224,0.03170393187501817
2026-05-06,False,267658.36026252515,269365.1153294701,-1706.1662492834503,0.5888176614691847,0.0,-1706.7550669449195,-0.0063340282471120194,-0.006336214193353606,588.8176614691847,107867.55039387057,-107867.55039387057,0.0,-1706.1662492834503,12,12,0.024990693389091132,8.002979224550186,10.556280196787348,0.2136636334151304,0.030135961140717895
2026-05-07,False,269352.84587644605,267658.36026252515,1695.2463540662743,0.7607401453981274,0.0,1694.4856139208762,0.006333620038632605,0.00633077783282722,760.7401453981274,108812.9764977559,-108812.9764977559,0.0,1695.2463540662743,12,12,0.025651445101227792,7.7968316876785675,10.556280196787348,0.2176144581612797,0.03538872324480434
2026-05-08,False,266295.6471956749,269352.84587644605,-3057.1199806093346,0.0787001618254501,0.0,-3057.19868077116,-0.011349870726859355,-0.011350162909262588,78.7001618254501,107039.02998186417,-107039.02998186417,0.0,-3057.1199806093346,12,12,0.026183890894933164,7.638284195520458,10.50972414876416,0.21209603950649847,0.029575621029804544
2026-05-09,False,267049.2850046879,266295.6471956749,754.6337897381068,0.9959807250829045,0.0,753.6378090130239,0.0028338194697700016,0.0028300793383199707,995.9807250829044,109100.1692373906,-109100.1692373906,0.0,754.6337897381068,12,12,0.026887350211949126,7.438442182789627,10.509724148764162,0.21968843760883042,0.037005417134294456
2026-05-10,False,263420.46232963586,267049.2850046879,-3628.56823567477,0.2544393772857179,0.0,-3628.8226750520557,-0.01358763508994631,-0.013588587870543649,254.4393772857179,108091.09607036677,-108091.09607036677,0.0,-3628.56823567477,12,12,0.02752617294040967,7.265812084846381,10.509724148764162,0.21678249851593576,0.035774408883396426
2026-05-11,False,265611.5602879704,263420.46232963586,2194.6500466906673,3.552088356108445,0.0,2191.097958334559,0.008331357508378955,0.008317873026859582,3552.0883561084447,108167.5759499331,-108167.5759499331,0.0,2194.6500466906673,12,12,0.02898280089303856,6.900644307570648,10.509724148764162,0.22197059859945875,0.043107316628389514
2026-05-12,False,267542.86406039674,265611.5602879704,1931.8932051767729,0.589432750447627,0.0,1931.3037724263252,0.007273377721520311,0.007271158568295923,589.4327504476271,106009.76289414617,-106009.76289414617,0.0,1931.8932051767729,12,12,0.02998319260626668,6.670403736732116,10.509724148764162,0.2173020463314041,0.04597546307220146
2026-05-13,False,268709.41377578874,267542.86406039674,1168.3939578796994,1.8442424876698336,0.0,1166.5497153920296,0.004367128093597515,0.0043602348337299915,1844.2424876698335,105718.31505848869,-105718.31505848869,0.0,1168.3939578796994,12,12,0.030464595272799103,6.564997769019234,10.50972414876416,0.2154131816002326,0.048888448940267
2026-05-14,False,266817.60184757423,268709.41377578874,-1889.8401144016802,1.971813812796618,0.0,-1891.811928214477,-0.007033025333375792,-0.0070403634231921836,1971.813812796618,106010.6762081455,-106010.6762081455,0.0,-1889.8401144016802,12,12,0.030628137266194375,6.52994330872184,10.509724148764162,0.21468862811899023,0.04772249665419166
2026-05-15,False,269302.0455980278,266817.60184757423,2509.872981662534,25.429231208936883,0.0,2484.443750453597,0.009406699424187006,0.009311393750824931,25429.231208936882,94828.24027338499,-93859.22795461607,-11.80526748764243,2521.6782491501767,12,12,0.03318883866022279,6.026122277056423,10.494523003983264,0.19810283967973086,0.043525777037068066
2026-05-16,False,272118.5754328197,269302.0455980278,2822.8530696405473,6.323234848626959,0.0,2816.52983479192,0.010482107788568614,0.010458627703838527,6323.234848626959,98617.99160537413,-97672.5898215805,-5.796823922810824,2828.649893563358,12,12,0.03273194202606051,6.1102393448199335,10.494523003983264,0.19728272301415622,0.046631672080949864
2026-05-17,False,273936.55146746687,272118.5754328197,1820.757112536085,2.781077888937157,0.0,1817.9760346471478,0.006691043085317015,0.006680822989593988,2781.077888937157,98564.62277682513,-97630.81464087711,-4.02854454118004,1824.7856570772651,12,12,0.03213572644785082,6.223602890214907,10.494523003983264,0.19564775156440503,0.04532141008253103
2026-05-18,False,276028.88716305443,273936.55146746687,2094.385901631066,2.050206043521269,0.0,2092.3356955875447,0.007645514592381071,0.007638030355492862,2050.206043521269,98786.01461872795,-97860.26357186229,-2.792901038194504,2097.1788026692607,12,12,0.03112261197147013,6.426195853463024,10.494523003983264,0.19349614852725244,0.04265610257853959
2026-05-19,False,277776.63231963303,276028.88716305443,1749.549783466235,1.804626887658701,0.0,1747.7451565785764,0.006338285102865881,0.006331747283921617,1804.626887658701,98490.6698026792,-97570.50455788993,-0.9756024174514674,1750.5253858836866,12,12,0.03015227987305686,6.6329975989216585,10.494523003983263,0.19297143526135316,0.03710695126571301
2026-05-20,False,276674.3223039133,277776.63231963303,-1100.099401125509,2.2106145942298783,0.0,-1102.3100157197389,-0.003960374175246112,-0.003968332420602352,2210.614594229878,98949.78340860792,-98031.56936865357,4.24614213918996,-1104.345543264699,12,12,0.02907024756923361,6.879886369171114,10.494523003983263,0.19148461080188356,0.03404715347793827
2026-05-21,False,274563.17053357535,276674.3223039133,-2111.0300868083673,0.12168352958931791,0.0,-2111.151770337957,-0.007630018099364868,-0.007630457907181423,121.68352958931791,100180.05862360114,-99253.3522993684,0.4543246551857023,-2111.484411463553,12,12,0.028442705548868612,7.031679868019994,10.494523003983263,0.19429715133948652,0.034207261739505876
2026-05-22,False,278312.8079225069,274563.17053357535,3760.830037429131,11.192648497611321,0.0,3749.63738893152,0.013697503675094081,0.013656738380623378,11192.64849761132,104450.11567973901,-103522.50070619589,-12.393498356988108,3773.223535786119,12,12,0.030699906718186485,6.514677775275484,10.57360257512021,0.20755431199621252,0.041072189336138834
2026-05-23,False,277342.2632126965,278312.8079225069,-967.633592046312,2.911117764112125,0.0,-970.544709810424,-0.003476784267563205,-0.0034872441446556117,2911.1177641121253,103525.20270849296,-102622.37473166382,7.186698690319832,-974.820290736632,12,12,0.029786835196452362,6.714375618656533,10.573602575120212,0.203874420273714,0.03692388133313846
2026-05-24,False,279891.01822388836,277342.2632126965,2550.47598929007,1.7209780982101441,0.0,2548.75501119186,0.009196131738977284,0.0091899264889073,1720.9780982101443,105128.76902366328,-104211.5676494535,1.883056136625171,2548.5929331534453,12,12,0.029305710167266685,6.824608544153012,10.57360257512021,0.20861968508408968,0.04160250260264365
2026-05-25,False,278858.21105696185,279891.01822388836,-1030.8284613736173,1.9787055528825421,0.0,-1032.8071669264998,-0.003682963704641085,-0.00369003326180458,1978.7055528825422,104380.64051224133,-103459.67302575831,1.5016625445087175,-1032.330123918126,12,12,0.028741553756550874,6.958566043229842,10.573602575120212,0.20561912016773515,0.03706663786795497
2026-05-26,False,280496.5282930705,278858.21105696185,1639.6077380023366,1.2905018937026944,0.0,1638.317236108634,0.005879718340685392,0.005875090533998936,1290.5018937026944,106029.10084866913,-105105.13003709709,-8.225069645658847,1647.8328076479957,12,12,0.028215323208777995,7.088346942549945,10.573602575120212,0.20835008314920844,0.035891545283012895
2026-05-27,False,282312.0243679038,280496.5282930705,1816.605895526597,1.1098206932540746,0.0,1815.4960748333428,0.006476393510398664,0.006472436881416452,1109.8206932540747,105329.29439519679,-104421.77372291606,-8.892807329662203,1825.4987028562591,12,12,0.027654646339190122,7.232057772388678,10.573602575120209,0.2052848444316129,0.037156747092365286
2026-05-28,False,286711.87576846534,282312.0243679038,4401.267003678193,1.4156031166767822,0.0,4399.851400561516,0.015590079854135235,0.015585065533119875,1415.603116676782,104888.91329510641,-103999.178237485,-4.9413784207440274,4406.208382098937,12,12,0.027081296896804437,7.385170686696315,10.573602575120209,0.20310490171360746,0.03661583643226792
2026-05-29,False,286879.5964734467,286711.87576846534,170.36816480988887,2.6474598285317716,0.0,167.7207049813571,0.0005942138404740163,0.0005849799717288315,2647.4598285317716,103125.22336311848,-102245.37106233859,-0.9756024174514731,171.34376722734038,12,12,0.02650893846296437,7.544625005615368,10.5782752330446,0.20070138377046787,0.03421068870218276
2026-05-30,False,286032.50036233524,286879.5964734467,-846.5025924613069,0.5935186501262834,0.0,-847.0961111114332,-0.0029507242859624504,-0.002952793163140968,593.5186501262833,103546.42264359997,-102668.52154765496,2.562749732606931,-849.0653421939137,12,12,0.026006846798267272,7.690282545645833,10.5782752330446,0.20116742080354613,0.03285928307122483
2026-05-31,False,286287.74806785595,286032.50036233524,257.0242971873958,1.7765916667083401,0.0,255.24770552068748,0.0008985842408181135,0.0008923730876643362,1776.5916667083402,103190.03865403253,-102307.0120586223,-1.2177096350175796,258.2420068224134,12,12,0.025827917232635073,7.743558963681687,10.5782752330446,0.20201063046430226,0.033627953933665834
2026-06-01,False,288384.18264387123,286287.74806785595,2097.302688686982,0.8681126716808775,0.0,2096.434576015301,0.007325855552120516,0.0073228232439706215,868.1126716808774,102928.03736557014,-102345.04866999554,-8.951040367431917,2106.253729054414,12,12,0.025627035493601742,7.80425812614704,10.5782752330446,0.20172381219635907,0.03368514815777116
2026-06-02,False,296268.35754752054,288384.18264387123,7885.0869448103185,0.9120411610245521,0.0,7884.174903649294,0.027342300373483723,0.027339137782690207,912.0411610245521,100998.6768597172,-100998.6768597172,0.0,7885.0869448103185,12,12,0.025375228449480723,7.881702440558433,10.5782752330446,0.1973228070916836,0.03259829258821058
2026-06-03,False,299307.32402300136,296268.35754752054,3043.378310950467,4.411835469649538,0.0,3038.9664754808173,0.010272370414928022,0.010257479066063868,4411.835469649538,97525.42538455644,-97525.42538455644,0.0,3043.378310950467,12,12,0.02477261876487135,8.073429858114505,10.5782752330446,0.19316560234583227,0.03319536384986978
2026-06-04,False,302264.42866520275,299307.32402300136,2960.1594896589163,3.0548474575075106,0.0,2957.1046422014088,0.009890033594471721,0.009879827203874769,3054.8474575075106,97536.89453111349,-97536.89453111349,0.0,2960.1594896589163,12,12,0.023913880795184844,8.363343520566131,10.5782752330446,0.19447772034584876,0.02878972591253222
2026-06-05,False,312191.44855702174,302264.42866520275,9952.312633897698,25.292742078727763,0.0,9927.01989181897,0.03292584799953812,0.032842170465299574,25292.742078727762,96490.0979237042,-96490.0979237042,0.0,9952.312633897698,12,12,0.025992376389315966,7.694563859971226,10.450760439077726,0.18557812427913295,0.035772883940673676
2026-06-06,False,311454.3678091831,312191.44855702174,-730.2968804300842,6.783867408562353,0.0,-737.0807478386466,-0.0023392597196546707,-0.0023609895506283185,6783.867408562353,93321.65269836885,-93321.65269836885,0.0,-730.2968804300842,12,12,0.024931242604498336,8.022063046465004,10.450760439077726,0.18291089655525558,0.03506520384687226
2026-06-07,False,306766.6748244475,311454.3678091831,-4684.054094105714,3.638890629905816,0.0,-4687.6929847356205,-0.01503929492803089,-0.015050978471451721,3638.890629905816,96914.92766814546,-96914.92766814546,0.0,-4684.054094105714,12,12,0.023887713449020385,8.372504987839338,10.450760439077724,0.1873989367750913,0.03405498897977365
2026-06-08,False,309205.96310243587,306766.6748244475,2442.451960226641,3.163682238270718,0.0,2439.2882779883703,0.007961920771297521,0.007951607779379213,3163.682238270718,98435.29952398047,-98435.29952398047,0.0,2442.451960226641,12,12,0.02360698450241614,8.47206893279954,10.450760439077726,0.19514139576976125,0.02833119501212165
2026-06-09,False,311234.20721553103,309205.96310243587,2028.6200035605489,0.37589046540644766,0.0,2028.2441130951424,0.006560740236722064,0.00655952457302129,375.8904654064477,96368.73802916029,-96368.73802916029,0.0,2028.6200035605489,12,12,0.02330742717059391,8.580955698633797,10.450760439077726,0.19017774030712256,0.029593399945140316
2026-06-10,False,314397.3100614617,311234.20721553103,3164.829154455679,1.7263085250085493,0.0,3163.102845930671,0.01016864175300635,0.010163095098798727,1726.3085250085492,96066.42655060829,-96066.42655060829,0.0,3164.829154455679,12,12,0.02299510288134629,8.697504030836093,10.450760439077726,0.1879209312920189,0.02952082174434325
2026-06-11,False,310368.3812767145,314397.3100614617,-4026.628590038734,2.300194708456077,0.0,-4028.92878474719,-0.012807452421433142,-0.012814768624959205,2300.194708456077,95201.79210460867,-95201.79210460867,0.0,-4026.628590038734,12,12,0.02268662293558806,8.815767801485515,10.450760439077726,0.18455499354351804,0.030407659123044734
2026-06-12,False,310713.58575984964,310368.3812767145,346.07935357425504,0.8748704391118881,0.0,345.20448313514316,0.0011150599560130507,0.0011122411429770286,874.8704391118881,98353.55025553552,-98353.55025553552,0.0,346.07935357425504,12,12,0.02244148583474992,8.912065870892846,10.53195308084479,0.1958645618792458,0.025334420396736525
2026-06-13,False,308489.68404015875,310713.58575984964,-2223.565594199305,0.336125491600435,0.0,-2223.9017196909053,-0.007156319183023743,-0.007157400968652069,336.125491600435,97732.637642159,-97732.637642159,0.0,-2223.565594199305,12,12,0.022285837256815006,8.974309454711648,10.53195308084479,0.1924313123593265,0.028517482913770688
2026-06-14,False,306806.4571754948,308489.68404015875,-1681.8952146955603,1.3316499683726835,0.0,-1683.226864663933,-0.005452030656806707,-0.005456347332654446,1331.6499683726834,98624.55326798563,-98624.55326798563,0.0,-1681.8952146955603,12,12,0.022279956761317495,8.97667810321968,10.531953080844787,0.19544857466775084,0.028844861075122838
2026-06-15,False,304400.5074696481,306806.4571754948,-2405.064840421112,0.8848654256279588,0.0,-2405.94970584674,-0.00783902940818942,-0.007841913524233699,884.8654256279588,99421.58305705321,-99421.58305705321,0.0,-2405.064840421112,12,12,0.022349783937086178,8.948632369914298,10.531953080844787,0.19814033069231973,0.02616816543722584
2026-06-16,False,306079.0906281702,304400.5074696481,1680.7836212085172,2.2004626864453276,0.0,1678.583158522072,0.005521618985395774,0.005514390144994894,2200.4626864453276,99626.18521102902,-99626.18521102902,0.0,1680.7836212085172,12,12,0.022409878789544306,8.92463550910919,10.53195308084479,0.19574251744858703,0.023197474107212672
2026-06-17,False,307204.7831395468,306079.0906281702,1125.6925113766424,0.0,0.0,1125.6925113766424,0.003677783115032029,0.003677783115032029,0.0,97945.4015898205,-97945.4015898205,0.0,1125.6925113766424,12,12,0.022418903359184162,8.921042960741776,10.53195308084479,0.19132667641744827,0.023595043940921517
2026-06-18,False,310967.732515396,307204.7831395468,3763.5329856314393,0.5836097822401279,0.0,3762.949375849199,0.012250893189777798,0.012248993447930435,583.609782240128,97403.31886068398,-97403.31886068398,0.0,3763.5329856314393,12,12,0.02237564061048817,8.938291577057852,10.53195308084479,0.18868696249810735,0.026995024478368605
2026-06-19,False,311598.3495086874,310967.732515396,633.888421195722,3.2714279043608876,0.0,630.6169932913612,0.0020384379307404124,0.0020279177784471233,3271.4279043608876,96911.21377941343,-96911.21377941343,0.0,633.888421195722,12,12,0.022254407463802223,8.98698382894754,10.51653894565218,0.18579503546763837,0.030013351913653792
2026-06-20,False,310447.4386656922,311598.3495086874,-1149.7070563759023,1.2037866192307014,0.0,-1150.910842995133,-0.0036897084281373844,-0.003693571691922731,1203.7866192307015,97481.11197744841,-97481.11197744841,0.0,-1149.7070563759023,12,12,0.02210729853934119,9.046786048692864,10.516538945652178,0.18537928248986124,0.030745792412585005
2026-06-21,False,312543.8138113201,310447.4386656922,2096.3751456278783,0.0,0.0,2096.3751456278783,0.006752753878847029,0.006752753878847029,0.0,98630.81903382431,-98630.81903382431,0.0,2096.3751456278783,12,12,0.022068942789214174,9.06250933314969,10.51653894565218,0.18851888500973674,0.026099386785203762
2026-06-22,False,311970.5043441284,312543.8138113201,-571.8014253133446,1.5080418783537723,0.0,-573.3094671916983,-0.0018295080562961835,-0.0018343331138136046,1508.0418783537723,98042.4857665502,-98042.4857665502,0.0,-571.8014253133446,12,12,0.021994295855474584,9.093266786725438,10.51653894565218,0.18589922482813734,0.029785666345061856
2026-06-23,False,314288.5630228079,311970.5043441284,2318.189681623833,0.1310029443921776,0.0,2318.058678679441,0.0074307976213888625,0.007430377700458621,131.0029443921776,98745.29013625573,-98745.29013625573,0.0,2318.189681623833,12,12,0.021982098298522913,9.098312512479257,10.51653894565218,0.18762054051532503,0.02703578274567328
2026-06-24,False,316604.31245823763,314288.5630228079,2317.356670899966,1.6072354702005995,0.0,2315.7494354297655,0.007373340756061161,0.007368226871372701,1607.2354702005996,98034.3359248325,-98034.3359248325,0.0,2317.356670899966,12,12,0.021904939643512075,9.13036069739809,10.516538945652178,0.18536562130111398,0.02872758527215248
2026-06-25,False,318408.0901276227,316604.31245823763,1806.2146928747813,2.437023489690458,0.0,1803.7776693850908,0.0057049592244989835,0.005697261845171556,2437.0234896904576,98154.00274362299,-98154.00274362299,0.0,1806.2146928747813,12,12,0.021752499634239253,9.194345632131053,10.516538945652178,0.18443307734592343,0.028718267052332005
2026-06-26,False,316678.8858055389,318408.0901276227,-1727.0006986422677,2.203623441537284,0.0,-1729.204322083805,-0.005423859355929242,-0.005430780107976258,2203.623441537284,98551.4114922855,-98551.4114922855,0.0,-1727.0006986422677,12,12,0.021595403809723156,9.261229924765363,10.513505059818852,0.18453945288302928,0.028248024090186598
2026-06-27,False,318864.90151050675,316678.8858055389,2186.015704967813,0.0,0.0,2186.015704967813,0.0069029411272785845,0.0069029411272785845,0.0,100278.41219092776,-100278.41219092776,0.0,2186.015704967813,12,12,0.021524721688064397,9.291641624843928,10.51350505981885,0.1895376425896728,0.024440134781476986
2026-06-28,False,319820.4807751096,318864.90151050675,957.0229769215607,1.443712318687123,0.0,955.5792646028735,0.0030013431154950316,0.002996815454056447,1443.7123186871231,99536.10880464705,-99536.10880464705,0.0,957.0229769215607,12,12,0.02141892653376901,9.337536112497546,10.513505059818852,0.18705544117345593,0.02640026857900729
2026-06-29,False,317184.02587031416,319820.4807751096,-2635.5022813517226,0.9526234437183222,0.0,-2636.454904795441,-0.008240567567669149,-0.008243546186928958,952.6234437183223,99531.70927144383,-99531.70927144383,0.0,-2635.5022813517226,12,12,0.021304016998658182,9.387900883321528,10.51350505981885,0.1860370691315689,0.027254433004127106
2026-06-30,False,318526.20909693325,317184.02587031416,1342.9079124111636,0.7246857920479888,0.0,1342.1832266191157,0.004233844717514978,0.004231559968810942,724.6857920479888,101442.52576074755,-101442.52576074755,0.0,1342.9079124111636,12,12,0.021289620152735785,9.3942493367736,10.51350505981885,0.19251223784698565,0.02331249670301125
2026-07-01,False,316325.77193000796,318526.20909693325,-2199.799891504481,0.6372754208080855,0.0,-2200.437166925289,-0.006906181747935983,-0.006908182448043566,637.2754208080855,100736.89326914446,-100736.89326914446,0.0,-2199.799891504481,12,12,0.021212510329741304,9.428398472932605,10.51350505981885,0.19023937271910105,0.02497251526516876
2026-07-02,False,313434.7349276994,316325.77193000796,-2889.540747394752,1.4962549138275025,0.0,-2891.0370023085798,-0.009134699110239137,-0.009139429217763095,1496.2549138275026,101440.43824682146,-101440.43824682146,0.0,-2889.540747394752,12,12,0.021202290559477525,9.432943079378706,10.513505059818849,0.1935830137785824,0.023823413782761326
2026-07-03,False,309460.89726503944,313434.7349276994,-3972.1253440162754,1.7123186436699507,0.0,-3973.837662659945,-0.012672894549905368,-0.012678357628667411,1712.3186436699507,102617.66035054626,-102617.66035054626,0.0,-3972.1253440162754,12,12,0.021186197552421217,9.44010833020593,10.56353636080902,0.19960213805088042,0.021710956160055046
2026-07-04,False,308247.79360609245,309460.89726503944,-1209.994049345456,3.1096096015357397,0.0,-1213.1036589469918,-0.003910006272324448,-0.0039200547457471585,3109.60960153574,103480.1760930268,-103480.1760930268,0.0,-1209.994049345456,12,12,0.021373986382436126,9.357168869741031,10.563536360809021,0.20560255817558712,0.023213071735345415
2026-07-05,False,306834.9265781456,308247.79360609245,-1412.204042346697,0.6629856001504222,0.0,-1412.8670279468474,-0.004581392216391147,-0.004583543036652971,662.9856001504222,104027.18454222182,-104027.18454222182,0.0,-1412.204042346697,12,12,0.021538639168699164,9.28563770596279,10.56353636080902,0.20650049691250666,0.023216817008748412
2026-07-06,False,307328.20062786783,306834.9265781456,495.1157665373436,1.8417168151110654,0.0,493.2740497222325,0.0016136225822103276,0.001607620277206624,1841.7168151110654,103597.67176945748,-103597.67176945748,0.0,495.1157665373436,12,12,0.02178781796545658,9.179441480422193,10.563536360809021,0.20625616759244522,0.02205383889931119
2026-07-07,False,309851.5586135655,307328.20062786783,2523.5022236745585,0.1442379768617807,0.0,2523.3579856976967,0.008211098813968499,0.008210629485164416,144.23797686178068,102958.31802605836,-102958.31802605836,0.0,2523.5022236745585,12,12,0.022012352831891697,9.085807479436646,10.56353636080902,0.2043698894157703,0.020020810391239804
2026-07-08,False,311922.29058418184,309851.5586135655,2071.714011030663,0.9820404143616652,0.0,2070.7319706163016,0.006686150040040373,0.0066829806500952145,982.0404143616652,101416.85621674545,-101416.85621674545,0.0,2071.714011030663,12,12,0.02215063572906927,9.029086227874313,10.563536360809021,0.19866750164973745,0.02070247282621748
2026-07-09,False,311559.31760547915,311922.29058418184,-361.9479972356869,1.024981466989866,0.0,-362.97297870267676,-0.0011603787486870998,-0.0011636647641400841,1024.981466989866,100370.12367270465,-100370.12367270465,0.0,-361.9479972356869,12,12,0.022236120712709532,8.99437462963968,10.56353636080902,0.19536378250135575,0.021461463217941276
2026-07-10,False,308331.1955366537,311559.31760547915,-3227.8303036459943,0.2917651794499943,0.0,-3228.1220688254443,-0.01036024320650659,-0.01036117967402004,291.7651794499943,101023.83684939033,-101023.83684939033,0.0,-3227.8303036459943,12,12,0.02226210799393647,8.983875204202315,10.580281599410316,0.19603859168288812,0.019678617241962494
2026-07-11,False,309593.19822969515,308331.1955366537,1262.7298653876583,0.7271723462226765,0.0,1262.0026930414356,0.004095368498765958,0.004093010085615589,727.1723462226764,103524.49480681366,-103524.49480681366,0.0,1262.7298653876583,12,12,0.022450926380203268,8.908318374619748,10.580281599410316,0.20504653348956775,0.021923933193918194
2026-07-12,False,310495.98081106285,309593.19822969515,902.7825813677111,0.0,0.0,902.7825813677111,0.0029160284739134144,0.0029160284739134144,0.0,102261.764941426,-102261.764941426,0.0,902.7825813677111,12,12,0.022594736029919425,8.85161923269051,10.580281599410316,0.20158469563266102,0.01876249247704209
2026-07-13,False,311743.21517199336,310495.98081106285,1247.2343609305115,0.0,0.0,1247.2343609305115,0.0040169098410631435,0.0040169098410631435,0.0,101358.98236005829,-101358.98236005829,0.0,1247.2343609305115,12,12,0.02272880507505026,8.799406714941778,10.580281599410318,0.1989716784416188,0.019045199937111273
2026-07-14,False,309400.40797869646,311743.21517199336,-2342.5051339627266,0.30205933415411346,0.0,-2342.8071932968805,-0.00751421368599901,-0.007515182622352563,302.05933415411346,100413.80733328189,-100413.80733328189,0.0,-2342.5051339627266,12,12,0.022784110124804913,8.778047459587254,10.580281599410316,0.1956533750088502,0.01867759392797755
2026-07-15,False,310854.60440766363,309400.40797869646,1454.496426257269,0.2999972900963694,0.0,1454.1964289671726,0.004701016510480546,0.004700046901900983,299.9972900963694,102456.31517714825,-102456.31517714825,0.0,1454.496426257269,12,12,0.023075699510198108,8.667126208313283,10.580281599410318,0.20181219229611752,0.019985391804262478
2026-07-16,False,311467.4220444327,310854.60440766363,613.6153159872729,0.7976792181725286,0.0,612.8176367691003,0.0019739624483173495,0.001971396363701384,797.6792181725286,101799.49796906351,-101799.49796906351,0.0,613.6153159872729,12,12,0.02327125454999114,8.594293855982773,10.580281599410316,0.19901775286156725,0.023674901130720957
2026-07-17,False,312052.2438754492,311467.4220444327,585.0487544978479,0.2269234814238298,0.0,584.8218310164241,0.0018783625929725233,0.0018776340304797452,226.9234814238298,101412.80613450008,-101412.80613450008,0.0,585.0487544978479,12,12,0.023353759998722873,8.563931461612059,10.58972558129137,0.19832934182194242,0.021936359874391447
2026-07-18,False,312029.50860982406,312052.2438754492,-22.054209527209892,0.6810560978956964,0.0,-22.735265625105587,-7.067473463197557e-05,-7.285724128354615e-05,681.0560978956964,101508.8134778979,-101508.8134778979,0.0,-22.054209527209892,12,12,0.023407553000408702,8.544250652620885,10.589725581291367,0.19786448329979212,0.02251461803806287
2026-07-19,False,313138.65209867916,312029.50860982406,1109.8158068515227,0.6723179964434021,0.0,1109.1434888550793,0.003556765550143166,0.003554610888555425,672.3179964434021,102203.18568386853,-102203.18568386853,0.0,1109.8158068515227,12,12,0.023533142913834362,8.498652336081577,10.58972558129137,0.19916141189242692,0.0240142970220876
2026-07-20,False,312002.38881289243,313138.65209867916,-1134.613289351578,1.6499964351342795,0.0,-1136.2632857867122,-0.0036233575182984057,-0.0036286267382560056,1649.9964351342796,102727.82770421714,-102727.82770421714,0.0,-1134.613289351578,12,12,0.023638101578386143,8.460916344604977,10.589725581291365,0.1992027433459454,0.024744210611282725
2026-07-21,False,310459.3479825612,312002.38881289243,-1542.8208584860047,0.21997184520018073,0.0,-1543.040830331205,-0.004944900788600158,-0.004945605821167495,219.97184520018072,103832.73962523423,-103832.73962523423,0.0,-1542.8208584860047,12,12,0.02380429474157669,8.401845220420629,10.589725581291365,0.20172888554330481,0.024565981552040938
2026-07-22,False,311392.7185150994,310459.3479825612,933.3705325381338,0.0,0.0,933.3705325381338,0.0030064178727533825,0.0030064178727533825,0.0,105375.56048372023,-105375.56048372023,0.0,933.3705325381338,12,12,0.024016535759114797,8.327595703476746,10.58972558129137,0.20565049863444335,0.022275092164330604
2026-07-23,False,313921.57374907215,311392.7185150994,2529.1492509534473,0.29401698066082466,0.0,2528.8552339727867,0.00812205649192407,0.00812111229200166,294.01698066082463,104648.96448367779,-104648.96448367779,0.0,2529.1492509534473,12,12,0.02419331729106477,8.266745630367328,10.589725581291368,0.2028991633300468,0.02676352827593066
2026-07-24,False,314688.3070936513,313921.57374907215,768.8578210750786,2.1244764959103524,0.0,766.7333445791683,0.0024492035124978446,0.0024424359734894915,2124.4764959103522,104244.2917286347,-104244.2917286347,0.0,768.8578210750786,12,12,0.024286892606613993,8.234894568008032,10.581904827880637,0.20034043445298375,0.026856952798573395
2026-07-25,False,314060.5177359441,314688.3070936513,-627.1649403109328,0.6244173963337671,0.0,-627.7893577072666,-0.0019929718587360424,-0.0019949560995936094,624.4173963337671,104099.85130389339,-104099.85130389339,0.0,-627.1649403109328,12,12,0.024287028429143164,8.234848515267947,10.581904827880637,0.1994021952403754,0.02583043391446785
2026-07-26,False,311833.04580614937,314060.5177359441,-2227.244438729831,0.2274910648582836,0.0,-2227.4719297946895,-0.007091768347024297,-0.007092492701255445,227.4910648582836,104846.09426792944,-104846.09426792944,0.0,-2227.244438729831,12,12,0.02436233767905899,8.209392819142844,10.581904827880638,0.20147819932257963,0.025138205835016414
2026-07-27,False,316669.2195192135,311833.04580614937,4836.722500704782,0.5487876406475175,0.0,4836.173713064134,0.01551061558662235,0.015508855710149897,548.7876406475175,106524.55106601174,-106524.55106601174,0.0,4836.722500704782,12,12,0.02462461850285734,8.121953238658005,10.581904827880637,0.20710629972848213,0.023569156151561212
2026-07-28,False,315813.5694267007,316669.2195192135,-853.4676817607491,2.1824107520512626,0.0,-855.6500925128004,-0.002695139373054747,-0.0027020311409233287,2182.4107520512625,103870.23931735825,-103870.23931735825,0.0,-853.4676817607491,12,12,0.024595465656846296,8.131580137183896,10.581904827880637,0.20010819795124452,0.02592747662159002
2026-07-29,False,316184.8106053356,315813.5694267007,371.31605607985625,0.0748774450119804,0.0,371.2411786348443,0.0011757444645393474,0.0011755073707211564,74.8774450119804,104648.82955410701,-104648.82955410701,0.0,371.31605607985625,12,12,0.0246844459621337,8.102268137061003,10.581904827880637,0.20236774643196048,0.026578335117113192
2026-07-30,False,314210.03893234424,316184.8106053356,-1972.7202175553673,2.051455435976725,0.0,-1974.771672991344,-0.0062391365789475975,-0.006245624731974459,2051.4554359767253,106172.0641530207,-106172.0641530207,0.0,-1972.7202175553673,12,12,0.02433113522766159,8.21992061318306,10.581904827880637,0.19983423641927936,0.026082481215574972
2026-07-31,False,316181.8071775903,314210.03893234424,1971.797121785421,0.02887653931398427,0.0,1971.768245246107,0.006275410959132304,0.006275319057105838,28.876539313984267,108115.90783126207,-108115.90783126207,0.0,1971.797121785421,12,12,0.024872471519009155,8.041018354253499,10.498439935968804,0.20390841761352968,0.02417654410112311
2026-08-01,False,315930.72728254,316181.8071775903,-143.65417941163142,107.42571563868755,0.0,-251.07989505031895,-0.000454340433733257,-0.0007940997532134875,107425.71563868754,106713.0860843763,-106713.0860843763,0.0,-143.65417941163142,12,12,0.024969823800671188,8.00966805358971,10.498439935968804,0.19966931533311813,0.02808824310790947
