date,ruined,equity,start_equity,gross_pnl,cost,funding,net_pnl,gross_return,net_return,traded_notional,gross_exposure,net_exposure,long_pnl,short_pnl,n_positions,n_live,multiplier,ex_ante_vol,ex_ante_vol_full_signal,held_ex_ante_vol,target_tracking_error
2020-01-01,False,100000.0,100000.0,0.0,0.0,0.0,0.0,0.0,0.0,0.0,0.0,0.0,0.0,0.0,0,0,0.0057542761634465376,,,,0.0
2020-01-02,False,100000.0,100000.0,0.0,0.0,0.0,0.0,0.0,0.0,0.0,0.0,0.0,0.0,0.0,0,0,0.0057542761634465376,,,,0.0
2020-01-03,False,100000.0,100000.0,0.0,0.0,0.0,0.0,0.0,0.0,0.0,0.0,0.0,0.0,0.0,0,0,0.0057542761634465376,,,,0.0
2020-01-04,False,100000.0,100000.0,0.0,0.0,0.0,0.0,0.0,0.0,0.0,0.0,0.0,0.0,0.0,0,0,0.0057542761634465376,,,,0.0
2020-01-05,False,100000.0,100000.0,0.0,0.0,0.0,0.0,0.0,0.0,0.0,0.0,0.0,0.0,0.0,0,0,0.0057542761634465376,,,,0.0
2020-01-06,False,100000.0,100000.0,0.0,0.0,0.0,0.0,0.0,0.0,0.0,0.0,0.0,0.0,0.0,0,0,0.0057542761634465376,,,,0.0
2020-01-07,False,100000.0,100000.0,0.0,0.0,0.0,0.0,0.0,0.0,0.0,0.0,0.0,0.0,0.0,0,0,0.0057542761634465376,,,,0.0
2020-01-08,False,100000.0,100000.0,0.0,0.0,0.0,0.0,0.0,0.0,0.0,0.0,0.0,0.0,0.0,0,0,0.0057542761634465376,,,,0.0
2020-01-09,False,100000.0,100000.0,0.0,0.0,0.0,0.0,0.0,0.0,0.0,0.0,0.0,0.0,0.0,0,0,0.0057542761634465376,,,,0.0
2020-01-10,False,100000.0,100000.0,0.0,0.0,0.0,0.0,0.0,0.0,0.0,0.0,0.0,0.0,0.0,0,0,0.0057542761634465376,,,,0.0
2020-01-11,False,100000.0,100000.0,0.0,0.0,0.0,0.0,0.0,0.0,0.0,0.0,0.0,0.0,0.0,0,0,0.0057542761634465376,,,,0.0
2020-01-12,False,100000.0,100000.0,0.0,0.0,0.0,0.0,0.0,0.0,0.0,0.0,0.0,0.0,0.0,0,0,0.0057542761634465376,,,,0.0
2020-01-13,False,100000.0,100000.0,0.0,0.0,0.0,0.0,0.0,0.0,0.0,0.0,0.0,0.0,0.0,0,0,0.0057542761634465376,,,,0.0
2020-01-14,False,100000.0,100000.0,0.0,0.0,0.0,0.0,0.0,0.0,0.0,0.0,0.0,0.0,0.0,0,0,0.0057542761634465376,,,,0.0
2020-01-15,False,100000.0,100000.0,0.0,0.0,0.0,0.0,0.0,0.0,0.0,0.0,0.0,0.0,0.0,0,0,0.0057542761634465376,,,,0.0
2020-01-16,False,100000.0,100000.0,0.0,0.0,0.0,0.0,0.0,0.0,0.0,0.0,0.0,0.0,0.0,0,0,0.0057542761634465376,,,,0.0
2020-01-17,False,100000.0,100000.0,0.0,0.0,0.0,0.0,0.0,0.0,0.0,0.0,0.0,0.0,0.0,0,0,0.0057542761634465376,,,,0.0
2020-01-18,False,100000.0,100000.0,0.0,0.0,0.0,0.0,0.0,0.0,0.0,0.0,0.0,0.0,0.0,0,0,0.0057542761634465376,,,,0.0
2020-01-19,False,100000.0,100000.0,0.0,0.0,0.0,0.0,0.0,0.0,0.0,0.0,0.0,0.0,0.0,0,0,0.0057542761634465376,,,,0.0
2020-01-20,False,100000.0,100000.0,0.0,0.0,0.0,0.0,0.0,0.0,0.0,0.0,0.0,0.0,0.0,0,0,0.0057542761634465376,,,,0.0
2020-01-21,False,100000.0,100000.0,0.0,0.0,0.0,0.0,0.0,0.0,0.0,0.0,0.0,0.0,0.0,0,0,0.0057542761634465376,,,,0.0
2020-01-22,False,100000.0,100000.0,0.0,0.0,0.0,0.0,0.0,0.0,0.0,0.0,0.0,0.0,0.0,0,0,0.0057542761634465376,,,,0.0
2020-01-23,False,100000.0,100000.0,0.0,0.0,0.0,0.0,0.0,0.0,0.0,0.0,0.0,0.0,0.0,0,0,0.0057542761634465376,,,,0.0
2020-01-24,False,100000.0,100000.0,0.0,0.0,0.0,0.0,0.0,0.0,0.0,0.0,0.0,0.0,0.0,0,0,0.0057542761634465376,,,,0.0
2020-01-25,False,100000.0,100000.0,0.0,0.0,0.0,0.0,0.0,0.0,0.0,0.0,0.0,0.0,0.0,0,0,0.0057542761634465376,,,,0.0
2020-01-26,False,100000.0,100000.0,0.0,0.0,0.0,0.0,0.0,0.0,0.0,0.0,0.0,0.0,0.0,0,0,0.0057542761634465376,,,,0.0
2020-01-27,False,100000.0,100000.0,0.0,0.0,0.0,0.0,0.0,0.0,0.0,0.0,0.0,0.0,0.0,0,0,0.0057542761634465376,,,,0.0
2020-01-28,False,100000.0,100000.0,0.0,0.0,0.0,0.0,0.0,0.0,0.0,0.0,0.0,0.0,0.0,0,0,0.0057542761634465376,,,,0.0
2020-01-29,False,100000.0,100000.0,0.0,0.0,0.0,0.0,0.0,0.0,0.0,0.0,0.0,0.0,0.0,0,0,0.0057542761634465376,,,,0.0
2020-01-30,False,100000.0,100000.0,0.0,0.0,0.0,0.0,0.0,0.0,0.0,0.0,0.0,0.0,0.0,0,0,0.0057542761634465376,,,,0.0
2020-01-31,False,100000.0,100000.0,0.0,0.0,0.0,0.0,0.0,0.0,0.0,0.0,0.0,0.0,0.0,0,0,0.0057542761634465376,,,,0.0
2020-02-01,False,100000.0,100000.0,0.0,0.0,0.0,0.0,0.0,0.0,0.0,0.0,0.0,0.0,0.0,0,0,0.0057542761634465376,,,,0.0
2020-02-02,False,100000.0,100000.0,0.0,0.0,0.0,0.0,0.0,0.0,0.0,0.0,0.0,0.0,0.0,0,0,0.0057542761634465376,,,,0.0
2020-02-03,False,100000.0,100000.0,0.0,0.0,0.0,0.0,0.0,0.0,0.0,0.0,0.0,0.0,0.0,0,0,0.0057542761634465376,,,,0.0
2020-02-04,False,100000.0,100000.0,0.0,0.0,0.0,0.0,0.0,0.0,0.0,0.0,0.0,0.0,0.0,0,0,0.0057542761634465376,,,,0.0
2020-02-05,False,100000.0,100000.0,0.0,0.0,0.0,0.0,0.0,0.0,0.0,0.0,0.0,0.0,0.0,0,0,0.0057542761634465376,,,,0.0
2020-02-06,False,100000.0,100000.0,0.0,0.0,0.0,0.0,0.0,0.0,0.0,0.0,0.0,0.0,0.0,0,0,0.0057542761634465376,,,,0.0
2020-02-07,False,100000.0,100000.0,0.0,0.0,0.0,0.0,0.0,0.0,0.0,0.0,0.0,0.0,0.0,0,0,0.0057542761634465376,,,,0.0
2020-02-08,False,100000.0,100000.0,0.0,0.0,0.0,0.0,0.0,0.0,0.0,0.0,0.0,0.0,0.0,0,0,0.0057542761634465376,,,,0.0
2020-02-09,False,100000.0,100000.0,0.0,0.0,0.0,0.0,0.0,0.0,0.0,0.0,0.0,0.0,0.0,0,0,0.0057542761634465376,,,,0.0
2020-02-10,False,100000.0,100000.0,0.0,0.0,0.0,0.0,0.0,0.0,0.0,0.0,0.0,0.0,0.0,0,0,0.0057542761634465376,,,,0.0
2020-02-11,False,100000.0,100000.0,0.0,0.0,0.0,0.0,0.0,0.0,0.0,0.0,0.0,0.0,0.0,0,0,0.0057542761634465376,,,,0.0
2020-02-12,False,100000.0,100000.0,0.0,0.0,0.0,0.0,0.0,0.0,0.0,0.0,0.0,0.0,0.0,0,0,0.0057542761634465376,,,,0.0
2020-02-13,False,100000.0,100000.0,0.0,0.0,0.0,0.0,0.0,0.0,0.0,0.0,0.0,0.0,0.0,0,0,0.0057542761634465376,,,,0.0
2020-02-14,False,100000.0,100000.0,0.0,0.0,0.0,0.0,0.0,0.0,0.0,0.0,0.0,0.0,0.0,0,0,0.0057542761634465376,,,,0.0
2020-02-15,False,100000.0,100000.0,0.0,0.0,0.0,0.0,0.0,0.0,0.0,0.0,0.0,0.0,0.0,0,0,0.0057542761634465376,,,,0.0
2020-02-16,False,100000.0,100000.0,0.0,0.0,0.0,0.0,0.0,0.0,0.0,0.0,0.0,0.0,0.0,0,0,0.0057542761634465376,,,,0.0
2020-02-17,False,100000.0,100000.0,0.0,0.0,0.0,0.0,0.0,0.0,0.0,0.0,0.0,0.0,0.0,0,0,0.0057542761634465376,,,,0.0
2020-02-18,False,100000.0,100000.0,0.0,0.0,0.0,0.0,0.0,0.0,0.0,0.0,0.0,0.0,0.0,0,0,0.0057542761634465376,,,,0.0
2020-02-19,False,100000.0,100000.0,0.0,0.0,0.0,0.0,0.0,0.0,0.0,0.0,0.0,0.0,0.0,0,0,0.0057542761634465376,,,,0.0
2020-02-20,False,100000.0,100000.0,0.0,0.0,0.0,0.0,0.0,0.0,0.0,0.0,0.0,0.0,0.0,0,0,0.0057542761634465376,,,,0.0
2020-02-21,False,100000.0,100000.0,0.0,0.0,0.0,0.0,0.0,0.0,0.0,0.0,0.0,0.0,0.0,0,0,0.0057542761634465376,,,,0.0
2020-02-22,False,100000.0,100000.0,0.0,0.0,0.0,0.0,0.0,0.0,0.0,0.0,0.0,0.0,0.0,0,0,0.0057542761634465376,,,,0.0
2020-02-23,False,100000.0,100000.0,0.0,0.0,0.0,0.0,0.0,0.0,0.0,0.0,0.0,0.0,0.0,0,0,0.0057542761634465376,,,,0.0
2020-02-24,False,100000.0,100000.0,0.0,0.0,0.0,0.0,0.0,0.0,0.0,0.0,0.0,0.0,0.0,0,0,0.0057542761634465376,,,,0.0
2020-02-25,False,100000.0,100000.0,0.0,0.0,0.0,0.0,0.0,0.0,0.0,0.0,0.0,0.0,0.0,0,0,0.0057542761634465376,,,,0.0
2020-02-26,False,100000.0,100000.0,0.0,0.0,0.0,0.0,0.0,0.0,0.0,0.0,0.0,0.0,0.0,0,0,0.0057542761634465376,,,,0.0
2020-02-27,False,100000.0,100000.0,0.0,0.0,0.0,0.0,0.0,0.0,0.0,0.0,0.0,0.0,0.0,0,0,0.0057542761634465376,,,,0.0
2020-02-28,False,100000.0,100000.0,0.0,0.0,0.0,0.0,0.0,0.0,0.0,0.0,0.0,0.0,0.0,0,0,0.0057542761634465376,,,,0.0
2020-02-29,False,100000.0,100000.0,0.0,0.0,0.0,0.0,0.0,0.0,0.0,0.0,0.0,0.0,0.0,0,0,0.0057542761634465376,,,,0.0
2020-03-01,False,100000.0,100000.0,0.0,0.0,0.0,0.0,0.0,0.0,0.0,0.0,0.0,0.0,0.0,0,0,0.0057542761634465376,,,,0.0
2020-03-02,False,100000.0,100000.0,0.0,0.0,0.0,0.0,0.0,0.0,0.0,0.0,0.0,0.0,0.0,0,0,0.0057542761634465376,,,,0.0
2020-03-03,False,100000.0,100000.0,0.0,0.0,0.0,0.0,0.0,0.0,0.0,0.0,0.0,0.0,0.0,0,0,0.0057542761634465376,,,,0.0
2020-03-04,False,100000.0,100000.0,0.0,0.0,0.0,0.0,0.0,0.0,0.0,0.0,0.0,0.0,0.0,0,0,0.0057542761634465376,,,,0.0
2020-03-05,False,100000.0,100000.0,0.0,0.0,0.0,0.0,0.0,0.0,0.0,0.0,0.0,0.0,0.0,0,0,0.0057542761634465376,,,,0.0
2020-03-06,False,100000.0,100000.0,0.0,0.0,0.0,0.0,0.0,0.0,0.0,0.0,0.0,0.0,0.0,0,0,0.0057542761634465376,,,,0.0
2020-03-07,False,100000.0,100000.0,0.0,0.0,0.0,0.0,0.0,0.0,0.0,0.0,0.0,0.0,0.0,0,0,0.0057542761634465376,,,,0.0
2020-03-08,False,100000.0,100000.0,0.0,0.0,0.0,0.0,0.0,0.0,0.0,0.0,0.0,0.0,0.0,0,0,0.0057542761634465376,,,,0.0
2020-03-09,False,100000.0,100000.0,0.0,0.0,0.0,0.0,0.0,0.0,0.0,0.0,0.0,0.0,0.0,0,0,0.0057542761634465376,,,,0.0
2020-03-10,False,100000.0,100000.0,0.0,0.0,0.0,0.0,0.0,0.0,0.0,0.0,0.0,0.0,0.0,0,0,0.0057542761634465376,,,,0.0
2020-03-11,False,100000.0,100000.0,0.0,0.0,0.0,0.0,0.0,0.0,0.0,0.0,0.0,0.0,0.0,0,0,0.0057542761634465376,,,,0.0
2020-03-12,False,100000.0,100000.0,0.0,0.0,0.0,0.0,0.0,0.0,0.0,0.0,0.0,0.0,0.0,0,0,0.0057542761634465376,,,,0.0
2020-03-13,False,100000.0,100000.0,0.0,0.0,0.0,0.0,0.0,0.0,0.0,0.0,0.0,0.0,0.0,0,0,0.0057542761634465376,,,,0.0
2020-03-14,False,100000.0,100000.0,0.0,0.0,0.0,0.0,0.0,0.0,0.0,0.0,0.0,0.0,0.0,0,0,0.0057542761634465376,,,,0.0
2020-03-15,False,100000.0,100000.0,0.0,0.0,0.0,0.0,0.0,0.0,0.0,0.0,0.0,0.0,0.0,0,0,0.0057542761634465376,,,,0.0
2020-03-16,False,100000.0,100000.0,0.0,0.0,0.0,0.0,0.0,0.0,0.0,0.0,0.0,0.0,0.0,0,0,0.0057542761634465376,,,,0.0
2020-03-17,False,100000.0,100000.0,0.0,0.0,0.0,0.0,0.0,0.0,0.0,0.0,0.0,0.0,0.0,0,0,0.0057542761634465376,,,,0.0
2020-03-18,False,100000.0,100000.0,0.0,0.0,0.0,0.0,0.0,0.0,0.0,0.0,0.0,0.0,0.0,0,0,0.0057542761634465376,,,,0.0
2020-03-19,False,100000.0,100000.0,0.0,0.0,0.0,0.0,0.0,0.0,0.0,0.0,0.0,0.0,0.0,0,0,0.0057542761634465376,,,,0.0
2020-03-20,False,100000.0,100000.0,0.0,0.0,0.0,0.0,0.0,0.0,0.0,0.0,0.0,0.0,0.0,0,0,0.0057542761634465376,,,,0.0
2020-03-21,False,100000.0,100000.0,0.0,0.0,0.0,0.0,0.0,0.0,0.0,0.0,0.0,0.0,0.0,0,0,0.0057542761634465376,,,,0.0
2020-03-22,False,100000.0,100000.0,0.0,0.0,0.0,0.0,0.0,0.0,0.0,0.0,0.0,0.0,0.0,0,0,0.0057542761634465376,,,,0.0
2020-03-23,False,100000.0,100000.0,0.0,0.0,0.0,0.0,0.0,0.0,0.0,0.0,0.0,0.0,0.0,0,0,0.0057542761634465376,,,,0.0
2020-03-24,False,100000.0,100000.0,0.0,0.0,0.0,0.0,0.0,0.0,0.0,0.0,0.0,0.0,0.0,0,0,0.0057542761634465376,,,,0.0
2020-03-25,False,100000.0,100000.0,0.0,0.0,0.0,0.0,0.0,0.0,0.0,0.0,0.0,0.0,0.0,0,0,0.0057542761634465376,,,,0.0
2020-03-26,False,100000.0,100000.0,0.0,0.0,0.0,0.0,0.0,0.0,0.0,0.0,0.0,0.0,0.0,0,0,0.0057542761634465376,,,,0.0
2020-03-27,False,100000.0,100000.0,0.0,0.0,0.0,0.0,0.0,0.0,0.0,0.0,0.0,0.0,0.0,0,0,0.0057542761634465376,,,,0.0
2020-03-28,False,100000.0,100000.0,0.0,0.0,0.0,0.0,0.0,0.0,0.0,0.0,0.0,0.0,0.0,0,0,0.0057542761634465376,,,,0.0
2020-03-29,False,100000.0,100000.0,0.0,0.0,0.0,0.0,0.0,0.0,0.0,0.0,0.0,0.0,0.0,0,0,0.0057542761634465376,,,,0.0
2020-03-30,False,100000.0,100000.0,0.0,0.0,0.0,0.0,0.0,0.0,0.0,0.0,0.0,0.0,0.0,0,0,0.0057542761634465376,,,,0.0
2020-03-31,False,100000.0,100000.0,0.0,0.0,0.0,0.0,0.0,0.0,0.0,0.0,0.0,0.0,0.0,0,0,0.0057542761634465376,,,,0.0
2020-04-01,False,100000.0,100000.0,0.0,0.0,0.0,0.0,0.0,0.0,0.0,0.0,0.0,0.0,0.0,0,0,0.0057542761634465376,,,,0.0
2020-04-02,False,100000.0,100000.0,0.0,0.0,0.0,0.0,0.0,0.0,0.0,0.0,0.0,0.0,0.0,0,0,0.0057542761634465376,,,,0.0
2020-04-03,False,100000.0,100000.0,0.0,0.0,0.0,0.0,0.0,0.0,0.0,0.0,0.0,0.0,0.0,0,0,0.0057542761634465376,,,,0.0
2020-04-04,False,100000.0,100000.0,0.0,0.0,0.0,0.0,0.0,0.0,0.0,0.0,0.0,0.0,0.0,0,0,0.0057542761634465376,,,,0.0
2020-04-05,False,100000.0,100000.0,0.0,0.0,0.0,0.0,0.0,0.0,0.0,0.0,0.0,0.0,0.0,0,0,0.0057542761634465376,,,,0.0
2020-04-06,False,100000.0,100000.0,0.0,0.0,0.0,0.0,0.0,0.0,0.0,0.0,0.0,0.0,0.0,0,0,0.0057542761634465376,,,,0.0
2020-04-07,False,100000.0,100000.0,0.0,0.0,0.0,0.0,0.0,0.0,0.0,0.0,0.0,0.0,0.0,0,0,0.0057542761634465376,,,,0.0
2020-04-08,False,100000.0,100000.0,0.0,0.0,0.0,0.0,0.0,0.0,0.0,0.0,0.0,0.0,0.0,0,0,0.0057542761634465376,,,,0.0
2020-04-09,False,100000.0,100000.0,0.0,0.0,0.0,0.0,0.0,0.0,0.0,0.0,0.0,0.0,0.0,0,0,0.0057542761634465376,,,,0.0
2020-04-10,False,100000.0,100000.0,0.0,0.0,0.0,0.0,0.0,0.0,0.0,0.0,0.0,0.0,0.0,0,0,0.0057542761634465376,,,,0.0
2020-04-11,False,100000.0,100000.0,0.0,0.0,0.0,0.0,0.0,0.0,0.0,0.0,0.0,0.0,0.0,0,0,0.0057542761634465376,,,,0.0
2020-04-12,False,100000.0,100000.0,0.0,0.0,0.0,0.0,0.0,0.0,0.0,0.0,0.0,0.0,0.0,0,0,0.0057542761634465376,,,,0.0
2020-04-13,False,100000.0,100000.0,0.0,0.0,0.0,0.0,0.0,0.0,0.0,0.0,0.0,0.0,0.0,0,0,0.0057542761634465376,,,,0.0
2020-04-14,False,100000.0,100000.0,0.0,0.0,0.0,0.0,0.0,0.0,0.0,0.0,0.0,0.0,0.0,0,0,0.0057542761634465376,,,,0.0
2020-04-15,False,100000.0,100000.0,0.0,0.0,0.0,0.0,0.0,0.0,0.0,0.0,0.0,0.0,0.0,0,0,0.0057542761634465376,,,,0.0
2020-04-16,False,100000.0,100000.0,0.0,0.0,0.0,0.0,0.0,0.0,0.0,0.0,0.0,0.0,0.0,0,0,0.0057542761634465376,,,,0.0
2020-04-17,False,100000.0,100000.0,0.0,0.0,0.0,0.0,0.0,0.0,0.0,0.0,0.0,0.0,0.0,0,0,0.0057542761634465376,,,,0.0
2020-04-18,False,100000.0,100000.0,0.0,0.0,0.0,0.0,0.0,0.0,0.0,0.0,0.0,0.0,0.0,0,0,0.0057542761634465376,,,,0.0
2020-04-19,False,100000.0,100000.0,0.0,0.0,0.0,0.0,0.0,0.0,0.0,0.0,0.0,0.0,0.0,0,0,0.0057542761634465376,,,,0.0
2020-04-20,False,100000.0,100000.0,0.0,0.0,0.0,0.0,0.0,0.0,0.0,0.0,0.0,0.0,0.0,0,0,0.0057542761634465376,,,,0.0
2020-04-21,False,100000.0,100000.0,0.0,0.0,0.0,0.0,0.0,0.0,0.0,0.0,0.0,0.0,0.0,0,0,0.0057542761634465376,,,,0.0
2020-04-22,False,100000.0,100000.0,0.0,0.0,0.0,0.0,0.0,0.0,0.0,0.0,0.0,0.0,0.0,0,0,0.0057542761634465376,,,,0.0
2020-04-23,False,100000.0,100000.0,0.0,0.0,0.0,0.0,0.0,0.0,0.0,0.0,0.0,0.0,0.0,0,0,0.0057542761634465376,,,,0.0
2020-04-24,False,100000.0,100000.0,0.0,0.0,0.0,0.0,0.0,0.0,0.0,0.0,0.0,0.0,0.0,0,0,0.0057542761634465376,,,,0.0
2020-04-25,False,100000.0,100000.0,0.0,0.0,0.0,0.0,0.0,0.0,0.0,0.0,0.0,0.0,0.0,0,0,0.0057542761634465376,,,,0.0
2020-04-26,False,100000.0,100000.0,0.0,0.0,0.0,0.0,0.0,0.0,0.0,0.0,0.0,0.0,0.0,0,0,0.0057542761634465376,,,,0.0
2020-04-27,False,100000.0,100000.0,0.0,0.0,0.0,0.0,0.0,0.0,0.0,0.0,0.0,0.0,0.0,0,0,0.0057542761634465376,,,,0.0
2020-04-28,False,100000.0,100000.0,0.0,0.0,0.0,0.0,0.0,0.0,0.0,0.0,0.0,0.0,0.0,0,0,0.0057542761634465376,,,,0.0
2020-04-29,False,100000.0,100000.0,0.0,0.0,0.0,0.0,0.0,0.0,0.0,0.0,0.0,0.0,0.0,0,0,0.0057542761634465376,,,,0.0
2020-04-30,False,100000.0,100000.0,0.0,0.0,0.0,0.0,0.0,0.0,0.0,0.0,0.0,0.0,0.0,0,0,0.0057542761634465376,,,,0.0
2020-05-01,False,100000.0,100000.0,0.0,0.0,0.0,0.0,0.0,0.0,0.0,0.0,0.0,0.0,0.0,0,0,0.0057542761634465376,,,,0.0
2020-05-02,False,100000.0,100000.0,0.0,0.0,0.0,0.0,0.0,0.0,0.0,0.0,0.0,0.0,0.0,0,0,0.0057542761634465376,,,,0.0
2020-05-03,False,100000.0,100000.0,0.0,0.0,0.0,0.0,0.0,0.0,0.0,0.0,0.0,0.0,0.0,0,0,0.0057542761634465376,,,,0.0
2020-05-04,False,100000.0,100000.0,0.0,0.0,0.0,0.0,0.0,0.0,0.0,0.0,0.0,0.0,0.0,0,0,0.0057542761634465376,,,,0.0
2020-05-05,False,100000.0,100000.0,0.0,0.0,0.0,0.0,0.0,0.0,0.0,0.0,0.0,0.0,0.0,0,0,0.0057542761634465376,,,,0.0
2020-05-06,False,100000.0,100000.0,0.0,0.0,0.0,0.0,0.0,0.0,0.0,0.0,0.0,0.0,0.0,0,0,0.0057542761634465376,,,,0.0
2020-05-07,False,100000.0,100000.0,0.0,0.0,0.0,0.0,0.0,0.0,0.0,0.0,0.0,0.0,0.0,0,0,0.0057542761634465376,,,,0.0
2020-05-08,False,99993.22296985354,100000.0,-5.552272995621895,0.6696927885295834,0.5550643623065526,-6.7770301464580305,-5.5522729956218945e-05,-6.77703014645803e-05,669.6927885295834,669.6927885295834,669.6927885295834,-5.552272995621895,0.0,4,5,0.0057542761634465376,2.134936737612352,4.85149178042871,0.009758392085228294,0.001674358680002092
2020-05-09,False,99981.54518651591,99993.22296985354,-10.587903107923907,0.023168445203609053,1.0667117845036935,-11.67778333763121,-0.00010588620701940972,-0.00011678574798165959,23.168445203609053,687.3089607375705,687.3089607375705,-10.587903107923907,0.0,5,5,0.0057542761634465376,2.2146507441387318,4.85149178042871,0.010000323448257244,0.0018004957403772255
2020-05-10,False,99913.80099593347,99981.54518651591,-67.33311588660723,0.03275079498043235,0.37832390084309275,-67.74419058243076,-0.0006734554438121263,-0.0006775669495410752,32.75079498043235,709.4718526100789,709.4718526100789,-67.33311588660723,0.0,5,5,0.0057542761634465376,2.2713257416378823,4.85149178042871,0.01036400967192739,0.0017768277067485038
2020-05-11,False,99902.2582322104,99913.80099593347,-11.332688580801369,0.013410400971009097,0.19666474130834422,-11.542763723080723,-0.00011342465673248296,-0.0001155272205443422,13.410400971009096,655.5491376944808,655.5491376944808,-11.332688580801369,0.0,5,5,0.0057542761634465376,1.9596605394977302,4.85149178042871,0.009664981648573587,0.001190554598843269
2020-05-12,False,99926.65440943798,99902.2582322104,25.057664548259464,0.36118734907622246,0.3002999716015916,24.39617722758165,0.00025082180314699225,0.00024420045812053383,361.18734907622246,1000.9999053386385,1000.9999053386385,25.057664548259464,0.0,5,5,0.0057542761634465376,2.051512423130991,4.85149178042871,0.010490905663270404,0.0022457514915415855
2020-05-13,False,99971.52501704366,99926.65440943798,45.25612267960665,0.08987090870300728,0.29564416522192727,44.87060760568171,0.0004528934041379479,0.00044903542374019205,89.87090870300727,1033.5189672961792,985.4805507397576,46.08301345639751,-0.8268907767908614,5,5,0.0057542761634465376,1.8258110052249896,4.85149178042871,0.009669582978478725,0.002239181219189716
2020-05-14,False,100003.12521245022,99971.52501704366,31.93161763758291,0.03171604142842582,0.29970618959728157,31.600195406557205,0.00031940712750094634,0.0003160919611976494,31.716041428425825,1112.1449129577932,999.0206319909383,34.12777047727225,-2.1961528396893373,5,5,0.0057542761634465376,1.7100959556708195,4.85149178042871,0.009632929946133786,0.0019090354537359946
2020-05-15,False,99950.19479952405,100003.12521245022,-52.26771704806787,0.3330241814224037,0.32967169668851526,-52.93041292617879,-0.0005226608362191528,-0.0005292875879001934,333.0241814224037,1481.4930176971586,1363.976431050925,-53.141696239372806,0.8739791913049342,6,7,0.0057542761634465376,2.3253427001720413,6.796488387749953,0.01331299262937031,0.002295977655839579
2020-05-16,False,99963.2843687384,99950.19479952405,13.463771279958475,0.022492764387778544,0.35170930121223,13.089569214358468,0.00013470480279666837,0.00013096091749108626,22.492764387778543,1438.5753877760271,1289.2159496150787,14.877282510697633,-1.4135112307391584,7,7,0.0057542761634465376,2.1099726166489674,6.796488387749953,0.012418736837386134,0.003166706476859212
2020-05-17,False,99990.3729480335,99963.2843687384,27.389513907740916,0.035505851729378674,0.2654287609159852,27.088579295095553,0.0002739957383423714,0.00027098528690967045,35.505851729378676,1469.3412611798901,1267.1738691656583,27.355336423689437,0.0341774840514808,7,7,0.0057542761634465376,1.9884354280809329,6.796488387749953,0.012131136784888185,0.0031488201530679824
2020-05-18,False,100013.97752709157,99990.3729480335,23.920060622926247,0.007949968414220823,0.3075315964419753,23.60457905807005,0.0002392236364130561,0.00023606851701951051,7.949968414220823,1504.6123885337488,1286.6134146591785,26.69916844511357,-2.779107822187324,7,7,0.0057542761634465376,1.9367265602135453,6.796488387749953,0.012308684649674887,0.003038081268139284
2020-05-19,False,100018.37695427079,100013.97752709157,4.791385640565629,0.0,0.39195846134756046,4.399427179218068,4.790716016936481e-05,4.398812334032371e-05,0.0,1534.0906648010496,1310.5334752821045,4.757504302065277,0.03388133850035202,7,7,0.0057542761634465376,2.1140565131299303,6.796488387749952,0.012037586683832716,0.0030839490293586313
2020-05-20,False,99984.49752161503,100018.37695427079,-33.46312741744196,0.008360719872003245,0.4079445184400111,-33.87943265575397,-0.00033456979043702714,-0.00033873207791848016,8.360719872003244,1547.175007636618,1323.6855807946736,-36.29997924502855,2.8368518275865906,7,7,0.0057542761634465376,2.2381792136364127,6.796488387749953,0.012114893036095007,0.0025306299332431346
2020-05-21,False,99922.0167637704,99984.49752161503,-62.198228641217405,0.009455437767968191,0.27307376564640645,-62.48075784463178,-0.0006220787240319046,-0.0006249044541242452,9.455437767968192,1517.493614331971,1299.6778911451997,-67.27008677228812,5.071858131070719,7,7,0.0057542761634465376,2.144694390104237,6.796488387749953,0.011926389130234588,0.0028437114225937253
2020-05-22,False,100009.04860658768,99922.0167637704,89.23679429347638,1.6551233191283128,0.5498281570664354,87.03184281728164,0.0008930643834425862,0.0008709976603358304,1655.1233191283127,2831.755686090719,2532.851033624466,95.36431048664186,-6.127516193165489,10,10,0.0057542761634465376,4.317047084710585,9.52229240724034,0.02419566129407163,0.005104974294890509
2020-05-23,False,99991.22047932526,100009.04860658768,-17.201488942163877,0.0613831919306501,0.5652551283194697,-17.828127262413997,-0.0001719993258793065,-0.00017826514211274723,61.383191930650106,2942.9768926606494,2581.689353849999,-18.581978416785393,1.380489474621518,10,10,0.0057542761634465376,4.2357248792327065,9.52229240724034,0.024177025153537604,0.004642791538566107
2020-05-24,False,99894.37947408659,99991.22047932526,-96.23472618534157,0.052410541233892376,0.5538685121035396,-96.841005238679,-0.0009624317587486553,-0.0009684950816127141,52.410541233892374,2930.795827920675,2525.7411752402027,-104.42604192962364,8.19131574428206,10,10,0.0057542761634465376,4.082472930471275,9.52229240724034,0.023626105941791292,0.00452752126491238
2020-05-25,False,99956.12501438103,99894.37947408659,62.265641666138656,0.1259460507616051,0.39415532093488503,61.745540294442165,0.0006233147649942695,0.0006181082521310367,125.9460507616051,2837.033269042696,2303.560398293256,69.8501371566239,-7.584495490485242,10,10,0.0057542761634465376,3.6299028283849144,9.52229240724034,0.021732248584778572,0.0047903418014704794
2020-05-26,False,99929.25974195433,99956.12501438103,-26.297492117109023,0.05811105769072665,0.5096692519073784,-26.86527242670713,-0.0002630903520252062,-0.0002687706473499441,58.11105769072665,2900.8201002900228,2307.714982268668,-29.717819247782614,3.42032713067359,10,10,0.0057542761634465376,3.4609434644353474,9.52229240724034,0.0217340812488512,0.004282671751363517
2020-05-27,False,99973.63913443209,99929.25974195433,44.84064399889805,0.10380370421754974,0.35744781692043737,44.37939247776007,0.0004487238684114073,0.000444108087985043,103.80370421754974,2905.4791595129145,2177.6137859340097,54.112445933953346,-9.2718019350553,10,10,0.0057542761634465376,3.2123784552498265,9.52229240724034,0.020328009285593297,0.004473910386613473
2020-05-28,False,100069.1698052496,99973.63913443209,95.80834268893406,0.018433583744521725,0.25923828767202856,95.5306708175175,0.0009583360525678468,0.0009555586016935901,18.433583744521727,2950.4298236374016,2204.020846188386,105.2688618255086,-9.46051913657454,10,10,0.0057542761634465376,3.1601825338579346,9.52229240724034,0.02054051431878689,0.004448596065806283
2020-05-29,False,100057.64813454314,100069.1698052496,-11.136547302916508,0.007111080489430947,0.3780123230680442,-11.521670706473982,-0.00011128849499391257,-0.00011513706697973982,7.111080489430947,3058.0481241100533,2292.7181083878886,-12.759591796333659,1.6230444934171515,10,10,0.0057542761634465376,3.3665920609588027,9.517990132649318,0.021142213826130983,0.00394357598498585
2020-05-30,False,100187.78419529457,100057.64813454314,130.74697108950414,0.01669407382148148,0.5942162642416127,130.13606075144105,0.0013067164132590286,0.0013006108296334607,16.69407382148148,3060.3595616417842,2298.2756349064534,154.18792126199227,-23.440950172488105,10,10,0.0057542761634465376,3.5180574677712,9.51799013264932,0.021031097609047453,0.0035767585690785106
2020-05-31,False,100105.36467507026,100187.78419529457,-81.41055956227171,0.08507681528543547,0.92388384675048,-82.41952022430763,-0.0008125796993731223,-0.0008226503948190777,85.07681528543546,3215.0966749927925,2472.7393639735683,-99.32876823400683,17.918208671735126,10,10,0.0057542761634465376,4.130862964409842,9.517990132649318,0.022779597128165855,0.003977741227008012
2020-06-01,False,100277.04951243741,100105.36467507026,172.31139447632722,0.02824564401725499,0.5983114651571052,171.68483736715285,0.001721300302292778,0.0017150413259511194,28.24564401725499,3109.7393783060807,2419.5744484285515,193.10056934107467,-20.789174864747473,10,10,0.0057542761634465376,4.267142434732205,9.517990132649318,0.022383045208325396,0.004059732178577754
2020-06-02,False,100206.27829101188,100277.04951243741,-66.51457491978437,0.1994246439115648,4.057221861837181,-70.77122142553311,-0.0006633080574586963,-0.0007057569181545905,199.42464391156483,3140.5990802817205,2779.1186311348474,-70.74197070836266,4.227395788578293,10,10,0.0057542761634465376,4.852398067917468,9.517990132649318,0.025869332994498402,0.004379610209468106
2020-06-03,False,100267.86573540956,100206.27829101188,62.9458651735763,0.10558646287418647,1.2528343130198087,61.587444397682304,0.0006281628880654906,0.0006146066438953502,105.58646287418645,3048.654926152013,2818.1905190892494,63.93261273537231,-0.9867475617960091,10,10,0.0057542761634465376,5.071799483686854,9.51799013264932,0.026521905030737137,0.004552527843629986
2020-06-04,False,100251.62030503491,100267.86573540956,-14.349747639897984,0.6100501528446409,1.2856325819128056,-16.24543037465543,-0.00014311412270172992,-0.00016202030686007074,610.0501528446409,3698.331615624117,2522.453461547283,-7.704474714145725,-6.645272925752259,10,10,0.0057542761634465376,4.5224865627171615,9.517990132649318,0.02379278080947368,0.004442107947722548
2020-06-05,False,100151.01761668833,100251.62030503491,-93.59813037179353,3.461183882204452,3.54337409258194,-100.60268834657992,-0.0009336320957906031,-0.0010035018690019853,3461.183882204452,5399.784615542239,4938.5968438519785,-92.46273944822326,-1.1353909235702786,14,14,0.0057542761634465376,8.833781952031414,13.08971069700641,0.04767300560876005,0.007175724289910204
2020-06-06,False,100180.72586061998,100151.01761668833,34.27898723469265,0.3154023163811852,4.255340986663738,29.708243931647722,0.00034227297985018864,0.00029663446901110057,315.4023163811852,5589.651668624569,5160.40102986137,31.962007467724362,2.3169797669682852,14,14,0.0057542761634465376,9.069118799329,13.089710697006408,0.048403876150612174,0.007017333592561382
2020-06-07,False,100169.9919283623,100180.72586061998,-7.953840256581338,0.10037200220783175,2.6797199988862963,-10.733932257675466,-7.939491542162914e-05,-0.00010714568261972301,100.37200220783174,5676.802918234929,5295.052019303894,-7.70456885384691,-0.2492714027344284,14,14,0.0057542761634465376,9.2030973930785,13.08971069700641,0.049327775004053505,0.006845199810728741
2020-06-08,False,100225.49326472932,100169.9919283623,58.425872280352294,0.15331416524384966,2.771221748088359,55.50133636702009,0.0005832672156161918,0.0005540714868651731,153.3141652438497,5783.005077082784,5440.412344291162,59.66176705445867,-1.2358947741063737,14,14,0.0057542761634465376,9.289470631311016,13.08971069700641,0.050004510631859136,0.006926262187188778
2020-06-09,False,100134.5424831504,100225.49326472932,-86.8365285298112,0.06410854558347949,4.050144503509727,-90.95078157890441,-0.0008664115855279122,-0.00090746155111128,64.10854558347948,5876.963960875943,5562.946762154995,-87.66007541650254,0.8235468866913378,14,14,0.0057542761634465376,9.346219765275816,13.08971069700641,0.05080286110040835,0.006619354198628901
2020-06-10,False,100218.0579418767,100134.5424831504,87.90298097880888,0.16356850701935063,4.223953745490104,83.51545872629943,0.0008778487303080281,0.0008340324592819959,163.56850701935065,5937.942066779378,5639.678740644534,89.58718934855469,-1.6842083697458128,14,14,0.0057542761634465376,9.400678867395465,13.08971069700641,0.05041485872680988,0.007036534774588711
2020-06-11,False,99685.71219462273,100218.0579418767,-527.714942698639,0.06232600162792676,4.568478553701476,-532.3457472539684,-0.0052656672214172915,-0.005311874508311786,62.32600162792676,6028.423896125018,5768.923185557642,-538.9128527382974,11.197910039658373,14,14,0.0057542761634465376,9.252033876938913,13.08971069700641,0.051472637228276025,0.006289718810805738
2020-06-12,False,99911.08836159307,99685.71219462273,231.66108672684516,3.6890795765056406,2.5958401799997493,225.37616697033977,0.002323914647613276,0.0022608672999228177,3689.079576505641,7269.01006932909,7028.976644332028,234.79413680277224,-3.133050075927084,18,18,0.0057542761634465376,11.754759650510392,16.873691236630414,0.06766714060232262,0.01068125723884683
2020-06-13,False,99969.23212779993,99911.08836159307,61.43255984080995,0.1900978182695685,3.0986958156800286,58.14376620686035,0.000614872291436526,0.000581955087872023,190.0978182695685,7330.106906394341,7070.539912789303,61.42230418924034,0.010255651569606252,18,18,0.0057542761634465376,11.079889629608127,16.873691236630414,0.06814413002802745,0.008600682960511257
2020-06-14,False,99723.01615009946,99969.23212779993,-242.37886871527917,0.6248653412838637,3.212243643902665,-246.2159777004657,-0.0024245346648799283,-0.002462917564333244,624.8653412838637,6783.920026025098,6507.107131346251,-244.28996431371496,1.911095598435778,17,17,0.0057542761634465376,9.895447400657224,15.93766590324396,0.0629312036267217,0.010017400941938504
2020-06-15,False,99744.90355459435,99723.01615009946,24.357167305572872,0.3344786707286923,2.135284139947185,21.887404494896995,0.00024424820112652177,0.00021948197457197712,334.4786707286923,6368.247883772712,5930.249591902279,22.207139627691852,2.1500276778810203,17,17,0.0057542761634465376,9.032831585630786,15.93766590324396,0.057737713032119324,0.009556065456753849
2020-06-16,False,99809.42290319584,99744.90355459435,66.22629966540893,0.3982087804984074,1.3087422834213758,64.51934860148914,0.0006639567266628379,0.0006468435609462005,398.2087804984074,6241.5530246784965,5556.397978709444,69.62474478416965,-3.398445118760714,17,17,0.0057542761634465376,8.230884748312684,15.93766590324396,0.053493308977246114,0.009667507106276627
2020-06-17,False,99895.42437824843,99809.42290319584,89.06563914137908,0.47349417755827833,2.590669911238024,86.00147505258278,0.00089235701951471,0.0008616568711753273,473.49417755827835,5984.6911620431365,5149.130100816576,90.053106215107,-0.9874670737279115,17,17,0.0057542761634465376,7.519663645932663,15.93766590324396,0.049694269620582404,0.009613630308419175
2020-06-18,False,99817.12345407763,99895.42437824843,-75.64934998615567,1.0409940026856432,1.6105801819492698,-78.30092417079058,-0.0007572854358144938,-0.0007838289356908733,1040.9940026856432,5656.639918241377,5301.558124555,-78.5171268766496,2.8677768904939196,16,16,0.0057542761634465376,7.839821124518025,15.012633518059221,0.05002016919001086,0.008734778113227905
2020-06-19,False,99725.58586954365,99817.12345407763,-86.22035647100317,2.960081350859763,2.357146712120754,-91.53758453398369,-0.0008637832216300056,-0.0009170529200442941,2960.081350859763,6312.349583949004,5930.36019155028,-88.2265906262075,2.00623415520434,19,19,0.0057542761634465376,9.88834839009448,17.82007445034003,0.057227118624917035,0.009542787424021815
2020-06-20,False,99771.37769339928,99725.58586954365,48.75789642078287,0.6727668435159015,2.293305721638247,45.79182385562872,0.0004889206315074015,0.0004591782886643699,672.7668435159015,6667.341470127229,6228.443936972214,49.06729465623813,-0.309398235455266,19,19,0.0057542761634465376,9.928083053446867,17.82007445034003,0.05908233135804588,0.009277713485296794
2020-06-21,False,99802.09569970609,99771.37769339928,30.886290135384762,0.22447686427011485,-0.05619303569405476,30.7180063068087,0.0003095706489119489,0.0003078839544664417,224.47686427011485,6542.641329537227,6070.185515935075,28.60386680524086,2.282423330143903,19,19,0.0057542761634465376,9.332752479499764,17.82007445034003,0.057589775374669305,0.009338787187757859
2020-06-22,False,100133.09623246589,99802.09569970609,329.03502316966717,0.9154732275410659,-2.8809828176779737,331.0005327598041,0.0032968748888770696,0.003316568960192475,915.4732275410659,6458.363300305698,5979.135848517525,337.48633017329973,-8.4513070036325,18,18,0.0057542761634465376,8.9931154104241,16.890988991428056,0.05701751770378798,0.008939543407534256
2020-06-23,False,100319.0465662931,100133.09623246589,188.23164709668958,1.1197715690219607,1.1615417004642725,185.95033382720334,0.0018798145086784976,0.0018570316990449073,1119.7715690219607,7126.202443352925,6560.303456116252,187.64730618572676,0.5843409109628394,19,19,0.0057542761634465376,9.759945054093734,17.820074450340034,0.061354138949783955,0.010159122055307878
2020-06-24,False,100144.67013434372,100319.0465662931,-174.55960388498102,0.19785158180669554,-0.3810235174127903,-174.37643194937493,-0.001740044486663139,-0.001738218592758884,197.85158180669555,7222.763748940407,6606.389083356634,-183.9752018706147,9.415597985633692,19,19,0.0057542761634465376,9.983412192696006,17.82007445034003,0.06188299035011243,0.009786896093193106
2020-06-25,False,100186.98081345718,100144.67013434372,43.53160802072573,0.10380294432264144,1.1171259629433585,42.31067911345973,0.00043468721762554346,0.00042249556623133417,103.80294432264144,7133.1758934068,6356.339335066933,40.8293087774495,2.7022992432762294,19,19,0.0057542761634465376,9.654141319857382,17.820074450340034,0.05994629702285016,0.008829069447911127
2020-06-26,False,100164.24150528642,100186.98081345718,-27.813838950932638,2.8787457541103576,-7.953276534288478,-22.73930817075452,-0.00027761929469379384,-0.00022696869379758934,2878.7457541103577,7434.554797919036,6298.964965553761,-30.677848901622493,2.864009950689855,20,20,0.0057542761634465376,10.496029061048361,18.735860416831432,0.06263365113205466,0.010699910394035091
2020-06-27,False,99914.57619072542,100164.24150528642,-262.34306049385634,0.2769444466561891,-12.954690379514332,-249.66531456099824,-0.002619128908194353,-0.002492559328648453,276.94444665618914,7419.90087178535,6035.0830069987915,-306.86655719825535,44.52349670439906,20,20,0.0057542761634465376,10.04135194855429,18.735860416831432,0.060251085848300294,0.01071666578178089
2020-06-28,False,99937.95528374413,99914.57619072542,23.977738300121025,0.7188954519032577,-0.1202501704940794,23.379093018711846,0.00023998238509614737,0.00023399081405383584,718.8954519032577,7639.7549815016,5211.804456362163,54.09010364700499,-30.112365346883955,20,20,0.0057542761634465376,8.896774242812354,18.735860416831432,0.053624580065701956,0.010436969554638149
2020-06-29,False,99962.3334482929,99937.95528374413,23.829711996225683,0.4745249215930981,-1.0229774741392086,24.378164548771792,0.00023844506252472642,0.0002439329930210923,474.52492159309816,8121.915119528809,4854.047497808805,52.47362731176255,-28.643915315536866,20,20,0.0057542761634465376,8.178343565519691,18.735860416831432,0.05019097350435636,0.01041689820845663
2020-06-30,False,99933.1962857344,99962.3334482929,-28.065018706432063,0.25168448748455324,0.8204593645836804,-29.137162558500297,-0.0002807559381449327,-0.000291481416583497,251.68448748455327,8402.613424921792,4701.343139654682,-58.35595485487278,30.290936148440707,20,20,0.0057542761634465376,7.80017496066489,18.735860416831436,0.048437923348744395,0.010119352272948056
2020-07-01,False,100181.80306442177,99933.1962857344,248.37504465194857,0.29310879578287746,-0.5248428311979128,248.6067786873636,0.002485410793244131,0.002487729682702569,293.10879578287745,8565.050758156833,4455.895300569161,262.69952994642597,-14.324485294477373,20,20,0.0057542761634465376,7.327651665801165,18.73586041683143,0.0463270865517328,0.010430683801942262
2020-07-02,False,100102.68481959314,100181.80306442177,-79.70774559502415,0.2860750510406256,-0.875575817441517,-79.11824482862326,-0.0007956309744571896,-0.0007897466646487326,286.07505104062557,8994.835108661251,4418.195294180485,-112.32781145420408,32.62006585917994,20,20,0.0057542761634465376,7.034289154279665,18.735860416831432,0.047135360823948966,0.010965204457971204
2020-07-03,False,100189.46142709478,100102.68481959314,84.69599117169358,0.24616853873056702,-2.326784868681,86.77660750164401,0.0008460911045925913,0.0008668759250367198,246.16853873056704,8997.741909056502,4135.101237716199,81.55895543861595,3.1370357330776377,20,20,0.0057542761634465376,6.677636524008092,18.703431091932003,0.04452823612615073,0.011094724010901039
2020-07-04,False,100549.73570253863,100189.46142709478,352.7952454250752,0.2796061175193493,-7.758636136293987,360.2742754438499,0.00352128098504447,0.0035959298544189894,279.60611751934925,9054.54399003323,3940.191111368544,394.5096421370981,-41.714396712022904,20,20,0.0057542761634465376,6.525476507887909,18.703431091932,0.042991705414595634,0.010874975486549776
2020-07-05,False,100804.05428436132,100549.73570253863,248.27102170298207,0.4865731362526958,-6.534133255960837,254.3185818226902,0.002469136492187854,0.002529281455050799,486.5731362526958,9080.874578195508,3858.7166445442185,233.07028801866755,15.200733684314462,20,20,0.0057542761634465376,6.433946123893982,18.703431091932003,0.04302511586767285,0.01078314924912394
2020-07-06,False,100954.38991977429,100804.05428436132,151.42546012544472,0.5749466697189808,0.5148780427642848,150.33563541296147,0.001502176288448517,0.0014913649701913272,574.9466697189807,8940.8189456399,3860.214199254203,339.87634092444233,-188.45088079899762,20,20,0.0057542761634465376,6.4829848998148645,18.703431091932,0.043629395221753665,0.011213482227005014
2020-07-07,False,101258.21010368013,100954.38991977429,307.9602954764723,0.38564357582386627,3.7544679948069755,303.8201839058415,0.003050489391508383,0.003009479668464929,385.6435758238663,9306.008939685005,4064.5670099473523,346.4569965917702,-38.49670111529784,20,20,0.0057542761634465376,7.046388166993061,18.703431091932003,0.04567203384865003,0.009822221966414088
2020-07-08,False,101708.23056961478,101258.21010368013,456.8243578196322,0.6992379474413508,6.104653937542303,450.02046593464854,0.004511479684974496,0.004444286201324953,699.2379474413508,9528.460516400934,4359.62193076799,616.5967674331862,-159.77240961355386,20,20,0.0057542761634465376,7.732096687711786,18.703431091932003,0.047583514450239096,0.009643166341059353
2020-07-09,False,101567.7639642271,101708.23056961478,-129.93343458693573,1.4108815273722954,9.122289273385066,-140.46660538769308,-0.0012775115038305778,-0.001381074123510092,1410.8815273722953,10104.235569253471,5322.845579683997,-163.1055043600798,33.172069773144045,20,20,0.0057542761634465376,9.42260495393371,18.703431091932003,0.056243040919913036,0.00917739408972198
2020-07-10,False,101570.57997730745,101567.7639642271,9.281424007506146,2.6651680949074996,3.8002428322432813,2.816013080355365,9.138159239948545e-05,2.7725461016816173e-05,2665.1680949074994,10046.64187738256,5821.985494796621,-39.937623619671825,49.21904762717797,20,20,0.0057542761634465376,10.629760177606867,18.572561727305903,0.06006099073701815,0.009081200367257982
2020-07-11,False,101605.27574081045,101570.57997730745,37.810652727951066,0.2683623810552991,2.8465268439008957,34.69576350299487,0.000372259888014803,0.0003415926492764586,268.3623810552991,10034.914573095743,6099.629299859426,76.65788694195447,-38.84723421400342,20,20,0.0057542761634465376,11.069031388860674,18.572561727305903,0.06206059726901831,0.008972218258073776
2020-07-12,False,101849.48597547518,101605.27574081045,250.60031184108152,0.44502959462153996,5.945047581726177,244.2102346647338,0.002466410430107481,0.002403519235435184,445.0295946215399,9957.913478153143,6578.028708701661,253.1095781311204,-2.5092662900389024,20,20,0.0057542761634465376,11.514257571570685,18.572561727305903,0.06552117686310292,0.008982434048128284
2020-07-13,False,101807.72994356065,101849.48597547518,-27.94439599545553,0.47643862379996615,13.335197295276002,-41.7560319145315,-0.00027436953390402375,-0.00040997783655566145,476.43862379996614,9809.043542277497,7003.885589225101,-59.237654956354575,31.293258960899045,20,20,0.0057542761634465376,11.994242704789587,18.572561727305903,0.06915272346401632,0.008445895076474913
2020-07-14,False,102006.43422188502,101807.72994356065,201.2819583844364,0.31047281004159133,2.2672072500288287,198.70427832436596,0.001977079328809526,0.0019517602291547215,310.4728100415913,9926.207033970326,7258.225764407653,204.46317340149335,-3.1812150170569664,20,20,0.0057542761634465376,12.35499425101349,18.572561727305903,0.07126695754943417,0.009103503787299799
2020-07-15,False,102096.70283622316,102006.43422188502,98.25874003151068,0.32232875200493094,7.667796941359018,90.26861433814673,0.0009632602176621297,0.0008849305931211544,322.32875200493095,10134.627179743235,7562.223594290943,79.9182175383666,18.340522493144086,20,20,0.0057542761634465376,12.688494044015174,18.572561727305903,0.07370222171613725,0.008935567492230574
2020-07-16,False,101949.59600597613,102096.70283622316,-142.76059588069194,0.21121362779356181,4.135020738546377,-147.1068302470319,-0.001398288014351444,-0.0014408577961916265,211.2136277935618,10270.806206058312,7735.083665592309,-175.1816779595755,32.421082078883565,20,20,0.0057542761634465376,12.93208595936897,18.572561727305903,0.07510176197426167,0.00885459118173226
2020-07-17,False,102063.6628942334,101949.59600597613,122.5261944538432,2.123761468305309,6.335544728254825,114.06688825728307,0.0012018310935401932,0.0011188557162168317,2123.7614683053093,10981.710558240926,9716.084538016927,120.84643942484149,1.6797550290017302,20,20,0.0057542761634465376,15.860044095157773,18.489147403531618,0.08966115284857216,0.008525864704169885
2020-07-18,False,102031.2341069467,102063.6628942334,-27.58845197202966,0.05667184156105542,4.7836634731159595,-32.42878728670667,-0.00027030630872633914,-0.00031773097659949746,56.671841561055416,11157.54908419782,9895.282574031826,-20.112369594737416,-7.476082377292247,20,20,0.0057542761634465376,15.896419078377326,18.48914740353162,0.09092934665563697,0.00835751378124519
2020-07-19,False,101999.52927070847,102031.2341069467,-25.481862742633375,0.1368452890408804,6.086128206540117,-31.704836238214373,-0.00024974570743625324,-0.0003107365750862341,136.84528904088037,11156.325237181562,9901.373213447987,-18.33299608452528,-7.148866658108099,20,20,0.0057542761634465376,15.869069834212732,18.489147403531618,0.09103049233158826,0.009028320480649466
2020-07-20,False,101382.92413036319,101999.52927070847,-604.1724707601845,0.09348664721189374,12.339182937894737,-616.6051403452911,-0.005923286853184396,-0.006045176333204546,93.48664721189374,11128.32538723665,9891.31083259151,-614.7099144639182,10.537443703733596,20,20,0.0057542761634465376,15.873162146238364,18.489147403531618,0.09082565372525801,0.008740987746407945
2020-07-21,False,101805.77871325448,101382.92413036319,429.2204904572253,0.2919146968475152,6.073992869093834,422.85458289128394,0.004233656645228661,0.004170865917691983,291.9146968475152,10764.880330741926,9548.94066350425,447.6312020467417,-18.410711589516403,20,20,0.0057542761634465376,15.894809784686771,18.48914740353162,0.08827198515043783,0.010979969267412874
2020-07-22,False,101956.50157370286,101805.77871325448,158.38226990930593,0.06764793029958209,7.591761530623296,150.72286044838305,0.0015557296639850322,0.0014804941561609004,67.6479302995821,11181.02844428936,9960.706528308132,174.6137174964743,-16.231447587168404,20,20,0.0057542761634465376,15.956441412934314,18.48914740353162,0.09141652391322173,0.009666482002954785
2020-07-23,False,101977.26515122547,101956.50157370286,34.507043834333714,0.06913630282518425,13.674330008901592,20.763577522606937,0.00033844868450482363,0.00020365133367779642,69.13630282518425,11302.73730654782,10105.303548592961,37.517794680876186,-3.010750846542463,20,20,0.0057542761634465376,16.077379511126416,18.48914740353162,0.09229644722666633,0.009435651235810997
2020-07-24,False,101664.5902644237,101977.26515122547,-299.15904448448407,0.7937365450045745,12.72210577226558,-312.6748868017542,-0.002933585677561084,-0.003066123477013021,793.7365450045745,12026.335690073534,10920.986118582456,-310.84077116767963,11.681726683195501,22,22,0.0057542761634465376,18.060765315414656,20.317883793539398,0.0981825799597429,0.012215314088127137
2020-07-25,False,102069.85909597336,101664.5902644237,421.98730199905697,0.6676704963635959,16.050799953042898,405.2688315496505,0.00415077954774118,0.003986332217496473,667.6704963635959,12338.537331850188,11289.49757046157,460.9706586166592,-38.98335661760219,22,22,0.0057542761634465376,18.61877807560151,20.317883793539394,0.10124831389784765,0.012174659434898117
2020-07-26,False,101816.86657748492,102069.85909597336,-217.06709440503695,0.10977082269857827,35.81565326069843,-252.99251848843397,-0.0021266522392368054,-0.002478621218145823,109.77082269857826,12729.234098608973,11741.637417412101,-223.662408368455,6.595313963418055,22,22,0.0057542761634465376,18.799288077399698,20.317883793539398,0.1048444125324692,0.010724788403193743
2020-07-27,False,101390.90161924477,101816.86657748492,-404.42203514823024,0.10845845326444688,21.434464638648876,-425.9649582401436,-0.003972053440089477,-0.0041836384536149,108.45845326444686,12505.191888258385,11622.319403325415,-369.81878588465025,-34.60324926358,22,22,0.0057542761634465376,18.942387011950355,20.317883793539398,0.10383177198908351,0.011467923886867223
2020-07-28,False,101600.68199285309,101390.90161924477,230.18716327665373,0.5738013655480259,19.832988302797723,209.78037360830797,0.0022702940757059254,0.002069025625160138,573.8013655480258,12199.786020844682,11601.591074156473,246.70348621224068,-16.516322935586924,22,22,0.0057542761634465376,19.19454668176852,20.317883793539398,0.10406375256249718,0.013871018978187473
2020-07-29,False,101402.78936129247,101600.68199285309,-170.36952704680147,0.27503461328769274,27.248069900531725,-197.89263156062088,-0.001676854167758301,-0.0019477490473394782,275.03461328769276,12302.18910960773,12106.81285072082,-170.1808454792598,-0.18868156754163912,22,22,0.0057542761634465376,19.49769443115588,20.317883793539398,0.10792718512765402,0.011930108921712129
2020-07-30,False,101588.80477990006,101402.78936129247,209.49157640163736,0.22841134309371888,23.247746450946337,186.01541860759733,0.0020659350469663176,0.0018344211217389177,228.41134309371887,12164.854666767736,12164.854666767736,209.49157640163736,0.0,22,22,0.0057542761634465376,19.6855416669711,20.317883793539398,0.10635542843562208,0.012707826641315626
2020-07-31,False,101804.94817357052,101588.80477990006,241.6914883950828,4.574216283838637,20.973878440781952,216.14339367046222,0.0023791153849946948,0.002127630048790843,4574.2162838386375,13053.828273686366,13053.828273686366,241.6914883950828,0.0,24,24,0.0057542761634465376,20.95059630538042,22.039976081941166,0.11401059754256117,0.015021998987934012
2020-08-01,False,102780.39195481219,101804.94817357052,1004.6804997695593,0.4792435014630663,28.757475026417914,975.4437812416784,0.0098686804305096,0.009581496761617255,479.2435014630663,13591.760162502878,13591.760162502878,1004.6804997695593,0.0,24,24,0.0057542761634465376,21.27195642496907,22.039976081941166,0.11619179839160107,0.014616291998516214
2020-08-02,False,101859.91399211907,102780.39195481219,-876.0322362351701,0.5551641749442399,43.89056228300733,-920.4779626931216,-0.008523340099931912,-0.008955774006950796,555.1641749442399,14080.440690285015,14080.440690285015,-876.0322362351701,0.0,24,24,0.0057542761634465376,21.517636727493404,22.039976081941166,0.12085262250074044,0.012623244940801198
2020-08-03,False,102222.39228372533,101859.91399211907,379.131879821029,0.1675511721447926,16.486037042609553,362.47829160627464,0.003722091104949907,0.0035585960894716612,167.5511721447926,13371.959626194639,13371.959626194639,379.131879821029,0.0,24,24,0.0057542761634465376,21.463983821844277,22.039976081941163,0.11731648756627694,0.012260765890599996
2020-08-04,False,102766.77901516441,102222.39228372533,564.5765663122768,0.0961223733858774,20.093712499816,544.3867314390749,0.005523022438618492,0.005325513513008889,96.1223733858774,13660.614175706844,13660.614175706844,564.5765663122768,0.0,24,24,0.0057542761634465376,21.460795193120703,22.039976081941166,0.11937427835446644,0.010836704357457889
2020-08-05,False,102870.8916264044,102766.77901516441,131.63058146065129,0.2532778960049698,27.26469232466964,104.11261123997669,0.0012808670537511708,0.001013095985275686,253.2778960049698,14023.370549069865,14023.370549069865,131.63058146065129,0.0,24,24,0.0057542761634465376,21.462920577937247,22.03997608194117,0.12227105653450744,0.012864867509836054
2020-08-06,False,103125.51934057295,102870.8916264044,289.4402312218923,0.17004581348756806,34.64247123984191,254.62771416856285,0.0028136261545496336,0.002475216362402037,170.04581348756807,13987.67104334292,13987.67104334292,289.4402312218923,0.0,24,24,0.0057542761634465376,21.44989127287847,22.039976081941166,0.12207364392172768,0.01124034194965436
2020-08-07,False,102733.42965465774,103125.51934057295,-361.1006922087446,0.14467413330714132,30.844319573158764,-392.0896859152105,-0.0035015648359181233,-0.0038020626555133343,144.67413330714132,14136.094253663232,14136.094253663232,-361.1006922087446,0.0,24,24,0.0057542761634465376,21.37958867695011,21.97755879485106,0.1228692287732547,0.012522309345535488
2020-08-08,False,103550.62124210226,102733.42965465774,833.2218245254265,0.07054561383561679,15.959691467065944,817.191587444525,0.008110522809628111,0.007954485606014956,70.54561383561679,13707.475395083278,13707.475395083278,833.2218245254265,0.0,24,24,0.0057542761634465376,21.360374697495764,21.97755879485106,0.11958231954333963,0.010744654837592458
2020-08-09,False,103900.24205770648,103550.62124210226,379.53498739583017,0.5324006464852656,29.381771145135193,349.6208156042097,0.0036652120754396443,0.0033763275527511627,532.4006464852656,14012.107639992522,14012.107639992522,379.53498739583017,0.0,24,24,0.0057542761634465376,21.390022672558324,21.97755879485106,0.12250509516699365,0.012895210955340821
2020-08-10,False,104187.35605817821,103900.24205770648,332.06219445362416,0.4639733015405113,44.48422068035386,287.11400047172975,0.0031959713267000465,0.0027633621903620383,463.97330154051133,13930.003539252351,13930.003539252351,332.06219445362416,0.0,24,24,0.0057542761634465376,21.434649649918445,21.977558794851056,0.12212172142335595,0.011631407069214719
2020-08-11,False,103202.98864498638,104187.35605817821,-942.3722530005967,0.2079209225735619,41.787239268648136,-984.3674131918184,-0.009044977132103978,-0.00944805061222734,207.92092257356188,14136.039111800474,14136.039111800474,-942.3722530005967,0.0,24,24,0.0057542761634465376,21.55950042322055,21.97755879485106,0.12041885656150134,0.012064774780101165
2020-08-12,False,103884.8077662273,103202.98864498638,702.2304871115178,0.18453900843185492,20.226826862171738,681.8191212409142,0.006804361931098323,0.0066065831057116105,184.5390084318549,13378.205867231734,13378.205867231734,702.2304871115178,0.0,24,24,0.0057542761634465376,21.542272827050166,21.97755879485106,0.1165550327890145,0.011690694726671228
2020-08-13,False,103945.88966826718,103884.8077662273,86.5569496907675,0.39638026901939255,25.078667381864616,61.08190203988349,0.0008332012307858065,0.0005879772351057963,396.3802690193926,13707.075412876182,13707.075412876182,86.5569496907675,0.0,24,24,0.0057542761634465376,21.557230390142212,21.977558794851056,0.11978975641960486,0.011804921354300066
2020-08-14,False,104160.47657106751,103945.88966826718,269.8449260439505,3.197903880149432,52.060119363464715,214.58690280033636,0.0025960134345391953,0.002064409698980583,3197.903880149432,13809.712894573935,13809.712894573935,269.8449260439505,0.0,24,24,0.0057542761634465376,21.48978045577605,21.880037920859554,0.11930864162900236,0.01196972241574844
2020-08-15,False,104262.26122978545,104160.47657106751,149.02345955090746,0.06112861921731374,47.17767221374721,101.78465871794296,0.0014307102315265468,0.0009771907931747648,61.12861921731374,14037.98806987964,14037.98806987964,149.02345955090746,0.0,24,24,0.0057542761634465376,21.522568030356545,21.880037920859554,0.12133603191230265,0.01072918492845818
2020-08-16,False,104844.66377030913,104262.26122978545,630.6158777717255,0.16218620529462943,48.05115104275797,582.402540523673,0.006048361797773597,0.005585938130001859,162.18620529462945,14048.770020660473,14048.770020660473,630.6158777717255,0.0,24,24,0.0057542761634465376,21.560534485531445,21.880037920859554,0.1212564632699682,0.011254343580191659
2020-08-17,False,104740.91395512421,104844.66377030913,-62.75235056611967,0.5949831729932382,40.402481445798195,-103.7498151849111,-0.0005985268902535262,-0.0009895574219418873,594.9831729932382,14084.40272543896,14084.40272543896,-62.75235056611967,0.0,24,24,0.0057542761634465376,21.59253815876452,21.880037920859554,0.12268120928394223,0.010205637509612472
2020-08-18,False,104464.90011588768,104740.91395512421,-234.13242415716294,0.1169477494946659,41.7644673298725,-276.0138392365301,-0.002235348301977544,-0.002635205564033812,116.94774949466589,13994.437775193106,13994.437775193106,-234.13242415716294,0.0,24,24,0.0057542761634465376,21.623384422649174,21.880037920859554,0.12201957362591638,0.010144767315712285
2020-08-19,False,103707.18207074248,104464.90011588768,-745.4687027891409,0.2576202430803373,11.99172211297695,-757.7180451451982,-0.007136068688738117,-0.007253326660961021,257.62024308033733,13619.310768384843,13619.310768384843,-745.4687027891409,0.0,24,24,0.0057542761634465376,21.621517884428464,21.880037920859554,0.11995003905450026,0.01047564661244547
2020-08-20,False,104667.53222044645,103707.18207074248,974.8449441756013,0.1390033475373508,14.355791124097344,960.3501497039666,0.009399975244825607,0.009260208700385636,139.0033475373508,13012.84541313305,13012.84541313305,974.8449441756013,0.0,24,24,0.0057542761634465376,21.571946468236362,21.880037920859554,0.11689552602196275,0.011069030552174541
2020-08-21,False,103809.2313032745,104667.53222044645,-836.1011850513961,1.714518106721563,20.485214013834195,-858.3009171719518,-0.007988161823577098,-0.008200259421080396,1714.5181067215626,13531.947208930937,13531.947208930937,-836.1011850513961,0.0,24,24,0.0057542761634465376,21.407953820489485,21.72821930571868,0.12241375784846438,0.009622883385911617
2020-08-22,False,104454.87336802181,103809.2313032745,657.723297324534,0.25769345098418855,11.823539126243457,645.6420647473063,0.006335884478356474,0.006219505304505039,257.69345098418853,12759.53752136263,12759.53752136263,657.723297324534,0.0,24,24,0.0057542761634465376,21.336577964338385,21.72821930571868,0.11755222219958439,0.00940209678290727
2020-08-23,False,104662.28925741605,104454.87336802181,218.70020597415498,0.25011808727325047,11.034198492648358,207.41588939423337,0.002093729080534299,0.001985698538578023,250.11808727325047,13167.142731413915,13167.142731413915,218.70020597415498,0.0,24,24,0.0057542761634465376,21.289179626161353,21.72821930571868,0.12100844930233119,0.008486705092946228
2020-08-24,False,104708.8567424234,104662.28925741605,62.34791781421293,0.37781238852322124,15.402620418340877,46.56748500734882,0.0005957056572770803,0.00044493088520944227,377.8123885232212,13045.569946179334,13045.569946179334,62.34791781421293,0.0,24,24,0.0057542761634465376,21.233788445460824,21.72821930571868,0.11999293399968784,0.00894668913474052
2020-08-25,False,103685.36466508122,104708.8567424234,-1010.6329222965189,0.0,12.85915504567867,-1023.4920773421976,-0.009651837998600313,-0.009774646664894047,0.0,13107.917863993547,13107.917863993547,-1010.6329222965189,0.0,24,24,0.0057542761634465376,21.190673280964912,21.72821930571868,0.12027121069131391,0.00668502285204821
2020-08-26,False,103823.76108322646,103685.36466508122,148.48512406614094,0.15113179979159236,9.937574121103001,138.39641814524634,0.0014320740882357839,0.0013347729314767505,151.13179979159236,12248.41674148862,12248.41674148862,148.48512406614094,0.0,24,24,0.0057542761634465376,21.029803014150428,21.72821930571868,0.11595579804570247,0.008678390859309389
2020-08-27,False,103212.31238812282,103823.76108322646,-599.8781902349314,0.05800317431130622,11.512501694395713,-611.4486951036384,-0.005777850695989151,-0.005889294403556555,58.003174311306225,12449.210005659577,12449.210005659577,-599.8781902349314,0.0,24,24,0.0057542761634465376,20.9227186270336,21.728219305718685,0.11671691770087816,0.008106736976738119
2020-08-28,False,103566.6673555884,103212.31238812282,363.5836823064217,1.3232859299493942,7.905428910888336,354.3549674655839,0.0035226774199108163,0.003433262556244805,1323.2859299493944,12102.76914116904,12102.76914116904,363.5836823064217,0.0,24,24,0.0057542761634465376,20.615911907614194,21.639496257870434,0.11392061725677097,0.008871624556261197
2020-08-29,False,103799.77507967688,103566.6673555884,243.24139476543525,0.03561957433060945,10.0980511026291,233.10772408847555,0.0023486455727138936,0.0022507987370890058,35.61957433060945,12430.733249144852,12430.733249144852,243.24139476543525,0.0,24,24,0.0057542761634465376,20.436204655120946,21.639496257870434,0.11667395901369527,0.008179032916970287
2020-08-30,False,104067.60587453116,103799.77507967688,280.03397157180325,0.1310482663269404,12.072128451200598,267.8307948542757,0.002697828307978979,0.0025802637303278197,131.0482663269404,12563.941365078888,12563.941365078888,280.03397157180325,0.0,24,24,0.0057542761634465376,20.27928576754423,21.63949625787043,0.11765561133459193,0.008612894246730105
2020-08-31,False,103950.45689367353,104067.60587453116,-100.49520548296466,0.11935287498429896,16.53442249967432,-117.14898085762329,-0.0009656723111717055,-0.001125700739179718,119.35287498429895,12724.622461666391,12724.622461666391,-100.49520548296466,0.0,24,24,0.0057542761634465376,20.2112006855652,21.63949625787043,0.11859816874098641,0.008216590350601821
2020-09-01,False,104141.28670635226,103950.45689367353,211.038426477728,0.09866080836536861,20.109952990634284,190.82981267872833,0.0020301827696013897,0.0018357765649257315,98.66080836536861,12531.101914715655,12531.101914715655,211.038426477728,0.0,24,24,0.0057542761634465376,20.095817910371316,21.63949625787043,0.1166774147058595,0.008590346613351294
2020-09-02,False,103263.9937869934,104141.28670635226,-855.3937503642609,0.1538916980043247,21.74527729659382,-877.2929193588591,-0.008213781271746903,-0.008424064529110022,153.8916980043247,12588.24864318906,12588.24864318906,-855.3937503642609,0.0,24,24,0.0057542761634465376,20.04403968973301,21.63949625787043,0.11712245966596715,0.00883114653391925
2020-09-03,False,100836.55343339485,103263.9937869934,-2417.3298503991855,0.16706310013626102,9.943440099220316,-2427.440353598542,-0.023409222922226934,-0.02350713220143041,167.06310013626103,11884.044507937633,11884.044507937633,-2417.3298503991855,0.0,24,24,0.0057542761634465376,19.769218002105994,21.639496257870434,0.11239810394197187,0.008030005676754425
2020-09-04,False,101331.9489695504,100836.55343339485,495.14724128495027,3.1064655782933217,-3.3547604488975087,495.3955361555545,0.004910394340401646,0.004912856690235611,3106.4655782933214,10030.223397697917,10030.223397697917,495.14724128495027,0.0,24,24,0.0057542761634465376,18.749584945829504,21.552763974288165,0.1069740694312259,0.008295585196991891
2020-09-05,False,100237.89342357479,101331.9489695504,-1091.3951477039734,0.7952065877803769,1.8651916838535707,-1094.0555459756072,-0.010770493993280743,-0.010796748282265485,795.2065877803768,9999.233195868766,9999.233195868766,-1091.3951477039734,0.0,24,24,0.0057542761634465376,17.822369090154872,21.552763974288165,0.10756119757910634,0.008383288811692502
2020-09-06,False,100740.08942805811,100237.89342357479,504.28036154239135,0.6095669335153281,1.4747901255445193,502.1960044833315,0.00503083558840823,0.005010041485620655,609.5669335153281,8698.194427814027,8644.539816165108,504.94770745842266,-0.6673459160313211,24,24,0.0057542761634465376,16.21089119015892,21.552763974288165,0.09611107656520587,0.008141915347084961
2020-09-07,False,100939.06081719787,100740.08942805811,193.4778543510352,0.8492769753894353,-6.342811764114233,198.97138913976,0.0019205646475944837,0.0019750964116609423,849.2769753894352,8393.464204539807,8299.543202318066,193.021927155784,0.4559271952511877,24,24,0.0057542761634465376,14.708615253891244,21.552763974288165,0.09237398320100533,0.008352685058656073
2020-09-08,False,101049.85665502687,100939.06081719787,108.13727058906048,0.7329013516274268,-3.391468591572902,110.79583782900595,0.0010713124306248368,0.001097650769999325,732.9013516274267,7967.947935851249,7760.119705041673,107.1665825057467,0.9706880833137627,24,24,0.0057542761634465376,13.637136453639286,21.552763974288165,0.08642696438278974,0.00811038368527256
2020-09-09,False,101147.04197438902,101049.85665502687,93.34888352676828,0.6664181168289746,-4.5028539522079845,97.18531936214728,0.0009237903606875081,0.0009617561328555596,666.4181168289746,7567.921380301088,7201.838858801758,94.02181239047064,-0.6729288637023708,24,24,0.0057542761634465376,12.549768747837245,21.552763974288165,0.08040394720456095,0.00831528483633394
2020-09-10,False,101419.35087940322,101147.04197438902,270.94162437666967,0.5730447755238611,-1.940325413051022,272.30890501419685,0.002678690538921282,0.0026922082910061465,573.0447755238612,7421.29920667357,6722.142966804666,278.354076105134,-7.412451728464446,24,24,0.0057542761634465376,11.585040949177454,21.552763974288165,0.07523431940975561,0.008689049476541885
2020-09-11,False,101458.05356566816,101419.35087940322,36.5905562222071,0.566362866635319,-2.6784929093678707,38.70268626493965,0.00036078476055044544,0.0003816104710723365,566.362866635319,7365.854369054163,6426.721724546016,36.91747790500523,-0.3269216827981283,24,24,0.0057542761634465376,9.856701768278542,19.3121980766274,0.06458933678722686,0.009235391320706814
2020-09-12,False,101676.18435978792,101458.05356566816,215.81265551332376,0.3291600260049939,-2.647298632434242,218.130794119753,0.0021271121210071336,0.002149960367400199,329.1600260049939,7301.447936663757,6187.262860888598,224.92727802805396,-9.114622514730208,24,24,0.0057542761634465376,9.490291267374216,19.3121980766274,0.06207628104385564,0.009597753116202328
2020-09-13,False,101279.32936071698,101676.18435978792,-399.74460771322833,0.2708492210788377,-3.1604578633578697,-396.8549990709493,-0.003931546116037415,-0.0039031263965084643,270.8492210788377,7361.691558925328,6132.226295323085,-408.2959222494038,8.55131453617554,24,24,0.0057542761634465376,9.411836864252596,19.3121980766274,0.061655816132673985,0.00959372453893064
2020-09-14,False,101249.06595998873,101279.32936071698,-39.616637058909106,0.37106382586725906,-9.724300156529045,-30.26340072824732,-0.0003911621187558449,-0.00029881122751574546,371.063825867259,6977.096553083425,5635.587986315284,-40.43125035728592,0.8146132983768131,24,24,0.0057542761634465376,8.830559167185276,19.3121980766274,0.05743670417200041,0.009834588820870432
2020-09-15,False,100866.54307469894,101249.06595998873,-387.63965916118025,0.3767241529428879,-5.493498024342976,-382.52288528978016,-0.003828575162504377,-0.0037780386580647004,376.72415294288794,6848.2816208595505,5370.23066585273,-411.7458007454976,24.1061415843173,24,24,0.0057542761634465376,8.3136543538163,19.3121980766274,0.05493452494833916,0.010264847594279041
2020-09-16,False,100930.41841299222,100866.54307469894,53.959840628783894,0.5045226412285909,-10.42002030572794,63.87533829328324,0.0005349627238520779,0.0006332658614658673,504.52264122859094,6362.850703374018,4688.785827284719,48.00601052566782,5.953830103116066,24,24,0.0057542761634465376,7.454089714897989,19.3121980766274,0.048816346684878206,0.00923738758672085
2020-09-17,False,101025.28514959224,100930.41841299222,94.95724587698763,0.4675359551919612,-0.3770266782198481,94.86673660001551,0.0009408189064315253,0.0009399221571819407,467.53595519196114,6306.22162316194,4369.620096464698,99.54486747832148,-4.587621601333865,24,24,0.0057542761634465376,6.723118115157182,19.3121980766274,0.04605845560146693,0.009697226973642045
2020-09-18,False,101092.14169592872,101025.28514959224,67.77021408043751,1.8518523479793034,-0.9381846040169922,66.8565463364752,0.000670824279090996,0.0006617803279394659,1851.8523479793034,7364.226199703289,5774.990945340963,46.777513072489256,20.99270100794826,24,24,0.0057542761634465376,8.749636332513397,19.115941292737656,0.05652500622707692,0.010341831775814762
2020-09-19,False,100980.3504808397,101092.14169592872,-110.46433583573827,0.3282969136472851,0.9985823396325073,-111.79121508901805,-0.0010927094231320158,-0.0011058348672171837,328.29691364728507,7164.49047925116,5514.464245774116,-125.51623979438544,15.051903958647163,24,24,0.0057542761634465376,8.260194249785998,19.115941292737656,0.05389696558880731,0.009747399782740165
2020-09-20,False,100810.53716637423,100980.3504808397,-169.6172008245987,0.28007796073292873,-0.08396431985595365,-169.81331446547568,-0.0016797050120833396,-0.0016816471091343317,280.0779607329288,7098.990669548035,5123.921949205449,-203.94804803440553,34.33084720980681,24,24,0.0057542761634465376,7.799719708405045,19.115941292737656,0.05038581603062503,0.009929293860790831
2020-09-21,False,100316.53353836964,100810.53716637423,-493.6928122701336,0.3576015309523948,-0.046785796490382225,-494.0036280045956,-0.004897234219230079,-0.004900317386359217,357.6015309523948,7071.562185650329,4699.771271138459,-611.4554887035918,117.76267643345815,24,24,0.0057542761634465376,7.164232137055491,19.115941292737652,0.04651903785895137,0.009927013543126419
2020-09-22,False,100330.81474224856,100316.53353836964,12.76211461198858,0.7621852711084218,-2.2812745380483346,14.281203878928492,0.00012721845703636932,0.00014236141715828066,762.1852711084218,6811.26961431944,3869.6059736653624,104.5548208381777,-91.79270622618913,24,24,0.0057542761634465376,5.994264900809923,19.115941292737652,0.039757328123952655,0.009482145572444216
2020-09-23,False,100208.86589737963,100330.81474224856,-123.81126168901736,0.4449384015672277,-2.307355221642596,-121.94884486894199,-0.0012340302628568345,-0.001215467503002248,444.93840156722774,6728.2637304296495,3437.4296867101234,-229.9350752351994,106.12381354618208,24,24,0.0057542761634465376,5.130246769881009,19.115941292737656,0.03549824724092034,0.009353059962351293
2020-09-24,False,100552.04185137425,100208.86589737963,343.19235511635645,0.8889360738035335,-0.8725349520648006,343.17595399461777,0.003424770373789158,0.0034246067044212654,888.9360738035335,6592.569900014961,2928.6168062165607,476.171216740041,-132.97886162368462,24,24,0.0057542761634465376,4.670847491452707,19.115941292737656,0.03155074402649992,0.009458381588336402
2020-09-25,False,100653.45971738276,100552.04185137425,99.93735132937994,2.114287833660893,-3.5948025128007837,101.41786600851982,0.0009938868419708186,0.0010086107068658571,2114.287833660893,7631.190414676596,3863.0816554375983,153.02475493270552,-53.08740360332558,25,25,0.0057542761634465376,5.903072319350748,19.524948105269758,0.039671041813731586,0.010266084544897018
2020-09-26,False,100794.42101195802,100653.45971738276,136.8380977356131,0.18808895674160026,-4.311285796394726,140.9612945752662,0.0013594972107251002,0.001400461494031708,188.08895674160027,7682.813516001064,3798.7477716730054,135.80535365521493,1.032744080398178,25,25,0.0057542761634465376,5.7211561521869205,19.524948105269758,0.03912754521771719,0.009794813093270287
2020-09-27,False,100907.93481476042,100794.42101195802,103.08841450348807,0.2047570767445849,-10.630145375650649,113.51380280239414,0.001022759131591796,0.001126191327483563,204.7570767445849,7660.286121249269,3730.8287926640337,92.21691266748348,10.871501836004596,25,25,0.0057542761634465376,5.677950195139129,19.524948105269758,0.03859719356591658,0.009623689813775238
2020-09-28,False,100822.04676474968,100907.93481476042,-92.32888500796568,0.22353498176594072,-6.664369979001567,-85.88805001073005,-0.0009149814152619064,-0.0008511525894212106,223.5349817659407,7627.586497928052,3610.3822254015813,-56.25856818103735,-36.07031682692833,25,25,0.0057542761634465376,5.546723201201702,19.524948105269758,0.03760879749929454,0.009282533495510486
2020-09-29,False,101036.1263841927,100822.04676474968,201.48808566236664,0.11041040301346104,-12.701944183657144,214.0796194430103,0.0019984526413404724,0.0021233413356755893,110.41040301346104,7532.232157348211,3427.4905062399657,223.96992470966737,-22.481839047300713,25,25,0.0057542761634465376,5.4823892658963835,19.52494810526976,0.036078238677480626,0.008471887335848556
2020-09-30,False,101007.87208614872,101036.1263841927,-48.840719831467005,0.17332186463940744,-20.759743652125508,-28.254298043980903,-0.0004833985781061004,-0.00027964549963587426,173.32186463940744,7607.941325731203,3455.656727262925,-39.90932450426861,-8.931395327198393,25,25,0.0057542761634465376,5.527238787735435,19.524948105269758,0.03645968916792812,0.008241130705396935
2020-10-01,False,100898.175498721,101007.87208614872,-124.01959150993595,0.037878184544845775,-14.360882266751474,-109.69658742772933,-0.0012278210494738543,-0.0010860201800328006,37.87818454484577,7544.120296647738,3368.937822886612,-178.42839047354568,54.40879896360972,25,25,0.0057542761634465376,5.588690059957138,19.524948105269758,0.03533499501204314,0.007518873142742164
2020-10-02,False,100896.58366346499,100898.175498721,-15.580744247195327,0.4912898907712348,-14.480198881948244,-1.5918352560183173,-0.0001544204755951492,-1.5776650550420465e-05,491.28989077123475,7625.963511419337,3196.9549599012726,-94.05147608474826,78.47073183755292,24,24,0.0057542761634465376,5.42769139878643,18.636143971995374,0.033781005944102716,0.007609605722940139
2020-10-03,False,101128.7443972382,100896.58366346499,214.9513340355846,0.1539251325952106,-17.3633248702186,232.160733773208,0.0021304124107169274,0.0023009771524828567,153.92513259521058,7558.614992246352,3093.348648142278,198.55297539598018,16.398358639604393,24,24,0.0057542761634465376,5.249224523611344,18.636143971995374,0.03282337042258369,0.0078062944603220896
2020-10-04,False,101218.48273319592,101128.7443972382,66.11695492000422,1.245533628842506,-24.86691466655344,89.73833595771515,0.0006537899319731874,0.0008873672514435558,1245.533628842506,7109.281344661196,4096.940876968355,75.40504432047597,-9.288089400471746,23,23,0.0057542761634465376,6.70269154243306,17.82554555827035,0.04015875526714468,0.008258046891951065
2020-10-05,False,101179.79628012283,101218.48273319592,-58.36182485941812,0.08992741216767904,-19.76529919848991,-38.68645307309589,-0.0005765925677156747,-0.00038220739956229516,89.92741216767904,7283.901890549823,4073.1304197206805,-54.80702226866974,-3.554802590748382,23,23,0.0057542761634465376,6.6156136059659065,17.825545558270353,0.03997605998550815,0.008027396564181274
2020-10-06,False,100993.61586102433,101179.79628012283,-199.9668814988977,0.11650493284667311,-13.902967333245826,-186.18041909849853,-0.0019763518889213457,-0.0018400948207391717,116.50493284667311,7349.154603718575,3933.839383431738,-278.75606389426696,78.78918239536927,23,23,0.0057542761634465376,6.535769061856407,17.82554555827035,0.03889513063958943,0.008503643937465407
2020-10-07,False,101063.33921118244,100993.61586102433,60.74390348196926,0.3649139037155296,-9.344360579847557,69.72335015810128,0.0006014628049911388,0.0006903738376299592,364.9139037155296,7356.523261144468,3675.774973330379,114.13700438275157,-53.3931009007823,23,23,0.0057542761634465376,6.28526639615299,17.82554555827035,0.03705899970776471,0.009004979648090015
2020-10-08,False,101073.35780878353,101063.33921118244,1.8762965074840547,0.07149163289989267,-8.21379272650878,10.018597601092942,1.8565550298742222e-05,9.913186798783715e-05,71.49163289989266,7552.329241830534,3710.71650563717,19.48679823416626,-17.610501726682205,23,23,0.0057542761634465376,6.265496399561222,17.825545558270353,0.03748795593820611,0.008954524806772493
2020-10-09,False,101130.43887711811,101073.35780878353,54.577060955259476,0.7913628746486331,-3.295370253966948,57.08106833457779,0.0005399747484249167,0.0005647489068540404,791.3628746486331,7714.268699255182,3269.2433831330854,125.46694824777252,-70.88988729251305,23,23,0.0057542761634465376,5.329545849067624,17.759274948677106,0.034065454163374906,0.008655245529706146
2020-10-10,False,101244.95607452511,101130.43887711811,111.72745691521962,0.09732468192790314,-2.8870651737059854,114.51719740699771,0.0011047856427378682,0.0011323712096824342,97.32468192790313,7815.20006506382,3228.394974356698,123.22504260675076,-11.497585691531143,23,23,0.0057542761634465376,5.36570166212354,17.759274948677106,0.03359463771823857,0.007941818833434778
2020-10-11,False,101234.88271367403,101244.95607452511,-14.026104762816983,0.07151643934369863,-4.024260351089058,-10.073360851071623,-0.00013853633115799415,-9.949494020874237e-05,71.51643934369864,7907.4687627687945,3297.6685006786106,22.723407099450995,-36.74951186226798,23,23,0.0057542761634465376,5.455039586120706,17.759274948677106,0.034017208500560184,0.00827772272925386
2020-10-12,False,101372.09708904794,101234.88271367403,134.4069460992401,0.045393075515908654,-2.8528223501823398,137.21437537390653,0.0013276742412927736,0.0013554060783770995,45.39307551590865,7957.719617964471,3302.4915276602615,153.89847608932274,-19.491529990082622,23,23,0.0057542761634465376,5.6124423930158915,17.759274948677106,0.03366023908762929,0.007702373073256474
2020-10-13,False,101360.54732098947,101372.09708904794,-19.928431562640178,0.228157810033818,-8.606821314204488,-11.549768058469507,-0.00019658695178353188,-0.00011393439013423866,228.15781003381798,7974.425904319819,3439.4858283055432,-5.716619051203361,-14.211812511436822,23,23,0.0057542761634465376,5.83554008971247,17.759274948677106,0.03450674416248431,0.008660350787072517
2020-10-14,False,101375.0561532575,101360.54732098947,7.593112140851694,0.0974388143383861,-7.013158941517263,14.50883226803057,7.491190943164267e-05,0.00014314082403367332,97.4388143383861,7975.931668105175,3513.741497480337,-56.5800442865928,64.1731564274445,23,23,0.0057542761634465376,6.003495370413038,17.759274948677106,0.03483837595916534,0.007760407776719703
2020-10-15,False,101340.58452549274,101375.0561532575,-40.72641228171189,0.2135703738373335,-6.468354890788954,-34.47162776476027,-0.00040173997260373623,-0.0003400405294241861,213.57037383733348,8061.793307402133,3727.949449632184,-60.651041957504376,19.92462967579249,23,23,0.0057542761634465376,6.317021828073379,17.759274948677106,0.036562235795971586,0.007833091914239676
2020-10-16,False,101187.70449160064,101340.58452549274,-155.3262894991765,0.8691496778330536,-3.3154052849098523,-152.88003389209973,-0.001532715547541601,-0.0015085765945393969,869.1496778330536,8386.84518667785,3528.0155402290857,-213.40564670779554,58.079357208619015,24,24,0.0057542761634465376,6.173229150893574,18.24855779687143,0.03475100909738076,0.009160759501870813
2020-10-17,False,101098.92199013499,101187.70449160064,-92.01559297089871,0.24706257533247872,-3.4801540805719977,-88.7825014656592,-0.0009093554739008503,-0.0008774040473764164,247.06257533247873,8238.923453510513,3444.365030993383,-41.04098489936047,-50.97460807153824,24,24,0.0057542761634465376,6.07835582932825,18.24855779687143,0.03395187284943419,0.009526065183349596
2020-10-18,False,101237.6255230718,101098.92199013499,136.06883211866844,0.22982767297590911,-2.864528491121927,138.70353293681444,0.0013458979526205605,0.0013719585748931016,229.82767297590914,8107.955768474026,3477.7180380831405,161.95937701493784,-25.89054489626943,23,23,0.0057542761634465376,6.0723981305102805,17.47827038439844,0.033733924676786375,0.008558799728019649
2020-10-19,False,101151.86764642077,101237.6255230718,-91.20882832915404,0.2386799404446624,-5.689631618578516,-85.7578766510202,-0.0009009380441105643,-0.0008470949037764245,238.6799404446624,8128.352769746059,3700.105633135493,-104.05163790786027,12.842809578706218,22,22,0.0057542761634465376,6.0354658645736174,16.770326529776955,0.035272008500329834,0.00851097552954528
2020-10-20,False,101051.00235686767,101151.86764642077,-101.12145684065302,0.0891279382075336,-0.3452952257655889,-100.86528955309498,-0.000999699354975095,-0.0009971668531684702,89.12793820753362,7968.490371146891,3651.86475591894,-216.54527509868345,115.42381825803042,22,22,0.0057542761634465376,6.019310464760243,16.770326529776955,0.03446016922373328,0.007312406150467087
2020-10-21,False,101213.66140183747,101051.00235686767,158.8130914275497,0.07318025137735304,-3.9191337936261177,162.65904496979846,0.00157161322226861,0.0016096727511455877,73.18025137735303,7690.2005684706055,3497.06400839786,265.03987411683613,-106.22678268928641,22,22,0.0057542761634465376,5.8333559716522085,16.770326529776955,0.0326229426437272,0.008424542553363097
2020-10-22,False,101343.83587016123,101213.66140183747,128.77694197714396,0.3031845382412489,-1.700710884859193,130.17446832376191,0.001272327669936522,0.0012861353548602945,303.1845382412489,7813.617357234931,3945.920475383003,195.19752356868497,-66.42058159154102,22,22,0.0057542761634465376,6.194518921760319,16.770326529776955,0.035888409208353095,0.007544694710687771
2020-10-23,False,101302.1432152799,101343.83587016123,-41.20054152269407,0.8196320527548046,-0.3275186941148027,-41.69265488133407,-0.00040654215590851524,-0.00041139803445716704,819.6320527548045,7765.40046657407,4701.788834485193,-55.21943804113093,14.018896518436852,23,23,0.0057542761634465376,7.351563226955383,17.395950207265003,0.040901358452590936,0.008936376417525626
2020-10-24,False,101476.59071004766,101302.1432152799,174.80456129965265,0.12118325203882867,0.23588327984681995,174.44749476776698,0.0017255761403603357,0.0017220513725661653,121.18325203882867,7700.399744444705,4750.881767853846,184.20017472624295,-9.3956134265903,23,23,0.0057542761634465376,7.498847271835686,17.395950207265,0.040866559781614395,0.009150128326218086
2020-10-25,False,101373.85591207207,101476.59071004766,-102.54181007162464,0.4075679311267914,-0.21458002716220537,-102.73479797558923,-0.001010497193038547,-0.001012398990316266,407.56793112679145,7937.891213129831,5104.064955144278,-127.34603571201824,24.80422564039361,23,23,0.0057542761634465376,8.01862311702049,17.395950207265006,0.04329060371237285,0.01041268201137598
2020-10-26,False,101302.12072013236,101373.85591207207,-71.34859834336318,0.6176328666911539,-0.2310392703372815,-71.73519193971705,-0.0007038165580408454,-0.0007076301014133022,617.6328666911539,7949.339942642852,5296.931738496381,-118.36992602408267,47.0213276807195,22,22,0.0057542761634465376,8.16351624388817,16.61136778916624,0.04483677354759223,0.008949752128419156
2020-10-27,False,101375.45793339329,101302.12072013236,72.13837719773662,0.08359236641160504,-1.282428429608218,73.33721326093323,0.0007121112241769697,0.0007239454884023815,83.59236641160504,7859.433780662455,5244.681101366113,68.91831562444068,3.22006157329593,22,22,0.0057542761634465376,8.030031002963453,16.611367789166245,0.04417336624707065,0.00788507574312075
2020-10-28,False,101182.5216950341,101375.45793339329,-193.28108237305304,0.05497068954614215,-0.399814703406671,-192.93623835919252,-0.0019065865280731406,-0.0019031848762247506,54.970689546142154,7960.602730495828,5336.988477143576,-253.9436881525159,60.66260577946289,22,22,0.0057542761634465376,7.946895240207009,16.611367789166245,0.04470113399599056,0.008228430219147926
2020-10-29,False,101077.95628679756,101182.5216950341,-106.41027734334428,0.42539830239951315,-2.27026740920319,-104.5654082365406,-0.0010516665878724264,-0.0010334335069420643,425.3983023995131,7908.666061684517,5311.237542088797,-150.60742095242597,44.197143609081714,22,22,0.0057542761634465376,8.081629903595363,16.61136778916624,0.0445566103055531,0.007173318898638792
2020-10-30,False,101045.22472857863,101077.95628679756,-33.28599058415178,2.158263376090861,-2.7126957413091306,-32.73155821893351,-0.0003293100870550494,-0.0003238248914141212,2158.263376090861,8832.995329053922,4112.909107694218,-111.35895968724468,78.07296910309289,24,24,0.0057542761634465376,6.7774885096983635,17.8314885346569,0.03783326261079324,0.010083413987055498
2020-10-31,False,101076.97007653747,101045.22472857863,32.4298867809394,0.36344932612415776,0.3210894959717485,31.745347958843496,0.0003209442788419793,0.00031416970019232344,363.4493261241578,8792.732997928224,3988.387894502449,23.643610281996366,8.786276498943025,24,24,0.0057542761634465376,6.567813600725881,17.8314885346569,0.03722590051957869,0.00970271089643454
2020-11-01,False,101060.76343077308,101076.97007653747,-15.703294477128972,0.28257352191122687,0.2207777653621701,-16.206645764402367,-0.00015535976657430597,-0.00016033964761834842,282.57352191122686,8954.029660788256,4020.9225338266156,45.74660215869281,-61.44989663582179,24,24,0.0057542761634465376,6.437017411040233,17.8314885346569,0.036693841784546724,0.009622204526665708
2020-11-02,False,100923.49097208417,101060.76343077308,-137.04932326903287,0.07377315705065257,0.14936226283164866,-137.27245868891518,-0.001356108133528123,-0.0013583160667784509,73.77315705065257,9103.389527904135,3967.289498869633,-236.10708833532448,99.05776506629164,24,24,0.0057542761634465376,6.357122800719562,17.8314885346569,0.03658394821256851,0.009887584260635905
2020-11-03,False,100925.97377149394,100923.49097208417,2.039415384777328,0.9962204874253546,-1.4396045124131156,2.4827994097650894,2.020753904897561e-05,2.4600807858022284e-05,996.2204874253546,9751.157255970946,3877.139451766664,-84.53325568021364,86.57267106499098,24,24,0.0057542761634465376,6.154917406814639,17.8314885346569,0.03477956421577772,0.0137656498295373
2020-11-04,False,100895.35912101307,100925.97377149394,-33.65137217156818,0.4478324142806675,-3.4845541049845568,-30.614650480864288,-0.00033342628179895597,-0.0003033376774761548,447.8324142806675,9991.449389174071,3760.351549056331,-9.622068638915213,-24.029303532652957,24,24,0.0057542761634465376,5.975922706666463,17.8314885346569,0.03395892429581684,0.014017586116075776
2020-11-05,False,101121.37759080916,100895.35912101307,226.59933349196766,1.5640631101442974,-0.9831994142710132,226.01846979609437,0.0022458846022856836,0.0022401275119602842,1564.0631101442973,11023.230423589266,4393.868905337316,316.37728320922673,-89.77794971725908,23,23,0.0057542761634465376,6.631781378120337,17.134609376685297,0.03713322546997254,0.014833819202289636
2020-11-06,False,101281.41323243266,101121.37759080916,163.72364171333882,0.7064440103535988,2.981556079488666,160.03564162349656,0.0016190804122136438,0.0015826093891944967,706.4440103535989,11701.325803684635,3967.5089004537167,477.2973663488228,-313.57372463548404,24,24,0.0057542761634465376,5.736153902041379,17.483685287049756,0.03437195233862439,0.0096050000245154
2020-11-07,False,101056.6737372602,101281.41323243266,-218.90206160731378,0.455430685589665,5.382002879569651,-224.7394951724731,-0.0021613251101162186,-0.0022189608932165483,455.430685589665,12036.766209079276,4033.361254608786,-406.5927894319115,187.6907278245978,24,24,0.0057542761634465376,5.856190177327449,17.483685287049756,0.03500067043019755,0.010659091792810224
2020-11-08,False,101151.0467136728,101056.6737372602,95.20598878969231,0.0,0.8330123770911182,94.37297641260119,0.0009421049127069112,0.0009338618907838178,0.0,11442.482691822766,3814.4591930014717,255.87657867181656,-160.67058988212423,24,24,0.0057542761634465376,5.85786588580437,17.483685287049756,0.03315594590054204,0.008493746525638451
2020-11-09,False,101080.35135621073,101151.0467136728,-68.32950041656488,0.0951992776691198,2.2706577678382103,-70.69535746207222,-0.0006755194596254103,-0.0006989088077574602,95.1992776691198,11770.37137244797,4004.8644594602847,-118.4752452588213,50.14574484225642,24,24,0.0057542761634465376,5.936191192071927,17.483685287049756,0.0337960351274284,0.009617703684067554
2020-11-10,False,100907.64422628122,101080.35135621073,-168.1989048483491,0.09987735622900737,4.408347724934573,-172.70712992951266,-0.001664011873639123,-0.001708612283319897,99.87735622900738,11587.384935170312,4010.3725669854944,25.85349438393834,-194.05239923228743,24,24,0.0057542761634465376,5.9768390284585395,17.483685287049756,0.03365354751494471,0.009747287038674713
2020-11-11,False,100812.72692649136,100907.64422628122,-89.88725343326949,0.2655815290235449,4.764464827557815,-94.91729978985086,-0.0008907873543425615,-0.0009406353752249209,265.58152902354493,11551.994475461306,4107.755191160691,-76.49650822707133,-13.390745206198151,24,24,0.0057542761634465376,6.055077617568876,17.483685287049756,0.03388063017441653,0.01020380874635699
2020-11-12,False,100768.87033501979,100812.72692649136,-40.48603867714708,0.25764958902774626,3.1129032054043826,-43.85659147157921,-0.00040159650384884334,-0.00043503030627827074,257.6495890277463,11417.794879506506,4275.517526755167,-49.405006233087114,8.91896755594003,24,24,0.0057542761634465376,6.166988906685025,17.483685287049756,0.033888898266525684,0.010309053518054797
2020-11-13,False,100741.31781242056,100768.87033501979,-24.675286344576477,0.23306891379581238,2.6441673408539796,-27.55252259922627,-0.00024487012965948845,-0.00027342295797922676,233.0689137958124,11360.422695097968,4468.100401873833,230.35780121766035,-255.03308756223683,24,24,0.0057542761634465376,6.25920314960878,17.489353913403807,0.033975100644500045,0.010271976782111517
2020-11-14,False,100607.17822854828,100741.31781242056,-131.85079782020202,0.5066894970779324,1.7820965549982313,-134.13958387227817,-0.001308805569386208,-0.0013315250066714918,506.68949707793246,11339.124086799933,4950.114612607188,-136.55541118392287,4.7046133637208705,24,24,0.0057542761634465376,6.512896037587705,17.489353913403807,0.03621789377469804,0.009448313468212316
2020-11-15,False,100592.17748356987,100607.17822854828,-14.181971190877594,0.4238913070023662,0.3948824805210136,-15.000744978400974,-0.00014096381034224572,-0.0001491021340875294,423.89130700236615,11123.844937056214,5242.155121789353,-81.22972707265748,67.04775588177989,24,24,0.0057542761634465376,6.7004441022933445,17.489353913403807,0.03608733505604866,0.009526309226686054
2020-11-16,False,100695.00010075724,100592.17748356987,104.77303075126957,0.24079502884222584,1.7096185350652902,102.82261718736206,0.001041562409446625,0.0010221730929739193,240.79502884222586,10856.135672149987,5468.768179440701,187.388474046438,-82.61544329516845,24,24,0.0057542761634465376,6.817744680840719,17.489353913403807,0.03660855836247647,0.009291434722898935
2020-11-17,False,100936.79151644425,100695.00010075724,245.86503988876865,0.33144873915477885,3.7421754625980936,241.79141568701579,0.0024416807154551035,0.0024012256362786126,331.4487391547788,10945.027902013122,5904.989949346749,339.8143281023495,-93.94928821358087,24,24,0.0057542761634465376,7.093942957237179,17.489353913403807,0.03830060058220048,0.009135605255903203
2020-11-18,False,100871.35051238003,100936.79151644425,-58.05940903757982,0.4346704748214732,6.946924551824486,-65.44100406422578,-0.0005752056129911856,-0.0006483364795042487,434.67047482147314,11100.297514287227,6413.924643408006,-129.48638921703716,71.42698017945733,24,24,0.0057542761634465376,7.347610154570178,17.48935391340381,0.04096696381976683,0.009272256124139677
2020-11-19,False,100816.29312287374,100871.35051238003,-51.5979143056656,0.12674913262655926,3.3327260679937787,-55.05738950628593,-0.0005115219935449654,-0.0005458179079254886,126.74913262655926,10836.133686106401,6465.629531436751,-64.62606226457531,13.02814795890972,24,24,0.0057542761634465376,7.506285213108341,17.489353913403807,0.040809203246537064,0.00931912268613708
2020-11-20,False,100992.95573474452,100816.29312287374,179.2593535002886,2.3590976078745114,0.2376440216399911,176.6626118707741,0.0017780791968001577,0.001752322034449925,2359.097607874511,11148.856547876396,5594.043133173319,274.0096526141418,-94.75029911385325,25,25,0.0057542761634465376,6.806241137723829,17.821694846230773,0.03615699985445923,0.01213949725835713
2020-11-21,False,101583.59855630416,100992.95573474452,600.4055510474105,0.44319878923588146,9.31953069853813,590.6428215596366,0.0059450240532058565,0.005848356623118796,443.19878923588146,11607.691646830333,6178.003184870276,981.5113048468763,-381.1057537994657,25,25,0.0057542761634465376,7.075051347524118,17.821694846230773,0.037551682537468864,0.01247177479509827
2020-11-22,False,101335.53477173542,101583.59855630416,-235.51968922451638,1.9429356278314167,10.601159716396435,-248.06378456874424,-0.002318481453420615,-0.0024419668932209697,1942.9356278314167,11641.089316219035,6958.795255648713,-410.91782500940553,175.39813578488918,25,25,0.0057542761634465376,7.861762940951368,17.82169484623077,0.04396229448892907,0.013204975646597204
2020-11-23,False,101722.39648753392,101335.53477173542,409.1522679435137,0.40518589954164974,21.885366245470642,386.8617157985014,0.004037599138990627,0.00381763136366657,405.18589954164975,11322.342958981852,7070.39961657874,642.0057779352778,-232.8535099917641,25,25,0.0057542761634465376,8.297960434447274,17.821694846230773,0.04448456889806414,0.01138290595294831
2020-11-24,False,102365.23805219324,101722.39648753392,668.9570359720522,1.085298521069777,25.030172791661705,642.8415646593206,0.006576300392746182,0.006319567635610127,1085.298521069777,11902.894359415324,7919.885141137628,756.3671944967289,-87.41015852467675,25,25,0.0057542761634465376,9.100913671986353,17.82169484623077,0.04902097481998893,0.011899153783621186
2020-11-25,False,101883.76467052198,102365.23805219324,-461.2164418837167,1.3665082415509195,18.890431545985276,-481.4733816712529,-0.00450559633973161,-0.004703485195098778,1366.5082415509196,12167.504861389054,8782.392873128287,-509.3234393603635,48.10699747664681,25,25,0.0057542761634465376,9.990427348412315,17.821694846230773,0.05522226367241572,0.011472022723084617
2020-11-26,False,100950.60907946037,101883.76467052198,-932.8304937254783,0.482442488689713,-0.15734515254982884,-933.1555910616181,-0.009155830634469812,-0.00915902149944414,482.442488689713,11701.685800186115,8803.618919934284,-1149.6141187906633,216.78362506518476,25,25,0.0057542761634465376,10.616991951969318,17.821694846230773,0.05649212165169597,0.010302649058531229
2020-11-27,False,100845.82418719472,100950.60907946037,-104.91094196058768,4.8002027043139694,-4.926252399253945,-104.78489226564771,-0.0010392304010569174,-0.0010379817736727998,4800.20270431397,14008.307017057357,10422.049900098309,-102.8753955243336,-2.03554643625409,32,32,0.0057542761634465376,13.03424052279989,23.69491218489332,0.072688874339516,0.014216525516067008
2020-11-28,False,101347.47786564933,100845.82418719472,501.9815661111181,0.24360262630031784,0.0842850302063054,501.65367845461145,0.004977712960918605,0.004974461585275147,243.60262630031787,13922.074738967107,10281.613262529543,531.7194472386509,-29.737881127532773,32,32,0.0057542761634465376,12.84578366418343,23.69491218489332,0.07159237868770524,0.013390762334990508
2020-11-29,False,101683.96479922785,101347.47786564933,334.1713345906569,0.16903138644108076,-2.4846303743076565,336.48693357852346,0.003297283184823298,0.003320131301388529,169.03138644108077,14365.11912443273,10670.966070735602,339.30059520380394,-5.129260613147003,32,32,0.0057542761634465376,12.915668693587683,23.69491218489332,0.07335878420561544,0.011837835914853196
2020-11-30,False,102174.68728790472,101683.96479922785,492.9500518892417,0.281934284387787,1.9456289279819923,490.72248867687193,0.004847864192378394,0.0048259574618848685,281.934284387787,14480.565049188088,10925.625798988556,559.9613044541023,-67.01125256486063,32,32,0.0057542761634465376,13.047466737975848,23.69491218489332,0.07472263088733129,0.012921205775013123
2020-12-01,False,101529.45918526356,102174.68728790472,-637.4117514871417,0.4352341648221064,7.38111698919354,-645.2281026411573,-0.006238450720099219,-0.006314950598508349,435.2341648221064,14726.22482895053,11378.980568348545,-722.0670229523383,84.65527146519665,32,32,0.0057542761634465376,13.413400153232573,23.69491218489332,0.07758252440455991,0.015334467385825785
2020-12-02,False,101867.14171011421,101529.45918526356,337.79199976167195,1.0397003941863288,-0.9302254831662529,337.6825248506518,0.0033270343649254913,0.0033259561073251983,1039.7003941863288,14663.360365094393,9826.13950643591,473.80189746445876,-136.00989770278687,32,32,0.0057542761634465376,12.341747218979275,23.69491218489332,0.06868581311480877,0.013985921464489702
2020-12-03,False,102112.98725711915,101867.14171011421,252.1048962290648,0.40874132034929433,5.850607903775233,245.84554700494027,0.0024748401888656677,0.0024133939843384326,408.74132034929437,14920.898442782116,10203.053929732161,393.5268313510841,-141.4219351220193,32,32,0.0057542761634465376,12.63836274096308,23.69491218489332,0.07105440838718402,0.01388225907396945
2020-12-04,False,101616.48076044125,102112.98725711915,-493.459510194702,4.267005832522148,-1.220019349319327,-496.5064966779048,-0.004832485303286422,-0.004862324666182844,4267.005832522149,15702.722753431892,8946.796636854746,-728.8170827629324,235.3575725682304,35,36,0.0057542761634465376,11.869568447444053,26.686916765481683,0.06326392824198146,0.017231895161839587
2020-12-05,False,101998.04813300048,101616.48076044125,383.0789391097401,0.5545270747059975,0.9570394758029792,381.5673725592311,0.003769850483336859,0.0037549752727489972,554.5270747059974,15132.038612518507,8631.095355186708,647.3069942115034,-264.2280551017633,36,36,0.0057542761634465376,11.860980363051548,26.686916765481683,0.062295276502442924,0.01528168513474825
2020-12-06,False,101960.06693139097,101998.04813300048,-36.15558669718273,0.7000530244141855,1.1255618879101057,-37.981201609507025,-0.0003544733194309523,-0.0003723718473512492,700.0530244141855,15358.171058843896,9561.832551208088,-92.07236822055961,55.9167815233769,36,36,0.0057542761634465376,12.44150733207506,26.686916765481683,0.06799011342984602,0.014814266153728642
2020-12-07,False,101756.64194088409,101960.06693139097,-201.01820589220534,0.46787592336333117,1.938908691321661,-203.42499050689034,-0.001971538583114806,-0.0019951437521493116,467.8759233633312,14947.392525179845,9875.997651366859,-167.14673752140598,-33.87146837079938,36,36,0.0057542761634465376,12.863832527197806,26.686916765481683,0.06957020456004188,0.015628697572448662
2020-12-08,False,101373.61930060762,101756.64194088409,-381.6343141877178,0.6715958462621873,0.7167302424820645,-383.022640276462,-0.003750460971475746,-0.0037641045633068403,671.5958462621873,14643.691013244897,10262.126307320075,-526.9095572151746,145.27524302745678,36,36,0.0057542761634465376,13.440276527893282,26.686916765481687,0.07215978543663794,0.015340786782553439
2020-12-09,False,101541.69588792764,101373.61930060762,168.8992804838701,0.9174135026372996,-0.09472033878041586,168.0765873200132,0.0016661068397195691,0.0016579913835532336,917.4135026372996,14717.890372461983,10354.562553771124,173.58517980714313,-4.685899323273043,36,36,0.0057542761634465376,13.662600709729325,26.686916765481687,0.07421611618437483,0.01428310030008842
2020-12-10,False,101143.057227797,101541.69588792764,-398.9239170704046,0.4628996101175794,-0.7481565498875538,-398.63866013063466,-0.003928671011273045,-0.003925861752108368,462.8996101175794,15306.090700292138,10869.214146326625,-442.3909391759474,43.467022105542725,36,36,0.0057542761634465376,13.962212753700573,26.686916765481687,0.07766475817564122,0.012823986472634876
2020-12-11,False,101006.83557617398,101143.057227797,-132.0955114031339,5.649396510599039,-1.5232562907089333,-136.22165162302403,-0.001306026483910062,-0.0013468215748731235,5649.396510599039,14581.789569910616,9886.94011181893,-219.67771581833273,87.5822044151988,37,37,0.0057542761634465376,13.209719575871338,27.172388844604257,0.07606065663146563,0.015526558016921696
2020-12-12,False,101254.13398103535,101006.83557617398,243.98676011934842,0.5265659160751982,-3.838210658102559,247.2984048613758,0.0024155470144923666,0.002448333357348637,526.5659160751982,14676.383559713831,9536.090375034966,420.9678246100341,-176.9810644906857,37,37,0.0057542761634465376,12.649133095017568,27.172388844604257,0.07366526892133106,0.014629372604339205
2020-12-13,False,101657.37051165427,101254.13398103535,404.72124384087374,0.29057524996940176,1.1941379719855094,403.23653061891883,0.003997083654052851,0.0039824204184536706,290.57524996940174,15189.938538193386,9745.650831889932,392.3046644157609,12.416579425112818,37,37,0.0057542761634465376,12.500166064721665,27.17238884460425,0.0751801619504175,0.012931065563338446
2020-12-14,False,101765.99312152952,101657.37051165427,107.47284871655249,0.2661897345943578,-1.415950893296456,108.62260987525458,0.0010572066558049672,0.001068516816129941,266.1897345943578,15490.195225199632,10019.87162345167,122.44169522246406,-14.96884650591156,37,37,0.0057542761634465376,12.51620822216568,27.172388844604257,0.07685870467590446,0.013164642041057457
2020-12-15,False,101454.99247821694,101765.99312152952,-309.9427119955787,0.10469869661346923,0.9532326203844035,-311.0006433125766,-0.003045641304020326,-0.0030560370293952507,104.69869661346922,15589.681994308123,10075.739069951836,-126.89802250306903,-183.04468949250963,37,37,0.0057542761634465376,12.594474604419533,27.172388844604253,0.07699316536659274,0.012852435198834342
2020-12-16,False,102375.35355858128,101454.99247821694,917.173174039619,0.3509894515737297,-3.5388957762948854,920.3610803643402,0.009040197546084705,0.009071619423380745,350.9894515737297,15499.841607044096,9980.75960591931,955.4531340179492,-38.27995997833031,37,37,0.0057542761634465376,12.655858750384771,27.172388844604257,0.07602506045418936,0.012877252730578576
2020-12-17,False,102374.59221084244,102375.35355858128,7.298205494420927,0.7046471611095411,7.354906072145818,-0.7613477388344325,7.128869635839395e-05,-7.436826466233142e-06,704.647161109541,15823.7302676084,10244.967464703428,-45.557511094951536,52.85571658937248,37,37,0.0057542761634465376,13.037521533695072,27.172388844604257,0.0783468815144667,0.013300117049773406
2020-12-18,False,102527.076217482,102374.59221084244,156.99890725506228,0.8985944345547757,3.6163061809530603,152.48400663955442,0.001533572968297837,0.001489471199313895,898.5944345547758,16140.903964498713,10582.466039268016,205.37830192805805,-48.379394672995815,39,39,0.0057542761634465376,13.959438480937802,28.609473944709187,0.08181089345326042,0.014935868814727901
2020-12-19,False,102515.4426277021,102527.076217482,-9.359564840006431,0.5271913211081772,1.7468336187855353,-11.633589779900143,-9.128871304349672e-05,-0.00011346846324987163,527.1913211081772,16086.930353614865,10677.470779482712,-3.731252306528795,-5.628312533477631,39,39,0.0057542761634465376,14.378148426702902,28.609473944709187,0.0827975733431015,0.014438341475368637
2020-12-20,False,102381.42572275926,102515.4426277021,-130.31232277681642,0.44832853964209646,3.256253626375204,-134.01690494283372,-0.0012711482234931397,-0.0013072850441619142,448.3285396420964,15997.627645747849,10822.71758093328,-189.15165703732313,58.839334260506746,39,39,0.0057542761634465376,14.784816677650454,28.60947394470919,0.08337350011784993,0.014997697606361037
2020-12-21,False,101964.93985603264,102381.42572275926,-420.1955685951027,0.2212036872526547,-3.9309055557248818,-416.4858667266305,-0.004104216811093829,-0.004067982681296518,221.2036872526547,15805.324264527848,10771.15898705999,-572.9251550415902,152.7295864464875,39,39,0.0057542761634465376,14.737863843202895,28.60947394470919,0.08285196593997776,0.014729658858367583
2020-12-22,False,102663.12745700164,101964.93985603264,693.5375127809227,0.4194588689393826,-5.069547057022901,698.1876009690062,0.006801725316173865,0.006847330091645209,419.45886893938257,15239.008945654827,10385.613007887521,666.0041449852919,27.533367795630895,39,39,0.0057542761634465376,14.121741194450124,28.609473944709187,0.08073484776511856,0.014190862492377667
2020-12-23,False,101962.91794256994,102663.12745700164,-711.1950669105439,1.0467405213413978,-12.032293000191759,-700.2095144316935,-0.00692746348691173,-0.006820457663584835,1046.7405213413979,15644.47332527042,10161.507687196156,-1349.2383872627533,638.0433203522094,39,39,0.0057542761634465376,13.527456573469925,28.609473944709187,0.08014642048772606,0.014774329476036742
2020-12-24,False,102674.51281467514,101962.91794256994,701.4587312445227,1.1310675764525642,-11.267208437120663,711.5948721051908,0.00687954744135133,0.00697895751184752,1131.0675764525643,14613.051836268653,8642.558694172276,1122.9717057501007,-421.5129745055781,39,39,0.0057542761634465376,11.756146641901957,28.609473944709187,0.07007113168866035,0.011638339997879244
2020-12-25,False,103269.72393079121,102674.51281467514,588.5138751098702,6.172381205958795,-12.869622212153551,595.211116116065,0.005731839956933837,0.005797067838932976,6172.381205958794,16796.558953166932,14373.453039676193,574.7233945661726,13.79048054369768,40,40,0.0057542761634465376,19.30076036986714,29.491720072689358,0.1147060699974934,0.013656252815299946
2020-12-26,False,104774.8873301967,103269.72393079121,1484.4603468988498,0.6635271980738333,-21.366579704704247,1505.1633994054803,0.0143745939312639,0.014575069459992002,663.5271980738332,16922.719410555736,14460.103360156387,1457.8732889484916,26.587057950358172,40,40,0.0057542761634465376,18.945061847602567,29.491720072689358,0.11429288588749145,0.013361231185699481
2020-12-27,False,104232.12120025592,104774.8873301967,-546.4831785442843,2.314798872445524,-6.031847475948095,-542.7661299407818,-0.005215783977147594,-0.005180307455070425,2314.7988724455236,16334.078152330214,13778.718861449188,-537.3642964099905,-9.118882134293678,40,40,0.0057542761634465376,18.4105147978213,29.491720072689358,0.11151238904727923,0.012957495528321485
2020-12-28,False,105734.78229302273,104232.12120025592,1504.2537158249756,0.7084578746459974,0.8841651835236255,1502.661092766806,0.014431767275799067,0.014416487695571493,708.4578746459974,15848.803960611507,13230.180431498955,1546.2541057747967,-42.000389949820956,40,40,0.0057542761634465376,18.05396639877946,29.491720072689354,0.10856225966535997,0.013345981572281142
2020-12-29,False,105652.14927752885,105734.78229302273,-82.7907123488281,1.0131041024037375,-1.1708009573534213,-82.63301549387842,-0.0007830035732176594,-0.0007815121353811237,1013.1041024037374,16517.32779035853,13878.883260271996,-137.35005223404096,54.55933988521286,40,40,0.0057542761634465376,18.656022308567742,29.491720072689358,0.1147005191795735,0.013220940694129683
2020-12-30,False,105618.22471557501,105652.14927752885,-35.58422247904366,0.31046249161882145,-1.9701230168158483,-33.924561953846634,-0.0003368054764846328,-0.0003210967518013573,310.46249161882145,16290.762326298185,13700.467174366526,-43.95716850992618,8.372946030882556,40,40,0.0057542761634465376,18.992424597695493,29.49172007268936,0.11422051437019655,0.013455893198727071
2020-12-31,False,106574.0843491161,105618.22471557501,948.8322191929669,0.709214980487668,-7.736629328622651,955.8596335411019,0.008983603177842917,0.00905013917924854,709.214980487668,15872.501663376112,13442.956782378022,966.2938900738297,-17.461670880862695,39,39,0.0057542761634465376,18.686765314281562,28.755915320696374,0.11264220209986137,0.01277908970275181
2021-01-01,False,106496.14513941546,106574.0843491161,-77.0882214933653,7.080033210749031,-6.229045003459159,-77.93920970065517,-0.0007233298973589036,-0.0007313148424089799,7080.03321074903,17630.988971748986,10246.499113217844,-43.12891195828789,-33.9593095350775,41,43,0.0057542761634465376,15.126631427724078,30.80279514135321,0.09166761981755042,0.016360503999941406
2021-01-02,False,107203.22060522549,106496.14513941546,713.5971863940474,0.5586324736483073,5.9630881103656534,707.0754658100334,0.0067006856019048225,0.006639446572309185,558.6324736483073,17563.145902237877,10054.859948476074,745.5182858778139,-31.92109948376644,41,43,0.0057542761634465376,15.095050932189523,30.802795141353215,0.09100063258920645,0.014824281780934208
2021-01-03,False,107305.8206000011,107203.22060522549,117.70268567676771,1.1236613624411884,13.979029538727001,102.59999477559953,0.0010979398287874799,0.0009570607505666524,1123.6613624411884,17523.833763057864,9964.841385879352,638.6875260622346,-520.984840385467,41,43,0.0057542761634465376,15.01558096827312,30.802795141353215,0.09133385186528006,0.014652752275946875
2021-01-04,False,107284.21961555562,107305.8206000011,17.776952185777986,1.8151004311908527,37.56283620007079,-21.600984445483657,0.00016566624332564682,-0.00020130300783966453,1815.1004311908528,17305.20138950974,9961.321908610462,149.29128616828416,-131.51433398250623,41,43,0.0057542761634465376,15.31591489153685,30.80279514135321,0.09207735529602086,0.016378159300510866
2021-01-05,False,107376.09946856643,107284.21961555562,96.70727479852219,0.9711531567839449,3.8562686309208756,91.87985301081737,0.0009014119238138185,0.0008564153548402686,971.1531567839448,16997.8394464948,10115.130000672016,286.369831963131,-189.6625571646088,42,43,0.0057542761634465376,15.671581704597612,30.802795141353215,0.0935492640334228,0.01597274825801285
2021-01-06,False,107957.37295599598,107376.09946856643,615.1051959169721,0.6728753694526918,33.15883311797965,581.2734874295398,0.005728511269838402,0.005413434556725572,672.8753694526918,16959.781189860383,10379.822171792746,926.7872540558885,-311.6820581389163,43,43,0.0057542761634465376,16.098496266527995,30.802795141353215,0.09619511881815067,0.015810432214905686
2021-01-07,False,107616.94148634926,107957.37295599598,-305.5297003559257,1.1293663568394092,33.772402933950474,-340.4314696467155,-0.0028300957312147757,-0.003153387863425292,1129.366356839409,17156.67314218815,11156.310810234485,-360.1355202727199,54.605819916794225,43,43,0.0057542761634465376,16.89208137305013,30.802795141353215,0.10122638109824443,0.016761328127530038
2021-01-08,False,107296.32027519747,107616.94148634926,-290.52269258400327,8.681260619677353,21.417257948095685,-320.6212111517763,-0.0026995999753519737,-0.002979281948766828,8681.260619677352,16198.344225134122,13708.046157808301,-236.6269693430875,-53.895723240915785,49,50,0.0057542761634465376,22.091419261167438,34.03500486932034,0.12588483615341595,0.016902517243405395
2021-01-09,False,108145.03091770761,107296.32027519747,871.7031170428926,0.5245511359486617,22.467923396808324,848.7106425101356,0.008124259199263469,0.007909969701974233,524.5511359486616,16191.721273144467,13678.195401553743,976.4343141870532,-104.73119714416057,49,50,0.0057542761634465376,22.538064026391172,34.03500486932033,0.12632309768982006,0.015241176926769226
2021-01-10,False,107672.08109848146,108145.03091770761,-411.56316362671623,0.5770080535169616,60.80964754592095,-472.94981922615415,-0.003805659493868868,-0.004373292191169124,577.0080535169616,16838.448422172783,14536.69270710133,-430.8226740472895,19.25951042057329,50,50,0.0057542761634465376,23.345726156183854,34.03500486932034,0.13365176524636682,0.016085272308863943
2021-01-11,False,106198.18129835745,107672.08109848146,-1470.6047434922502,0.4791414342472192,2.815915197512828,-1473.8998001240102,-0.013658180732544517,-0.013688783434731969,479.14143424721925,16268.276699486829,14370.704289368041,-1617.0397757141818,146.4350322219314,50,50,0.0057542761634465376,23.988696787644013,34.03500486932033,0.1328208890631852,0.01694956375370993
2021-01-12,False,106056.33126638933,106198.18129835745,-143.06482357341957,0.7713862858351438,-1.986177891137543,-141.85003196811718,-0.0013471494692690405,-0.0013357105576939966,771.3862858351438,15276.188177385862,13608.065725487104,-158.34603469840818,15.281211124988577,50,50,0.0057542761634465376,23.7259651564149,34.03500486932034,0.1304044483496831,0.014499848143275417
2021-01-13,False,108203.08571108805,106056.33126638933,2150.3709603274547,0.26963600334573273,3.346879625397793,2146.7544446987113,0.020275743415319666,0.020241643464986105,269.6360033457327,15301.05984980433,13666.502765265479,2226.3791295434794,-76.00816921602475,50,50,0.0057542761634465376,23.623996947336476,34.03500486932034,0.1310998109986933,0.01428013121085323
2021-01-14,False,109324.85890787575,108203.08571108805,1139.5129247081966,3.3442405113557987,14.395487409134478,1121.7731967877064,0.010531242406069624,0.01036729395853776,3344.240511355799,17712.962852191995,16153.44606438852,1148.3757708639998,-8.862846155803275,50,50,0.0057542761634465376,26.36135258027492,34.03500486932034,0.1518155194873359,0.014739128311761449
2021-01-15,False,108798.6444412005,109324.85890787575,-494.118251822018,5.674604573828004,26.42161027940978,-526.2144666752558,-0.004519724578271756,-0.0048133102748266834,5674.604573828004,18644.22563383592,17210.462156217312,-442.0639389851732,-52.05431283684484,53,54,0.0057542761634465376,28.945797040419453,37.04093469784857,0.16355707928676536,0.01738487141367789
2021-01-16,False,109959.40123504683,108798.6444412005,1186.2180345869206,0.4996848749087513,24.96155586568282,1160.756793846329,0.010902875129368035,0.010668853456842951,499.68487490875134,18268.013772063605,16986.163594222897,1213.1604907844303,-26.94245619751004,54,54,0.0057542761634465376,29.284224761936105,37.04093469784858,0.1629226307374022,0.016783401762271895
2021-01-17,False,110220.78573587601,109959.40123504683,285.91128004432926,1.330870239779313,23.19590897536006,261.3845008291899,0.002600153118633045,0.002377100074148822,1330.8702397793131,18510.413389405683,17411.27565565813,330.6448120934544,-44.73353204912513,54,54,0.0057542761634465376,29.736590688611873,37.04093469784857,0.16689905506651156,0.016806495949945804
2021-01-18,False,110685.13999992775,110220.78573587601,513.615005292047,0.5341693301065723,48.726571910204456,464.354264051736,0.0046598742865327746,0.00421294641434036,534.1693301065723,18749.568217190645,17875.669324168346,559.9077035981189,-46.292698306071856,54,54,0.0057542761634465376,30.350887266793485,37.04093469784858,0.1710382688584257,0.016671019095378423
2021-01-19,False,109786.06798688574,110685.13999992775,-822.1229541112118,0.5776501006887673,76.37140883010171,-899.0720130420023,-0.007427582005242514,-0.00812278877763166,577.6501006887673,19231.36041747024,18612.351574219072,-859.7066780153576,37.58372390414581,54,54,0.0057542761634465376,31.07606824480289,37.04093469784857,0.17655978952447002,0.0157171733606951
2021-01-20,False,110265.16256474848,109786.06798688574,494.7276446538183,0.3593929530566294,15.273673838025548,479.0945778627361,0.004506288035681494,0.004363892310269873,359.3929530566294,18610.498399879405,18118.99733702901,497.23021500612947,-2.502570352311161,54,54,0.0057542761634465376,31.320829322371267,37.04093469784857,0.1733293476821106,0.016441703430983043
2021-01-21,False,107864.98874216882,110265.16256474848,-2386.703855802436,0.36295173276546727,13.10701504445953,-2400.1738225796607,-0.02164513070391518,-0.02176729047282057,362.9517327654673,19124.287744267545,18721.080342010053,-2420.1802638674817,33.47640806504559,54,54,0.0057542761634465376,31.62016141869604,37.04093469784857,0.177234902854824,0.016589763972598093
2021-01-22,False,109286.70286027656,107864.98874216882,1427.5089760803992,9.084947961492437,-3.290089988845126,1421.714118107752,0.01323421985879583,0.013180496606791431,9084.947961492438,20065.822012852957,19863.342865494953,1431.7576556982367,-4.24867961783741,57,57,0.0057542761634465376,35.194827479797674,38.97933914148557,0.20166652075906194,0.01752871039689425
2021-01-23,False,109724.85683738843,109286.70286027656,443.40946588493546,0.707801729141966,4.547687043929139,438.1539771118643,0.0040573048164133565,0.004009215811662336,707.801729141966,20944.471206875645,20696.327091641113,452.2174629635466,-8.807997078611132,57,57,0.0057542761634465376,35.09084022718719,38.979339141485575,0.20735850111461798,0.01738064758326381
2021-01-24,False,110404.099225924,109724.85683738843,698.7028840972569,0.44111349773580344,19.019382063946388,679.2423885355746,0.006367772118698047,0.006190414898806455,441.1134977358034,21094.283554978316,20825.961060929694,700.0471153651287,-1.3442312678718835,57,57,0.0057542761634465376,35.086342685433436,38.97933914148557,0.20642496731780377,0.017578447276323166
2021-01-25,False,110338.98286950633,110404.099225924,-42.419351285228686,0.6968008828121297,22.000204249627256,-65.11635641766807,-0.0003842189880868861,-0.0005898001693253985,696.8008828121297,21284.70477573046,21002.7138223059,-45.35611277145631,2.9367614862276277,57,57,0.0057542761634465376,35.09492482914453,38.97933914148557,0.206331078233209,0.017229265696831867
2021-01-26,False,110600.01361086313,110338.98286950633,262.86375753482366,1.1917821949865124,0.6412339830390343,261.0307413567981,0.002382328989253984,0.0023657164002092454,1191.7821949865124,21061.77603672485,20748.748379345358,266.01320191656725,-3.1494443817436,57,57,0.0057542761634465376,35.08169243400409,38.979339141485575,0.20230101681547638,0.016650354869851537
2021-01-27,False,109200.9424280485,110600.01361086313,-1394.508620160921,0.31543964876286473,4.2471230049446,-1399.0711828146284,-0.012608575484153037,-0.012649828305963352,315.43964876286475,21222.793667371312,20897.442611732353,-1391.5648531760835,-2.9437669848373798,57,57,0.0057542761634465376,35.0266052125616,38.97933914148557,0.20317492425088052,0.016800329414612247
2021-01-28,False,118862.21530452484,109200.9424280485,9675.014178395222,0.9596831545181423,12.781618764358244,9661.272876476345,0.08859826630864473,0.08847243129647961,959.6831545181424,20320.121282560616,19980.647226375157,9681.97128730804,-6.957108912818704,57,57,0.0057542761634465376,34.79098646420017,38.97933914148557,0.19887380640597344,0.015690937420475157
2021-01-29,False,119436.50448093348,118862.21530452484,629.4678047106229,14.787932930638007,40.39069537134125,574.2891764086436,0.005295777157593161,0.004831553702219965,14787.932930638006,21726.139834004975,21345.286341557774,641.8799219299467,-12.412117219323747,61,61,0.0057542761634465376,35.36125984003893,40.60146382381221,0.20266874333284787,0.01666649661574121
2021-01-30,False,119327.31979835301,119436.50448093348,-72.40884805639087,0.40677890814123074,36.36905561593765,-109.18468258046974,-0.0006062539118260115,-0.0009141650875917897,406.7789081412308,22169.890281851294,21787.60434852101,28.864931556322574,-101.27377961271338,61,61,0.0057542761634465376,35.70733173795853,40.60146382381221,0.20637621936758438,0.0157741897418329
2021-01-31,False,119290.01025347805,119327.31979835301,24.84616781878117,1.2216282852183062,60.93408440852775,-37.309544874964885,0.00020821860292150887,-0.00031266557346643634,1221.6282852183062,22181.367041073863,21998.271552573162,33.52367786189626,-8.677510043115099,61,61,0.0057542761634465376,36.08576843385752,40.60146382381221,0.2086686530803273,0.017169148431382068
2021-02-01,False,120114.31808004851,119290.01025347805,860.3117935713473,0.8184706240439272,35.185496376842195,824.3078265704612,0.007211934945292402,0.006910116151544446,818.4706240439273,21911.82302828154,21884.46500639164,860.5807496333902,-0.26895606204280953,61,61,0.0057542761634465376,36.46654608968344,40.60146382381221,0.2079682762030868,0.016895183585288406
2021-02-02,False,120647.56551343955,120114.31808004851,587.4765521075117,0.3474913914916501,53.8816273249911,533.247433391029,0.004890978540260256,0.004439499319603626,347.49139149165006,22642.904798136282,22615.008864122297,588.2197201736826,-0.7431680661709207,61,61,0.0057542761634465376,36.76705054636764,40.60146382381221,0.21308658194324,0.015984307976653078
2021-02-03,False,122095.8018229053,120647.56551343955,1561.7013118079426,0.5703182721712464,112.89468407002013,1448.2363094657512,0.012944325110596424,0.012003858538732178,570.3182721712465,23100.8007720326,23071.41850188627,1561.9395974418576,-0.23828563391511937,61,61,0.0057542761634465376,37.0179242860419,40.60146382381222,0.21524349145882476,0.017449367170530077
2021-02-04,False,122465.3919854555,122095.8018229053,489.65101205267393,0.9362512977240933,119.1245982047544,369.59016255019543,0.0040103836883998,0.003027050537628395,936.2512977240933,23826.616484589656,23796.7576431755,489.0423220175244,0.6086900351495161,61,61,0.0057542761634465376,37.29202698795901,40.60146382381221,0.21935195269310487,0.017636119624588213
2021-02-05,False,125065.26650172772,122465.3919854555,2766.977558768425,3.7702035533292366,163.33283894288,2599.8745162722157,0.022593955026061915,0.021229463068072225,3770.2035533292365,23562.137793866157,23533.4963325223,2768.5653432399586,-1.587784471533426,61,61,0.0057542761634465376,37.20521411901677,40.15519961990711,0.21415159091531277,0.017947721295515764
2021-02-06,False,125268.36998975767,125065.26650172772,281.5773686722084,1.9410982981681373,76.53278234408103,203.10348802995927,0.0022514433987018976,0.0016239799723063277,1941.0982981681373,24768.20806531868,24736.391035031753,281.31077187386774,0.266596798340679,61,61,0.0057542761634465376,37.477135364430886,40.15519961990711,0.22192024628610998,0.017716731154633413
2021-02-07,False,127334.91616251128,125268.36998975767,2145.5911895046647,0.9348562560486218,78.1101604950206,2066.546172753596,0.017127956479996466,0.016496951089269886,934.8562560486218,24453.912523998515,24422.628687308275,2146.3508724167505,-0.7596829120858297,61,61,0.0057542761634465376,37.71100699984993,40.1551996199071,0.21870148252862032,0.0165760520035725
2021-02-08,False,130129.61124058848,127334.91616251128,2896.8716939237383,3.25633548410319,98.92028036243275,2794.6950780772027,0.02275001846490089,0.02194759428364857,3256.3354841031896,24230.75597307115,24200.96793434429,2898.5234903750043,-1.6517964512664598,61,61,0.0057542761634465376,37.820051831069314,40.15519961990711,0.2173097911837386,0.01593348807158717
2021-02-09,False,132072.9025036549,130129.61124058848,2171.9346959864156,1.8960485658223871,226.74738435416896,1943.2912630664246,0.01669054933216439,0.01493350548380257,1896.048565822387,25272.474597209075,25260.43353172299,2172.4990965698626,-0.5644005834472656,61,61,0.0057542761634465376,38.013717433287084,40.15519961990711,0.22355054761237653,0.016758459824454744
2021-02-10,False,133319.46169125554,132072.9025036549,1481.9197504430526,2.0521590004881927,233.30840384193317,1246.5591876006313,0.0112204678049083,0.009438417449530457,2052.1590004881928,25741.461468839007,25741.461468839007,1481.9197504430526,0.0,61,61,0.0057542761634465376,38.2399202518327,40.15519961990711,0.22587317653791406,0.01694967848203205
2021-02-11,False,135873.20275745043,133319.46169125554,2699.7016114876988,2.1397668465782735,143.8207784462172,2553.7410661949034,0.020249868828151538,0.019155050836530674,2139.7668465782735,25588.404515816044,25588.404515816044,2699.7016114876988,0.0,61,61,0.0057542761634465376,38.4232724789046,40.15519961990711,0.22612011531972073,0.01680084805180455
2021-02-12,False,137707.40456554302,135873.20275745043,2055.807511913641,12.78240278272504,208.82330103831177,1834.2018080926043,0.015130338213808782,0.013499363898611188,12782.40278272504,26565.93280380002,26565.93280380002,2055.807511913641,0.0,64,64,0.0057542761634465376,39.58613623587964,41.32443607409601,0.2316058192202321,0.018815941545228608
2021-02-13,False,138646.71217033762,137707.40456554302,1198.469855363888,1.2542687940491513,257.90798177525517,939.3076047945838,0.008703016799604744,0.006821039200891425,1254.2687940491512,27457.145539324483,27457.145539324483,1198.469855363888,0.0,64,64,0.0057542761634465376,39.82863397068011,41.32443607409601,0.23664439096333306,0.018215606779078124
2021-02-14,False,136751.5137608138,138646.71217033762,-1688.0877195917546,1.785703578462963,205.32498635359102,-1895.1984095238086,-0.01217546159708292,-0.013669263265294159,1785.703578462963,27634.279811198816,27634.279811198816,-1688.0877195917546,0.0,64,64,0.0057542761634465376,40.02396878754468,41.32443607409601,0.23693925900024004,0.017969567151738124
2021-02-15,False,136467.02806743167,136751.5137608138,-233.0203030635784,0.7538612732449582,50.71152904530207,-284.4856933821254,-0.0017039687287933368,-0.0020803111099721144,753.8612732449582,26668.20408745292,26668.20408745292,-233.0203030635784,0.0,64,64,0.0057542761634465376,40.14073181313718,41.32443607409601,0.23232824300251376,0.016892245238361307
2021-02-16,False,136442.1642250936,136467.02806743167,31.647032347853184,1.263305510544503,55.2475691753652,-24.863842338056518,0.00023190240746076492,-0.0001821967012117439,1263.305510544503,26598.631838304565,26598.631838304565,31.647032347853184,0.0,64,64,0.0057542761634465376,40.21177780565866,41.32443607409601,0.23310768423127196,0.016670635862514247
2021-02-17,False,138314.19518185986,136442.1642250936,1943.8649655719453,0.6936417727426282,71.14036703294813,1872.0309567662543,0.01424680542566798,0.013720325878721013,693.6417727426282,26652.51430089119,26652.51430089119,1943.8649655719453,0.0,64,64,0.0057542761634465376,40.22997592917923,41.32443607409601,0.23345328605963414,0.01659816692592915
2021-02-18,False,139008.81608047892,138314.19518185986,871.7197094549513,1.5533974637606172,175.5454133721165,694.6208986190742,0.006302460194405836,0.005022050684716523,1553.3974637606173,27298.362379844402,27298.362379844402,871.7197094549513,0.0,64,64,0.0057542761634465376,40.24518763659448,41.32443607409601,0.23649695991489797,0.016661954789146994
2021-02-19,False,140327.11639126102,139008.81608047892,1529.6867768372367,11.05666649323901,200.3297995619009,1318.3003107820969,0.011004242896016229,0.009483573401696112,11056.66649323901,30296.61212254172,30296.61212254172,1529.6867768372367,0.0,69,69,0.0057542761634465376,41.78080940667191,42.99371718510401,0.24203690067018296,0.018074977964844266
2021-02-20,False,138870.32839844775,140327.11639126102,-1155.9831320706007,1.4387432866528924,299.36611745601544,-1456.787992813269,-0.008237774435893635,-0.010381371970556587,1438.7432866528923,31036.396347669775,31036.396347669775,-1155.9831320706007,0.0,69,69,0.0057542761634465376,41.801784797739465,42.99371718510401,0.24550499874217033,0.0178530585815665
2021-02-21,False,139606.64288318602,138870.32839844775,808.9760514919348,0.7130488754082418,71.94851787823936,736.3144847382871,0.005825406051974003,0.005302172848800705,713.0488754082419,30018.213083848714,30018.213083848714,808.9760514919348,0.0,69,69,0.0057542761634465376,41.754957537232656,42.993717185104025,0.24067154983231603,0.017801955969796078
2021-02-22,False,138514.08261486434,139606.64288318602,-1067.8907148746212,0.6255499363167095,24.044003510740225,-1092.560268321678,-0.007649282962617791,-0.007825990552869774,625.5499363167095,31313.87763102756,31313.87763102756,-1067.8907148746212,0.0,69,69,0.0057542761634465376,41.912855916132884,42.99371718510402,0.2429105896797913,0.018305593028631714
2021-02-23,False,135574.50845400014,138514.08261486434,-2933.049373883144,2.33846289071652,4.186324090340295,-2939.574160864201,-0.02117509872291058,-0.021222204308551273,2338.4628907165197,30367.14012436344,30367.14012436344,-2933.049373883144,0.0,69,69,0.0057542761634465376,41.847970734981494,42.99371718510402,0.2392141665642986,0.016888730079605337
2021-02-24,False,137020.6501067034,135574.50845400014,1454.148186729472,2.186877960094333,5.819656066110028,1446.1416527032677,0.01072582304233733,0.010666766704110438,2186.877960094333,28634.179832979244,28634.179832979244,1454.148186729472,0.0,69,69,0.0057542761634465376,41.711581306285574,42.99371718510402,0.2344271492850272,0.015226073168159195
2021-02-25,False,135021.31208316484,137020.6501067034,-1995.2021847333322,0.6734809418736643,3.4623578633369485,-1999.338023538543,-0.0145613247578346,-0.014591508812588317,673.4809418736643,29759.030214677437,29759.030214677437,-1995.2021847333322,0.0,69,69,0.0057542761634465376,41.62586354873126,42.99371718510402,0.23880839847492624,0.014720451484464672
2021-02-26,False,135030.27044986046,135021.31208316484,15.188901965111683,15.170672670682624,-8.940137401189983,8.958366695619041,0.00011249262602155912,6.63477976728684e-05,15170.672670682623,27619.86028320305,27619.86028320305,15.188901965111683,0.0,70,70,0.0057542761634465376,41.80873424330603,43.96565150905842,0.23614742042362863,0.014938194890886533
2021-02-27,False,135852.5074676995,135030.27044986046,832.3052032855027,0.6289909421144967,9.439194504360554,822.2370178390277,0.006163841637231667,0.006089279204579105,628.9909421144966,27708.68629654076,27708.68629654076,832.3052032855027,0.0,70,70,0.0057542761634465376,41.52841189440077,43.96565150905842,0.23566893666715333,0.014237162403725436
2021-02-28,False,134615.90371203795,135852.5074676995,-1231.9784380730807,0.8284812913138441,3.7968362971598566,-1236.6037556615545,-0.009068499809368611,-0.009102546421202945,828.4812913138442,28051.695983124046,28051.695983124046,-1231.9784380730807,0.0,70,70,0.0057542761634465376,41.299262474862964,43.96565150905842,0.23627951033989367,0.013920615139636647
2021-03-01,False,137143.34531333984,134615.90371203795,2534.6737508281567,0.37559337249726443,6.856556153774121,2527.4416013018854,0.01882893239902898,0.018775208066859863,375.5933724972644,27112.231760193656,27112.231760193656,2534.6737508281567,0.0,70,70,0.0057542761634465376,40.925088128003146,43.96565150905842,0.2311350150199046,0.013192394474785879
2021-03-02,False,136739.1099479737,137143.34531333984,-384.18868156792666,0.9678931101462896,19.078790688082318,-404.2353653661553,-0.0028013658314236622,-0.002947539047137678,967.8931101462897,28679.012400875523,28679.012400875523,-384.18868156792666,0.0,70,70,0.0057542761634465376,40.72150282227555,43.96565150905842,0.23946091164426825,0.014623513742194694
2021-03-03,False,138025.9569089191,136739.1099479737,1308.6688928797992,0.17536045162548233,21.64657148275927,1286.8469609454144,0.009570552955754354,0.009410964876362235,175.36045162548234,28163.275107778536,28163.275107778536,1308.6688928797992,0.0,70,70,0.0057542761634465376,40.52621520319012,43.96565150905842,0.23493452924011912,0.013770008749767904
2021-03-04,False,137561.76718132445,138025.9569089191,-432.9152715256024,0.747031559912703,30.52742450913077,-464.1897275946459,-0.003136477233853018,-0.0033630611081432787,747.031559912703,28794.296974352757,28794.296974352757,-432.9152715256024,0.0,70,70,0.0057542761634465376,40.47308916618535,43.96565150905842,0.23704254308537476,0.01455676009435823
2021-03-05,False,136846.90037661415,137561.76718132445,-683.2996124739964,15.660313024896015,15.906879211411187,-714.8668047103035,-0.00496722037289124,-0.005196696868309458,15660.313024896013,29184.03435926074,29184.03435926074,-683.2996124739964,0.0,71,71,0.0057542761634465376,40.569423022093815,44.01367007808131,0.23329114984751792,0.01541179036075035
2021-03-06,False,136916.17827066136,136846.90037661415,84.25486034235074,0.6410972847301705,14.335869010408091,69.27789404721248,0.0006156870203890208,0.0005062437940249571,641.0972847301705,28921.653367802362,28921.653367802362,84.25486034235074,0.0,71,71,0.0057542761634465376,40.3766922485818,44.01367007808132,0.23245809526055425,0.015170597724717377
2021-03-07,False,137902.89923347998,136916.17827066136,1010.0655965005564,0.16659228490930858,23.178041397025567,986.7209628186215,0.007377255261272473,0.007206752155088876,166.59228490930857,29093.22684567453,29093.22684567453,1010.0655965005564,0.0,71,71,0.0057542761634465376,40.23547681186006,44.01367007808131,0.23324410894791062,0.014970904545797263
2021-03-08,False,138829.2498084647,137902.89923347998,962.0584493846964,0.34612874478752165,35.361745655205944,926.3505749847029,0.0069763467971464405,0.006717411890059843,346.12874478752167,29788.29611774042,29788.29611774042,962.0584493846964,0.0,71,71,0.0057542761634465376,40.1719531475821,44.01367007808132,0.23577508932244312,0.01491528469367636
2021-03-09,False,141061.8689337952,138829.2498084647,2325.901101740324,0.8239430628068559,92.45803334701044,2232.619125330507,0.01675368198667965,0.01608176323368982,823.9430628068559,30410.151860863938,30410.151860863938,2325.901101740324,0.0,71,71,0.0057542761634465376,40.20716552846111,44.01367007808132,0.23695185147743625,0.01538710153509293
2021-03-10,False,140476.46374012003,141061.8689337952,-498.8864822678926,1.7631017180701507,84.75560968920315,-585.405193675166,-0.003536650166616152,-0.004149988924008338,1763.1017180701508,31145.27066216721,31145.27066216721,-498.8864822678926,0.0,71,71,0.0057542761634465376,40.21919895575373,44.01367007808132,0.23872673881532316,0.01637681023140465
2021-03-11,False,141690.46499812868,140476.46374012003,1265.7168793876122,1.3481354231323432,50.367485955829224,1214.0012580086507,0.009010170427760589,0.008642026042558561,1348.1354231323432,30505.117500423363,30505.117500423363,1265.7168793876122,0.0,71,71,0.0057542761634465376,40.15067310828304,44.01367007808132,0.23451083029717773,0.014603322232602087
2021-03-12,False,140722.3529724268,141690.46499812868,-870.3165420189442,19.20176296328322,78.59372071966146,-968.112025701889,-0.006142379037505725,-0.006832584152466964,19201.762963283218,31032.5395071475,31032.5395071475,-870.3165420189442,0.0,72,72,0.0057542761634465376,40.26373409801514,44.38743225346434,0.23492735338547963,0.01473062177363991
2021-03-13,False,142713.5174144019,140722.3529724268,2060.49037523429,0.6967638304462682,68.62916942875938,1991.1644419750842,0.014642239357936427,0.014149595994640836,696.7638304462682,30678.201492231397,30678.201492231397,2060.49037523429,0.0,72,72,0.0057542761634465376,40.1942834485616,44.38743225346434,0.23122431725079762,0.013628735206332687
2021-03-14,False,141932.46455595386,142713.5174144019,-660.6647385220599,1.1176368951883515,119.27048303078367,-781.0528584480319,-0.004629307373902544,-0.005472872315101472,1117.6368951883517,31984.83803842634,31984.83803842634,-660.6647385220599,0.0,72,72,0.0057542761634465376,40.2892477579154,44.38743225346434,0.2366337459178929,0.01420273733992731
2021-03-15,False,141265.2629384365,141932.46455595386,-591.9055697185427,0.6839378707196015,74.61210992809171,-667.201617517354,-0.004170332499829146,-0.004700838667212207,683.9378707196016,31384.84114692016,31384.84114692016,-591.9055697185427,0.0,72,72,0.0057542761634465376,40.2939861600236,44.38743225346434,0.232151255967945,0.014095896305265691
2021-03-16,False,143111.17982018707,141265.2629384365,1883.6861753967653,0.37398501104844173,37.395308635156965,1845.91688175056,0.013334390466661836,0.013067026127683009,373.9850110484417,31077.255871774727,31077.255871774727,1883.6861753967653,0.0,72,72,0.0057542761634465376,40.2425885737062,44.38743225346434,0.23056315295258298,0.013348425990254282
2021-03-17,False,145639.8764408808,143111.17982018707,2581.5866139838345,1.243624501721053,51.64636878839664,2528.696620693717,0.018039028238237467,0.01766945548119241,1243.624501721053,32034.497508028522,32034.497508028522,2581.5866139838345,0.0,72,72,0.0057542761634465376,40.31939083496822,44.38743225346434,0.2346028754212342,0.013717341935781446
2021-03-18,False,145157.23482432024,145639.8764408808,-381.300381914825,2.6863547650563557,98.65487988067602,-482.6416165605574,-0.002618104266722619,-0.0033139386571539343,2686.3547650563555,33217.0100651547,33217.0100651547,-381.300381914825,0.0,72,72,0.0057542761634465376,41.32525345029806,44.38743225346434,0.24112197261687535,0.014152000196044245
2021-03-19,False,145550.91595729176,145157.23482432024,479.133026294256,17.224081743930434,68.2278115788107,393.6811329715149,0.003300786398102288,0.0027121013530464135,17224.081743930434,31283.539477439735,31283.539477439735,479.133026294256,0.0,73,73,0.0057542761634465376,41.61188079853407,44.65440832528151,0.24069262499065497,0.01485738397247986
2021-03-20,False,145094.76543970458,145550.91595729176,-332.6456963476767,0.7000456980740223,122.80477554140995,-456.1505175871606,-0.0022854249604673266,-0.003133958413020269,700.0456980740223,31790.995341410606,31790.995341410606,-332.6456963476767,0.0,73,73,0.0057542761634465376,41.69585321348086,44.65440832528151,0.24399882469386558,0.015146132149334674
2021-03-21,False,145979.22658160064,145094.76543970458,959.4801590045406,1.1221682926835237,73.89684881580173,884.4611418960553,0.006612782729251946,0.006095748107905388,1122.1682926835238,31783.27498658085,31783.27498658085,959.4801590045406,0.0,73,73,0.0057542761634465376,41.76594722644178,44.654408325281516,0.24326582832293406,0.014802758351530896
2021-03-22,False,144884.78830768494,145979.22658160064,-1021.6602512323853,1.348202757535995,71.42981992576608,-1094.4382739156874,-0.00699866875004499,-0.007497219293074618,1348.2027575359948,31929.544539981736,31929.544539981736,-1021.6602512323853,0.0,73,73,0.0057542761634465376,41.7867592755053,44.654408325281516,0.24323891018699648,0.014744819053432985
2021-03-23,False,146862.2591173296,144884.78830768494,1999.073081334684,1.0593122998339586,20.5429593901752,1977.470809644675,0.013797674032482606,0.0136485743792869,1059.3122998339586,31799.979573839977,31799.979573839977,1999.073081334684,0.0,73,73,0.0057542761634465376,41.88476045126557,44.65440832528152,0.23987987040777456,0.013984053671791136
2021-03-24,False,144967.64205165516,146862.2591173296,-1867.1730065607167,2.5930163210307997,24.851042792702657,-1894.61706567445,-0.012713770152950016,-0.012900639531636395,2593.0163210307996,32016.75388249229,32016.75388249229,-1867.1730065607167,0.0,73,73,0.0057542761634465376,41.883754117579535,44.654408325281516,0.24035646027665516,0.013874141448884894
2021-03-25,False,145921.16465581645,144967.64205165516,964.3975818172056,1.2527957340375904,9.622181921876887,953.5226041612912,0.006652502366518244,0.006577485780044143,1252.7957340375904,30736.603553319066,30736.603553319066,964.3975818172056,0.0,73,73,0.0057542761634465376,41.619901584226696,44.65440832528151,0.23609249909321595,0.0135897185349303
2021-03-26,False,150436.94557590067,145921.16465581645,4549.786671104094,18.50194814536264,15.503802874524876,4515.780920084207,0.031179758480105707,0.030946716542014707,18501.94814536264,34218.99813455526,34218.99813455526,4549.786671104094,0.0,77,77,0.0057542761634465376,44.50349296754805,46.31371643881613,0.2526692055221281,0.015054864602976696
2021-03-27,False,151260.02953950228,150436.94557590067,859.3273549815287,3.4693216487251326,32.77406973117712,823.0839636016265,0.005712209535309717,0.005471288721335757,3469.321648725132,35675.003114149105,35675.003114149105,859.3273549815287,0.0,77,77,0.0057542761634465376,44.46317438227,46.31371643881613,0.2579659764796021,0.01554702686184048
2021-03-28,False,151949.66912961498,151260.02953950228,750.4000331898354,1.6336965514270818,59.126746525720066,689.6395901126883,0.0049609935650175505,0.004559298264136499,1633.6965514270819,35558.47349126923,35558.47349126923,750.4000331898354,0.0,77,77,0.0057542761634465376,44.47596751783534,46.31371643881613,0.2564439797025202,0.015085055211459312
2021-03-29,False,153159.96800964864,151949.66912961498,1292.4434366001256,0.7182913662793553,81.42626520017905,1210.298880033667,0.008505733799904856,0.007965130078705645,718.2913662793553,35967.068995526744,35967.068995526744,1292.4434366001256,0.0,77,77,0.0057542761634465376,44.53535326841889,46.31371643881613,0.25587828362164655,0.015300155556635504
2021-03-30,False,154097.60131025576,153159.96800964864,1082.0465336081866,1.7613771241431904,142.65185587690945,937.6333006071341,0.00706481300348679,0.006121921496797818,1761.3771241431903,38038.53889963157,38038.53889963157,1082.0465336081866,0.0,77,77,0.0057542761634465376,44.68129087289498,46.31371643881614,0.2587007955827524,0.015147325061059038
2021-03-31,False,155240.69957119343,154097.60131025576,1263.5779540039591,1.2582926394593523,119.22140042684185,1143.0982609376579,0.008199854788523975,0.0074180146298070924,1258.2926394593524,38322.70904213182,38322.70904213182,1263.5779540039591,0.0,77,77,0.0057542761634465376,44.74381344162463,46.31371643881614,0.25885538780077916,0.016126612448477202
2021-04-01,False,156084.82789466315,155240.69957119343,1025.2094039341423,3.1224274127148273,177.95865305171088,844.1283234697166,0.006603998866057551,0.0054375452172102535,3122.4274127148274,39538.13340956776,39538.13340956776,1025.2094039341423,0.0,77,77,0.0057542761634465376,44.958469797409485,46.31371643881614,0.2598008442714823,0.015869068238723163
2021-04-02,False,157395.8397736395,156084.82789466315,1516.9030311959223,6.270680586812458,199.6204716327374,1311.0118789763724,0.009718452790425176,0.00839935499599701,6270.680586812458,39878.060584330844,39878.060584330844,1516.9030311959223,0.0,77,77,0.0057542761634465376,44.76530519870494,46.11734446926915,0.2573537754542601,0.01579915239399696
2021-04-03,False,154903.09879264553,157395.8397736395,-2239.497744963489,1.9603060772359029,251.28292995325768,-2492.7409809939827,-0.01422844306548538,-0.015837400687203324,1960.306077235903,41131.176969624175,41131.176969624175,-2239.497744963489,0.0,77,77,0.0057542761634465376,44.926776715765556,46.117344469269156,0.2609056815665064,0.01612806968018231
2021-04-04,False,157202.1056332898,154903.09879264553,2376.179458969523,1.1655107366639057,76.00710758860349,2299.0068406442556,0.015339780014022152,0.014841580695049384,1165.5107366639056,39697.78519179841,39697.78519179841,2376.179458969523,0.0,77,77,0.0057542761634465376,44.891772328459844,46.117344469269156,0.2568344190076141,0.015794261565429513
2021-04-05,False,160232.91238839593,157202.1056332898,3180.159325361332,0.6432258096886851,148.70934444551216,3030.806755106131,0.020229750184007,0.019279682946335256,643.2258096886851,41430.73884107925,41430.73884107925,3180.159325361332,0.0,77,77,0.0057542761634465376,44.94942209702532,46.11734446926915,0.2638738902686104,0.015702932845007254
2021-04-06,False,161666.02786073767,160232.91238839593,1676.543352953347,4.155831389921872,239.27204922169554,1433.1154723417296,0.010463164701703083,0.008943951969542532,4155.831389921872,41509.0135099817,41509.0135099817,1676.543352953347,0.0,77,77,0.0057542761634465376,44.997603971243464,46.117344469269156,0.2615032121021986,0.01603112980096707
2021-04-07,False,159153.5170563484,161666.02786073767,-2402.4348067246456,2.738536468904746,107.33746119570117,-2512.5108043892515,-0.014860480204252626,-0.015541365354467533,2738.536468904746,42225.22789685813,42225.22789685813,-2402.4348067246456,0.0,77,77,0.0057542761634465376,45.138468622435255,46.11734446926915,0.2618402393658981,0.01643631752444791
2021-04-08,False,161579.2195841434,159153.5170563484,2499.47970951003,2.3531161498864344,71.42406556515871,2425.7025277949847,0.015704834902423723,0.015241275044749172,2353.1161498864344,40749.866407265145,40749.866407265145,2499.47970951003,0.0,77,77,0.0057542761634465376,45.10687461161618,46.117344469269156,0.2579244195607152,0.01526833757876175
2021-04-09,False,162179.60742066964,161579.2195841434,733.3878759475292,12.70057573658086,120.29946368471639,600.3878365262319,0.00453887497312495,0.0037157490800577616,12700.575736580859,43220.27137083563,43220.27137083563,733.3878759475292,0.0,78,78,0.0057542761634465376,45.82395814020758,46.72082938636697,0.26473965131413274,0.016231530081320722
2021-04-10,False,164316.0728894838,162179.60742066964,2330.1319468884667,1.4338060124615364,192.23267206185875,2136.4654688141463,0.01436760135227392,0.013173453202858449,1433.8060124615363,43908.93514011518,43908.93514011518,2330.1319468884667,0.0,78,78,0.0057542761634465376,45.866693845278675,46.72082938636697,0.2650821686112519,0.016182714406739147
2021-04-11,False,165828.01008027565,164316.0728894838,1733.067838640466,3.076073236224106,218.05457461238507,1511.937190791857,0.010547159557580822,0.009201395604243538,3076.073236224106,44965.71271665149,44965.71271665149,1733.067838640466,0.0,78,78,0.0057542761634465376,45.908648605957076,46.72082938636697,0.264992838214943,0.01647103297658879
2021-04-12,False,164948.46349729804,165828.01008027565,-634.9920152371418,2.131846999617901,242.42272074083786,-879.5465829775976,-0.003829220497368018,-0.005303968747811773,2131.846999617901,45316.35329035095,45316.35329035095,-634.9920152371418,0.0,78,78,0.0057542761634465376,45.93652987356594,46.72082938636697,0.26454490970026745,0.01597702374461651
2021-04-13,False,168268.24134498977,164948.46349729804,3578.0003822737044,1.1589405473367154,257.0635940346399,3319.7778476917274,0.02169162601706996,0.0201261519950206,1158.9405473367153,45029.87721114552,45029.87721114552,3578.0003822737044,0.0,78,78,0.0057542761634465376,45.95912985239183,46.72082938636698,0.2630182076779077,0.01614021975754746
2021-04-14,False,169176.11890063627,168268.24134498977,1214.4682019467728,3.6688706558333353,302.92177564443307,907.8775556465063,0.0072174534673885675,0.005395418341510696,3668.870655833335,46072.368475824696,46072.368475824696,1214.4682019467728,0.0,78,78,0.0057542761634465376,45.97187174500943,46.72082938636699,0.26482785988967444,0.016715732830700707
2021-04-15,False,172672.09993868307,169176.11890063627,3718.5810360795303,2.981606525728525,219.61839150700854,3495.981038046793,0.021980531650945354,0.020664743113654942,2981.606525728525,46767.500288097464,46767.500288097464,3718.5810360795303,0.0,78,78,0.0057542761634465376,46.033570802785476,46.72082938636699,0.2645826426002961,0.016973595925669747
2021-04-16,False,176327.89079333318,172672.09993868307,3918.638473073151,3.2687004359696505,259.5789179870667,3655.790854650115,0.022694103300212855,0.021171867695755762,3268.7004359696502,47776.74452193717,47776.74452193717,3918.638473073151,0.0,78,78,0.0057542761634465376,45.64153441115598,46.324632932701824,0.26406056301297304,0.016216109550684574
2021-04-17,False,174633.77976972034,176327.89079333318,-1414.3361810441602,7.870021879437097,271.90482068923285,-1694.11102361283,-0.008021057670915186,-0.009607731459786072,7870.021879437098,47568.37255487218,47568.37255487218,-1414.3361810441602,0.0,78,78,0.0057542761634465376,45.587714441228655,46.32463293270181,0.2620766458325154,0.016772669601968118
2021-04-18,False,171112.37173374105,174633.77976972034,-3473.352287404626,0.924000293141073,47.131748281532026,-3521.4080359792993,-0.01988934954041961,-0.020164529683906404,924.0002931410731,46952.95938161893,46952.95938161893,-3473.352287404626,0.0,78,78,0.0057542761634465376,45.588325771601504,46.324632932701824,0.2620754083332844,0.016178260082771984
2021-04-19,False,169076.74519689317,171112.37173374105,-2014.4152303470178,2.9025629457215465,18.30874355515136,-2035.6265368478905,-0.01177246980996525,-0.011896431077557746,2902.5629457215464,44785.56046631621,44785.56046631621,-2014.4152303470178,0.0,78,78,0.0057542761634465376,45.493173058159,46.324632932701824,0.2588334105667082,0.01633854725589192
2021-04-20,False,170666.78980446167,169076.74519689317,1597.6858586971377,3.2089066134658353,4.4323445151565375,1590.0446075685154,0.009449471344131929,0.009404277363613059,3208.906613465835,43283.95409986451,43283.95409986451,1597.6858586971377,0.0,78,78,0.0057542761634465376,45.3676873782886,46.32463293270181,0.25636953706508736,0.015576729172584932
2021-04-21,False,168707.3063530538,170666.78980446167,-1939.6781165281109,1.8543505666942783,17.950984313053176,-1959.4834514078582,-0.011365293263853275,-0.011481340064185306,1854.3505666942783,44332.65526397643,44332.65526397643,-1939.6781165281109,0.0,78,78,0.0057542761634465376,45.2863301954594,46.32463293270181,0.2597379604805299,0.015158353343322778
2021-04-22,False,165154.0209111563,168707.3063530538,-3531.7693145263756,1.0089872137473481,20.507140157407697,-3553.2854418975307,-0.020934299710383863,-0.021061834953736796,1008.987213747348,43142.54517892616,43142.54517892616,-3531.7693145263756,0.0,78,78,0.0057542761634465376,45.25937508740626,46.324632932701824,0.2549543648411331,0.015539711167658746
2021-04-23,False,164683.7325443693,165154.0209111563,-449.09736065394776,8.328921601125648,12.862084531909998,-470.28836678698343,-0.0027192638615534358,-0.002847574428962723,8328.921601125647,41566.66173605618,41566.66173605618,-449.09736065394776,0.0,78,79,0.0057542761634465376,44.203782194554236,46.27268903708396,0.24907312334599294,0.015444901744590045
2021-04-24,False,161979.66657856235,164683.7325443693,-2690.635915587013,1.413473764617018,12.016576455317336,-2704.065965806947,-0.01633820095049217,-0.01641975150811216,1413.4737646170179,41591.10927327379,41591.10927327379,-2690.635915587013,0.0,78,79,0.0057542761634465376,44.136689808373916,46.272689037083964,0.24740550990583204,0.015502314036629822
2021-04-25,False,163276.91247479277,161979.66657856235,1309.9304317753626,2.2243567823887336,10.460178762553792,1297.2458962304202,0.00808700535965129,0.008008695928517906,2224.356782388734,40507.07445383309,40507.07445383309,1309.9304317753626,0.0,78,79,0.0057542761634465376,43.81400863548317,46.272689037083964,0.24254302161694982,0.0164584565898676
2021-04-26,False,170035.73762668858,163276.91247479277,6769.519322130515,1.3011573720434484,9.393012862666081,6758.825151895806,0.041460358476435644,0.04139486133986797,1301.1573720434485,41087.33488211987,41087.33488211987,6769.519322130515,0.0,78,79,0.0057542761634465376,43.52740714664625,46.272689037083964,0.24368944871996262,0.015242016050216354
2021-04-27,False,172831.38845335474,170035.73762668858,2825.397583603007,4.64554212095899,25.101214815881242,2795.650826666167,0.016616492644658816,0.016441548498492622,4645.54212095899,43688.78226113318,43688.78226113318,2825.397583603007,0.0,78,79,0.0057542761634465376,43.4639324091486,46.27268903708395,0.25198199365251994,0.015206214855543958
2021-04-28,False,173518.84850397968,172831.38845335474,722.7809466409103,2.058562967759928,33.26233304819925,687.4600506249511,0.004182000463625164,0.0039776342525332945,2058.562967759928,44612.94817231907,44612.94817231907,722.7809466409103,0.0,78,79,0.0057542761634465376,43.494165921865786,46.27268903708396,0.2536700298341642,0.015673131873353025
2021-04-29,False,172599.87849213733,173518.84850397968,-881.303173008133,1.4787726960111558,36.18806613820229,-918.9700118423464,-0.0050790054256723595,-0.005296081778811883,1478.7726960111559,44119.88690125656,44119.88690125656,-881.303173008133,0.0,78,79,0.0057542761634465376,43.54124642139806,46.27268903708395,0.25001062470644797,0.014676809321984697
2021-04-30,False,174996.95675240943,172599.87849213733,2462.830715456722,20.910159916454788,44.842295268154764,2397.0782602721124,0.01426901766659653,0.013888064587376344,20910.159916454788,48508.461956590676,48508.461956590676,2462.830715456722,0.0,79,80,0.0057542761634465376,44.988246465822044,47.82361580774718,0.25564822236134244,0.016518850157300764
2021-05-01,False,176145.9949158858,174996.95675240943,1220.652617336822,0.6383834712434437,70.9760703892295,1149.038163476349,0.006975279113361013,0.006566046546181029,638.3834712434438,50475.072086562664,50475.072086562664,1220.652617336822,0.0,79,80,0.0057542761634465376,45.07923433464986,47.82361580774717,0.2609430483758382,0.015205626606443548
2021-05-02,False,175072.8662721489,176145.9949158858,-1004.5800454605575,1.1037025850372406,67.44489569128213,-1073.128643736877,-0.005703110342873649,-0.006092268202006655,1103.7025850372406,50980.310383208765,50980.310383208765,-1004.5800454605575,0.0,79,80,0.0057542761634465376,45.14731392645368,47.823615807747174,0.26086048959557717,0.01572354000961197
2021-05-03,False,177148.90947183722,175072.8662721489,2176.80109207487,1.0987022666547372,99.65919011988844,2076.043199688327,0.012433686261188277,0.011858166510286866,1098.7022666547373,50693.782583721826,50693.782583721826,2176.80109207487,0.0,79,80,0.0057542761634465376,45.23383424190421,47.823615807747174,0.25989727471619517,0.01581133366787798
2021-05-04,False,173252.4695702529,177148.90947183722,-3817.498956769887,1.261802446021818,77.67914236841403,-3896.439901584323,-0.021549661062840387,-0.02199528020353843,1261.802446021818,51994.25852121613,51994.25852121613,-3817.498956769887,0.0,79,80,0.0057542761634465376,45.302372855022604,47.823615807747174,0.2627747275695541,0.0165395451816842
2021-05-05,False,178488.46040977957,173252.4695702529,5292.178750046783,2.7156650869163057,53.472245433210745,5235.990839526656,0.03054605087693041,0.030221738555960328,2715.6650869163054,49034.46717282488,49034.46717282488,5292.178750046783,0.0,79,80,0.0057542761634465376,45.05204349410557,47.82361580774718,0.25640572758436775,0.01667082826672863
2021-05-06,False,177733.83245730563,178488.46040977957,-590.2833526330602,2.2302496696973764,162.11435017117464,-754.6279524739323,-0.0033071233360289433,-0.004227880899086883,2230.2496696973762,52102.98041038927,52102.98041038927,-590.2833526330602,0.0,79,80,0.0057542761634465376,45.0290957033644,47.82361580774718,0.26681877589388964,0.017192629126528587
2021-05-07,False,178229.11035385416,177733.83245730563,621.2290930848511,28.395957389264886,97.55523914706382,495.27789654852234,0.0034952776547711017,0.0027866270011788308,28395.957389264884,48649.55015169123,48649.55015169123,621.2290930848511,0.0,79,80,0.0057542761634465376,44.83736404906234,47.18354969940552,0.26298935083872216,0.018865998133858787
2021-05-08,False,179203.86396710825,178229.11035385416,1081.9692190802007,1.0277260334465752,106.18787979267721,974.753613254077,0.006070664982460332,0.005469104409031788,1027.7260334465752,48874.49800067712,48874.49800067712,1081.9692190802007,0.0,79,80,0.0057542761634465376,44.81979119041846,47.183549699405525,0.26244273531255025,0.017121632854012834
2021-05-09,False,178124.52592728238,179203.86396710825,-1013.4502678651224,1.2964605130694673,64.5913114476707,-1079.3380398258628,-0.005655292500005105,-0.006022961871089836,1296.4605130694674,49371.002760147356,49371.002760147356,-1013.4502678651224,0.0,79,80,0.0057542761634465376,44.782249865492844,47.183549699405525,0.2630767715520234,0.018128593817842868
2021-05-10,False,173637.3657919906,178124.52592728238,-4403.568905216744,1.0980184977967657,82.49321157723494,-4487.160135291776,-0.02472185614132923,-0.02519114148898067,1098.0184977967658,48974.00697755092,48974.00697755092,-4403.568905216744,0.0,79,80,0.0057542761634465376,44.77877344049025,47.183549699405525,0.26131207691312947,0.017717220863745338
2021-05-11,False,176802.30735058372,173637.3657919906,3182.98777920439,2.1163317960443457,15.929888815211486,3164.941558593134,0.018331237430873372,0.01822730691724836,2116.331796044346,46623.872488765686,46623.872488765686,3182.98777920439,0.0,79,80,0.0057542761634465376,44.495353012810774,47.1835496994055,0.2559972653642082,0.016875515203379897
2021-05-12,False,170685.21406517288,176802.30735058372,-6085.306723546438,0.7598547787882004,31.026707085602606,-6117.093285410829,-0.034418706490519944,-0.03459849239004082,759.8547787882004,49071.631145164465,49071.631145164465,-6085.306723546438,0.0,79,80,0.0057542761634465376,44.48564860515144,47.183549699405525,0.26424249209375034,0.017895262438390697
2021-05-13,False,171262.37947060485,170685.21406517288,586.9400660706588,1.6295105173236908,8.145150121362743,577.1654054319724,0.003438728241841422,0.003381461063238863,1629.5105173236907,44607.94062941156,44607.94062941156,586.9400660706588,0.0,79,80,0.0057542761634465376,44.07161938805389,47.183549699405525,0.252591007731583,0.015281375649954621
2021-05-14,False,173436.4622091446,171262.37947060485,2197.3680651166314,11.97108056356515,11.31424601331138,2174.082738539755,0.012830418869041718,0.012694455987708093,11971.080563565152,44541.15065426966,44541.15065426966,2197.3680651166314,0.0,79,80,0.0057542761634465376,44.71848413798184,48.052426982615906,0.2613121584452454,0.017342301297034228
2021-05-15,False,170611.01974858495,173436.4622091446,-2810.7534507865707,0.8898480392683942,13.79916173380693,-2825.4424605596464,-0.01620624299518473,-0.01629093689164672,889.8480392683941,45848.670680117895,45848.670680117895,-2810.7534507865707,0.0,79,80,0.0057542761634465376,44.403281990255124,48.052426982615906,0.2649124480833228,0.01768646475475697
2021-05-16,False,171341.76870860846,170611.01974858495,748.7051263927024,0.6520503446507151,17.304116024547806,730.7489600235039,0.004388374956647032,0.004283128728146323,652.0503446507151,43215.22738354294,43215.22738354294,748.7051263927024,0.0,79,80,0.0057542761634465376,43.866574589828105,48.05242698261591,0.25444831068740953,0.01673627585038009
2021-05-17,False,169360.4594779212,171341.76870860846,-1964.624781774215,1.6598530214696603,15.024595891591659,-1981.3092306872763,-0.011466117086227495,-0.011563492344104257,1659.8530214696602,43669.338029943174,43669.338029943174,-1964.624781774215,0.0,79,80,0.0057542761634465376,43.491811087508886,48.052426982615906,0.25343434436079054,0.016621423877326146
2021-05-18,False,171595.92835306755,169360.4594779212,2255.1379456258237,0.4316514120144017,19.237419067445543,2235.4688751463636,0.01331561069554028,0.013199473371987352,431.6514120144017,41996.515402048295,41983.59055068455,2255.30581559268,-0.16786996685653732,80,80,0.0057542761634465376,42.579853905014126,48.052426982615906,0.24747081518357678,0.015083626550161667
2021-05-19,False,156662.48213669463,171595.92835306755,-15187.56657811739,1.9034368826201753,-256.02379862708426,-14933.446216372926,-0.08850773281093349,-0.08702680978331015,1903.4368826201753,42560.34290688955,42539.019727804785,-15191.766039381193,4.199461263801344,80,80,0.0057542761634465376,41.76502088227453,48.052426982615906,0.2482803249679948,0.01550562403122172
2021-05-20,False,163188.9574233429,156662.48213669463,6509.088321828844,3.7964252876682134,-21.18339010708217,6526.475286648258,0.04154848201721577,0.04165946560806839,3796.4252876682135,28468.947456451417,28438.919435463627,6512.365234113287,-3.276912284442513,80,80,0.0057542761634465376,36.981039405194224,48.05242698261591,0.21462237362412465,0.01223367139972955
2021-05-21,False,160093.53992528055,163188.9574233429,-3087.9501231301806,12.755255943587189,-5.287881011419769,-3095.417498062348,-0.018922543362535595,-0.018968302432573622,12755.255943587188,28451.34107230915,25474.21909739203,-3346.854804034382,258.90468090420114,81,81,0.0057542761634465376,34.516313784141374,54.51029482555567,0.21567038156615914,0.01641627821252842
2021-05-22,False,157871.07926945123,160093.53992528055,-2227.4365217267646,2.352756028614844,-7.328621926066249,-2222.460655829313,-0.013913344178449437,-0.0138822631873003,2352.756028614844,24747.074967915287,21719.43130985863,-2364.4772772003735,137.0407554736092,81,81,0.0057542761634465376,31.19330477475582,54.51029482555567,0.1913173020073999,0.014212319491045218
2021-05-23,False,155147.4359408787,157871.07926945123,-2721.3896027119176,4.506297847083755,-2.2525719864672222,-2723.6433285725343,-0.017238050283213076,-0.017252326019282314,4506.297847083755,24146.045157218665,20974.79081173474,-2950.7889208710467,229.39931815912897,81,81,0.0057542761634465376,30.84123362928825,54.51029482555567,0.18713495817745582,0.014168907486433872
2021-05-24,False,159310.3264643065,155147.4359408787,4158.60156921297,3.1786650418343334,-7.467619256675912,4162.890523427812,0.026804191406667326,0.026831835783700252,3178.6650418343334,22041.105989902222,17681.03907229704,4858.897820613891,-700.29625140092,81,81,0.0057542761634465376,27.24749356940812,54.51029482555566,0.16484728340763186,0.014148143729344967
2021-05-25,False,159055.79875414967,159310.3264643065,-250.103497082778,5.096234032182659,-0.6720209581392762,-254.52771015682137,-0.0015699139072369783,-0.0015976849448855303,5096.23403218266,23857.75758734125,17826.52661903637,-376.08135062404034,125.97785354126232,81,81,0.0057542761634465376,25.32694090842515,54.51029482555567,0.16650071765257773,0.01851236398256729
2021-05-26,False,160812.02357011655,159055.79875414967,1754.6234690062329,1.1933746759638693,-2.794721636622605,1756.2248159668916,0.011031496385229751,0.011041564216602148,1193.3746759638693,24005.569561688782,16565.752168859388,2305.69297195038,-551.0695029441472,81,81,0.0057542761634465376,23.83323622483057,54.51029482555567,0.15606143442628487,0.018828156829246618
2021-05-27,False,160378.6826763512,160812.02357011655,-433.97821963324014,2.507095038996004,-3.1444209068793665,-433.3408937653568,-0.002698667736396084,-0.0026947045634085525,2507.095038996004,24766.50114062218,16442.473319012,-534.6328759224594,100.65465628921937,81,81,0.0057542761634465376,23.239154203286343,54.51029482555567,0.15464700902024997,0.019585932016701908
2021-05-28,False,158947.6890299813,160378.6826763512,-1449.03278275984,12.143715157487211,-30.182851547441597,-1430.9936463698857,-0.009035070986859456,-0.008922592594538715,12143.715157487211,25687.144659287052,19047.84274971109,-1675.6835969246922,226.65081416485222,84,84,0.0057542761634465376,28.276428260543483,57.28907219975773,0.18060013547768927,0.02027833206623893
2021-05-29,False,157540.3103323813,158947.6890299813,-1463.078884757456,1.9141304645517396,-57.6143176220256,-1407.3786975999824,-0.009204782363847296,-0.008854351429636184,1914.1304645517398,25192.18737298824,17802.064176439526,-1599.9065771033343,136.8276923458783,84,84,0.0057542761634465376,27.118778048876486,57.28907219975773,0.17320651823055316,0.018573567712528806
2021-05-30,False,158006.28547680928,157540.3103323813,455.56777258877935,1.476019914897649,-11.88339175409321,465.9751444279749,0.0028917536827724566,0.0029578153264066343,1476.019914897649,24616.68006770144,16399.685558842204,579.6675022451637,-124.09972965638444,84,84,0.0057542761634465376,25.648670884602744,57.28907219975774,0.16459469311708594,0.018732857487981983
2021-05-31,False,159685.24592408,158006.28547680928,1672.320584407293,1.0624467170992948,-7.702309580509338,1678.960447270703,0.01058388645338252,0.010625909230156072,1062.4467170992948,25206.586673768274,16002.026964589286,1972.5974904532932,-300.2769060460001,84,84,0.0057542761634465376,24.5566996913753,57.28907219975773,0.16238771195998813,0.01959465240001451
2021-06-01,False,159557.3950074832,159685.24592408,-124.51872085086794,1.718185273122777,1.6140104728146183,-127.85091659680532,-0.0007797759907641594,-0.0008006432645479982,1718.185273122777,25930.900010753117,16125.524743860493,-245.47754571143213,120.95882486056418,84,84,0.0057542761634465376,24.28285731724176,57.28907219975774,0.16183982742414127,0.020039612031856908
2021-06-02,False,160842.16977779704,159557.3950074832,1289.4079431169907,0.8977353387100262,3.73543746443404,1284.7747703138468,0.008081154389970568,0.008052116733627991,897.7353387100261,25426.220609800104,15481.235240196083,1366.034510345829,-76.62656722883851,84,84,0.0057542761634465376,23.801068048593528,57.28907219975774,0.15654595564421728,0.01960381064394581
2021-06-03,False,160888.62028228605,160842.16977779704,51.29347495523052,1.1836922777439627,3.659278188477699,46.45050448900886,0.0003189056391498094,0.00028879555997771036,1183.6922777439627,25842.493960088275,15595.591577869553,827.7231000650296,-776.4296251097993,84,84,0.0057542761634465376,23.484185646372374,57.28907219975773,0.15655413360566892,0.0198726672394577
2021-06-04,False,159550.62145502432,160888.62028228605,-1328.24126022156,8.729849115830747,1.0277179243295151,-1337.9988272617202,-0.008255656974937712,-0.008316304937627927,8729.849115830748,25646.50020769031,15616.518981482697,-1644.9243276332159,316.6830674116559,86,86,0.0057542761634465376,25.230136975982592,58.976915424842815,0.16445982432392087,0.020698215956664823
2021-06-05,False,158896.27002785096,159550.62145502432,-653.5738497153154,1.3301157798013956,-0.5525383217535456,-654.3514271733633,-0.004096341610925979,-0.004101215157960499,1330.1157798013955,24698.491303046332,15494.425084653263,-709.9932965170754,56.41944680175996,86,86,0.0057542761634465376,25.09696549126212,58.97691542484281,0.16247985219639877,0.019440249768929645
2021-06-06,False,159551.00351650457,158896.27002785096,652.4824434610624,1.9901142633862998,-4.241159455942694,654.7334886536188,0.004106342101968139,0.004120508861151106,1990.1142633862999,25502.811116454875,16602.1712377866,706.4625343953204,-53.980090934258,86,86,0.0057542761634465376,26.450010949170327,58.976915424842815,0.1704200678625442,0.01954486060912974
2021-06-07,False,157634.39147001444,159551.00351650457,-1913.6815077183826,1.0269310428560574,1.9036077288998199,-1916.6120464901383,-0.011994167792999335,-0.012012535203464743,1026.9310428560573,26381.338150261756,17684.078623494417,-2267.374943903,353.6934361846173,86,86,0.0057542761634465376,27.370452278077273,58.97691542484282,0.1779477735538097,0.019607087294967
2021-06-08,False,158094.6942180474,157634.39147001444,444.29457486268234,1.4658961608229066,-17.474069331101216,460.3027480329606,0.0028185129572260697,0.0029200654992887157,1465.8961608229067,25140.25513291861,16610.245715207257,228.833033639713,215.46154122296937,86,86,0.0057542761634465376,26.68905333366555,58.976915424842815,0.17083290559717265,0.01930075885241347
2021-06-09,False,158612.3045134002,158094.6942180474,486.5235852694185,0.9436941828238494,-32.03040426620688,517.6102953528016,0.003077418806973973,0.0032740522881742192,943.6941828238494,25327.599308048826,16427.814151867467,663.014026231318,-176.49044096189948,86,86,0.0057542761634465376,25.888296657326816,58.976915424842815,0.16919049169319472,0.01966254117234379
2021-06-10,False,157403.6291015021,158612.3045134002,-1209.8201832316743,0.2336342141743525,-1.378405547757716,-1208.675411898091,-0.007627530455113361,-0.00762031303691182,233.63421417435254,26009.161292599492,16680.703522962536,-1321.1866288631013,111.366445631427,86,86,0.0057542761634465376,25.57582321019118,58.976915424842815,0.16981899005643342,0.019406612190024514
2021-06-11,False,156837.760922503,157403.6291015021,-549.5912007561114,11.43244378785874,4.844534455127615,-565.8681789990977,-0.00349160437972943,-0.0035950135472047873,11432.44378785874,24368.488314959468,15363.155915306168,-688.7015927945511,139.1103920384396,86,86,0.0057542761634465376,23.151721066279027,59.02532874985148,0.15049932546923697,0.020469359879566697
2021-06-12,False,156364.45019511328,156837.760922503,-469.21734371841416,0.7168513425417752,3.376532328735773,-473.3107273896917,-0.002991737072491521,-0.0030178365503672616,716.8513425417752,23814.39799962668,14683.567622225746,-655.9502271623506,186.7328834439366,86,86,0.0057542761634465376,21.969248801201672,59.025328749851475,0.1452332439806987,0.0200707681860865
2021-06-13,False,157331.11721532763,156364.45019511328,971.3151424811847,1.0805588318723103,3.5675634349590903,966.6670202143533,0.006211866835902706,0.006182140627285394,1080.5588318723103,23204.627161274613,14037.270988927838,1262.3788889568773,-291.0637464756924,86,86,0.0057542761634465376,20.833648964636605,59.02532874985148,0.13884573761042332,0.020481010088300982
2021-06-14,False,157511.35941168165,157331.11721532763,185.39689661355573,1.1776026803243116,3.97709757921192,180.2421963540195,0.0011783867037555992,0.001145623316888643,1177.6026803243117,23599.877084876643,13992.752522324463,300.82064529227125,-115.42374867871558,86,86,0.0057542761634465376,20.15199890761022,59.02532874985148,0.1378795536523262,0.020878064544304145
2021-06-15,False,157248.9173996513,157511.35941168165,-257.8665617257566,0.5527480008280387,4.022702303764644,-262.44201203034925,-0.0016371299358275502,-0.00166617831888819,552.7480008280387,23534.554685418676,13789.738251447066,-142.0998170454752,-115.76674468028136,86,86,0.0057542761634465376,19.80621109239864,59.025328749851475,0.13466651228278012,0.021163111468000744
2021-06-16,False,157038.32016309688,157248.9173996513,-205.20402463329742,1.0426709111282801,4.350541010011699,-210.59723655443742,-0.001304963035845692,-0.0013392603271105534,1042.6709111282803,23632.74821840741,14045.496995450852,-410.2937549394912,205.0897303061938,86,86,0.0057542761634465376,19.66249183895132,59.02532874985147,0.13302512415488035,0.020475280760811624
2021-06-17,False,157359.3411029032,157038.32016309688,325.4340857723566,0.5848052977263425,3.8283406683019057,321.02093980632833,0.002072322764497017,0.00204422041367306,584.8052977263426,23096.893265635896,13783.93725775491,329.76596153719566,-4.331875764839113,86,86,0.0057542761634465376,19.279091838814466,59.02532874985148,0.13033143989847973,0.020237869891730674
2021-06-18,False,156280.19264017406,157359.3411029032,-1070.9483568798087,4.366904987608194,3.833200861727643,-1079.1484627291445,-0.006805750134524744,-0.00685786083727593,4366.9049876081945,24863.340654938846,15325.154354566319,-1333.7639966804823,262.81563980067364,86,86,0.0057542761634465376,22.5993331961335,58.84292893462137,0.1506348440282212,0.0211001640667837
2021-06-19,False,155857.6141061308,156280.19264017406,-427.3438150627352,1.1634031870186157,-5.928684206466277,-422.5785340432875,-0.0027344720264497573,-0.0027039801199647204,1163.4031870186157,24295.890787158292,14847.132776453996,-553.8906634499854,126.5468483872503,86,86,0.0057542761634465376,22.015095721625475,58.84292893462138,0.14581431285558838,0.020381689839969696
2021-06-20,False,156054.03350133853,155857.6141061308,187.01858831388014,0.5983966972284287,-9.999203591102411,196.41939520775412,0.001199932318908272,0.0012602489543693573,598.3966972284287,23973.62231985131,14439.212092980997,157.480949491251,29.537638822629138,86,86,0.0057542761634465376,21.352281556652738,58.84292893462138,0.1421619117631558,0.02078483838361603
2021-06-21,False,152788.39706525343,156054.03350133853,-3281.2920642798335,0.644619500837298,-16.30024769557164,-3265.6364360850994,-0.021026640520968583,-0.020926318678312718,644.6195008372981,23948.07771150813,14094.953647232414,-4465.566278403199,1184.2742141233657,86,86,0.0057542761634465376,20.786809230018346,58.84292893462136,0.13962036873891828,0.020946260932157814
2021-06-22,False,152347.20641310836,152788.39706525343,-453.42865681645935,3.3127894144552723,-15.550794085828517,-441.1906521450861,-0.002967690384387025,-0.002887592648522,3312.7894144552724,21458.262116551283,11718.16965262865,-341.73264264075164,-111.69601417570777,86,86,0.0057542761634465376,18.837101839995864,58.842928934621376,0.12610847391697436,0.020236231783045996
2021-06-23,False,154157.25181803087,152347.20641310836,1804.8313706577578,1.2936596553872288,-6.507693920147703,1810.0454049225182,0.011846829444077455,0.011881054123266005,1293.659655387229,21237.89091321406,10575.377769826151,2580.360888544821,-775.5295178870633,86,86,0.0057542761634465376,17.193527650234184,58.842928934621355,0.1176257932606069,0.020422681152447993
2021-06-24,False,154756.36121330594,154157.25181803087,598.3205310199727,5.457754724987535,-6.246618980080923,599.109395275066,0.003881235063312089,0.003886352333150452,5457.754724987535,19308.96448446247,11852.33705428099,730.7353853626317,-132.41485434265888,86,86,0.0057542761634465376,17.514807786802802,58.842928934621376,0.12187318633285031,0.02095824657710109
2021-06-25,False,153902.4118954146,154756.36121330594,-847.4616853886444,8.741146298704043,-2.2535137960294853,-853.949317891319,-0.005476102428000095,-0.0055180240165655725,8741.146298704043,20738.921068612966,9484.931999788969,-1416.2279240749176,568.7662386862733,92,92,0.0057542761634465376,14.661002197239194,64.86372324731934,0.09972144333057703,0.022879532144950386
2021-06-26,False,153900.92354900425,153902.4118954146,1.130493576550407,1.9210429340251751,0.6977970528965921,-1.4883464103713604,7.345522156719943e-06,-9.670715306156318e-06,1921.0429340251749,20457.986869636043,8068.796062896387,79.52390679810927,-78.39341322155887,92,92,0.0057542761634465376,13.869967772429682,64.86372324731934,0.09160987472977472,0.023511832847502013
2021-06-27,False,154349.85691986073,153900.92354900425,447.2162219178328,1.4403925049753583,-3.157541443626323,448.93337085648375,0.0029058709434932844,0.002917028439491703,1440.3925049753584,20848.245035689466,7157.688594191645,808.265017384988,-361.0487954671551,92,92,0.0057542761634465376,13.57663200939989,64.86372324731933,0.0871880319804569,0.023901827516774964
2021-06-28,False,154426.6919764345,154349.85691986073,80.26666391680001,1.1833262256196369,2.248281117407712,76.83505657377266,0.0005200306985608344,0.0004977980421042167,1183.326225619637,20982.98663398116,6492.147388856365,354.270840391699,-274.00417647489894,92,92,0.0057542761634465376,13.512757961296062,64.86372324731933,0.08474929376559662,0.02401387130938869
2021-06-29,False,154374.26014116465,154426.6919764345,-50.016167228252826,0.9262193827449948,1.4894486588473825,-52.4318352698452,-0.0003238829154993833,-0.00033952572964423986,926.2193827449948,20893.106650586866,5767.431682984299,650.7062983271655,-700.7224655554184,92,92,0.0057542761634465376,13.514490266640127,64.86372324731934,0.08168264138881355,0.02344439632790228
2021-06-30,False,154173.69865615695,154374.26014116465,-197.09716656897098,1.2621606064477433,2.2021578322819995,-200.56148500770072,-0.0012767488983509243,-0.0012991899350597764,1262.1606064477432,20991.71541321014,5527.496285397066,80.04598084988373,-277.1431474188547,92,92,0.0057542761634465376,13.369787421170715,64.86372324731934,0.08136285595890717,0.023606506998463946
2021-07-01,False,154236.45883924392,154173.69865615695,67.3186114985306,0.8648493108971885,3.693579100654633,62.760183086978785,0.0004366413472940459,0.00040707451163215927,864.8493108971884,20603.329739087112,5774.666251959234,-398.59617672256695,465.9147882210976,92,92,0.0057542761634465376,13.230748755595021,64.86372324731934,0.08079341828370974,0.02336661264924631
2021-07-02,False,154338.1962512779,154236.45883924392,107.25079867943889,1.3554592901607214,4.157927355286626,101.73741203399153,0.0006953660599224676,0.0006596197345274207,1355.4592901607216,20219.971225218243,4915.558255062076,86.4272911533564,20.823507526082487,93,93,0.0057542761634465376,13.641198198418587,66.1440547423719,0.07869468390002947,0.022950777797799655
2021-07-03,False,154276.7009261927,154338.1962512779,-57.70123877606227,0.273541764114686,3.5205445450219734,-61.49532508519893,-0.0003738623372409959,-0.0003984452752387908,273.54176411468603,20283.00355307186,5022.7288773870605,335.91572967716223,-393.6169684532244,93,93,0.0057542761634465376,13.582395948680904,66.1440547423719,0.07855577208442763,0.02289225977493764
2021-07-04,False,154280.86137102678,154276.7009261927,6.341140975294309,0.5676795676224962,1.6130165735656348,4.160444834106177,4.110238900122686e-05,2.6967421581672076e-05,567.6795676224962,20618.72201176885,5204.58799854854,147.45347440389162,-141.11233342859725,93,93,0.0057542761634465376,13.416988118889531,66.1440547423719,0.0791605482065397,0.022642488424566246
2021-07-05,False,153968.6120775855,154280.86137102678,-311.4238816956203,0.431652559955529,0.393759185710381,-312.2492934412862,-0.0020185516137784815,-0.0020239016730037858,431.652559955529,20999.384775889084,5520.446033805378,-594.4238562843669,282.9999745887466,93,93,0.0057542761634465376,13.268736207300627,66.1440547423719,0.07939869992123394,0.022683745050889662
2021-07-06,False,153737.0794470642,153968.6120775855,-230.47723267079488,0.667571023439968,0.3878268270762052,-231.53263052131103,-0.0014969105037762912,-0.0015037651336665986,667.571023439968,20720.954410388316,5461.1462194346195,362.38047167536683,-592.8577043461618,93,93,0.0057542761634465376,13.176010336974677,66.1440547423719,0.07803454595681007,0.022158474924738523
2021-07-07,False,153494.09890979948,153737.0794470642,-244.25363499525375,0.584444791039622,-1.8575425215769072,-242.98053726471647,-0.00158877504290926,-0.0015804940365631258,584.444791039622,21132.794024950206,5737.5514148735765,2.6963401509369476,-246.94997514619067,93,93,0.0057542761634465376,13.026633491291832,66.1440547423719,0.07909313195124086,0.02181189170559776
2021-07-08,False,152990.9093192996,153494.09890979948,-500.26108654138557,0.8588635152330215,2.0696404432504494,-503.18959049986904,-0.0032591551733553163,-0.0032782341085019007,858.8635152330214,20912.138455397297,5993.547152624133,-900.3526374689509,400.0915509275654,93,93,0.0057542761634465376,12.892096842632304,66.14405474237189,0.07857329469648602,0.021734053139434214
2021-07-09,False,153280.75844613925,152990.9093192996,296.9981748237403,4.501315667829778,2.647732316242898,289.84912683966763,0.0019412798848321795,0.0018945513045793994,4501.315667829778,21115.138181139067,2492.363982525386,655.0807588167455,-358.0825839930052,94,94,0.0057542761634465376,13.497719074051211,67.54420188282522,0.07223405000302169,0.021621444455156433
2021-07-10,False,153491.648966654,153280.75844613925,211.45570461874533,0.8176731389951308,-0.252489035000778,210.89052051475096,0.0013795319566679203,0.0013758447090986634,817.6731389951308,21376.691496148516,3004.3030555682667,33.299800989167636,178.15590362957772,94,94,0.0057542761634465376,13.160231054195071,67.5442018828252,0.07283304471590998,0.02176851328208012
2021-07-11,False,153391.0727648028,153491.648966654,-101.71676962602325,0.7302054310361429,-1.8707732058824544,-100.57620185117693,-0.0006626860178440142,-0.0006552552046204616,730.205431036143,21185.449539625646,2989.4761769624965,126.58160979259203,-228.29837941861524,94,94,0.0057542761634465376,12.938852273765466,67.54420188282522,0.07162508744187307,0.021884820146516364
2021-07-12,False,153312.49501805997,153391.0727648028,-76.55739326304581,0.3761503197592977,1.6442031600416396,-78.57774674284676,-0.0004990994057420316,-0.000512270664299554,376.1503197592977,21289.11004692504,3216.3288692787664,-403.5661622596367,327.0087689965909,94,94,0.0057542761634465376,12.714531696818954,67.54420188282522,0.07102802750811343,0.021706155300843473
2021-07-13,False,153308.8056193086,153312.49501805997,-3.3875781601624055,0.646034232300225,-0.344213641093833,-3.689398751368798,-2.209590392331267e-05,-2.4064566628663846e-05,646.0342323002251,21060.428646859895,3358.639056547954,-281.4192365209477,278.0316583607854,94,94,0.0057542761634465376,12.625620811832984,67.54420188282522,0.07051643507405245,0.022220719327455236
2021-07-14,False,153260.53746010351,153308.8056193086,-46.833294057823494,0.8768251600270125,0.5580399872327904,-48.26815920508329,-0.00030548339261163114,-0.00031484270593654746,876.8251600270125,20977.511403561533,3341.035107267977,40.52606090497231,-87.35935496279576,94,94,0.0057542761634465376,12.595039028666868,67.54420188282522,0.07005631824113732,0.021843674542415127
2021-07-15,False,153081.21555068047,153260.53746010351,-179.6187542246351,0.7690338492477813,-1.06587865084455,-179.32190942303833,-0.0011719830636206213,-0.0011700461997252167,769.0338492477813,21371.458288229933,3248.1760491863733,-643.6984549125303,464.0797006878951,94,94,0.0057542761634465376,12.469282275700584,67.54420188282523,0.06975562273568103,0.02231690949687035
2021-07-16,False,152565.61350945797,153081.21555068047,-504.1055818451138,8.428070457668065,3.0683889197344913,-515.6020412225164,-0.0032930597005758687,-0.0033681600931096374,8428.070457668066,20624.538022667373,6321.564506099792,-900.9701058846758,396.864524039562,96,98,0.0057542761634465376,12.756078371819392,70.27122619795514,0.08051727828538209,0.02347690052638137
2021-07-17,False,152915.88185369532,152565.61350945797,356.0068841623999,1.1193342886643274,4.619205636374296,350.26834423736125,0.0023334673913288466,0.002295853804669079,1119.3342886643272,20215.899018730084,5767.204516314243,340.1285547682966,15.878329394103188,96,98,0.0057542761634465376,12.367731498883055,70.27122619795514,0.07738161088709619,0.0236032180762568
2021-07-18,False,152934.64772862272,152915.88185369532,20.42661881761105,1.18996504104889,0.4707788491503182,18.765874927411843,0.000133580754137458,0.00012272024789005494,1189.96504104889,20533.12387262555,5404.817975516994,100.56530094727296,-80.13868212966187,96,98,0.0057542761634465376,12.122178571203357,70.27122619795514,0.07587577973502946,0.023808929435832054
2021-07-19,False,152375.83826417575,152934.64772862272,-556.6173300102461,2.9434173704713067,-0.7512829337532855,-558.8094644469641,-0.003639576369888035,-0.0036539101684698178,2943.4173704713066,23548.070763625037,4899.355892137813,-1086.6125751715947,529.9952451613486,96,98,0.0057542761634465376,12.637118275015016,70.27122619795514,0.07536953066192664,0.028380228088692006
2021-07-20,False,152503.5125554874,152375.83826417575,138.26027209171446,2.6544519423220563,7.93152883775579,127.67429131163661,0.00090736348798299,0.0008378906575088776,2654.4519423220563,24510.138008911163,3778.0694591292663,-505.37151173300157,643.631783824716,96,98,0.0057542761634465376,12.845227382810695,70.27122619795514,0.0735298811125646,0.029479890948784143
2021-07-21,False,153297.3916768491,152503.5125554874,800.1894239703146,2.0293910078671042,4.280911600742142,793.8791213617054,0.005247022908270201,0.005205644827838688,2029.3910078671042,24560.25279688455,2348.5186388353245,1958.2250678683718,-1158.035643898057,96,98,0.0057542761634465376,13.268426013813318,70.27122619795513,0.07154715095138853,0.030491844295631548
2021-07-22,False,153246.90546388878,153297.3916768491,-49.834250063731076,2.575670565862552,-1.9237076692769817,-50.48621296031665,-0.00032508217862428916,-0.00032933510745402364,2575.670565862552,25157.280426176374,1763.4427732330523,286.45200812862487,-336.28625819235594,96,98,0.0057542761634465376,13.279364532432052,70.27122619795513,0.07220582137379136,0.03000870013184576
2021-07-23,False,154447.1024210584,153246.90546388878,1201.3636322939608,1.762584900165881,-0.5959097758199069,1200.196957169615,0.007839398966376199,0.007831785924397868,1762.5849001658812,26956.617100157175,1670.6202074381504,1683.037318782392,-481.6736864884308,100,102,0.0057542761634465376,13.871067408826177,73.33964348341829,0.07442492490241953,0.03148570157998717
2021-07-24,False,154132.121416851,154447.1024210584,-314.6896718851342,2.1110632103494504,-1.8197308880915852,-314.98100420739206,-0.002037523960968964,-0.00203941025289475,2111.0632103494504,28400.66929414725,1313.2133399978552,285.762886395675,-600.4525582808092,100,102,0.0057542761634465376,14.055587575251243,73.3396434834183,0.0754722502312082,0.033714955689688506
2021-07-25,False,154867.00738050492,154132.121416851,736.0019192934366,0.9391619395281947,0.17679369999208205,734.8859636539163,0.0047751365032011476,0.0047678962496494415,939.1619395281947,28354.090993251542,1599.3379143141055,705.0786516569583,30.923267636478435,100,102,0.0057542761634465376,13.493273376569169,73.3396434834183,0.07572915306566343,0.032425990816612134
2021-07-26,False,153676.06112909212,154867.00738050492,-1189.3824973375092,0.86268638538906,0.7010676898915414,-1190.9462514127897,-0.007680025057985539,-0.007690122457694687,862.68638538906,28278.868930759007,2169.3461808961,-710.4647229438965,-478.91777439361283,101,102,0.0057542761634465376,13.177676826078422,73.33964348341829,0.07585563230204574,0.03266490864353232
2021-07-27,False,153383.31988333128,153676.06112909212,-292.58220213930326,1.9753231431119749,-1.8162795215588308,-292.7412457608564,-0.0019038892589362123,-0.0019049241866951918,1975.3231431119748,27403.85292109706,2567.21669820587,520.6100068711528,-813.192209010456,101,102,0.0057542761634465376,12.8468347490041,73.3396434834183,0.07490096382431156,0.03266283998353251
2021-07-28,False,153710.8059043996,153383.31988333128,328.056656442488,1.9405319022099574,-1.3698965280358892,327.48602106831396,0.0021388026852725535,0.0021350823630458078,1940.5319022099575,26827.03330674791,3905.954443503121,621.4976700229239,-293.4410135804358,101,102,0.0057542761634465376,12.519267484879547,73.33964348341829,0.0770110446134509,0.03144833965142255
2021-07-29,False,153323.52610422706,153710.8059043996,-385.277706577305,1.9188707108956522,0.08322288434993874,-387.2798001725506,-0.002506510224251432,-0.002519535291574876,1918.8707108956523,25949.40673541358,5707.974055122319,-326.0736324164818,-59.20407416082328,101,102,0.0057542761634465376,12.688913900708027,73.33964348341829,0.08102840151890053,0.031167402200586766
2021-07-30,False,153993.54778173886,153323.52610422706,684.2757874319351,12.553095607503506,1.7010143126195691,670.0216775118121,0.00446295363026529,0.004369986097608669,12553.095607503506,29150.59896774668,4552.05091211971,1077.696033992608,-393.42024656067304,104,105,0.0057542761634465376,14.119606981301489,75.49037667698892,0.08165571887117647,0.03166282938795459
2021-07-31,False,153455.3530926864,153993.54778173886,-532.0446127018906,2.9205770530746005,3.22949929751513,-538.1946890524803,-0.003454979902508503,-0.0034949171364977243,2920.5770530746004,30381.318755483637,6165.550383896745,-293.92846612923205,-238.11614657265864,104,105,0.0057542761634465376,14.440075616897124,75.49037667698892,0.08719888201068202,0.030256082012062622
2021-08-01,False,152940.06327570876,153455.3530926864,-509.34728897867126,2.6392282877068,3.303299711257345,-515.2898169776354,-0.0033191887980019022,-0.003357913598924128,2639.2282877068,30508.880817501446,8217.154913637205,-502.47345812741605,-6.873830851255207,104,105,0.0057542761634465376,15.475293490197057,75.49037667698892,0.09436186592690023,0.028966292818509588
2021-08-02,False,153332.83842756273,152940.06327570876,398.14542833586705,2.5786458606903233,2.7916306211891833,392.77515185398755,0.0026032775180569964,0.002568163916252096,2578.6458606903234,30658.306865363404,10203.176476402416,443.7073990309717,-45.56197069510469,104,105,0.0057542761634465376,17.00541435845434,75.49037667698892,0.1040679568168443,0.028300340341251545
2021-08-03,False,153455.7657653078,153332.83842756273,128.1209028422099,1.6223425403839224,3.5712225567545275,122.92733774507144,0.00083557380242939,0.0008017026163847125,1622.3425403839224,31568.082086199043,12131.72401789771,107.7624116004398,20.358491241769954,104,105,0.0057542761634465376,18.70167404385025,75.49037667698892,0.11563461655073802,0.026699679106641866
2021-08-04,False,153464.14327586716,153455.7657653078,3.288241970422007,1.1712128865134004,-6.260481475449314,8.37751055935792,2.1427946705182645e-05,5.4592347948465615e-05,1171.2128865134005,32383.096506413036,13431.05780725332,683.7256404945645,-680.4373985241426,104,105,0.0057542761634465376,20.405240502207047,75.49037667698892,0.12332824623390302,0.025939739385147514
2021-08-05,False,153000.09324791108,153464.14327586716,-455.9450248925462,2.3230445834329148,5.7819584800938575,-464.050027956073,-0.002971019908363476,-0.003023833568222491,2323.044583432915,33440.583889941314,15159.785177327738,-98.83096988501951,-357.11405500752676,104,105,0.0057542761634465376,22.060376623313626,75.49037667698892,0.1345423318532888,0.02502527461325026
2021-08-06,False,152603.07546794793,153000.09324791108,-378.952872767764,7.593568202228015,10.471338993171042,-397.0177799631631,-0.002476814652352755,-0.0025948858692514793,7593.568202228014,33453.14926087511,14190.461318614742,460.5019334432623,-839.4548062110263,104,107,0.0057542761634465376,21.43774190070192,77.85716364711178,0.12943597086691055,0.02330986744601468
2021-08-07,False,154059.19240139792,152603.07546794793,1480.8909646275704,2.353698065642276,22.420333111940238,1456.116933449988,0.009704201308436999,0.009541858373331567,2353.698065642276,33778.311148678134,16124.492461176667,1427.447146469598,53.443818157972814,105,107,0.0057542761634465376,23.580060422384776,77.85716364711179,0.1382846886805103,0.021664427349798905
2021-08-08,False,153619.4140777492,154059.19240139792,-415.1422630032327,3.111474068921094,21.52458657655103,-439.7783236487048,-0.0026946932314274924,-0.0028546061860617302,3111.474068921094,33771.10663271372,18116.851894611344,-953.5592640482473,538.4170010450146,105,107,0.0057542761634465376,26.105806136644137,77.85716364711176,0.14900355709672258,0.020471357029904366
2021-08-09,False,153743.4339656064,153619.4140777492,134.5935521353908,1.9178327350207731,8.65583154317625,124.0198878571938,0.000876149365257121,0.0008073191048263299,1917.8327350207733,33012.19746559899,19350.947235006162,886.9040636455619,-752.310511510171,105,107,0.0057542761634465376,27.816178661401867,77.85716364711179,0.15671060154090524,0.019804389107417334
2021-08-10,False,157865.80034363875,153743.4339656064,4140.1238199423615,2.6334456017992105,15.123996308231089,4122.366378032331,0.026928784619631555,0.02681328412993908,2633.4456017992106,32575.70391783563,21859.876554291608,4288.88766391283,-148.7638439704671,105,107,0.0057542761634465376,30.804852905663612,77.85716364711178,0.1731505249835258,0.019265376582853114
2021-08-11,False,157268.44675566014,157865.80034363875,-553.7498411412199,6.526165992410152,37.077580844978286,-597.3535879786084,-0.0035077251686928368,-0.003783932851056419,6526.165992410152,31758.367881808863,24002.12453997665,-442.47247727715956,-111.27736386406053,105,107,0.0057542761634465376,34.005650391435424,77.85716364711179,0.18937158524343367,0.019365631936880377
2021-08-12,False,156713.62382916396,157268.44675566014,-532.9691830370047,2.60980349594906,19.243939963228083,-554.8229264961818,-0.0033889136316393544,-0.003527871851867282,2609.80349594906,31953.198546751435,25997.3738464742,-594.4457785897378,61.4765955527332,105,107,0.0057542761634465376,37.40957751844355,77.85716364711178,0.2046257403661509,0.01841941646220872
2021-08-13,False,158817.28880559627,156713.62382916396,2143.6712484036148,17.28481583959464,22.721456131723706,2103.6649764322965,0.013678908036358507,0.013423625368561036,17284.81583959464,34262.34623028779,30632.04130781109,2314.299743248619,-170.62849484500413,108,109,0.0057542761634465376,45.87707492149521,79.30968334817385,0.24865225828168205,0.020616581191367223
2021-08-14,False,158785.30048810507,158817.28880559627,7.440409393470873,1.8272785338374575,37.60144835084185,-31.988317491208434,4.684886292561301e-05,-0.0002014158391178962,1827.2785338374574,37266.402828098566,33443.55250237275,11.106701961251247,-3.6662925677803964,109,109,0.0057542761634465376,49.011993654425595,79.30968334817385,0.26824239318829113,0.021852664123203684
2021-08-15,False,160919.3823568727,158785.30048810507,2191.3328376347567,1.5962474103678672,55.654721456767234,2134.0818687676215,0.013800602643309,0.013440046794051252,1596.2474103678674,38648.534422298704,34906.8127614009,2232.0948791297296,-40.7620414949723,109,109,0.0057542761634465376,51.97223369884521,79.30968334817382,0.2785224245666211,0.02514198217390262
2021-08-16,False,159822.3111383751,160919.3823568727,-1019.5207239579178,3.3508958724651507,74.19959866719275,-1097.0712184975757,-0.006335599285963672,-0.006817520689114931,3350.8958724651507,40661.03996663503,36996.17842629234,-1036.3864768679725,16.86575291005498,109,109,0.0057542761634465376,54.46428156174165,79.30968334817385,0.29118597046383027,0.027581002846520857
2021-08-17,False,159497.78462703293,159822.3111383751,-287.1666802753759,1.4644927500969196,35.89533831671039,-324.52651134218314,-0.0017967871834036065,-0.0020305457293832156,1464.4927500969195,40737.61640631144,37348.46966845395,-351.3382154128866,64.17153513751057,109,109,0.0057542761634465376,56.05759201834552,79.30968334817385,0.2952317023086311,0.028701197169847294
2021-08-18,False,159014.57846136467,159497.78462703293,-465.4546307310078,2.5093017828464634,15.242233154423158,-483.20616566827744,-0.002918251383988934,-0.0030295478197280234,2509.3017828464635,41157.40063354086,37952.147836790915,-462.87392768024927,-2.5807030507584736,109,109,0.0057542761634465376,56.748758293685675,79.30968334817382,0.2994123427332211,0.029998826813370676
2021-08-19,False,161319.88061622123,159014.57846136467,2318.1732438533627,0.6168170139394629,12.254271982859386,2305.302154856564,0.0145783692683033,0.01449742644456135,616.8170139394629,41089.88560736252,37998.75371588431,2426.3112123386327,-108.13796848527059,109,109,0.0057542761634465376,57.10872063332374,79.30968334817385,0.2998867447081807,0.030315500675260454
2021-08-20,False,163334.28608057465,161319.88061622123,2052.6592403131103,4.644949037652845,33.6088269220537,2014.405464353404,0.012724155463494119,0.012487025508936865,4644.949037652845,40415.235884285095,37457.66704141842,2145.9271966286765,-93.26795631556651,110,110,0.0057542761634465376,55.49203944978637,80.88393744618918,0.29473024220319266,0.03137882838139353
2021-08-21,False,163592.0226767572,163334.28608057465,325.1035669685711,4.929647677324354,62.437323108700184,257.7365961825466,0.001990418391446569,0.0015779699557715776,4929.647677324354,45654.57822773104,42841.85697339063,334.25440224733836,-9.150835278767106,110,110,0.0057542761634465376,58.95585353806082,80.88393744618918,0.30621740759034766,0.03751748858718642
2021-08-22,False,164571.2874848737,163592.0226767572,1044.5365519157613,2.260527123458247,63.01121667580567,979.2648081164972,0.006385009090447335,0.005986018096074492,2260.527123458247,46733.556486687856,44225.52385476895,1124.5071635494298,-79.9706116336686,110,110,0.0057542761634465376,60.37859521741796,80.88393744618915,0.3151294305051633,0.038452836522332334
2021-08-23,False,166799.35257883475,164571.2874848737,2305.0903831347446,2.781772403054617,74.24351677065275,2228.0650939610373,0.01400663759980983,0.013538601587265496,2781.772403054617,49278.41837463443,47004.596710505066,2327.0776639496034,-21.987280814858853,110,110,0.0057542761634465376,62.30992603775987,80.88393744618918,0.3242941928305852,0.040561834990559986
2021-08-24,False,161612.91835178764,166799.35257883475,-5090.690036568387,1.7306305405342657,94.01355993818859,-5186.43422704711,-0.03051984290024365,-0.03109385106633333,1730.6305405342657,51189.439848700305,49191.34911172961,-5154.175795222676,63.485758654289924,110,110,0.0057542761634465376,63.77193674781394,80.88393744618918,0.3336260904330174,0.040827117610510964
2021-08-25,False,164439.63557007842,161612.91835178764,2846.5018854563054,2.827250866431897,16.957416299094753,2826.717218290779,0.017613083870314378,0.017490663785538353,2827.250866431897,48656.407022087325,46927.90994159312,2885.7997889610215,-39.29790350471644,110,110,0.0057542761634465376,63.89437342648268,80.88393744618918,0.32843405343824045,0.04320350496700837
2021-08-26,False,160240.82306710535,164439.63557007842,-4176.291296148407,1.4260247902772132,21.09518203439463,-4198.812502973079,-0.02539710868167558,-0.02553406597148345,1426.024790277213,50422.85305789366,48854.02681513537,-4238.314635825953,62.02333967754691,110,110,0.0057542761634465376,64.43897624126679,80.88393744618918,0.3369613439500116,0.04163782546911695
2021-08-27,False,163505.9083048973,160240.82306710535,3281.2855750756776,1.5522756629649122,14.648061620752642,3265.08523779196,0.020477213685438617,0.020376113747397652,1552.2756629649123,47628.74261492083,46230.011181951864,3330.0507325525296,-48.76515747685154,110,110,0.0057542761634465376,63.66836676594957,80.84180501212505,0.32922049801749387,0.04112777625236431
2021-08-28,False,164354.0408810062,163505.9083048973,883.5237419944847,1.4246097727999887,33.966556112813876,848.1325761088708,0.005403619668268718,0.005187167759878849,1424.6097727999888,49655.623654039184,48268.83563604446,883.3978741316791,0.12586786280564066,110,110,0.0057542761634465376,63.833477533617696,80.84180501212505,0.3376754364943243,0.04073103914340742
2021-08-29,False,164523.8044301097,164354.0408810062,212.9849527455782,1.4505372437294628,41.770866398334114,169.76354910351463,0.0012958911846881892,0.0010329137524913365,1450.5372437294627,50234.375237148386,48930.90370307143,215.80698075131534,-2.8220280057371934,110,110,0.0057542761634465376,64.34774958106615,80.84180501212506,0.3387712278216808,0.0419287831939768
2021-08-30,False,162296.32841997876,164523.8044301097,-2163.5215126612616,1.3682138163455557,62.586283653353505,-2227.4760101309603,-0.013150203523164535,-0.013538928411281664,1368.2138163455556,50128.41393460989,48891.260388193215,-2186.565930297534,23.04441763627267,110,110,0.0057542761634465376,64.57858711417333,80.84180501212505,0.3376214585653357,0.041541372171451235
2021-08-31,False,165982.11397664805,162296.32841997876,3716.1287102163933,1.3205512794640009,29.02260226763578,3685.785556669294,0.02289718286540693,0.022710221436011067,1320.5512794640008,49015.02264125523,47849.99255195157,3745.53264655944,-29.40393634304609,110,110,0.0057542761634465376,64.3105115539466,80.84180501212505,0.334169627433351,0.04182995365976051
2021-09-01,False,167298.09357727194,165982.11397664805,1364.679596217607,5.170186080050438,43.52980951367919,1315.9796006238776,0.00822184730343658,0.007928442222449475,5170.186080050438,49235.925553403096,48074.36716099687,1403.8706658878602,-39.19106967025323,110,110,0.0057542761634465376,64.11663084821176,80.84180501212505,0.3344217202944912,0.04155070966732066
2021-09-02,False,167019.76741647837,167298.09357727194,-174.61362818305173,1.113361229687891,102.59917138083031,-278.3261607935699,-0.0010437275431498022,-0.0016636541089155694,1113.361229687891,50401.81307163253,49271.54028333786,-172.00253920216733,-2.611088980884423,110,110,0.0057542761634465376,64.37325751469525,80.84180501212505,0.339754558777376,0.040185970946968165
2021-09-03,False,167683.9676330946,167019.76741647837,769.0482596924475,17.883540425474184,86.9645026507269,664.2002166162464,0.004604534370921248,0.003976776083994927,17883.540425474184,51779.506256718116,50752.625703289814,790.7145215531036,-21.666261860656157,110,110,0.0057542761634465376,66.10203143415539,80.3496204110186,0.34822719043336264,0.04237326577764471
2021-09-04,False,168777.84134225847,167683.9676330946,1235.170227757795,0.3665339214128617,140.9299846725142,1093.873709163868,0.007366060364580842,0.006523424538458844,366.5339214128617,52709.80600574768,51792.43692356965,1271.984705357319,-36.814477599523876,110,110,0.0057542761634465376,66.61230964387511,80.3496204110186,0.3518447379602047,0.04217887862173597
2021-09-05,False,169831.9091800002,168777.84134225847,1190.210952726132,0.8717426199340671,135.27137236448488,1054.067837741713,0.007051938472850511,0.0062452975423723245,871.7426199340671,53740.634774537786,52975.094771962584,1207.3450302688864,-17.134077542754227,110,110,0.0057542761634465376,67.35201496775856,80.34962041101862,0.35610770437706213,0.04177543361031109
2021-09-06,False,169428.5577705455,169831.9091800002,-265.0032578251999,1.448160841465152,136.89999078802063,-403.3514094546857,-0.0015603855547801104,-0.0023750036810054618,1448.1608414651519,55521.63909998183,54950.983674515344,-264.3551303889524,-0.648127436247484,110,110,0.0057542761634465376,68.21857303003395,80.3496204110186,0.36118797417176757,0.04202610505850905
2021-09-07,False,158400.888018225,169428.5577705455,-11134.048625116298,1.82535924672589,-108.20423204251529,-11027.66975232051,-0.06571530072394861,-0.06508743211551805,1825.35924672589,56541.81129201731,56133.40408442431,-11176.856891915677,42.808266799378494,110,110,0.0057542761634465376,68.99853399618576,80.3496204110186,0.3621699260385385,0.043273003885756674
2021-09-08,False,158909.9805611508,158400.888018225,528.3165380646308,2.280059895051296,16.94393524378515,509.0925429257943,0.003335312981350488,0.0032139500560578933,2280.059895051296,47482.73967348806,47160.27217522664,529.3970840565426,-1.0805459919117588,110,110,0.0057542761634465376,65.84964727819175,80.3496204110186,0.34535486376520125,0.03701054432430687
2021-09-09,False,159752.23632647318,158909.9805611508,854.7807520871805,0.8584024148237056,11.6665843499541,842.2557653224028,0.005379024961608682,0.0053002068362741446,858.4024148237056,47545.061256731584,47220.678943908046,858.757187988066,-3.9764359008855115,110,110,0.0057542761634465376,64.24164825387436,80.3496204110186,0.3440429231090655,0.033942523367960005
2021-09-10,False,159254.16073504154,159752.23632647318,-454.24640448028254,29.757735876324563,14.071451075024175,-498.07559143163127,-0.0028434431650269645,-0.0031178004319999193,29757.73587632456,46941.459724546556,46609.12453992125,-463.9252408806076,9.678836400325359,110,112,0.0057542761634465376,66.14540074919526,84.03272163062012,0.3571593534934808,0.03342964847997398
2021-09-11,False,159258.1828308241,159254.16073504154,19.269434563906884,3.296954394936195,11.950384386401737,4.022095782568952,0.0001209979976345254,2.5255828569909062e-05,3296.954394936195,45121.050302754076,44808.072790929415,21.617197987314057,-2.3477634234070375,110,112,0.0057542761634465376,64.5379625690301,84.03272163062012,0.34610251760764366,0.03181212569029991
2021-09-12,False,159956.16983108534,159258.1828308241,713.2956442292558,1.8116651180319858,13.496978849996117,697.9870002612276,0.004478863387427769,0.004382738694203747,1811.665118031986,45096.025320750836,44778.352282079366,720.4590469182702,-7.163402689014533,110,112,0.0057542761634465376,63.58840748158233,84.0327216306201,0.34477057996056526,0.03015393972582679
2021-09-13,False,157023.5657950361,159956.16983108534,-2920.6820865776426,1.2096064825785557,10.712342989012031,-2932.6040360492334,-0.018259264957781247,-0.018333797559331913,1209.6064825785556,45268.2668629703,44936.267018920786,-2923.08052272401,2.3984361463670876,110,112,0.0057542761634465376,62.83450800487922,84.0327216306201,0.34279411142929733,0.028710187034426047
2021-09-14,False,158043.0096755804,157023.5657950361,1032.3606400157635,1.3471721119594604,11.569587359502703,1019.4438805443012,0.006574558632576913,0.006492298626532199,1347.1721119594604,42983.086530091256,42650.08867091643,1044.0924455808233,-11.731805565059975,111,112,0.0057542761634465376,61.27607618286326,84.0327216306201,0.331628287740676,0.027867153416697602
2021-09-15,False,159555.5893432528,158043.0096755804,1528.8843625449458,1.29286729654783,15.011827575995992,1512.579667672402,0.009673849958206518,0.009570683770052971,1292.8672965478302,43709.24382420328,43345.09667116095,1538.3219667000456,-9.437604155099478,111,112,0.0057542761634465376,60.494189497349296,84.0327216306201,0.33203009613490503,0.026886846437404677
2021-09-16,False,158531.78312998245,159555.5893432528,-1000.1729105356475,1.3325016953918398,22.300801039297763,-1023.806213270337,-0.0062684918444566055,-0.006416611398475156,1332.5016953918398,44008.61969064431,43630.14947837143,-1000.3830170444536,0.21010650880600812,111,112,0.0057542761634465376,60.129500318810344,84.0327216306201,0.3307737876440362,0.026705079375188304
2021-09-17,False,156603.6784654926,158531.78312998245,-1898.0861232152574,10.705576877284088,19.3129643973254,-1928.104664489867,-0.011972905910349786,-0.012162259367946343,10705.576877284087,48237.60702327934,47863.972856659966,-1910.261192386474,12.175069171216638,111,113,0.0057542761634465376,67.54889494245084,84.78268935612644,0.36880484761397386,0.026835656023605624
2021-09-18,False,159076.72617856404,156603.6784654926,2489.7171932841134,1.2974360879713467,15.372044124696687,2473.0477130714453,0.015898203782184588,0.015791760048703953,1297.4360879713468,47425.828845392796,47070.7013739594,2488.972818622742,0.7443746613709832,112,113,0.0057542761634465376,66.91881663638891,84.78268935612644,0.3651080057968189,0.026438140015029133
2021-09-19,False,158113.52184348053,159076.72617856404,-944.017189447479,1.6024237154808232,17.584721920547377,-963.2043350835072,-0.005934351379521208,-0.006054967047802504,1602.4237154808231,48562.2626648617,48203.759095237736,-948.2936683764624,4.276478928983206,112,113,0.0057542761634465376,66.46486358779578,84.78268935612644,0.36699303388848264,0.02617958337408433
2021-09-20,False,150682.4384981991,158113.52184348053,-7423.76794069748,2.190722951234888,5.124681632713857,-7431.0833452814295,-0.04695213827471634,-0.04699840506138112,2190.7229512348877,47693.90968158959,47335.6481229685,-7449.207456457674,25.439515760192734,112,113,0.0057542761634465376,65.78366022319166,84.78268935612644,0.36109044695572146,0.026075302382072032
2021-09-21,False,147441.5286556,150682.4384981991,-3236.475616647051,2.5208905658973135,1.9133353861516504,-3240.9098425991,-0.02147878444830007,-0.021508212071029327,2520.8905658973135,41837.300600673945,41514.97393331045,-3248.8969348490455,12.421318201994609,112,113,0.0057542761634465376,62.3364110058929,84.78268935612644,0.3437299449756108,0.022756446891016736
2021-09-22,False,153537.8120706688,147441.5286556,6098.816903385468,2.1889873605586634,0.34450095612363074,6096.283415068786,0.04136430867880742,0.041347125675214175,2188.9873605586636,39339.698453001605,39028.21052506763,6116.815759548099,-17.998856162630343,112,113,0.0057542761634465376,58.82609431153916,84.78268935612643,0.32959950490787965,0.02176206413510542
2021-09-23,False,156330.38501045262,153537.8120706688,2802.4675320461556,5.134945466144024,4.759646796184651,2792.5729397838268,0.018252621254992645,0.018188177245214945,5134.945466144023,40339.56760256831,39992.08196230908,2808.1273512801718,-5.6598192340165046,112,113,0.0057542761634465376,56.93316787230661,84.78268935612641,0.3292455735203199,0.020854459708679055
2021-09-24,False,153806.24080571297,156330.38501045262,-2490.164328195023,30.650955249604998,3.3289212950139486,-2524.1442047396417,-0.015928856875958724,-0.016146216262250435,30650.955249604995,36770.025767172905,33471.88347286747,-2609.7503025789424,119.58597438391931,112,113,0.0057542761634465376,45.667179307936294,85.18006519803986,0.2611397780873466,0.02195888039651711
2021-09-25,False,153880.80589279038,153806.24080571297,71.06826910145915,1.4204332121916932,-4.917251188140345,74.5650870774078,0.00046206362452634234,0.00048479883967515936,1420.4332121916932,35316.26836606757,31034.0389521634,47.755688140975224,23.312580960483906,112,113,0.0057542761634465376,42.88091338629684,85.18006519803984,0.248060638290568,0.021914191014113557
2021-09-26,False,153360.52029741532,153880.80589279038,-518.9616205602722,1.8099010275665055,-0.48592621278949943,-520.2855953750492,-0.0033724909195097124,-0.003381094817878294,1809.9010275665057,35072.37373415045,29837.951056897924,-587.2589877147731,68.29736715450088,112,113,0.0057542761634465376,40.479048054518906,85.18006519803986,0.23854805686509087,0.02251376962104189
2021-09-27,False,152750.34366110587,153360.52029741532,-603.7124882697863,1.5335721739298815,4.930575865728564,-610.1766363094447,-0.003936557381906332,-0.00397870739565904,1533.5721739298815,34341.64422002003,28174.26810637223,-723.1875449340937,119.4750566643074,112,113,0.0057542761634465376,37.71257363168722,85.18006519803984,0.22658165820704587,0.024495456259449284
2021-09-28,False,152083.96755435006,152750.34366110587,-662.0925441519277,2.0951738224207057,2.1883887814708483,-666.3761067558193,-0.004334474988945725,-0.00436251788889098,2095.1738224207056,33214.286589260155,25858.754874013404,-845.4545922723337,183.362048120406,112,113,0.0057542761634465376,34.662379173436534,85.18006519803984,0.21034203195552617,0.025402650740723814
2021-09-29,False,152407.159953722,152083.96755435006,328.0719739510571,2.294883488534417,2.584691090592544,323.1923993719301,0.0021571765862421653,0.002125091846097658,2294.8834885344168,32870.42929452113,23932.23130938049,442.3798166767891,-114.30784272573204,112,113,0.0057542761634465376,31.8123649921108,85.18006519803984,0.19518339570718737,0.026081391053999443
2021-09-30,False,153586.014731469,152407.159953722,1185.393266325837,1.5860421082275142,4.952446470602901,1178.8547777470067,0.007777805627280098,0.0077349041744821075,1586.0421082275143,32781.12761732636,22674.26117510404,1367.612665790514,-182.21939946467734,112,113,0.0057542761634465376,29.438507858083575,85.18006519803986,0.1857822304605499,0.026552457932003053
2021-10-01,False,156674.9277765779,153586.014731469,3113.4987418750907,18.270967043047595,6.314729723149551,3088.9130451088936,0.020272019866644474,0.020111942161593118,18270.967043047593,33809.154402192304,26474.628135948136,3616.786383024843,-503.28764114975263,113,113,0.0057542761634465376,34.858421609058105,86.14350558765256,0.21556151148247937,0.0271365080180542
2021-10-02,False,157251.35885496577,156674.9277765779,587.9689321513463,4.091325793003019,7.446527970470983,576.4310783878723,0.003752795297214393,0.0036791533053066178,4091.3257930030186,33989.254537399,27759.752877472536,488.321935219037,99.64699693230925,113,113,0.0057542761634465376,36.208772753584654,86.14350558765254,0.22360996154093266,0.02705432924144241
2021-10-03,False,159479.99095808176,157251.35885496577,2235.6762592019377,1.7464465403527851,5.297709545606149,2228.6321031159787,0.0142172142452767,0.014172418727214081,1746.4465403527852,35130.117872408686,29656.37099495694,2298.288108857455,-62.61184965551757,113,113,0.0057542761634465376,38.859411239390035,86.14350558765256,0.2365778510224085,0.025188078635104496
2021-10-04,False,159552.92611596078,159479.99095808176,79.63527991112608,2.890970838345218,3.809151193761849,72.93515787901902,0.0004993433936929284,0.0004573310886265947,2890.970838345218,36558.01302913125,31473.266959683875,14.490433351755826,65.14484655937034,113,113,0.0057542761634465376,41.02315388481533,86.14350558765254,0.2482136741331469,0.02537084794162466
2021-10-05,False,160578.7808996874,159552.92611596078,1034.890959901711,1.200680172971728,7.835496002129476,1025.8547837266099,0.00648619229427085,0.006429557944810321,1200.6801729717279,37080.292064474714,32288.13857184113,1274.2587818433353,-239.36782194162421,113,113,0.0057542761634465376,43.563504129174454,86.14350558765254,0.25725811674372334,0.02451621312525403
2021-10-06,False,161488.65235332918,160578.7808996874,922.2267205169768,1.5389495444483294,10.816317330754853,909.8714536417737,0.005743141873103933,0.0056661997839562925,1538.9495444483296,38314.189664074394,34099.686153082555,865.210123824561,57.016596692415845,113,113,0.0057542761634465376,45.88719677638824,86.14350558765254,0.27099761573265424,0.024373705901819843
2021-10-07,False,161082.4315694971,161488.65235332918,-376.91755283001044,2.7562346385076015,26.546996363546214,-406.2207838320642,-0.002334018813937053,-0.0025154757186484737,2756.2346385076016,38576.44921785977,34477.12379579032,-431.1730734098693,54.255520579858896,113,113,0.0057542761634465376,47.11834995509257,86.14350558765256,0.2736375894802681,0.02348701742067304
2021-10-08,False,161287.6418179444,161082.4315694971,239.88703884275893,1.6695584966331707,33.00723189882628,205.21024844729948,0.001489219131505738,0.0012739455597227185,1669.5584966331708,39046.40504383971,35064.99718455102,183.47113238739036,56.41590645536862,113,113,0.0057542761634465376,47.85289771758795,86.15098569755874,0.27771036107488906,0.023123532230848978
2021-10-09,False,161148.97386102102,161287.6418179444,-111.95308805135417,0.9356075186478175,25.779261353375855,-138.66795692337783,-0.0006941206827099794,-0.0008597556226899341,935.6075186478176,39360.24045834602,35420.900323480324,-96.49889431974219,-15.454193731612014,113,113,0.0057542761634465376,48.42653941893086,86.15098569755874,0.28021508964878905,0.022614522171265406
2021-10-10,False,159181.27084997567,161148.97386102102,-1936.9939374089,1.165093924152185,29.54397971230717,-1967.7030110453593,-0.012019896192943883,-0.012210459451900428,1165.093924152185,40430.20831665831,36444.58995093062,-2116.5122043696156,179.51826696071575,113,113,0.0057542761634465376,49.11231371458016,86.15098569755874,0.2829915794707243,0.021026462058690774
2021-10-11,False,159533.8440299015,159181.27084997567,363.9207009335896,1.5617139071459742,9.78580710061929,352.5731799258243,0.002286203012391927,0.0022149162275385756,1561.7139071459742,39669.19888279386,35455.41289591005,369.3388294184271,-5.418128484837442,113,113,0.0057542761634465376,48.71711280563916,86.15098569755874,0.2787376298568626,0.021733131043516415
2021-10-12,False,159542.58305053954,159533.8440299015,14.843740222619061,0.7516204896221318,5.353099094940795,8.739020638056134,9.304445907939693e-05,5.477847469417321e-05,751.6204896221318,40070.582980102154,35568.000099168225,-68.57777451042544,83.42151473304442,113,113,0.0057542761634465376,48.33747471330297,86.15098569755874,0.27867734552359436,0.021240075978491573
2021-10-13,False,160139.69990311153,159542.58305053954,607.982567465746,1.7313453146540612,9.134369579106167,597.1168525719858,0.003810785533497039,0.003742680111822136,1731.3453146540612,41400.99824111258,34495.074231473234,621.161175833125,-13.178608367379006,113,113,0.0057542761634465376,46.600967245486544,86.15098569755874,0.2699518037729939,0.02125323206819325
2021-10-14,False,161348.68077212514,160139.69990311153,1230.0128361782997,0.5223946812018313,20.509572483484988,1208.9808690136128,0.007680873867769752,0.007549538744890094,522.3946812018313,41961.93210120834,34761.20310598305,1229.7481918052486,0.2646443730508796,113,113,0.0057542761634465376,46.53688449831244,86.15098569755874,0.2706722324255173,0.02033584456175595
2021-10-15,False,160734.17947889311,161348.68077212514,-582.347942604541,14.397868789973774,17.7554818375126,-614.5012932320274,-0.003609251341986481,-0.0038085300127113876,14397.868789973774,38005.66213624125,29403.411440609525,-474.6579248381934,-107.69001776634771,114,114,0.0057542761634465376,40.54343624789424,87.01496492129222,0.23740799576199675,0.02143981427037168
2021-10-16,False,160740.35247312684,160734.17947889311,47.4473557613085,1.6703381777047075,39.60402334989,6.172994233713794,0.0002951914515950173,3.8404987997741976e-05,1670.3381777047075,38095.0870247022,29550.28331938516,256.0630187463109,-208.61566298500244,114,114,0.0057542761634465376,41.84463404978202,87.01496492129222,0.24104849626366526,0.020623395960982352
2021-10-17,False,160552.04433020367,160740.35247312684,-147.6233025500186,0.9915817993429369,39.69325857381639,-188.3081429231779,-0.0009183960360837133,-0.001171505101400471,991.5817993429368,38663.90636714753,30389.50094977281,34.380452350633504,-182.0037549006521,114,114,0.0057542761634465376,43.05591960261982,87.0149649212922,0.2472356944201597,0.019780208476490122
2021-10-18,False,160467.07812290534,160552.04433020367,-60.527598473735544,1.6889106590568186,22.74969816554419,-84.96620729833654,-0.00037699674723075985,-0.0005292128646059997,1688.9106590568185,38209.503099543464,31367.67832987909,-115.69523523373502,55.16763675999948,114,114,0.0057542761634465376,44.26865505525489,87.01496492129222,0.2545097086806078,0.019920501020515697
2021-10-19,False,160725.69595547125,160467.07812290534,274.7705651929004,1.2410159739520505,14.911716653039386,258.61783256590894,0.001712317370061711,0.0016116566437872554,1241.0159739520507,38073.76819619213,31855.553770669445,321.3401921060762,-46.56962691317576,114,114,0.0057542761634465376,45.08302542925294,87.0149649212922,0.2585504108923228,0.020026937959505105
2021-10-20,False,161895.58044363043,160725.69595547125,1195.908782412092,1.5800846065100265,24.444209646413505,1169.8844881591683,0.007440681935161234,0.007278764488805092,1580.0846065100263,38607.44557345954,32892.29303501712,1396.3119584525784,-200.40317604048624,114,114,0.0057542761634465376,46.23476022401091,87.01496492129222,0.2646534360567203,0.020436014310049315
2021-10-21,False,160971.9069236958,161895.58044363043,-857.4416113561954,1.0855399987930665,65.14636857966403,-923.6735199346524,-0.005296263239593149,-0.0057053658747420926,1085.5399987930664,40658.114843760515,34756.02584943706,-997.8169149611609,140.37530360496544,114,114,0.0057542761634465376,47.8485277290883,87.01496492129222,0.2743733757920265,0.020344236893685738
2021-10-22,False,160262.08359565132,160971.9069236958,-552.960116290923,64.81047890780033,92.05273284573433,-709.8233280444576,-0.00343513428435086,-0.004409609984808899,64810.47890780033,64141.72851500842,63305.10448815864,-549.5525244524082,-3.4075918385148665,116,116,0.0057542761634465376,55.697429924532756,77.86525984607346,0.31871573512562745,0.02277193017152536
2021-10-23,False,161089.73692359217,160262.08359565132,917.7550810987718,1.087738970551877,89.01401418737544,827.6533279408445,0.005726588975432957,0.005164373939060048,1087.738970551877,64461.23488012885,63629.401032983005,923.2604786532596,-5.505397554488075,116,116,0.0057542761634465376,56.6014367162596,77.86525984607346,0.32520242999708476,0.02299579402087483
2021-10-24,False,160822.80784112078,161089.73692359217,-144.88885532264322,1.9397247672965412,120.10050238144328,-266.929082471383,-0.0008994294614272459,-0.0016570210341704911,1939.7247672965411,64694.39046606333,63872.84530880916,-159.48916021820813,14.60030489556479,116,116,0.0057542761634465376,57.375216009208664,77.86525984607346,0.32781487970951756,0.023038911818785108
2021-10-25,False,165697.57709526113,160822.80784112078,4965.960225248204,2.336987919990057,88.85398318785167,4874.769254140362,0.030878457427221073,0.03031142982502966,2336.987919990057,65112.514957199135,64326.849469638386,4995.76041905478,-29.80019380657591,116,116,0.0057542761634465376,57.74515012244439,77.86525984607346,0.3301650331090838,0.023128980635758953
2021-10-26,False,164535.3462961544,165697.57709526113,-1028.289658182945,3.5728046021871385,130.36833632160128,-1162.2307991067332,-0.006205821933001298,-0.007014168942485837,3572.8046021871387,67075.03504573245,66277.1608681236,-1028.9520106129341,0.6623524299892982,116,116,0.0057542761634465376,58.48814456244063,77.86525984607346,0.3344176691584636,0.02271567977781968
2021-10-27,False,165383.31855865067,164535.3462961544,926.2214877782249,2.0960380028204155,76.15318727912899,847.9722624962756,0.0056293161842020135,0.005153739190909004,2096.0380028204154,65299.67673921361,64519.5021404761,880.4152027389296,45.80628503929597,116,116,0.0057542761634465376,58.37519256993395,77.86525984607347,0.3315615049792295,0.023905020447216943
2021-10-28,False,165150.24920727877,165383.31855865067,-198.8281247109536,8.995802681700319,25.245423979257772,-233.0693513719117,-0.0012022259950022847,-0.0014092675936313202,8995.80268170032,62540.366426251065,61796.498837410436,-179.8894122146695,-18.938712496284094,116,116,0.0057542761634465376,56.30818501571036,77.86525984607346,0.3206944224298427,0.022906049071006213
2021-10-29,False,166802.57010084292,165150.24920727877,1724.0596994418001,23.620952396354305,48.117853481303825,1652.320893564142,0.010439340586631186,0.01000495549655712,23620.952396354303,64519.27675833111,58600.332390788535,1875.884073282795,-151.82437384099467,116,116,0.0057542761634465376,51.95402395033645,77.30832682880717,0.30049625827747917,0.023339021970647883
2021-10-30,False,166752.18688621162,166802.57010084292,8.569759806025502,1.832619262490476,57.12035517482329,-50.38321463128826,5.137666524469335e-05,-0.0003020529875578557,1832.619262490476,64726.25117023336,58503.65805500878,-111.92784401431419,120.49760382033955,116,116,0.0057542761634465376,51.99759347998932,77.30832682880718,0.3014180946758787,0.023381250160797267
2021-10-31,False,166037.62912302348,166752.18688621162,-635.9876708970593,2.298498256069352,76.2715940350167,-714.5577631881454,-0.003813968996586801,-0.004285147778456095,2298.498256069352,64437.57153749619,58428.958946579376,-530.5911561079524,-105.39651478910685,116,116,0.0057542761634465376,51.957262642725475,77.30832682880717,0.2987651763444173,0.023265066949931936
2021-11-01,False,166018.21505768524,166037.62912302348,97.0999117346255,1.5529063480972805,114.96107072477662,-19.414065338248406,0.0005848066624866134,-0.00011692569594488608,1552.9063480972804,63613.034790600796,57393.629170105756,233.63267220370693,-136.53276046908138,116,116,0.0057542761634465376,52.02431899860682,77.30832682880717,0.29707153017378674,0.023029352562392576
2021-11-02,False,167429.0751956729,166018.21505768524,1507.4712576156398,3.0954242490463986,93.51569537893172,1410.8601379876618,0.009080155795506226,0.008498224953794617,3095.4242490463985,61827.46948538597,55747.56529041132,1531.3238490930999,-23.852591477460123,116,116,0.0057542761634465376,52.930188876220264,77.30832682880717,0.30007306505915554,0.022899078624517694
2021-11-03,False,165768.30180401317,167429.0751956729,-1534.8756412170517,3.3121678045778964,122.58558263809175,-1660.7733916597213,-0.009167318396898843,-0.009919265155820695,3312.1678045778963,60460.07312004216,54446.5392840624,-1565.397421722722,30.52178050567042,116,116,0.0057542761634465376,53.61141593839559,77.30832682880717,0.302233406149956,0.023580508347280333
2021-11-04,False,165301.16693759075,165768.30180401317,-364.0006814949189,4.919148337515122,98.21503658997437,-467.13486642240844,-0.002195840082413794,-0.0028179987448667906,4919.148337515122,56556.51898649454,50604.028711526116,-411.32950440981426,47.3288229148953,116,116,0.0057542761634465376,53.93172808869605,77.30832682880717,0.3020206733130475,0.024177675584367307
2021-11-05,False,167279.12346120938,165301.16693759075,2061.234362391239,12.697381426519266,70.58045734607454,1977.956523618645,0.01246956933564453,0.011965774714496844,12697.381426519267,50587.434972908064,49703.45405737546,2067.6880167698064,-6.453654378567638,116,116,0.0057542761634465376,56.886455872619635,76.69704781325476,0.317548603827375,0.024842803881717924
2021-11-06,False,168413.67177481344,167279.12346120938,1187.5035025126992,7.1174532681193465,45.8377356405248,1134.548313604055,0.00709893427190316,0.0067823664431571895,7117.453268119346,47038.55391583247,46169.56802851651,1182.9898542720177,4.513648240681826,116,116,0.0057542761634465376,56.08057540480004,76.69704781325474,0.31232961401211584,0.02508044112322056
2021-11-07,False,171026.18035212366,168413.67177481344,2680.3955173439626,5.736618209294656,62.15032182444861,2612.508577310219,0.01591554586451823,0.015512449492838172,5736.6182092946565,45828.400813827386,44968.44222299279,2699.6256793323305,-19.23016198836839,116,116,0.0057542761634465376,56.51508050135798,76.69704781325474,0.3105896900324957,0.02784312145111582
2021-11-08,False,170743.3856353242,171026.18035212366,-188.7751981472298,5.7674553806474655,88.25206327156687,-282.79471679944413,-0.001103779536902262,-0.001653517117772271,5767.455380647466,44655.616007064826,43075.21060356839,-171.21325806406657,-17.561940083163037,116,116,0.0057542761634465376,56.78745771888646,76.69704781325476,0.3109206421454542,0.028032367690497606
2021-11-09,False,172181.98473776886,170743.3856353242,1532.1771087927355,1.2949711603590444,92.28303518772927,1438.5991024446473,0.008973566402538005,0.008425504139394453,1294.9711603590445,45459.7890766481,43207.93794177808,1528.2885023142276,3.8886064785080094,116,116,0.0057542761634465376,57.31606105761587,76.69704781325476,0.3143077713611209,0.028148621075473577
2021-11-10,False,170476.57452011047,172181.98473776886,-1619.0869127687274,2.5648852523949497,83.75841963725098,-1705.4102176583733,-0.009403346785870646,-0.009904696012510792,2564.8852523949495,46878.91978823308,44134.82464295933,-1649.9430788254954,30.85616605676809,116,116,0.0057542761634465376,58.177355167131054,76.69704781325476,0.3184173134550763,0.0288826482556875
2021-11-11,False,172272.4041653713,170476.57452011047,1808.7997877034709,2.196908504268948,10.773233938388138,1795.8296452608138,0.010610254181814837,0.010534172512065385,2196.908504268948,45308.97267788138,42631.06454131605,1806.5019118928494,2.297875810621413,116,116,0.0057542761634465376,57.359000132644866,76.69704781325474,0.31190379307683846,0.02780682826782142
2021-11-12,False,171460.20478039386,172272.4041653713,-789.992522856952,16.863505873736234,5.343356246750073,-812.1993849774383,-0.004585717176725565,-0.004714622686740791,16863.505873736234,49729.59464768518,40343.676651879556,-855.4707316635363,65.4782088065843,116,116,0.0057542761634465376,55.57832459848804,76.80817802973185,0.3049606337190883,0.028801615737476253
2021-11-13,False,174149.43585423345,171460.20478039386,2711.706743996847,3.009712644205182,19.465957513055614,2689.2310738395863,0.015815370963017335,0.01568428707573254,3009.712644205182,51161.863804618966,40547.26183634665,2832.7495218289323,-121.04277783208603,116,116,0.0057542761634465376,56.49082721200345,76.80817802973189,0.3079300934675726,0.02894433602287677
2021-11-14,False,175220.02120005048,174149.43585423345,1097.8213337414795,6.355590415242393,20.880397509201387,1070.5853458170357,0.006303904048591796,0.006147509698010948,6355.590415242393,51720.63236756716,39677.55841574673,1143.573126201772,-45.751792460292435,116,116,0.0057542761634465376,56.6548830803507,76.80817802973185,0.30742718581299233,0.029324464287642748
2021-11-15,False,172618.82210257935,175220.02120005048,-2547.738816337217,2.4334854991597803,51.02679563476894,-2601.1990974711457,-0.01454022661844355,-0.014845330343279266,2433.4854991597804,52273.81590041911,40533.79714507061,-2666.863142609085,119.12432627186743,116,116,0.0057542761634465376,56.898371080821065,76.80817802973186,0.3108351418724481,0.02970102883481417
2021-11-16,False,168618.1190873695,172618.82210257935,-3980.9685836555973,1.3483604041127328,18.386071150133017,-4000.7030152098428,-0.02306219295882979,-0.023176516711673603,1348.3604041127328,50736.239097132115,39234.46899432735,-4189.256752495571,208.28816883997408,116,116,0.0057542761634465376,56.70453886364946,76.80817802973185,0.3077117179172841,0.029055854488809468
2021-11-17,False,168498.83267964923,168618.1190873695,-104.51903507428591,4.253332777336549,10.514039868643145,-119.2864077202656,-0.0006198564877842657,-0.000707435288484373,4253.332777336549,47189.80010480546,38056.917583415525,-88.15177501526898,-16.36726005901694,116,116,0.0057542761634465376,55.11108735640911,76.80817802973185,0.29971517581516843,0.028514112914345857
2021-11-18,False,164300.80828164614,168498.83267964923,-4183.889805572595,2.3144338148602945,11.820158615646385,-4198.024398003102,-0.024830378579102835,-0.024914263981783216,2314.4338148602947,46277.10518502921,38294.05470638843,-4425.905801380821,242.0159958082269,116,116,0.0057542761634465376,53.900986095490715,76.80817802973186,0.29557024637652424,0.027881905376840217
2021-11-19,False,169832.03466095863,164300.80828164614,5562.467165388625,17.535477531785443,13.705308544355672,5531.226379312484,0.0338553852751192,0.03366524143831842,17535.477531785444,42413.58773821063,41645.31537349059,5582.711491247623,-20.244325858996817,117,117,0.0057542761634465376,56.49733868916939,72.98339313910351,0.31009184100432396,0.028044553989248905
2021-11-20,False,170319.0984396508,169832.03466095863,505.45167165346174,4.824894936051751,13.562998025219295,487.0637786921907,0.0029761856923077664,0.0028679146408657967,4824.894936051751,43336.15846339156,42527.39744695353,521.3194911326301,-15.867819479168354,117,117,0.0057542761634465376,55.94331872629168,72.9833931391035,0.31216151438301853,0.02875753164699439
2021-11-21,False,168293.9197799126,170319.0984396508,-2005.2318999210004,1.8840149432987876,18.06274487391963,-2025.1786597382188,-0.01177338254072261,-0.011890496593109907,1884.0149432987876,44504.41422949359,41653.20323840428,-2003.1283112351614,-2.103588685839136,117,117,0.0057542761634465376,55.595492413423514,72.98339313910351,0.3094267435285493,0.02869401159957144
2021-11-22,False,167767.1135839734,168293.9197799126,-510.4028668700664,1.9305779585051999,14.472751110611325,-526.8061959391829,-0.0030328063398698474,-0.003130274680321885,1930.5779585051996,44403.5291675405,40267.55291474583,-521.6874733518225,11.284606481756065,117,117,0.0057542761634465376,55.15070237532395,72.98339313910351,0.30436380836334664,0.030301956499804578
2021-11-23,False,172241.81428704728,167767.1135839734,4516.703586578465,12.469387401906582,29.533496102695302,4474.700703073862,0.026922461083636,0.0266720968578512,12469.387401906582,51461.4042177042,50656.12923822204,4526.595150408236,-9.89156382977115,117,117,0.0057542761634465376,54.86100203353283,72.9833931391035,0.3054417612007409,0.03029737021931019
2021-11-24,False,171970.24655765475,172241.81428704728,-232.11466839084306,5.487409417045867,33.96565158464789,-271.5677293925368,-0.0013476092861168746,-0.00157666551828094,5487.409417045867,52220.62920698894,51395.571099847235,-247.47190204900448,15.357233658161459,117,117,0.0057542761634465376,55.82364909586455,72.98339313910351,0.3132659522864832,0.030584586592015926
2021-11-25,False,173337.31324980172,171970.24655765475,1407.8192393046288,2.9436819575998685,37.80886520005615,1367.0666921469729,0.008186411704844788,0.007949437298088946,2943.6819575998684,50932.89517210123,50138.55153227586,1428.125091061618,-20.30585175698907,117,117,0.0057542761634465376,55.55013583964487,72.98339313910351,0.31157321112638386,0.030891240038781968
2021-11-26,False,169623.6915381226,173337.31324980172,-3651.083530220412,21.687569564712287,40.85061189400116,-3713.6217116791254,-0.02106345980428763,-0.021424248720916257,21687.569564712285,45832.41297830759,44997.45763496825,-3688.7611573065733,37.67762708616194,117,117,0.0057542761634465376,53.00462851406034,70.45774831787983,0.2941109694250129,0.033438171519117155
2021-11-27,False,170515.17746985148,169623.6915381226,905.8415957662662,2.9956730056625003,11.35999103173621,891.4859317288675,0.005340301154586534,0.005255668731443141,2995.6730056625,43193.99906869286,42434.39897952583,924.9803896994414,-19.138793933175144,117,117,0.0057542761634465376,52.764083724443935,70.45774831787983,0.2922408563121465,0.033177071606979386
2021-11-28,False,170801.11257672895,170515.17746985148,300.6109867833122,2.0679373901398046,12.607942515703566,285.93510687746885,0.0017629573580713236,0.0016768894776420977,2067.9373901398044,43722.31425852892,42915.28426738959,302.1554290220529,-1.5444422387406362,117,117,0.0057542761634465376,52.669379354703196,70.45774831787983,0.29613187976153377,0.03323627178982765
2021-11-29,False,171556.82074150024,170801.11257672895,773.1663315118271,0.5787981783245603,16.87936856222161,755.708164771281,0.004526705475437098,0.004424492050259885,578.7981783245602,44153.26867335175,43341.40359795271,780.7319606962558,-7.565629184428481,117,117,0.0057542761634465376,52.42253469768354,70.45774831787983,0.29848617014189677,0.03225535800103069
2021-11-30,False,170940.3499283527,171556.82074150024,-600.896650270395,1.3244712968889594,14.2496915802696,-616.4708131475536,-0.003502610083779874,-0.003593391451782873,1324.4712968889594,43785.08977662475,42951.646651216164,-606.4238880396094,5.527237769214599,117,117,0.0057542761634465376,52.45636221510401,70.45774831787982,0.2977293120620608,0.03320220520792711
2021-12-01,False,171333.66110679827,170940.3499283527,409.99947771232075,4.235148228795559,12.453151037932884,393.3111784455923,0.0023984944331994548,0.002300867984711879,4235.14822879556,40568.168716251195,39736.10625050428,406.65045828094225,3.3490194313784003,117,117,0.0057542761634465376,52.30910643492531,70.45774831787983,0.2946227031044411,0.03490532553099817
2021-12-02,False,170420.08484338335,171333.66110679827,-898.4250128488269,3.4398231292216486,11.711427436872718,-913.5762634149212,-0.005243715724307129,-0.005332146978669049,3439.8231292216487,42183.87424079829,37249.49595528386,-913.7604674548942,15.335454606067222,117,117,0.0057542761634465376,52.219507371647325,70.45774831787983,0.29543362753735253,0.03463962044663718
2021-12-03,False,167990.80041341376,170420.08484338335,-2404.046816142123,18.098485197750108,7.139128629719476,-2429.2844299695926,-0.01410659323606986,-0.014254683843175606,18098.48519775011,45750.16051353133,35617.37162458067,-2365.780255185968,-38.26656095615546,117,117,0.0057542761634465376,52.530862984805665,69.79854498940388,0.3025094348013843,0.03481137898437211
2021-12-04,False,164225.4756667994,167990.80041341376,-3772.3902265638735,4.123944119344815,-11.189424068871487,-3765.3247466143466,-0.0224559334039738,-0.02241387467259006,4123.944119344815,46470.81055833218,33219.824797318695,-4034.243035630733,261.85280906686,117,117,0.0057542761634465376,52.180502060436915,69.79854498940388,0.30063854880565627,0.03435929314573057
2021-12-05,False,161687.11785526585,164225.4756667994,-2541.593834693992,4.9928919175806135,-8.228915078029047,-2538.3578115335436,-0.01547624584050946,-0.015456541083087938,4992.891917580613,47032.679368655256,28183.636098314295,-2503.593394154167,-38.00044053982486,117,117,0.0057542761634465376,50.83193765922389,69.79854498940388,0.29484403020732797,0.03237965025341022
2021-12-06,False,163377.68126413817,161687.11785526585,1700.9288699924464,5.030238449631401,5.335222670495535,1690.5634088723193,0.010519878717332521,0.010455770572802382,5030.238449631402,49410.75461565188,23778.090234047762,1629.376285332134,71.55258466031246,117,117,0.0057542761634465376,49.44000859237254,69.79854498940388,0.2902720172175616,0.03247526237032557
2021-12-07,False,163937.431856632,163377.68126413817,557.7907959163592,4.356789186708731,-6.316585764186166,559.7505924938366,0.003414118694796263,0.0034261141923594145,4356.789186708731,52847.009529092524,21397.104351113092,685.9422816942847,-128.15148577792553,117,117,0.0057542761634465376,48.33659305732852,69.79854498940388,0.29059536195681435,0.03173529804364091
2021-12-08,False,165959.08289583444,163937.431856632,2008.3890661233936,2.3659318859641494,-15.627904965007858,2021.6510392024375,0.012250948690472274,0.012331845243070719,2365.9318859641494,54378.268267246895,19639.883944127498,1512.3582150591892,496.03085106420434,117,117,0.0057542761634465376,47.24287330155292,69.79854498940388,0.28871749773213357,0.032664984863396015
2021-12-09,False,163077.64681938966,165959.08289583444,-2898.9601223605446,4.809387205608704,-22.333433121379837,-2881.4360764447733,-0.017467920837933894,-0.017362328268910297,4809.387205608704,56938.986022019475,17101.67826203064,-2665.981446132797,-232.9786762277475,117,117,0.0057542761634465376,46.477521274026536,69.79854498940388,0.28693575068730254,0.03344968222689775
2021-12-10,False,161648.5485444605,163077.64681938966,-1403.6833968568899,30.62835292146721,-5.213474849207439,-1429.0982749291497,-0.00860745432763992,-0.008763299586434996,30628.352921467213,55406.20283484121,9982.985831918013,-536.8323319798021,-866.8510648770882,118,118,0.0057542761634465376,39.48599177788676,67.38790695431449,0.24404404729952678,0.034760792557518995
2021-12-11,False,162984.69744829473,161648.5485444605,1329.8221378537771,3.5452717657126778,-9.87203774617238,1336.1489038342368,0.008226625910519805,0.008265764931794217,3545.2717657126777,54214.25256140912,9884.933327259285,1393.2326960755315,-63.41055822175454,118,118,0.0057542761634465376,38.512125002292066,67.3879069543145,0.24236591050204584,0.0358308998259442
2021-12-12,False,162656.64443888082,162984.69744829473,-332.6504998623506,1.6994809427685322,-6.296971391207636,-328.0530094139115,-0.0020409922224010058,-0.002012784111330348,1699.4809427685323,54497.375345154505,10313.667191766384,-266.47458534179253,-66.17591452055814,118,118,0.0057542761634465376,37.97547856436181,67.3879069543145,0.2426405932858295,0.03719000261007396
2021-12-13,False,157598.08407792944,162656.64443888082,-5054.229241626002,5.057919109486559,-0.7267997841178193,-5058.56036095137,-0.03107299587460233,-0.03109962324872719,5057.919109486559,55886.28869058155,12981.50565020961,-4635.260897403451,-418.9683442225503,118,118,0.0057542761634465376,38.59686109976882,67.3879069543145,0.24800420835616305,0.038735539967943995
2021-12-14,False,159224.60800665512,157598.08407792944,1634.7855016098456,5.774636852945324,2.48693603120119,1626.523928725699,0.010373130556596572,0.010320708771569913,5774.636852945324,50125.91263939768,12275.278406702466,1795.0106588805243,-160.22515727067864,118,118,0.0057542761634465376,36.56589644900584,67.3879069543145,0.2354383537310738,0.03915136293513559
2021-12-15,False,160503.0819118823,159224.60800665512,1282.178286833941,3.1131076134644013,0.591273993288179,1278.4739052271884,0.008052638991457587,0.008029373858931101,3113.1076134644013,49140.84894550084,13203.462063208362,820.5854253130238,461.59286152091715,118,118,0.0057542761634465376,35.3027142087647,67.38790695431452,0.23221022460137047,0.040444953546696256
2021-12-16,False,159633.9532784344,160503.0819118823,-881.2373239964999,1.203707069741541,-13.312397618343246,-869.1286334478982,-0.005490469799703332,-0.005415027693518421,1203.707069741541,48425.29947137578,13595.326781353166,-944.932097581629,63.69477358512929,118,118,0.0057542761634465376,34.507177791208726,67.3879069543145,0.22883470716200788,0.04108084813815091
2021-12-17,False,158862.7161557115,159633.9532784344,-788.4472257259475,1.4996957035213108,-18.70979870655308,-771.2371227229157,-0.004939094782365839,-0.0048312849922204195,1499.6957035213106,47846.59891563347,12452.302282059904,-953.2911837646291,164.84395803868154,119,119,0.0057542761634465376,33.72899557434552,68.27070780185035,0.22332301884132758,0.041956122345867417
2021-12-18,False,160360.631740693,158862.7161557115,1487.0745174922213,1.5197600632860317,-12.360827552558419,1497.9155849814938,0.009360752185771799,0.009428993921476773,1519.7600632860317,47461.71655402164,10864.452148585286,1343.1754460388918,143.89907145332955,119,119,0.0057542761634465376,32.54567387460145,68.27070780185035,0.2162533620514721,0.041912828774133826
2021-12-19,False,160773.12287861318,160360.631740693,393.93066647199794,3.318690282115513,-21.879161730300105,412.4911379201825,0.00245652977414677,0.002572271844047051,3318.6902821155127,48994.62783514627,9032.836383961992,471.3705871453691,-77.43992067337106,119,119,0.0057542761634465376,31.67609454663011,68.27070780185035,0.21323910609532806,0.04197556104321362
2021-12-20,False,160496.4623141275,160773.12287861318,-294.3641801301386,2.126416641975676,-19.830032286427304,-276.66056448568696,-0.0018309290437331944,-0.001720813526117615,2126.416641975676,49465.9962355002,7300.35040845832,-114.44359923910835,-179.9205808910302,119,118,0.0057542761634465376,30.58298159578509,67.69277287030734,0.20685774662062792,0.042473808981935895
2021-12-21,False,162391.33514743694,160496.4623141275,1874.451444017036,1.2390202616140413,-21.660409554008304,1894.8728333094302,0.01167908262269554,0.011806321497608713,1239.0202616140414,49224.0987795065,5942.685836317327,2278.540589667634,-404.08914565059746,119,118,0.0057542761634465376,29.7598374375901,67.69277287030732,0.20090374040886594,0.04342702602768274
2021-12-22,False,163244.73985835531,162391.33514743694,837.4089149702547,2.899379957576107,-18.895175905705095,853.4047109183837,0.005156733973582775,0.005255235509601346,2899.379957576107,49028.07963181265,6488.349686575699,679.3328809477022,158.07603402255262,119,118,0.0057542761634465376,29.259951531456462,67.69277287030732,0.20027531811228944,0.04360402140071022
2021-12-23,False,166271.8533183835,163244.73985835531,3013.3829913286245,1.7015501638255075,-15.432018863408086,3027.113460028207,0.018459296109285272,0.018543405825233828,1701.5501638255075,48721.56584006362,6502.868336296102,3178.6956497714405,-165.3126584428159,119,118,0.0057542761634465376,29.19701413002792,67.69277287030732,0.1980585968444644,0.04280317421099055
2021-12-24,False,165563.73261457792,166271.8533183835,-698.8130780178469,15.964359616456324,-6.656733828719782,-708.1207038055835,-0.004202834479024743,-0.004258812839775399,15964.359616456322,49934.55554265347,8193.281584850816,-236.51386249409876,-462.2992155237483,121,120,0.0057542761634465376,28.05670722572678,66.63662207431811,0.1922111757979325,0.043003713633949045
2021-12-25,False,166563.2092987336,165563.73261457792,995.8184147146758,3.9210779594403897,-7.579347400433479,999.4766841556689,0.006014713482166286,0.0060368093203261395,3921.0779594403893,47316.52401887957,11147.161291567343,617.49686902809,378.3215456865858,121,120,0.0057542761634465376,28.59673616044566,66.63662207431813,0.19307925470257273,0.04193389357398496
2021-12-26,False,167711.76376121625,166563.2092987336,1145.702699650811,0.7382479081239193,-3.5900107399853285,1148.5544624826723,0.006878485978232901,0.006895607183112825,738.2479081239193,47561.092228481415,12372.462225237643,1268.7072251715272,-123.00452552071611,121,120,0.0057542761634465376,29.23225714135768,66.63662207431811,0.19644016218342483,0.04136003146102974
2021-12-27,False,166444.67441437146,167711.76376121625,-1268.7780814798584,2.181917834879409,-3.8706524699434572,-1267.0893468447944,-0.007565230088965688,-0.007555160821329409,2181.9178348794094,50353.39623629974,14332.009063266998,-1267.810396045104,-0.9676854347544364,121,120,0.0057542761634465376,30.606249982869972,66.63662207431811,0.2042085343570504,0.041190523052867516
2021-12-28,False,163986.3044601021,166444.67441437146,-2453.338668959016,2.081154672374605,2.9501306379653514,-2458.3699542693557,-0.014739664561758941,-0.01476989253587732,2081.154672374605,51166.721160845154,14254.21990204473,-2565.8434054244426,112.50473646542702,121,120,0.0057542761634465376,31.564401233082922,66.63662207431811,0.20576932433174372,0.04011356243975125
2021-12-29,False,163601.48826012862,163986.3044601021,-384.45600822044275,1.806062294732724,-1.4458705416893274,-384.81619997348616,-0.0023444397352949736,-0.002346636209898321,1806.0622947327238,49381.46013134875,13560.51662960124,-158.3024850905951,-226.15352312984774,121,120,0.0057542761634465376,31.047298928046267,66.63662207431811,0.20256605351534784,0.03967170965115488
2021-12-30,False,163901.43938977443,163601.48826012862,304.6090761104564,3.5938366123106067,1.0641098523301116,299.9511296458157,0.001861896730585505,0.0018334254341799707,3593.836612310607,46979.91820404966,15626.02373425402,280.9611761740683,23.64789993638803,121,120,0.0057542761634465376,30.391397369262656,66.63662207431813,0.20069173812997887,0.04043144488429908
2021-12-31,False,163891.29398818855,163901.43938977443,-8.128145626586331,15.348072478027115,-13.330816518726154,-10.14540158588729,-4.959166714367143e-05,-6.189940505501289e-05,15348.072478027116,41874.369502101596,12194.171631632002,-97.94426726944079,89.81612164285443,123,122,0.0057542761634465376,26.484568171672997,68.49025538983975,0.17905364621556163,0.04207138741529202
2022-01-01,False,164940.48362111664,163891.29398818855,1044.9274900728115,1.558448771134285,-5.8205916263994855,1049.1896329280767,0.006375735187911312,0.0064017411016578495,1558.448771134285,41251.213054636304,12958.04333711609,1195.5521183648177,-150.62462829200624,123,122,0.0057542761634465376,26.168234868060978,68.49025538983973,0.17663537933312107,0.04224286246415896
2022-01-02,False,165198.30345448575,164940.48362111664,259.65612325691245,2.392901768685632,-0.5566118808964831,257.8198333691233,0.0015742413115106798,0.0015631082661389485,2392.9017686856323,41064.67140934469,14766.945335041954,68.37625599301114,191.27986726390122,123,122,0.0057542761634465376,26.46574881858438,68.49025538983973,0.1801761584631365,0.04178852530645815
2022-01-03,False,165588.3496938006,165198.30345448575,376.52191834347803,2.173336152532704,-15.697657123913322,390.0462393148586,0.002279211774394612,0.002361078964847368,2173.336152532704,42231.5021228292,14637.653377738017,400.4910928314694,-23.969174487991364,123,122,0.0057542761634465376,27.116058704666305,68.49025538983973,0.18146713041844476,0.04157248553403531
2022-01-04,False,165615.23418814596,165588.3496938006,32.12847567481609,2.211648356206313,3.0323329732661737,26.884494345343597,0.00019402618441591323,0.00016235740252896618,2211.648356206313,42872.42969805076,13479.155217755137,-109.05071317474025,141.17918884955634,123,122,0.0057542761634465376,26.903590115860617,68.49025538983973,0.1799515889546843,0.04035248070904426
2022-01-05,False,163412.1843456882,165615.23418814596,-2197.227332735909,2.5725915656526244,3.249918156185505,-2203.049842457747,-0.013267060506280268,-0.013302217354926352,2572.5915656526245,44286.453034754915,11387.176695973303,-2191.956577439887,-5.270755296021633,123,122,0.0057542761634465376,26.669867006368424,68.49025538983975,0.177319633128475,0.03984949399963058
2022-01-06,False,163480.2371380734,163412.1843456882,82.30949769938115,1.9717536065061962,12.284951707689833,68.05279238518513,0.0005036925369362947,0.00041644870397928056,1971.753606506196,42324.99878479359,8724.214282944802,219.37807869038187,-137.06858099100066,123,122,0.0057542761634465376,24.765716556948547,68.49025538983975,0.1661434178622334,0.040135816118579005
2022-01-07,False,161389.29301635057,163480.2371380734,-2054.4025319789835,19.018384223358,17.52320552050195,-2090.9441217228436,-0.012566672081860637,-0.012790195061662762,19018.384223358,40840.24382399541,6491.787328114174,-1882.675442000193,-171.7270899787911,123,122,0.0057542761634465376,20.595312371408767,67.81899220660713,0.142012225832346,0.041622986980766455
2022-01-08,False,159672.2606657336,161389.29301635057,-1707.811147392875,6.448209994438157,2.7729932296485624,-1717.0323506169618,-0.010581935861258494,-0.01063907226139845,6448.209994438157,37598.485570434415,5594.8172656951465,-1485.1207476611041,-222.69039973177084,123,122,0.0057542761634465376,18.14911529658814,67.81899220660713,0.12601689189971663,0.042481419135544034
2022-01-09,False,160454.24696621276,159672.2606657336,793.7096387219378,10.006020045600277,1.7173181971735234,781.986300479164,0.004970867421884455,0.004897446163903295,10006.020045600277,31349.14709361922,7660.576382716346,833.089390673011,-39.37975195107312,123,122,0.0057542761634465376,15.893126779503897,67.81899220660713,0.10988685843451623,0.04350459903441877
2022-01-10,False,160559.8429654957,160454.24696621276,113.50805290138857,8.231797025791472,-0.3197434073693537,105.59599928296645,0.0007074169431320209,0.0006581066022216418,8231.797025791473,31096.929850614404,7254.639989673186,-357.60984781762926,471.1179007190179,123,122,0.0057542761634465376,15.4233698245766,67.81899220660712,0.10412974609064567,0.04501006820766175
2022-01-11,False,161648.0320438311,160559.8429654957,1099.1602585069336,9.943478370989512,1.0277018005533347,1088.1890783353906,0.006845798041438936,0.006777467256051329,9943.478370989511,32596.69197557794,9068.898400001657,1738.1037684424377,-638.9435099355039,123,122,0.0057542761634465376,15.76174560291151,67.81899220660713,0.09826603871281084,0.045622812350757797
2022-01-12,False,162052.62209511126,161648.0320438311,404.91936427480425,4.774867159699489,-4.445554165068327,404.59005128017304,0.0025049445957066136,0.002502907373289072,4774.867159699488,36140.40145357454,9104.148430338544,1138.0881109125055,-733.1687466377014,123,122,0.0057542761634465376,16.28475494345944,67.81899220660713,0.09933979605642441,0.04643422425803841
2022-01-13,False,162818.62909537685,162052.62209511126,766.9866030904757,1.5899585239633154,-0.6103556990581795,766.0070002655706,0.004732947811485081,0.004726902844040307,1589.9585239633154,36607.66196610335,8407.3353952751,-34.75644935757043,801.7430524480462,123,122,0.0057542761634465376,16.467284862116514,67.81899220660713,0.09913897629474354,0.04441965704997916
2022-01-14,False,162970.27514452286,162818.62909537685,161.48169293314757,7.534255091111996,2.301388696026134,151.64604914600946,0.0009917888010133895,0.0009313802111500236,7534.255091111996,35646.41158418261,14388.495026462198,229.76932864542908,-68.28763571228154,124,123,0.0057542761634465376,16.15090697499452,68.63576788416917,0.10476607196604214,0.04576767441005996
2022-01-15,False,162876.0133232702,162970.27514452286,-92.43225702020845,1.6046905832497513,0.22487364920659658,-94.2618212526648,-0.0005671724916598383,-0.0005783988593568547,1604.6905832497514,36631.72193956093,13042.107837041389,325.85954579830434,-418.2918028185128,124,123,0.0057542761634465376,16.334061109171632,68.63576788416917,0.10473530345270081,0.04554106741338443
2022-01-16,False,163406.02094827074,162876.0133232702,546.6393799379294,12.374516277754697,4.257238659616822,530.0076250005579,0.0033561687125346082,0.003254055733477579,12374.516277754698,44393.02971134301,21407.702008442295,451.62312000523445,95.01625993269514,124,123,0.0057542761634465376,22.193171214642287,68.63576788416917,0.14418150876635416,0.046645602552371886
2022-01-17,False,161985.76496293803,163406.02094827074,-1415.158404668803,2.7991502298342676,2.2984304340746577,-1420.255985332712,-0.008660381034042791,-0.008691576828630573,2799.1502298342675,42844.62673172272,19426.5273518594,-2127.8050249547355,712.6466202859325,124,123,0.0057542761634465376,22.076259942374463,68.63576788416917,0.14438093041087652,0.04575628883343041
2022-01-18,False,161705.85237447097,161985.76496293803,-273.23618718152755,3.3986336172290468,3.277767668318351,-279.91258846707495,-0.0016867913501167424,-0.0017280073254036755,3398.6336172290466,42101.499233432434,17793.104732944666,-216.9079680312783,-56.32821915024934,124,123,0.0057542761634465376,21.977576366532684,68.63576788416917,0.1408527230473871,0.047050960023314436
2022-01-19,False,161006.74889204567,161705.85237447097,-704.0623653525495,3.0056600334980375,-7.964542960754819,-699.1034824252928,-0.004353969599826939,-0.004323303530204591,3005.6600334980376,43955.33465220177,19278.059488061586,-1210.3332984338076,506.27093308125825,124,123,0.0057542761634465376,22.011954571336467,68.63576788416917,0.14053220280768788,0.04766788259428302
2022-01-20,False,160665.44233674367,161006.74889204567,-345.7912586953038,4.8063778425159,-9.291081235831687,-341.30655530198794,-0.002147681765359757,-0.0021198276323859725,4806.3778425159,46908.15204990255,21368.193576090765,-1092.554865189207,746.7636064939032,124,123,0.0057542761634465376,22.035374875208426,68.63576788416917,0.13930616881183566,0.04821228122824712
2022-01-21,False,160480.27594844406,160665.44233674367,-177.0110571458364,18.14224333559285,-9.98691218182681,-185.16638829960243,-0.0011017369670251393,-0.0011524966763637103,18142.243335592848,48106.86320811931,13498.084282870383,-2903.423641549658,2726.4125844038217,126,125,0.0057542761634465376,22.59624952747956,68.87798027465993,0.12269527733882334,0.050388715670135094
2022-01-22,False,161590.4508801651,160480.27594844406,1110.598933179997,13.207885893385766,-12.783884434430629,1110.1749317210417,0.006920469986833698,0.006917827908506942,13207.885893385768,54512.806241807164,15010.249971262541,-1420.8263600686498,2531.425293248647,126,125,0.0057542761634465376,25.94498509845227,68.87798027465993,0.13557791746301454,0.05013890895920599
2022-01-23,False,161747.38876390448,161590.4508801651,153.4682996686692,15.168036833195325,-18.637620903909472,156.93788373938335,0.0009497361931521607,0.0009712076603819116,15168.036833195325,64599.8395318083,16798.057516780922,1296.0677144056879,-1142.5994147370188,126,125,0.0057542761634465376,30.931635122914592,68.87798027465993,0.15831022017496563,0.05123275219708474
2022-01-24,False,163975.37892249343,161747.38876390448,2227.744071418935,8.639618534226539,-8.885705704230618,2227.9901585889393,0.013772983220586484,0.013774504649599246,8639.61853422654,72446.85620494533,17111.716021358086,517.3186904734748,1710.4253809454608,126,125,0.0057542761634465376,34.46628321718343,68.87798027465993,0.17643518997660276,0.05211455837414615
2022-01-25,False,163506.5136797063,163975.37892249343,-495.6375329253897,7.8253994610539115,-34.59768959931291,-468.8652427871307,-0.0030226338623657862,-0.002859363679279864,7825.399461053912,78957.98917596343,16263.689838767385,570.1537310905774,-1065.791264015967,126,125,0.0057542761634465376,37.74303211489702,68.87798027465993,0.1919490784942852,0.05279896572158655
2022-01-26,False,161764.85236840972,163506.5136797063,-1749.1612583399237,6.245523339547374,-13.745470382890982,-1741.6613112965802,-0.010697807805787874,-0.010651938397441028,6245.523339547373,85147.76992653596,15134.85550931365,-511.3324660814568,-1237.8287922584668,126,125,0.0057542761634465376,40.17280329279933,68.87798027465993,0.20491793409967637,0.054462443626080374
2022-01-27,False,162796.6829481215,161764.85236840972,1013.1291609978213,2.4339521863763993,-21.135370900363007,1031.830579711808,0.006262974596548826,0.006378583262091298,2433.9521863763994,85717.03012284581,14778.606562294066,138.34222342208156,874.7869375757396,126,124,0.0057542761634465376,40.75945120072593,68.32284789359933,0.20948099785689384,0.053889641424034
2022-01-28,False,161074.04825323826,162796.6829481215,-1707.9731897509419,20.306166763367166,-5.644661631072459,-1722.6346948832365,-0.01049144957268707,-0.010581509792998604,20306.166763367168,89985.42920631114,13543.875589223298,-354.6827425043476,-1353.2904472465943,128,126,0.0057542761634465376,42.241561419261096,70.51758038425756,0.21292913262125604,0.05544190014329178
2022-01-29,False,159944.14988202078,161074.04825323826,-1125.7747452171034,1.7804760566089541,2.3431499437623717,-1129.8983712174747,-0.006989175211187197,-0.007014776020536003,1780.4760566089542,90680.61808500969,13038.212509377729,-25.753110704397045,-1100.0216345127062,128,126,0.0057542761634465376,42.65921163674454,70.51758038425756,0.21739372083560976,0.05421482876155634
2022-01-30,False,160912.19941528534,159944.14988202078,973.5102701447673,3.1409459534466437,2.3197909267431434,968.0495332645776,0.006086563784063721,0.00605242226101197,3140.9459534466437,91135.7582023105,13445.251763987972,-387.6425754347747,1361.152845579542,128,126,0.0057542761634465376,42.88219462043127,70.51758038425756,0.21890691898009332,0.054196418106743666
2022-01-31,False,160174.3131034542,160912.19941528534,-731.1605790486717,1.3800710196586057,5.3456617628283505,-737.8863118311588,-0.004543848022123408,-0.004585645553988156,1380.0710196586056,90540.11548872096,13489.649476462659,26.58081860821744,-757.7413976568891,128,126,0.0057542761634465376,43.156045744486796,70.51758038425754,0.21657200466964638,0.05435100527423347
2022-02-01,False,158321.7206018398,160174.3131034542,-1844.5861401710706,2.198289682864822,5.808071760451092,-1852.5925016143867,-0.011516117062913079,-0.011566102365101607,2198.2896828648218,90024.25653400336,12217.488743733593,-704.5152325915072,-1140.0709075795633,128,126,0.0057542761634465376,43.28300155374229,70.51758038425756,0.21890335725678653,0.05436972002409778
2022-02-02,False,159604.25398403773,158321.7206018398,1299.1672513717306,2.1023491493604216,14.531520024443122,1282.533382197927,0.008205868698452192,0.008100804976869505,2102.3491493604215,88371.37081751713,10280.549962379708,-869.6208623250463,2168.7881136967767,128,126,0.0057542761634465376,43.32896108376678,70.51758038425756,0.21987593703015643,0.05403172995803906
2022-02-03,False,159252.62663384574,159604.25398403773,-330.2787361594221,4.074534579886989,17.274079452695116,-351.6273501920042,-0.00206936048328921,-0.0022031201638721422,4074.5345798869885,88880.43449054203,9772.272380814424,201.20558857078208,-531.4843247302041,128,126,0.0057542761634465376,43.6853551782744,70.51758038425756,0.21727921058303706,0.05786807872337586
2022-02-04,False,157574.06052283596,159252.62663384574,-1658.683607069564,1.5240936445541948,18.358410295660175,-1678.5661110097783,-0.010415423859119234,-0.010540272688055212,1524.093644554195,88794.98127387353,8218.472862101115,1744.6012243030348,-3403.2848313725985,128,126,0.0057542761634465376,44.110002338956384,70.78026381814621,0.22009095540042437,0.05708170130675113
2022-02-05,False,153677.12238843294,157574.06052283596,-3886.9271841044083,6.254316359037937,3.7566339395683594,-3896.938134403015,-0.024667303560036817,-0.024730835274999228,6254.316359037937,87688.55097051126,7387.960332904424,-480.362399645196,-3406.5647844592127,128,126,0.0057542761634465376,43.89070961445148,70.78026381814621,0.22307399771780356,0.05364119914876434
2022-02-06,False,152582.01862973438,153677.12238843294,-1081.1344704504043,7.151387217054592,6.817901031117539,-1095.1037586985765,-0.007035103557689858,-0.007126003803810186,7151.387217054591,83463.36613827068,7559.789475722982,1629.0895995486942,-2710.224069999099,128,126,0.0057542761634465376,42.80276215316353,70.78026381814621,0.21788598514458288,0.05173962812965342
2022-02-07,False,150737.57685204805,152582.01862973438,-1825.5811345145207,5.803818529422165,13.056824642370387,-1844.4417776863133,-0.011964588952939446,-0.012088198820872581,5803.818529422166,81998.8612783963,8402.500019401296,555.1899925328695,-2380.77112704739,128,126,0.0057542761634465376,41.630142627665215,70.78026381814621,0.21222643305299715,0.048918751562027615
2022-02-08,False,149782.3424314763,150737.57685204805,-943.6133043326518,4.096827993454153,7.5242882456276705,-955.2344205717335,-0.006259973949686262,-0.006337068967940988,4096.827993454152,80837.99440452241,9822.031200911642,198.2378187717266,-1141.8511231043783,128,126,0.0057542761634465376,39.91728440685902,70.78026381814621,0.2048764093128202,0.04648540767780482
2022-02-09,False,148006.95263552197,149782.3424314763,-1764.8774227416357,4.754735097947789,5.757638114753329,-1775.3897959543367,-0.011782947135768334,-0.011853131464855792,4754.735097947789,78689.33311320952,13151.084637614074,-378.70986339925184,-1386.1675593423838,128,126,0.0057542761634465376,37.76864804304111,70.78026381814621,0.19276370203953844,0.04720731854335049
2022-02-10,False,150242.4877074024,148006.95263552197,2244.9128980084556,3.8207458171667845,5.5570803108554845,2235.5350718804334,0.015167617858714509,0.015104257145173465,3820.7458171667845,75943.76765287231,14695.617985761635,195.67820219097734,2049.2346958174785,128,126,0.0057542761634465376,35.38819833538289,70.78026381814621,0.18254910726288573,0.04497777935392857
2022-02-11,False,152969.33820281614,150242.4877074024,2750.544175511209,14.982233662656602,8.711446434815572,2726.8504954137366,0.018307365762392724,0.018149662835217985,14982.233662656603,78430.59360124524,3427.9494301258583,636.5176557475158,2114.026519763693,129,127,0.0057542761634465376,43.68735258447401,72.77054329410927,0.22395443433083076,0.04578685804557844
2022-02-12,False,153590.23965938113,152969.33820281614,598.4988415882617,5.956612713203852,-28.35922768993239,620.9014565649902,0.003912541223096195,0.0040589928926917426,5956.612713203852,81064.54759144764,1737.227554040077,-182.90656522024284,781.4054068085046,129,127,0.0057542761634465376,45.16291765805041,72.7705432941093,0.2298476382647548,0.04995702036029615
2022-02-13,False,155049.51312314256,153590.23965938113,1474.056487158312,0.9173700894334774,13.865653307441889,1459.2734637614367,0.009597331773342786,0.009501082015352567,917.3700894334773,80356.5405488751,2079.4214661721417,165.32021032347848,1308.7362768348335,129,127,0.0057542761634465376,44.81479969056991,72.77054329410927,0.22592550279278087,0.05021215402590768
2022-02-14,False,154050.01401082316,155049.51312314256,-1004.5234608740877,2.291341449387228,-7.315690004075693,-999.4991123193993,-0.006478726960440571,-0.006446322159848272,2291.341449387228,81447.16984163405,2753.683952452946,9.9893320886733,-1014.5127929627611,129,127,0.0057542761634465376,45.04595351106056,72.77054329410927,0.2264646996495542,0.05173797143745549
2022-02-15,False,150656.70871685512,154050.01401082316,-3401.433977534324,1.7577683777806248,-9.886451944071226,-3393.3052939680338,-0.022080062759977082,-0.02202729623724428,1757.7683777806249,81273.64329322257,2476.407674311198,-550.6859152240995,-2850.7480623102247,129,127,0.0057542761634465376,44.99063119211515,72.77054329410927,0.22825507389719726,0.051635257850464515
2022-02-16,False,151185.02908313082,150656.70871685512,534.3362760511617,5.52634132500603,0.48956845045526354,528.3203662757004,0.0035467141198165667,0.0035067828759529586,5526.341325006029,78356.79545494022,2780.970709559402,38.95172814923359,495.3845479019281,129,126,0.0057542761634465376,43.52146991789037,72.20829925094152,0.22465964069025035,0.047516038584255904
2022-02-17,False,154569.40698609548,151185.02908313082,3390.9945814065286,0.9649513104808067,5.65172713138738,3384.3779029646603,0.02242943366794573,0.022385668233749,964.9513104808067,77985.40756063131,3885.507254051834,-571.4231897224392,3962.4177711289676,129,126,0.0057542761634465376,42.62923632219877,72.20829925094154,0.2182768808086376,0.046843236364910924
2022-02-18,False,155909.01085030785,154569.40698609548,1372.8627851304177,20.52580538590646,12.733115532132217,1339.603864212379,0.008881853219854274,0.008666681786085166,20525.80538590646,85432.58596923255,1131.2475961973269,271.33691627292944,1101.5258688574886,129,127,0.0057542761634465376,46.15019162221348,74.03207301017753,0.2343140415368802,0.04790297501756644
2022-02-19,False,155933.35763590503,155909.01085030785,12.243863965515231,1.882287680762865,-13.98520931244051,24.346785597192877,7.853211240799207e-05,0.00015616022104436822,1882.287680762865,86377.14788225535,852.3249132484143,-150.4869154831327,162.73077944864792,129,127,0.0057542761634465376,46.72615137764791,74.03207301017753,0.2361927422668928,0.05045265126091766
2022-02-20,False,158796.08739710567,155933.35763590503,2834.522027046701,0.7717733899387187,-28.979507543874043,2862.729761200637,0.018177778443436963,0.01835867452995489,771.7733899387188,86534.96214520166,153.00469295235598,-343.76387173829175,3178.2858987849922,129,127,0.0057542761634465376,47.21192728183804,74.03207301017751,0.23912800042048885,0.050561675327686836
2022-02-21,False,162140.18134901943,158796.08739710567,3340.7187776740293,4.694051380884434,-8.06922562060824,3344.0939519137532,0.021037790240510168,0.021059045010039114,4694.051380884434,87188.43035304785,-1064.7012791429825,-313.33758776932245,3654.0563654433518,129,127,0.0057542761634465376,48.37249860905809,74.03207301017751,0.24262826913018312,0.053610683963158996
2022-02-22,False,160288.41433821886,162140.18134901943,-1909.2625603376434,6.793002782953294,-64.28855232002718,-1851.7670108005696,-0.011775381922312067,-0.011420777967519946,6793.002782953294,89753.60155758527,-2650.3100416509606,560.0380372684813,-2469.3005976061245,129,127,0.0057542761634465376,50.03394548689076,74.03207301017753,0.24952336528807287,0.05667625764968565
2022-02-23,False,162225.8637160068,160288.41433821886,1935.7975673384801,2.871973379873402,-4.523783829326673,1937.4493777879334,0.012076964984217904,0.01208727022340985,2871.9733798734023,91202.71448582628,-3983.514872194997,-312.63624908771607,2248.4338164261962,129,127,0.0057542761634465376,51.14654975099345,74.03207301017753,0.2582724584733245,0.05449649509287845
2022-02-24,False,164601.95445451592,162225.8637160068,2284.7251205201915,4.214757471088479,-95.5803754600064,2376.0907385091095,0.014083605833160116,0.014646805904320551,4214.757471088478,92550.86544645423,-4212.817187064971,942.8281271859632,1341.8969933342287,129,127,0.0057542761634465376,52.32221429273065,74.03207301017753,0.26050038340180615,0.05696632265784249
2022-02-25,False,161120.82117064178,164601.95445451592,-3486.0674184620184,24.20497540054097,-29.139109988423975,-3481.1332838741355,-0.021178772937506737,-0.02114879677711281,24204.97540054097,88441.61202477741,5881.464845850665,-528.20077629748,-2957.866642164539,130,128,0.0057542761634465376,45.261770197454645,75.1038272421177,0.22194375858198293,0.0588374339771551
2022-02-26,False,161198.4368770254,161120.82117064178,85.66425718429683,12.356074039683705,-4.307523239016245,77.61570638362937,0.0005316771386956283,0.0004817236271495116,12356.074039683705,81950.89082522171,305.5407889786693,-120.17822404967966,205.84248123397649,131,84,0.0057542761634465376,34.3416956575372,49.073888119195885,0.2201481879281976,0.161214747263698
2022-02-27,False,162738.4526482854,161198.4368770254,1541.2586966533208,0.661723321255533,0.5812020720766515,1540.0157712599887,0.009561250881291807,0.009553540351230771,661.723321255533,82123.41616118573,-270.51827509257964,284.77946022047104,1256.4792364328498,131,84,0.0057542761634465376,34.80075301465164,49.073888119195885,0.21970353569562748,0.1608057176144068
2022-02-28,False,161370.30489187955,162738.4526482854,-1387.333428347074,2.0649537083103042,-21.25062564954159,-1368.1477564058425,-0.00852492699648199,-0.008407034318820268,2064.953708310304,82945.29699915623,-794.2132867495566,2672.771296081437,-4060.104724428511,131,84,0.0057542761634465376,35.3357977437098,49.073888119195885,0.22160649229040696,0.16010562087170677
2022-03-01,False,161392.304055372,161370.30489187955,-39.63013269138713,25.917573858308227,-87.54687004212255,21.999163492427186,-0.0002455850394404342,0.00013632721030778833,25917.573858308227,63760.59916135793,5350.304820093836,576.0570280017248,-615.687160693112,87,84,0.0057542761634465376,34.94929375673855,49.07388811919588,0.17985335267077532,0.0359990231347576
2022-03-02,False,162181.6106818424,161392.304055372,782.3874225904852,22.84061887228114,-29.759822752206638,789.3066264704107,0.0048477368680606755,0.004890608824814893,22840.618872281142,87712.14209425115,1877.7760877234432,-50.57938456848825,832.9668071589736,123,128,0.0057542761634465376,44.880701501703584,75.10382724211769,0.23498926097497713,0.03908573880960985
2022-03-03,False,163336.0452012482,162181.6106818424,1107.794463534336,2.041333623284174,-48.68138949475028,1154.4345194058021,0.006830579983001506,0.007118159170773674,2041.3336232841739,88857.6326232364,2604.0471138790344,-135.72072589618105,1243.515189430517,124,128,0.0057542761634465376,44.33844225699487,75.1038272421177,0.2318862850316688,0.039732290056815035
2022-03-04,False,166849.2641698206,163336.0452012482,3491.2831736462927,19.028291939601218,-40.96408686571813,3513.2189685724093,0.021374848211517812,0.021509146766984177,19028.29193960122,93829.804150799,-13658.986897606086,-343.99421416544413,3835.277387811737,124,128,0.0057542761634465376,58.27945110671164,76.06480350576456,0.3088065968678709,0.03966898604063915
2022-03-05,False,165065.98458401143,166849.2641698206,-1787.013235590236,5.698211581484889,-9.43186136254443,-1783.2795858091765,-0.010710345319661696,-0.010687967937300216,5698.211581484889,95293.98067130259,-13838.001326205405,-572.5234957212203,-1214.489739869016,124,128,0.0057542761634465376,58.89934255340722,76.06480350576457,0.30899808151866026,0.04238443645312759
2022-03-06,False,167821.63979179674,165065.98458401143,2772.631813346223,0.8917499672368665,16.084855593671374,2755.655207785315,0.016797111896394826,0.01669426450719049,891.7499672368665,95339.76633306823,-15213.936521120315,594.6263602731311,2178.005453073092,124,128,0.0057542761634465376,59.20780828189733,76.06480350576454,0.3157990498775341,0.040890293550209574
2022-03-07,False,169182.98077290205,167821.63979179674,1375.7737717016919,3.185376563018188,11.247414033372227,1361.3409811053014,0.00819783296962482,0.008111832197529539,3185.376563018188,96710.79431318276,-15625.634065573307,329.3793700801401,1046.3944016215519,124,128,0.0057542761634465376,59.97142621433438,76.06480350576457,0.31423525893908083,0.04346489478169511
2022-03-08,False,166744.26810317795,169182.98077290205,-2432.351408644598,2.061830466257996,4.299430613233573,-2438.7126697240897,-0.014377045477816682,-0.014414645365526607,2061.830466257996,97625.64785904074,-16286.704897149448,-206.5277066933552,-2225.8237019512426,124,128,0.0057542761634465376,60.620652849393366,76.06480350576456,0.31715037089326925,0.044430451150852146
2022-03-09,False,165062.95336289465,166744.26810317795,-1709.7738803883854,2.2865058319779523,-30.745645937068012,-1681.3147402832954,-0.010253868992548591,-0.010083193619842645,2286.5058319779523,97553.46683615076,-17065.280242885878,1093.4256991590478,-2803.199579547433,124,128,0.0057542761634465376,60.94758212666872,76.06480350576457,0.32392459742017143,0.04233347848287814
2022-03-10,False,166603.17173287118,165062.95336289465,1547.079625177003,4.215185243280148,2.646069957203986,1540.218369976519,0.009372664148179352,0.009331096642808238,4215.185243280148,97293.68333390431,-16670.218551367205,-523.5768100034961,2070.6564351804986,124,128,0.0057542761634465376,60.76779646147907,76.06480350576456,0.32620655371414753,0.04022866803921373
2022-03-11,False,168837.28324185038,166603.17173287118,2245.241618143853,2.853503446645766,8.276605718018823,2234.1115089791883,0.013476583877669729,0.013409777771586045,2853.5034466457664,97209.95540802591,-16742.76886629508,-397.5034986779593,2642.745116821812,125,129,0.0057542761634465376,60.65595529572014,76.3842919556953,0.31990210706094097,0.04209023814433414
2022-03-12,False,168844.74312443935,168837.28324185038,19.211485245925566,4.661423406662289,7.09017925030392,7.459882588959357,0.00011378698399456085,4.4183858243403944e-05,4661.4234066622885,98387.90677099154,-16805.02102545164,-64.04498456851901,83.25646981444456,125,129,0.0057542761634465376,61.08174161374635,76.3842919556953,0.32023713087550265,0.04407992102251817
2022-03-13,False,170131.19284629734,168844.74312443935,1304.0594131241633,2.025702253714806,15.583989012441428,1286.449721858007,0.007723423240740551,0.007619128070276299,2025.702253714806,100190.43701767198,-16858.248758120964,-140.11485581894442,1444.1742689431078,125,129,0.0057542761634465376,61.45670296856282,76.3842919556953,0.3224152722996258,0.044513623303593756
2022-03-14,False,168965.88168893478,170131.19284629734,-1141.8836859838852,3.385516406727505,20.04195497194319,-1165.3111573625558,-0.006711783223758997,-0.006849485610879951,3385.516406727505,101981.04784649517,-17197.831422954267,889.1606941980659,-2031.044380181951,125,129,0.0057542761634465376,61.87600191188568,76.3842919556953,0.3231181812178391,0.04689191995879874
2022-03-15,False,167392.12478659113,168965.88168893478,-1563.1615267099933,2.3644952840906535,8.230880349564423,-1573.7569023436483,-0.009251344183127837,-0.00931405137305131,2364.4952840906535,102848.4129446623,-17961.3524542286,-632.9809870223456,-930.1805396876478,125,129,0.0057542761634465376,61.90115522292076,76.3842919556953,0.32878078916805115,0.04501520795757204
2022-03-16,False,163664.7792361316,167392.12478659113,-3723.4271943553686,2.095611300824971,1.822744803339135,-3727.3455504595327,-0.022243741747721885,-0.02226714999413228,2095.6113008249713,101675.88656506923,-18062.688005277807,-223.86159628516623,-3499.565598070202,126,129,0.0057542761634465376,61.807746529719694,76.3842919556953,0.3288913112871801,0.04374113397978286
2022-03-17,False,164008.2414866642,163664.7792361316,355.5097795000698,5.356868490836797,6.690660476657609,343.46225053257535,0.0021721825621818657,0.0020985715566636137,5356.868490836798,99599.83556626261,-17594.222708961315,-501.04164645121176,856.5514259512815,126,129,0.0057542761634465376,61.24801151834451,76.3842919556953,0.3298797513995501,0.04122043907851072
2022-03-18,False,162353.03284142909,164008.2414866642,-1621.9838176684377,27.723161398234154,5.501666168429159,-1655.2086452351011,-0.009889648245514079,-0.010092228477248133,27723.161398234155,98038.62212659788,-1349.2794472805908,460.337764081629,-2082.3215817500663,126,129,0.0057542761634465376,47.22178586768596,77.6442923217993,0.2497554433632922,0.03882731637598567
2022-03-19,False,157989.85366448062,162353.03284142909,-4345.185501302595,2.8705050011711988,15.123170644693804,-4363.179176948461,-0.026763808628980507,-0.02687463917726746,2870.5050011711987,97837.61873156672,-1440.3971615443534,-297.1257367942608,-4048.0597645083353,126,129,0.0057542761634465376,46.601099278212075,77.6442923217993,0.24998457592153486,0.03794671979098078
2022-03-20,False,160895.9354751167,157989.85366448062,2909.165242969748,7.165456593302268,-4.0820242596583585,2906.081810636104,0.018413620719896828,0.018394104072073404,7165.456593302268,94423.09616597852,151.02486022008088,107.612624561087,2801.552618408661,126,129,0.0057542761634465376,44.95486852539957,77.64429232179928,0.24537510625975356,0.035061352855919485
2022-03-21,False,159454.22950918713,160895.9354751167,-1443.443051592122,2.215500759851873,-3.952586422384769,-1441.7059659295892,-0.00897128350277908,-0.008960487172483954,2215.5007598518728,93874.20964339988,1472.1261955851878,-896.0826781730816,-547.3603734190403,126,129,0.0057542761634465376,44.18909406093761,77.64429232179928,0.2365532855060726,0.03546233348381811
2022-03-22,False,157309.38118288186,159454.22950918713,-2145.2168909058832,0.7931411051579763,-1.1617057057594131,-2144.848326305282,-0.01345349632624379,-0.013451184913108274,793.1411051579763,93108.29754356114,795.7250164469897,353.049982444688,-2498.266873350571,126,129,0.0057542761634465376,43.51273052769425,77.64429232179927,0.23684822788625423,0.032970534976391366
2022-03-23,False,153408.93328804846,157309.38118288186,-3901.221142631196,3.496796129720992,-4.27004392752997,-3900.447894833387,-0.024799672551605718,-0.02479475709270559,3496.796129720992,92794.15696451729,1924.2029541735355,-712.1420466653975,-3189.079095965799,126,129,0.0057542761634465376,42.44863967945581,77.6442923217993,0.2311249173737984,0.03407623895860091
2022-03-24,False,153167.7422523642,153408.93328804846,-243.6811898120297,5.435598538162186,-7.925752665936669,-241.1910356842552,-0.0015884419804580833,-0.0015722098479844233,5435.598538162186,90913.71471808208,2707.616270434147,-212.35673197045602,-31.32445784157369,126,129,0.0057542761634465376,40.20945762315748,77.64429232179928,0.2219234408053096,0.03504351422424258
2022-03-25,False,154616.8682834272,153167.7422523642,1484.0285741674206,32.84476763147948,2.057775472928512,1449.1260310630125,0.009688910682787806,0.009461039313848375,32844.76763147947,87935.67171580307,23869.2091353321,459.6049271320272,1024.423647035393,126,129,0.0057542761634465376,27.836412509782992,75.573254041886,0.15551744849629118,0.034988596628684594
2022-03-26,False,153244.71796724692,154616.8682834272,-1368.5190107124986,3.4375982188496383,0.19370724892143354,-1372.1503161802696,-0.008851033046432392,-0.008874518876329777,3437.598218849638,89933.87644525938,28121.850773593265,-366.89124435994574,-1001.6277663525527,126,129,0.0057542761634465376,27.24714153919441,75.573254041886,0.15169506595139168,0.035694032788606715
2022-03-27,False,151838.0167012946,153244.71796724692,-1400.948140015781,1.7512699898254003,4.001855946710078,-1406.7012659523166,-0.009141901649851361,-0.009179443732951185,1751.2699898254002,88824.21696514043,28467.56944867337,563.8117174951724,-1964.7598575109537,126,129,0.0057542761634465376,26.424359308214644,75.573254041886,0.15104140058000462,0.03196745000201071
2022-03-28,False,154197.44682549118,151838.0167012946,2371.7652636159564,4.511646710285993,7.823492709099279,2359.430124196571,0.015620365144006351,0.015539126336444395,4511.646710285993,86851.01293150816,29621.357045927885,1582.3877942752763,789.3774693406798,126,129,0.0057542761634465376,25.445246187877164,75.57325404188599,0.14839527746345704,0.033430889563668
2022-03-29,False,153497.82147153537,154197.44682549118,-688.379299040685,2.2517877028462276,8.994267212290215,-699.6253539558214,-0.004464271706260739,-0.004537204528085368,2251.7877028462276,85848.35851377615,31590.90466858166,242.10211473687968,-930.4814137775645,126,129,0.0057542761634465376,24.8729586522978,75.573254041886,0.1438665122040571,0.03332544985741598
2022-03-30,False,149817.4996822796,153497.82147153537,-3669.222587931995,3.4940143364249283,7.60518698734003,-3680.32178925576,-0.02390406946988766,-0.023976377996597423,3494.0143364249284,83950.26075670874,32150.835644857623,-685.5010861599802,-2983.7215017720146,126,129,0.0057542761634465376,24.325208382448256,75.57325404188599,0.14178134206647933,0.034782435636415185
2022-03-31,False,149572.96614655937,149817.4996822796,-217.89484937242452,7.23579573016489,19.402890617635073,-244.53353572022448,-0.0014544018544864095,-0.0016322094297315781,7235.79573016489,79362.8785116669,34537.00518163844,-862.0294644016867,644.1346150292622,126,129,0.0057542761634465376,23.507823406230283,75.57325404188602,0.13752044111721343,0.036797392156626134
2022-04-01,False,148156.88444607737,149572.96614655937,-1388.5072320228116,21.94464007375642,5.629828385427233,-1416.0817004819953,-0.009283142988969545,-0.009467497616477331,21944.640073756418,63558.3433808715,22759.302254809834,-651.8669154441662,-736.6403165786453,126,86,0.0057542761634465376,17.710457296567995,51.89146852145207,0.11673763362386787,0.15451605218712613
2022-04-02,False,149195.4579430127,148156.88444607737,1094.333846367148,3.5972918630894752,52.16305756872209,1038.5734969353366,0.007386317891730759,0.007009957727029094,3597.291863089475,61282.838180031875,23404.529109785934,1081.702520777202,12.631325589945732,126,86,0.0057542761634465376,15.525059790898295,51.891468521452076,0.1074167141083564,0.15807680735067678
2022-04-03,False,148119.07044779742,149195.4579430127,-1022.6403517401197,21.940562710727125,31.806580764424574,-1076.3874952152714,-0.006854366519192102,-0.007214613032163571,21940.562710727125,41711.63054270673,10803.257858722973,-342.9084520194307,-679.731899720689,88,86,0.0057542761634465376,13.829534357506574,51.89146852145206,0.09753645674072886,0.03326922523324505
2022-04-04,False,148748.06282002566,148119.07044779742,637.3045516549546,4.5150248765514105,3.7971545501525314,628.9923722282507,0.0043026502240949725,0.0042465319983893005,4515.024876551411,38664.47799393622,12098.616370651336,68.99348250223476,568.3110691527198,88,86,0.0057542761634465376,11.862637383508538,51.891468521452076,0.08554330495447252,0.035177959145015585
2022-04-05,False,149158.0232190154,148748.06282002566,416.22655062137045,2.303710376903334,3.9624412547337324,409.9603989897334,0.0027981981259478607,0.0027560721882190537,2303.710376903334,37007.83411315206,12724.900160560563,9.6952279953882,406.5313226259822,88,86,0.0057542761634465376,10.829063665181435,51.89146852145207,0.078141688344108,0.03527321573223712
2022-04-06,False,150721.2501837659,149158.0232190154,1568.5814747612792,1.1613403515070906,4.193169659266337,1563.2269647505059,0.010516239360842568,0.010480341124226016,1161.3403515070906,35933.570158919756,12723.198603631403,190.04914747541676,1378.5323272858625,88,86,0.0057542761634465376,10.321386208026627,51.89146852145207,0.07381364725384074,0.03445936669128168
2022-04-07,False,149906.24898498633,150721.2501837659,-812.2047179656734,2.9888274167081015,-0.1923466028176098,-815.0011987795639,-0.005388787028872161,-0.0054073410204989614,2988.8274167081013,34401.65923571434,11360.428758439753,-323.429403344653,-488.77531462102047,88,86,0.0057542761634465376,10.994663474762241,51.891468521452076,0.0746507111958146,0.029622274292774736
2022-04-08,False,150435.71508075012,149906.24898498633,563.9019829450244,26.264356051157456,8.171531130079641,529.4660957637873,0.00376169763944598,0.003531981484086199,26264.356051157454,56579.48587441514,32435.997413180045,-158.27902272085367,722.181005665878,104,130,0.0057542761634465376,21.36024580299259,76.4342736243396,0.1161401698577731,0.04477946542051643
2022-04-09,False,149279.21734176614,150435.71508075012,-1141.6261574012894,3.5330102818746427,11.33857130080961,-1156.4977389839737,-0.0075887973596462325,-0.00768765408110165,3533.0102818746427,55345.397930537074,31025.6368749809,-582.9144750820916,-558.7116823191978,106,130,0.0057542761634465376,20.289258793548854,76.43427362433961,0.11406180223355977,0.04124120502179388
2022-04-10,False,150067.28593897473,149279.21734176614,799.4543674052143,1.9862451802927976,9.399525016325347,788.0685972085961,0.005355429788829276,0.00527915815236597,1986.2451802927976,53805.804970783094,28698.290489957875,278.46359978000544,520.9907676252088,107,130,0.0057542761634465376,19.69779581377693,76.4342736243396,0.11022423770068136,0.042221189168937606
2022-04-11,False,151061.58242739906,150067.28593897473,997.4690890318017,2.2977719930564957,0.8748286144170967,994.2964884243281,0.006646812346812384,0.006625671159460174,2297.7719930564954,52710.73290598593,27527.031204029543,-172.2319382569454,1169.7010272887471,108,130,0.0057542761634465376,19.019519175760784,76.4342736243396,0.1082049539186118,0.04042480593895296
2022-04-12,False,149624.042353809,151061.58242739906,-1428.7354209868581,3.6883083617358627,5.116344241481199,-1437.540073590075,-0.00945796673137272,-0.009516251918524446,3688.3083617358625,53883.57616837785,25656.49856620673,-742.5924808535927,-686.1429401332653,111,130,0.0057542761634465376,18.459916066943336,76.4342736243396,0.10617969451316518,0.03624162789335818
2022-04-13,False,149397.59771406662,149624.042353809,-216.22574794280916,1.1260059450382867,9.092885854525028,-226.4446397423725,-0.0014451270299963572,-0.0015134241541670784,1126.0059450382867,54463.126257472,23544.686526146976,183.02436880598054,-399.25011674878965,111,129,0.0057542761634465376,18.154672959560376,75.85040905165573,0.10425562829288165,0.03539034564332141
2022-04-14,False,150563.33842312562,149397.59771406662,1166.445024587337,1.9079186244975048,-1.2036030961722557,1165.7407090590116,0.007807655828708882,0.007802941458872271,1907.9186244975049,54521.92869768192,21760.628221831612,765.7430727027191,400.70195188461776,111,129,0.0057542761634465376,18.024189788701516,75.85040905165573,0.10401955468680313,0.03695945016850082
2022-04-15,False,150416.31268874698,150563.33842312562,-129.07823282165538,22.455189453829284,-4.5076878968361385,-147.02573437864854,-0.0008573018782228977,-0.000976504213565354,22455.189453829284,58512.44778332749,16986.284643321058,320.74910777398486,-449.8273405956403,111,129,0.0057542761634465376,22.528028412159777,76.88593590790796,0.12745625204976577,0.03651606675633084
2022-04-16,False,149910.00018287613,150416.31268874698,-512.7587598098829,1.9596890631070687,-8.405943002132519,-506.3125058708574,-0.003408930525181287,-0.0033660744424612926,1959.6890631070687,58375.205647223636,15142.688192814407,-620.8097999235089,108.05104011362594,112,129,0.0057542761634465376,22.753695592432486,76.88593590790795,0.1296108737843938,0.035892648064308814
2022-04-17,False,150262.58982157783,149910.00018287613,345.8047585789693,1.6725743875287478,-8.45745451027216,352.5896387017127,0.0023067491038431054,0.0023520087937534953,1672.5743875287478,58516.407825241295,13684.359689494975,-590.5437604700519,936.3485190490213,113,129,0.0057542761634465376,23.108151999694467,76.88593590790796,0.12989484409795882,0.036794319884530594
2022-04-18,False,150025.96334993804,150262.58982157783,-241.2008138204439,3.38303818277722,-7.957380363441638,-236.62647163977948,-0.001605195372360122,-0.00157475305011547,3383.03818277722,58281.95400062755,11756.638089615913,541.0031967742642,-782.2040105947083,115,129,0.0057542761634465376,23.785040283956263,76.88593590790798,0.1320387432218293,0.03590730969851661
2022-04-19,False,149202.95246794706,150025.96334993804,-826.5637326027631,1.363372006619603,-4.916222618411999,-823.0108819909707,-0.0055094712551506135,-0.005485789683424889,1363.3720066196029,58751.515630777634,10197.521425576357,177.08962216778573,-1003.6533547705488,116,129,0.0057542761634465376,24.16897274136945,76.88593590790794,0.13456787885900012,0.035747412301004394
2022-04-20,False,149485.74486054108,149202.95246794706,279.89379383889883,4.878694838779609,-7.7772935938969825,282.7923925940162,0.0018759266436033013,0.0018953538647619446,4878.694838779609,62739.0779445695,5350.153393904349,189.9146750861998,89.97911875269907,116,129,0.0057542761634465376,27.71325972815727,76.88593590790795,0.15655289076507417,0.036298112383124366
2022-04-21,False,151487.30818349603,149485.74486054108,1989.3801902170212,0.40319785970700445,-12.58633059764426,2001.5633229549585,0.013308159865497295,0.013389660163397293,403.19785970700445,62680.48325037566,5527.422137021717,578.1764661653908,1411.2037240516302,116,129,0.0057542761634465376,27.72724874885562,76.88593590790795,0.1561436105288874,0.03567883462448653
2022-04-22,False,151113.99716798877,151487.30818349603,-350.58681360530954,18.083209992426394,4.640991909523592,-373.3110155072595,-0.002314298259103297,-0.002464305557895776,18083.209992426393,62221.72615663455,15159.522246848059,-360.9834488606026,10.396635255292969,117,129,0.0057542761634465376,24.53587132460172,75.59616380884395,0.13938491908152295,0.037790922605238815
2022-04-23,False,152307.21312653538,151113.99716798877,1189.997910202319,1.12014909113819,-4.338197435434504,1193.2159585466152,0.007874835769709904,0.00789613127114991,1120.14909113819,62352.232611476604,13980.738969836739,872.3098252187322,317.6880849835867,118,129,0.0057542761634465376,24.59821982155154,75.59616380884395,0.13871020235425208,0.03667910866465272
2022-04-24,False,151744.92154177203,152307.21312653538,-558.3580617893401,2.105748922879001,1.8277740511231748,-562.2915847633423,-0.0036659988081159463,-0.00369182505030931,2105.748922879001,62836.71353359433,13229.543211610331,-934.2854779170372,375.9274161276969,119,129,0.0057542761634465376,24.6894200018524,75.59616380884395,0.13903098318714563,0.03818332198276211
2022-04-25,False,152156.14571294887,151744.92154177203,436.36742740791186,28.761359900931705,-3.6181036698705014,411.22417117685063,0.0028756641274995786,0.0027099699087039936,28761.359900931708,44494.901299588804,-11433.872129129792,501.73766187680917,-65.37023446889737,120,128,0.0057542761634465376,25.96844131254174,82.95086410652961,0.14483626533148047,0.03969504698390663
2022-04-26,False,154110.32018728717,152156.14571294887,1982.4415571841741,28.437926158283307,-0.1708433123989389,1954.1744743382899,0.013028994313014223,0.012843217506474894,28437.926158283306,65162.09215797462,12340.897310252327,-57.68270585905566,2040.1242630432293,121,129,0.0057542761634465376,25.048637609571124,75.59616380884395,0.14127448027063103,0.03707795902730243
2022-04-27,False,153955.18928532323,154110.32018728717,-150.90822128345667,5.840206807006501,-1.617526126515361,-155.1309019639478,-0.0009792220345792608,-0.0010066224103318995,5840.206807006502,67662.63036945627,14462.636582363759,792.5554492285174,-943.463670511974,121,129,0.0057542761634465376,25.764884439010835,75.59616380884395,0.14135983473693078,0.03896711220528474
2022-04-28,False,154108.65046909516,153955.18928532323,135.84272187824988,2.8347879796643705,-20.453249873332076,153.46118377191758,0.0008823523423201686,0.0009967912383096738,2834.7879796643706,69846.12553064946,14405.013067753625,-153.00678494131915,288.849506819569,121,129,0.0057542761634465376,26.286707454412483,75.59616380884394,0.14477107895901364,0.03881281632137986
2022-04-29,False,155995.66303122928,154108.65046909516,1911.953386237794,21.950297009373184,2.9905270943026854,1887.012562134118,0.012406528643382129,0.012244689421328352,21950.297009373182,74383.4933581393,12497.574846694139,-266.46902230636755,2178.4224085441615,123,131,0.0057542761634465376,32.43710903563697,78.37729934249472,0.1761966230051263,0.0410759535378224
2022-04-30,False,159393.0054472283,155995.66303122928,3404.604056611386,7.566838731490904,-0.30519811911011097,3397.3424159990054,0.021824991736660058,0.02177844146422763,7566.838731490904,79442.96377327418,15041.118214113281,-503.8733957964869,3908.4774524078734,125,131,0.0057542761634465376,33.5651635314793,78.37729934249472,0.17960257679418598,0.04444007058300686
2022-05-01,False,155921.37556884703,159393.0054472283,-3457.6550941444684,9.230758412095707,4.744025824706876,-3471.6298783812713,-0.021692640053074513,-0.021780315068659996,9230.758412095707,84254.96744769697,17769.30902620696,-1332.1791495473435,-2125.475944597125,128,131,0.0057542761634465376,35.19709672022741,78.37729934249471,0.18506157861960065,0.04674877959940907
2022-05-02,False,155899.85135674063,155921.37556884703,-17.509369820751772,3.398756483835136,0.6160858018155864,-21.524212106402494,-0.00011229614770183012,-0.00013804529384041052,3398.756483835136,84584.31459375768,15962.356692051198,-1053.5281728728742,1036.0188030521226,128,131,0.0057542761634465376,36.239071944477395,78.37729934249471,0.19357461333751666,0.04656075662728233
2022-05-03,False,155146.9150408912,155899.85135674063,-746.9928411492083,3.5500019194800196,2.39347278072373,-752.936315849412,-0.004791491682951567,-0.004829615354324438,3550.0019194800198,85543.09791271275,16114.286244733281,-1562.605099660872,815.6122585116641,130,131,0.0057542761634465376,37.42615914065435,78.37729934249472,0.19558964368287463,0.04801603663391488
2022-05-04,False,151129.26124066385,155146.9150408912,-4013.6279134232964,3.8786435354640134,0.14724326860113823,-4017.6538002273614,-0.025869853179906584,-0.0258958020478103,3878.6435354640134,86465.60990346671,15331.95621610705,965.0955262843969,-4978.723439707694,130,131,0.0057542761634465376,38.72621253798969,78.37729934249471,0.19988869438521004,0.0496832880469548
2022-05-05,False,152833.42929448388,151129.26124066385,1698.8182965345277,7.421881859457206,-12.771639144956302,1704.1680538200267,0.011240829754532224,0.011276228308336968,7421.881859457206,84987.5470100016,14709.648806577214,-2329.5727818902546,4028.391078424782,130,131,0.0057542761634465376,38.45447485682869,78.37729934249471,0.20645833424123636,0.04440676249645123
2022-05-06,False,152581.98599634686,152833.42929448388,-211.16116752013627,30.544777366125306,9.73735325075696,-251.44329813701856,-0.0013816425404763039,-0.0016452113866563206,30544.7773661253,81215.72886620773,28233.78745857199,-260.51982655372393,49.35865903358761,132,132,0.0057542761634465376,27.175024546253447,83.14243086384775,0.14161028887183022,0.046818720636071405
2022-05-07,False,152482.79543307025,152581.98599634686,-98.84836736091233,1.2347779274489314,-0.8925820117595138,-99.19056327660175,-0.0006478377294373333,-0.0006500804313752777,1234.7779274489315,81764.51653214711,27198.79696192571,-1419.8583088064263,1321.0099414455137,132,132,0.0057542761634465376,27.937204696846873,83.14243086384774,0.14420173711586098,0.04664653029225269
2022-05-08,False,152039.18358657276,152482.79543307025,-436.89018120788086,3.2560537250885866,3.465611564521039,-443.6118464974905,-0.0028651768874452884,-0.002909258354279099,3256.053725088587,82072.73501770559,26565.48429570237,-1123.897563196514,687.0073819886331,132,132,0.0057542761634465376,29.09678008098551,83.14243086384775,0.14733787732757975,0.049383042863671206
2022-05-09,False,154939.80176331624,152039.18358657276,2903.630450892063,3.4438091106003528,-0.43153496200185204,2900.6181767434646,0.01909790872586937,0.019078096240182855,3443.809110600353,83358.92061793181,25417.466947907567,-2634.4976806575614,5538.1281315496235,133,132,0.0057542761634465376,30.595548618791966,83.14243086384774,0.15217798760519574,0.051196137760911795
2022-05-10,False,151613.45624437748,154939.80176331624,-3322.2291326595223,5.833416228491283,-1.7170299492570986,-3326.3455189387564,-0.0214420639167624,-0.021468631565826016,5833.416228491284,79436.43616145845,23443.855261394674,-1504.0071311932875,-1818.2220014662348,133,132,0.0057542761634465376,34.3978894435895,83.14243086384774,0.16642989269418237,0.049868808924270765
2022-05-11,False,161688.5115559032,151613.45624437748,10090.705788055253,4.404016226300438,11.246460303203769,10075.055311525748,0.06655547626188664,0.06645225009108897,4404.016226300439,76223.3183761526,18441.462465048833,1860.2829654286618,8230.42282262659,133,132,0.0057542761634465376,37.875155228885944,83.14243086384774,0.18597721370499654,0.049824389314239846
2022-05-12,False,165341.22996930862,161688.5115559032,3808.769296104481,19.12181701172955,136.92906568734574,3652.7184134054055,0.02355621472084374,0.022591081940552662,19121.817011729552,64941.90189260374,9410.351241374528,1445.5143044378701,2363.2549916666117,134,132,0.0057542761634465376,42.68287553009683,83.14243086384775,0.20301261369173929,0.048676326492497105
2022-05-13,False,161339.26873267966,165341.22996930862,-3872.596792953667,38.32987988173431,91.03456379355623,-4001.961236628957,-0.02342184580139216,-0.02420425466395659,38329.879881734305,63069.38484062826,9564.848909130802,-1053.7559574273866,-2818.840835526281,135,133,0.0057542761634465376,52.3310110157011,84.95624693682575,0.25484511030124135,0.050511026055388826
2022-05-14,False,159312.6536437506,161339.26873267966,-1961.1123198720413,11.4137070484315,54.08906200860117,-2026.6150889290739,-0.01215520768921654,-0.012561201651948345,11413.707048431499,69368.01049665376,7275.689273124553,30.481006629557093,-1991.5933265015985,136,132,0.0057542761634465376,58.47096855278249,85.67141968338468,0.31225196087753776,0.05570722656647087
2022-05-15,False,158407.5772778979,159312.6536437506,-840.9526400905108,4.79099759682496,59.332728165361544,-905.0763658526973,-0.005278630547269772,-0.005681132949279708,4790.99759682496,72397.8286721114,5930.996574707739,-374.61850226507204,-466.33413782543875,136,132,0.0057542761634465376,61.541334511428374,85.67141968338468,0.33412926011631766,0.054427530781636285
2022-05-16,False,162649.07339638963,158407.5772778979,4300.632507774719,2.4811996246541077,56.65518965831585,4241.496118491748,0.027149159034419324,0.026775841101658912,2481.199624654108,74770.96140769118,4623.455423493244,597.3934442751067,3703.239063499612,136,132,0.0057542761634465376,63.800573766183746,85.67141968338468,0.3482985957793029,0.05287326434985477
2022-05-17,False,157691.3005776469,162649.07339638963,-4908.887490947409,6.870122154664902,42.015205640645576,-4957.77281874272,-0.03018085125504547,-0.030481408318018547,6870.122154664901,78526.69593843527,4550.645263306938,-742.2025167655694,-4166.68497418184,136,132,0.0057542761634465376,66.37898090612543,85.67141968338468,0.35697799367646343,0.054556692901531194
2022-05-18,False,162850.29001196605,157691.3005776469,5232.736700514468,4.396044535555958,69.35122165976583,5158.989434319146,0.033183420273319886,0.03271575169600982,4396.044535555958,77740.19857664942,3843.395131999143,1424.9317937852447,3807.8049067292236,136,132,0.0057542761634465376,67.04049780767303,85.67141968338467,0.3700446460340649,0.050788425179371974
2022-05-19,False,158246.26151083742,162850.29001196605,-4540.034129945614,4.8258628066852465,59.16850837632654,-4604.028501128626,-0.027878575651366772,-0.028271540080096434,4825.862806685246,79724.82227346528,4357.897971255701,20.781690619065362,-4560.81582056468,136,132,0.0057542761634465376,68.05071522646347,85.67141968338468,0.3672842422364389,0.05392465195436861
2022-05-20,False,159338.5887876829,158246.26151083742,1182.4917282304982,38.788752750497,51.3756986345094,1092.3272768454917,0.007472478129598757,0.00690270510289865,38788.752750497,80153.07278039405,-4700.453928362083,-244.32251645361276,1426.8142446841111,137,132,0.0057542761634465376,60.854302333088036,86.94299591794717,0.3187820682974437,0.04315794938574042
2022-05-21,False,157263.5696309994,159338.5887876829,-2026.4307832177474,2.4390347073011136,46.14933875844479,-2075.0191566834933,-0.012717765348844317,-0.013022703241387658,2439.0347073011135,80156.58231026692,-4219.963627271882,-208.73626596167634,-1817.6945172560713,137,132,0.0057542761634465376,61.04339479486347,86.94299591794716,0.31522888717045594,0.04447487741392001
2022-05-22,False,156260.2259497049,157263.5696309994,-971.4138501527714,2.0745285295162197,29.85530261220528,-1003.3436812944929,-0.0061769795282663395,-0.006380013398199733,2074.52852951622,79762.41588555054,-4243.26973447885,-48.93080477825771,-922.4830453745135,137,132,0.0057542761634465376,60.99626628286569,86.94299591794717,0.31920180933983855,0.04263736389427791
2022-05-23,False,158614.79877180612,156260.2259497049,2378.5673578472124,1.8151494664218728,22.17938627956719,2354.572822101223,0.01522183488082755,0.015068279901624381,1815.1494664218726,79317.08123098343,-3739.599437984405,-228.61614114459908,2607.1834989918116,137,132,0.0057542761634465376,60.37065766634231,86.94299591794716,0.3179900978689002,0.04231103483395371
2022-05-24,False,158410.57607120989,158614.79877180612,-162.16110603604602,3.387526682163679,38.674067878024324,-204.222700596234,-0.0010223579848267618,-0.001287538755384625,3387.5266821636787,79813.50991245043,-2810.1374945744174,365.4614798845389,-527.622585920585,137,132,0.0057542761634465376,60.57569626931073,86.94299591794717,0.31315473853585113,0.04353674375049906
2022-05-25,False,159575.2173063476,158410.57607120989,1197.160555776166,1.3068968717046463,31.212423766766257,1164.641235137695,0.007557327202938833,0.007352042168031489,1306.8968717046462,80701.51503056259,-2707.336671367935,573.3652745428843,623.7952812332816,137,132,0.0057542761634465376,60.64186565676846,86.94299591794713,0.31650048923773266,0.04204937630752001
2022-05-26,False,165982.1057024397,159575.2173063476,6451.5471905158,2.9996051428824937,41.65918928081394,6406.888396092104,0.040429505905859545,0.04014964544144945,2999.6051428824935,82392.06272014181,-2749.35415153105,2452.6566983979747,3998.8904921178255,137,132,0.0057542761634465376,61.21888253591233,86.94299591794716,0.3173267070090571,0.042658471454581064
2022-05-27,False,168281.2631358923,165982.1057024397,2373.571527486106,26.597273598664156,47.81682043483582,2299.157433452606,0.014300165174077664,0.013851839170990896,26597.273598664156,82443.67807728997,2488.0298814912458,324.4560751596487,2049.115452326457,137,132,0.0057542761634465376,57.285819607570225,89.17516830468918,0.29018647419452404,0.04597748689176503
2022-05-28,False,165858.0887444891,168281.2631358923,-2354.5626752279104,4.019901096493057,64.5918150788001,-2423.1743914032036,-0.013991829104150047,-0.014399549576986569,4019.9010964930567,84313.9511424966,1453.8345917268234,-636.9973876257567,-1717.5652876021543,137,130,0.0057542761634465376,57.7869961572969,87.81855896088551,0.2921225615601548,0.04727618673039848
2022-05-29,False,165231.67639960343,165858.0887444891,-557.4243078212759,1.501310036383091,67.48672702800368,-626.4123448856626,-0.003360850905981498,-0.0037767970777154887,1501.3100363830908,84621.0236556613,133.05301364113257,31.510179093985755,-588.9344869152617,137,130,0.0057542761634465376,58.526736112423336,87.81855896088551,0.2996549203956093,0.04583995581679955
2022-05-30,False,154059.57547391142,165231.67639960343,-11116.59068596716,2.549660958583234,52.96057876626469,-11172.100925692006,-0.06727881074741575,-0.06761476472993541,2549.660958583234,87170.58632309755,-1940.9098573236115,-372.7818944910988,-10743.808791476062,137,130,0.0057542761634465376,60.01698644383787,87.81855896088551,0.3108861706066877,0.044065116455929726
2022-05-31,False,153679.8866902761,154059.57547391142,-325.3863061258197,17.26330319747007,37.03917431204296,-379.68878363533275,-0.0021120810253103736,-0.0024645581585393214,17263.303197470068,80278.31002261245,86.2090336576548,651.6549407972424,-977.0412469230621,137,130,0.0057542761634465376,58.55049834930894,87.81855896088551,0.3130499462038736,0.04029046554566058
2022-06-01,False,156673.48861985354,153679.8866902761,3116.7463581803822,2.296123150107527,120.8483054528174,2993.601929577457,0.02028076949628302,0.019479464711024373,2296.1231501075267,80268.06059544501,1141.744277202044,267.5868428098841,2849.1595153704984,137,130,0.0057542761634465376,57.83664456209041,87.81855896088551,0.3084348785460505,0.039956619359005234
2022-06-02,False,155777.56215376197,156673.48861985354,-778.7860511418573,3.306954088409213,113.83346086129822,-895.9264660915647,-0.004970758345922031,-0.005718430565271996,3306.954088409213,80834.4847328118,1928.0948164036308,174.94030059243048,-953.7263517342878,137,130,0.0057542761634465376,57.79138374321399,87.81855896088551,0.30021523174928405,0.04221170350624329
2022-06-03,False,156954.57161620655,155777.56215376197,1315.929229913813,13.600052292484731,125.31971517675333,1177.009462444575,0.008447488917658825,0.007555706009077192,13600.052292484732,79956.04666842615,3381.214487369136,231.72427071893887,1084.2049591948742,137,130,0.0057542761634465376,58.38767352633501,87.58486112772897,0.30580114991326585,0.040493157415305125
2022-06-04,False,156603.0327963799,156954.57161620655,-230.54393026144817,1.7056108696404448,119.28927869556573,-351.53881982665433,-0.0014688576948569943,-0.0022397488407426276,1705.6108696404447,80774.12905903226,3531.6089565980183,-371.3530483897807,140.80911812833244,137,130,0.0057542761634465376,58.492504811366075,87.58486112772897,0.3034476903721007,0.04092704066446636
2022-06-05,False,157468.12404459546,156603.0327963799,957.8957310771218,0.8203863340662727,91.98409652748728,865.0912482155683,0.006116712518094126,0.005524102776096211,820.3863340662726,80739.96494005423,2823.0669787964835,171.59264039581547,786.3030906813063,137,130,0.0057542761634465376,58.481209730993456,87.58486112772897,0.30523614243957325,0.04130076350117633
2022-06-06,False,156891.9506200445,157468.12404459546,-514.6774125364491,1.5484640510456502,59.947547963490024,-576.1734245509848,-0.003268454588248545,-0.0036589844963658214,1548.4640510456502,81673.71854081439,3215.754206415626,658.8813012079517,-1173.5587137444008,137,130,0.0057542761634465376,58.482632418006446,87.58486112772897,0.3024013102525056,0.04275523340238617
2022-06-07,False,158583.08183108945,156891.9506200445,1771.7001153903625,0.7516181396364642,79.81728620575362,1691.1312110449724,0.01129248574186578,0.010778954588565832,751.6181396364642,82754.54041613027,3289.321453526005,588.1226488471327,1183.5774665432295,137,130,0.0057542761634465376,58.185107404565834,87.58486112772896,0.30748487553035425,0.041252349394764354
2022-06-08,False,157946.3023099297,158583.08183108945,-537.8152345296783,2.3572865529816704,96.60700007709205,-636.779521159752,-0.0033913783760522315,-0.004015431619862204,2357.2865529816704,83334.13638535884,3629.1149598734337,-795.4238651426435,257.6086306129653,137,130,0.0057542761634465376,58.26354029597399,87.58486112772897,0.3043212767961433,0.04199380057268324
2022-06-09,False,157780.45202790765,157946.3023099297,-77.10851273722133,0.4341809900003457,88.30758829483882,-165.8502820220605,-0.00048819447881670163,-0.001050042195331811,434.18099000034573,82715.28487960357,2657.118735343418,-197.2937374254683,120.18522468824693,137,130,0.0057542761634465376,58.47237888939022,87.58486112772897,0.30495387767576787,0.0408422326800318
2022-06-10,False,161090.35148438852,157780.45202790765,3393.7328865165327,8.0672264132997,75.76620362236967,3309.8994564808636,0.021509210063083487,0.02097788042776947,8067.226413299699,79178.09599073211,5615.657012572454,947.5061891324676,2446.226697384065,137,130,0.0057542761634465376,52.85686132791457,85.71200059978034,0.27294242294009247,0.04183115298163209
2022-06-11,False,165536.73522837478,161090.35148438852,4504.436656160781,3.8474421296830683,54.20547004482988,4446.383743986268,0.027962175354725154,0.027601800499002408,3847.4421296830683,79989.55078467308,5542.734445547489,1883.911383792216,2620.525272368566,137,130,0.0057542761634465376,52.81498425432567,85.71200059978034,0.27055197671697445,0.04431846711530053
2022-06-12,False,169556.6291770327,165536.73522837478,4126.8719538909845,5.839881717568638,101.13812351548442,4019.8939486579316,0.024930248552972514,0.024283999216923535,5839.881717568638,80422.45654236665,4559.436816408808,96.13461665886638,4030.737337232118,137,130,0.0057542761634465376,53.3601308702318,85.71200059978034,0.2685966855687616,0.046121726406799075
2022-06-13,False,171840.93625587795,169556.6291770327,2388.795279621554,5.515167531017271,98.97303324529682,2284.30707884524,0.014088480593273838,0.013472236915374235,5515.16753101727,82003.02135281068,4049.203524454817,-1968.0320132403922,4356.827292861946,137,130,0.0057542761634465376,54.52448370591517,85.71200059978034,0.2706709755130241,0.04754436009940596
2022-06-14,False,169297.1905496978,171840.93625587795,-2250.4692704222107,6.985304391496128,286.2911313664214,-2543.745706180128,-0.013096234921993051,-0.014802908792305402,6985.304391496128,81165.5090683007,1639.6720253042004,-1341.862031721591,-908.6072387006197,137,130,0.0057542761634465376,56.95280866691321,85.71200059978034,0.2823110047416368,0.048374794708138866
2022-06-15,False,165086.344894349,169297.1905496978,-4063.9084316116987,2.320014652989866,144.61720908413352,-4210.845655348822,-0.02400458281922123,-0.02487250758076055,2320.014652989866,78867.6768775075,-1703.879977974757,-726.1749106768075,-3337.7335209348907,137,130,0.0057542761634465376,59.35790548012845,85.71200059978034,0.29831460359175677,0.04762373118723967
2022-06-16,False,170920.0418691467,165086.344894349,5988.551479688723,4.876582483715436,149.9779224073055,5833.696974797702,0.03627526845737145,0.03533724717529556,4876.582483715436,76647.55802116956,-3482.785807557382,1099.178551803471,4889.372927885252,137,130,0.0057542761634465376,60.271984252974754,85.71200059978034,0.31066234231047146,0.04511868591431489
2022-06-17,False,169029.9320529363,170920.0418691467,-1726.1317372265557,20.86715515310758,143.11092383074916,-1890.1098162104126,-0.010099059878232718,-0.011058444612700521,20867.15515310758,70560.8207616654,2768.789485926307,-609.9583482027037,-1116.1733890238518,139,132,0.0057542761634465376,59.36482231723478,88.57450765955237,0.29571308374522276,0.04782987103451779
2022-06-18,False,170850.4565323493,169029.9320529363,1931.0129654118275,1.7806828082251318,108.70780319061492,1820.5244794129876,0.011424088869698408,0.010770426617948596,1780.6828082251318,71621.53586988946,493.0241261745723,-105.50158231551838,2036.5145477273459,139,132,0.0057542761634465376,60.99845505985235,88.57450765955238,0.3082947029006712,0.046818007349190074
2022-06-19,False,167824.92582447192,170850.4565323493,-2952.0383639851625,3.593800770306845,69.89854312188508,-3025.5307078773544,-0.017278492688289748,-0.017708648658509685,3593.8007703068447,73047.28186795609,-785.078657278922,-949.2512153414497,-2002.7871486437127,139,132,0.0057542761634465376,62.85710970727434,88.57450765955237,0.3138774429842909,0.04953995225124803
2022-06-20,False,166494.79324600613,167824.92582447192,-1256.0020854120776,1.731156746181715,72.39933630752955,-1330.1325784657888,-0.007484002029148698,-0.007925715276984388,1731.156746181715,73571.19053909647,-3261.1919279431568,-163.01809189334443,-1092.983993518733,139,132,0.0057542761634465376,64.07411033509604,88.57450765955237,0.32913465781150164,0.04596194108335989
2022-06-21,False,161088.1404092034,166494.79324600613,-5306.002617665126,2.02108338562633,98.62913575197132,-5406.652836802724,-0.0318688801866926,-0.03247340491191258,2021.08338562633,74244.06546155618,-4284.926679164972,2.261029115423483,-5308.2636467805505,139,132,0.0057542761634465376,64.99881567346124,88.57450765955237,0.3358972216967211,0.043813018158793786
2022-06-22,False,163250.88307983795,161088.1404092034,2219.6785911220973,7.738338082832693,49.19758240469996,2162.7426706345645,0.013779279998413099,0.013425834236714557,7738.3380828326935,71818.2023843111,-3669.560270248141,673.4554955565234,1546.2230955655739,139,132,0.0057542761634465376,64.57398897236588,88.57450765955235,0.3379511144241124,0.04318518995929477
2022-06-23,False,160316.70415932665,163250.88307983795,-2910.068681379335,2.820232111384473,21.29000702057915,-2934.1789205112987,-0.017825745420048746,-0.01797343368168083,2820.232111384473,72125.26463877907,-3365.880859652334,-765.463955559771,-2144.6047258195645,139,132,0.0057542761634465376,64.731969016042,88.57450765955237,0.3335136689723328,0.04462627332277133
2022-06-24,False,156766.64580249396,160316.70415932665,-3508.9819913158904,13.634592326589386,27.44177319019233,-3550.058356832672,-0.021887812687494988,-0.022144032809610015,13634.592326589385,67641.66001314824,-316.4536983900907,-1839.646478231663,-1669.3355130842274,140,133,0.0057542761634465376,59.59806651872465,87.533725367796,0.31190843212393415,0.04131220859681961
2022-06-25,False,156205.75926350558,156766.64580249396,-485.32479779497544,3.0056079964577695,72.55613319694741,-560.8865389883806,-0.0030958422010663096,-0.003577843591136257,3005.6079964577693,64522.38194942155,-1625.458413534372,91.59093155025612,-576.9157293452315,139,132,0.0057542761634465376,57.99121172063679,86.8743375068334,0.3090465419680962,0.04014113364038599
2022-06-26,False,158215.7374701285,156205.75926350558,2041.4388206385192,1.524705083052619,29.93590893255152,2009.9782066229152,0.013068908792247466,0.012867503836604744,1524.705083052619,63705.24798820417,-1236.1614772643006,337.8586954950891,1703.5801251434302,139,132,0.0057542761634465376,57.033134689597645,86.8743375068334,0.30334971410483597,0.03946107264406059
2022-06-27,False,157966.6020290466,158215.7374701285,-197.3718803216798,1.851669020831268,49.911891739383584,-249.13544108189467,-0.001247485765181508,-0.001574656510569513,1851.6690208312682,62833.655865627254,-284.0996830367403,-166.8925011378196,-30.479379183860217,138,131,0.0057542761634465376,55.83910760948206,86.22552147274288,0.291007832822776,0.040419142940384775
2022-06-28,False,160531.1536882276,157966.6020290466,2654.3861602890793,0.3436485871339659,89.49085252093279,2564.5516591810124,0.016803464315836812,0.016234771313935383,343.64858713396586,62399.67111589709,-277.02162418759326,731.4656753706132,1922.9204849184666,138,131,0.0057542761634465376,55.02319025897653,86.22552147274288,0.28874792092895785,0.03959811783851359
2022-06-29,False,161700.42862338884,160531.1536882276,1204.8675952780363,2.110890974804359,33.481769142011366,1169.2749351612206,0.007505506361824609,0.007283788275963585,2110.890974804359,62480.137059273715,328.78834839899355,617.1721260203354,587.695469257701,138,131,0.0057542761634465376,54.72287060295016,86.22552147274287,0.28215269597052106,0.04088339239940235
2022-06-30,False,162924.3086632129,161700.42862338884,1275.187643900168,1.4785667741897939,49.82903730192137,1223.880039824057,0.007886111711368222,0.007568811352223164,1478.5667741897937,63159.99721121946,122.93805532133774,277.8757708002641,997.3118730999038,138,131,0.0057542761634465376,54.893732939767645,86.22552147274287,0.2824823659131218,0.04169462123211443
2022-07-01,False,162192.32449848714,162924.3086632129,-692.5200550358918,1.4373385368126899,38.02677115306568,-731.9841647257701,-0.004250563103308461,-0.004492786685619043,1437.3385368126899,63877.89964573251,-34.329983811123384,-466.4019595761101,-226.11809545978173,138,131,0.0057542761634465376,55.37512360202445,86.0093978270163,0.28357120893753807,0.04178017197174777
2022-07-02,False,162074.9989442605,162192.32449848714,-64.55003514815746,0.838665222300758,51.93685385618691,-117.32555422664512,-0.00039798452453130456,-0.0007233730362359995,838.665222300758,63551.31476683125,-640.549024062082,-322.8122563782116,258.26222123005414,138,131,0.0057542761634465376,55.62096557038604,86.00939782701631,0.2857576037054748,0.04059034154380415
2022-07-03,False,162010.58486460228,162074.9989442605,22.413582980968258,0.3477995995044957,86.4798630396869,-64.41407965822314,0.00013829142759196655,-0.00039743378113718764,347.7995995044957,63244.292689662165,-979.1514596494162,-71.97479167515452,94.38837465612278,137,130,0.0057542761634465376,55.34799572471844,85.34684154379646,0.28436524550063214,0.04067304459906407
2022-07-04,False,160121.36815884378,162010.58486460228,-1850.1856765079829,1.7476886727296121,37.28334057779949,-1889.2167057585118,-0.011420153060087064,-0.011661069598245042,1747.688672729612,64764.9062121549,-2605.9970765195576,-376.6000534836967,-1473.5856230242862,137,130,0.0057542761634465376,56.201886661700534,85.34684154379646,0.28800129968065574,0.040929982649002314
2022-07-05,False,160271.00995636376,160121.36815884378,162.9839320579066,0.6164506541968668,12.725683883722937,149.64179751998682,0.001017877463401531,0.0009345523289030293,616.4506541968668,65286.31589602451,-3892.4894806080447,423.8919607573066,-260.90802869940006,137,130,0.0057542761634465376,56.14147638409664,85.34684154379644,0.29397824353390767,0.041035691472439205
2022-07-06,False,159500.47738939087,160271.00995636376,-758.4065396796542,1.8839169978085257,10.242110295441442,-770.5325669729042,-0.004732025709990484,-0.004807685227557332,1883.9169978085258,64664.18648778652,-3531.579788420946,-528.0226438369403,-230.38389584271388,137,130,0.0057542761634465376,55.66731306001027,85.34684154379646,0.2887395459920956,0.04148910136973722
2022-07-07,False,158778.15749399355,159500.47738939087,-703.587915323699,0.10781968442897032,18.624160389187292,-722.3198953973152,-0.004411196297588624,-0.004528637827421074,107.81968442897033,64278.75111431677,-4215.560819106453,368.51148872989194,-1072.099404053591,137,130,0.0057542761634465376,55.167563975789314,85.34684154379647,0.28956015731439755,0.040197911222465695
2022-07-08,False,160033.65259415467,158778.15749399355,1265.176234365923,1.987041031851825,7.694093172963271,1255.495100161108,0.007968200754652184,0.00790722804683385,1987.041031851825,63790.559547137644,-4116.463755906832,447.2666986707923,817.9095356951308,137,130,0.0057542761634465376,54.41349613940045,85.3277605824464,0.2885667090885167,0.039649125826478754
2022-07-09,False,159175.4733891738,160033.65259415467,-850.4777905485894,1.4064370294071689,6.294977402867517,-858.179204980864,-0.005314368426654618,-0.005362492145056555,1406.437029407169,64678.29121023198,-4208.469805639026,-274.24643214178553,-576.2313584068038,137,130,0.0057542761634465376,54.49342541847854,85.3277605824464,0.28189804799061696,0.04267511230410502
2022-07-10,False,160886.22623967988,159175.4733891738,1720.3110233522757,0.4269839263791703,9.131188919806753,1710.7528505060898,0.010807638807181216,0.01074759078192536,426.9839263791703,64688.39079511058,-4650.418536986319,194.55836224462823,1525.7526611076476,137,130,0.0057542761634465376,53.836644657279884,85.32776058244639,0.2838781979434301,0.04034449075951363
2022-07-11,False,163731.94699599233,160886.22623967988,2875.266059384936,7.181593709059334,22.36370936343308,2845.720756312444,0.01787142458734482,0.017687783614695755,7181.593709059334,70526.934921675,-3204.493325003914,495.6872117146189,2379.5788476703174,137,130,0.0057542761634465376,55.26773364265761,85.32776058244637,0.2817909942926664,0.048312982555203166
2022-07-12,False,164884.29930429082,163731.94699599233,1188.51948657345,5.616313353650545,30.550864921313313,1152.352308298486,0.0072589345474682555,0.007038041930367395,5616.313353650546,74174.86313993993,-2279.148792351967,300.62325262549376,887.8962339479564,137,130,0.0057542761634465376,56.24413241711675,85.32776058244639,0.2834293908443687,0.05049473490620155
2022-07-13,False,162427.62810032972,164884.29930429082,-2404.1137360121033,3.672814880919784,48.8846530680678,-2456.671203961091,-0.014580610441115182,-0.014899364065145774,3672.8148809197837,77165.31268486986,-2476.887371952951,-594.4811969052207,-1809.6325391068829,137,130,0.0057542761634465376,57.38375794130162,85.32776058244639,0.28810659213530426,0.05229566818312161
2022-07-14,False,160080.6633494468,162427.62810032972,-2307.4112431656713,1.3006695980736769,38.252838119154156,-2346.964750882899,-0.014205780569180074,-0.014449295223551532,1300.669598073677,77241.14808131434,-3747.7458357386276,-1227.9263574860759,-1079.4848856795957,137,130,0.0057542761634465376,57.68370643838623,85.32776058244637,0.2959465252804602,0.04924026656031543
2022-07-15,False,159120.6223816805,160080.6633494468,-924.392333286303,8.547763114849454,27.10087136516981,-960.0409677663223,-0.005774540871737945,-0.005997232568124787,8547.763114849455,74979.45311690278,-3944.8824299115586,-300.1234012838177,-624.2689320024851,138,131,0.0057542761634465376,57.01052253509974,85.51122914553777,0.2947491613059075,0.048145058038162436
2022-07-16,False,156675.7612674556,159120.6223816805,-2426.938571495945,0.8248034413964166,17.097739287559946,-2444.861114224901,-0.015252193808508868,-0.015364828754631474,824.8034413964166,74537.88046178423,-4103.55657736065,-1843.7498295301004,-583.1887419658445,138,131,0.0057542761634465376,56.543210755888666,85.51122914553775,0.2933635218674745,0.04888526981972531
2022-07-17,False,157361.9465758897,156675.7612674556,709.7166840792935,3.481013207100638,20.050362438054073,686.1853084341387,0.004529843533791813,0.004379651982432537,3481.0132071006383,72197.44642006495,-7497.334484948482,-219.12729541462852,928.843979493922,138,131,0.0057542761634465376,55.93471456733963,85.51122914553777,0.2916101769039083,0.048507299718536456
2022-07-18,False,152604.62837473204,157361.9465758897,-4703.754533920843,0.6857151926179332,52.877952044212606,-4757.318201157673,-0.029891308771097337,-0.030231693904875522,685.7151926179332,71687.34346136026,-7425.486117073047,-1514.9944986782407,-3188.7600352426016,138,131,0.0057542761634465376,55.58538196411327,85.51122914553777,0.2858747468434603,0.05000924767666603
2022-07-19,False,151512.87133091112,152604.62837473204,-1008.6995904022988,6.705397075485924,76.35205634314036,-1091.757043820925,-0.006609888580347391,-0.007154154205205586,6705.397075485924,66655.7119224387,-10393.784425929338,1237.2220976116917,-2245.92168801399,138,131,0.0057542761634465376,52.89979038893365,85.51122914553777,0.2800541384964957,0.04613773790512635
2022-07-20,False,154201.82245848599,151512.87133091112,2719.232647796963,7.513862345664663,22.767657876431862,2688.951127574867,0.017947205566832887,0.017747344525615077,7513.862345664663,62624.99336239972,-11245.615580915997,424.8624122834415,2294.370235513522,138,131,0.0057542761634465376,50.54781780167742,85.51122914553777,0.2692603241202507,0.044424154177200005
2022-07-21,False,152785.90622427576,154201.82245848599,-1390.9116120523568,2.653240806482587,22.35138135137706,-1415.9162342102165,-0.009020072460082735,-0.00918222762633955,2653.2408064825872,60922.23678110494,-10925.089437201532,-746.0666013207465,-644.8450107316103,138,131,0.0057542761634465376,49.65688442761502,85.51122914553777,0.25803571029756345,0.04509751392511763
2022-07-22,False,154153.89780487673,152785.90622427576,1410.3762707020687,1.9789333622055798,40.40575673890244,1367.9915806009606,0.009231062638930617,0.008953650335999408,1978.9333622055797,58897.71591387683,-13123.484053232962,162.49295790206935,1247.8833127999994,138,132,0.0057542761634465376,48.47651295051435,86.1141301531097,0.2555183322134529,0.04488595006123245
2022-07-23,False,153519.99141662885,154153.89780487673,-599.952258118674,2.7725173309427467,31.18161279827476,-633.9063882478914,-0.0038919045620116276,-0.0041121658114040725,2772.517330942747,57636.68877355254,-14435.00792496921,-375.2646946196213,-224.68756349905266,138,132,0.0057542761634465376,48.10635739340154,86.1141301531097,0.24946509533864453,0.04493996846868985
2022-07-24,False,153320.10325831853,153519.99141662885,-146.83233101540782,1.969611845129785,51.08621544979651,-199.88815831033412,-0.000956437853210454,-0.0013020334124945944,1969.6118451297853,55567.96337371426,-16709.587746605845,-286.9198629126489,140.08753189724115,138,132,0.0057542761634465376,47.461330738115954,86.11413015310967,0.2489816007615131,0.04500071539805974
2022-07-25,False,156483.09897413763,153320.10325831853,3189.453778745986,2.434003204393017,24.024059722501626,3162.9957158190914,0.0208025804246446,0.02063001295068251,2434.003204393017,52963.605528077096,-19031.38547242657,519.3305966539851,2670.1231820920007,138,132,0.0057542761634465376,46.656338137666395,86.1141301531097,0.24564845280184502,0.04483586837653956
2022-07-26,False,155715.7176868581,156483.09897413763,-725.1146973261709,3.8005435061859454,38.466046447179565,-767.3812872795364,-0.004633821173531415,-0.004903924400208636,3800.5435061859457,53724.514108751726,-19635.031948923155,-129.92880596862418,-595.1858913575467,138,132,0.0057542761634465376,47.538965820065386,86.11413015310968,0.24347819935311557,0.047473394352975706
2022-07-27,False,152511.86331706445,155715.7176868581,-3166.887062296409,2.099691478272402,34.86761601896933,-3203.8543697936507,-0.020337619794200675,-0.020575022338056796,2099.6914782724025,52922.68302208393,-22069.901744868905,-422.9760476421543,-2743.9110146542544,138,132,0.0057542761634465376,48.09251553423014,86.11413015310968,0.24837088183721706,0.04709702638029813
2022-07-28,False,150527.808869369,152511.86331706445,-1970.0628851640256,6.208778557491979,7.782783973925188,-1984.0544476954428,-0.012917440271963399,-0.013009181086265361,6208.778557491979,49034.83943160405,-24561.35585665365,-85.47809026093032,-1884.584794903095,138,132,0.0057542761634465376,46.681929307830906,86.1141301531097,0.24839882920346562,0.044326584037110185
2022-07-29,False,150365.83062638828,150527.808869369,-145.78472339485614,13.701343118242352,2.492176467638446,-161.97824298073695,-0.0009684903041495209,-0.0010760685629942629,13701.343118242352,38824.64784301575,-18917.827581682854,255.16263957751184,-400.94736297236796,138,132,0.0057542761634465376,34.960388370536364,85.51597040208357,0.185891508320625,0.041577944081506266
2022-07-30,False,150508.8019830966,150365.83062638828,151.23981621287797,4.90804774657607,3.3604117579782455,142.97135670832364,0.00100581239489616,0.0009508234424851642,4908.0477465760705,36561.56902916676,-22108.130500418953,128.24444938929486,22.99536682358307,139,132,0.0057542761634465376,33.803659569141686,85.51597040208357,0.1791058795888075,0.041455104992709366
2022-07-31,False,150468.90539879308,150508.8019830966,-36.572729475934864,3.6887031989253103,-0.3648483713272954,-39.896584303532876,-0.00024299395778887593,-0.0002650780803372124,3688.7031989253105,33721.231950823916,-23840.068606060933,-134.07965573835347,97.50692626241866,139,132,0.0057542761634465376,31.703084785310885,85.51597040208358,0.17006076206253595,0.03954342736252483
2022-08-01,False,150394.92960058458,150468.90539879308,-74.1843617057167,3.3948837282771556,-3.603447225485135,-73.9757982085087,-0.000493021209326294,-0.0004916351189798851,3394.8837282771556,30971.85869504064,-25698.6292215065,444.58065008281903,-518.7650117885356,139,132,0.0057542761634465376,30.328467365966834,85.51597040208358,0.16259003399337085,0.03937612425082509
2022-08-02,False,151126.9910789143,150394.92960058458,734.8836413785128,2.630260842650674,0.1919022061661113,732.061478329696,0.004886359156722903,0.004867594142128915,2630.260842650674,31476.275588812892,-26118.848243135337,-317.76063667460085,1052.6442780531136,139,132,0.0057542761634465376,28.472170309916272,85.51597040208357,0.15515400299623489,0.03841374530263687
2022-08-03,False,151203.20168174503,151126.9910789143,75.58268464877733,2.5306268422066016,-3.1585450241669304,76.21060283073766,0.0005001269734094697,0.000504281877688828,2530.6268422066014,32562.28609173189,-26751.650512552947,-91.20446869527993,166.78715334405726,139,132,0.0057542761634465376,27.94873334268936,85.51597040208357,0.1481073042329427,0.03930089568349269
2022-08-04,False,150466.4193337055,151203.20168174503,-733.9436567736407,2.3891808495786555,0.44951041631157906,-736.7823480395309,-0.004854021929498935,-0.00487279594509065,2389.1808495786554,34633.69862146221,-28492.288943921973,28.123014003268295,-762.066670776909,139,132,0.0057542761634465376,27.634576915936645,85.51597040208357,0.14815358729598305,0.03864207706371267
2022-08-05,False,150074.97784642896,150466.4193337055,-377.33914424385955,26.232359459037312,-12.130016426341172,-391.4414872765557,-0.0025077963967959794,-0.0026015205851905995,26232.35945903731,43722.251556574396,-7245.136925171639,438.33589641569256,-815.675040659552,140,133,0.0057542761634465376,17.546580150830074,83.09186261966275,0.09747893729849999,0.03946425918307271
2022-08-06,False,149978.82060751301,150074.97784642896,-111.71987076646326,4.69841082875843,-20.261042679272975,-96.15723891594871,-0.0007444270348704345,-0.0006407279900740414,4698.4108287584295,46976.4317106533,-8728.438566993924,-387.7526331860503,276.03276241958685,140,133,0.0057542761634465376,17.053079269293583,83.09186261966273,0.09707533842939418,0.03786400308699395
2022-08-07,False,149623.52193639474,149978.82060751301,-370.4166469182786,3.4791568949632374,-18.59713269497009,-355.2986711182718,-0.0024697930375625517,-0.0023689922995732207,3479.1568949632374,49337.59956729916,-9870.62379848352,-283.51541771594435,-86.90122920233424,140,133,0.0057542761634465376,16.628240951648117,83.09186261966273,0.09495981114542726,0.037217083149186786
2022-08-08,False,149960.51876230646,149623.52193639474,326.45218926902135,3.926931410948885,-14.471568053641722,336.99682591171415,0.00218182398759332,0.002252298445794988,3926.931410948885,51244.29196018438,-10965.608775164113,602.3510140086296,-275.8988247396082,140,133,0.0057542761634465376,16.370450639474566,83.09186261966273,0.09433711995190365,0.03786787295333073
2022-08-09,False,149948.71295352984,149960.51876230646,-34.47405978737436,3.048532189841687,-25.716783200590758,-11.805808776625287,-0.00022988757355539127,-7.872611320675661e-05,3048.532189841687,53015.25462513052,-11732.610803371837,-636.1560015768868,601.6819417895124,140,133,0.0057542761634465376,16.496154072103632,83.09186261966273,0.09560152786638298,0.037174307927418736
2022-08-10,False,149702.01472923756,149948.71295352984,-261.43955748692724,5.478532658864747,-20.2198658535064,-246.6982242922856,-0.0017435265187501089,-0.0016452173508734224,5478.532658864747,57109.41236874586,-15190.217981797148,150.18099709963593,-411.62055458656323,140,132,0.0057542761634465376,16.488714717497537,83.65960995731095,0.10026880253748482,0.13827082723107656
2022-08-11,False,150372.4634560165,149702.01472923756,659.5842070919134,5.339226394563602,-16.20374608159755,670.4487267789473,0.0044059808298832015,0.004478555134956412,5339.226394563602,60695.10077687408,-18417.054584641628,616.2852303667631,43.29897672515037,140,132,0.0057542761634465376,16.069318467701795,83.65960995731093,0.1033616879816697,0.13859400624743087
2022-08-12,False,151455.56245544727,150372.4634560165,1058.1597484602844,9.35016572563097,-34.28941669613175,1083.0989994307852,0.007036925007016281,0.007202774860089915,9350.165725630968,65575.60942914999,-24055.97550979264,1240.8231621878535,-182.66341372756924,141,133,0.0057542761634465376,19.542533966047984,85.46393633339578,0.11642806969532071,0.13482441552361502
2022-08-13,False,151439.9028486808,151455.56245544727,-26.478336731415396,18.57330522302326,-29.392035187962907,-15.65960676647575,-0.00017482577927241437,-0.00010339406828377293,18573.305223023264,52981.031786076,-39744.19700029163,-273.77859418027106,247.30025744885572,140,133,0.0057542761634465376,18.761255599637686,85.46393633339578,0.11258601069819751,0.037986578991931017
2022-08-14,False,151183.01273845977,151439.9028486808,-279.56894190826995,2.943184162873985,-25.62201585012641,-256.89011022101755,-0.001846071851932024,-0.0016963171884605797,2943.184162873985,53836.32966936486,-40551.19131286966,-374.47968688727474,94.91074497900473,140,133,0.0057542761634465376,18.165298291660548,85.46393633339578,0.10975307861252476,0.038566714013610164
2022-08-15,False,151562.2621493334,151183.01273845977,344.6593076120348,1.6546934974919572,-36.24479675909627,379.24941087363914,0.0022797489041198092,0.0025085451335046787,1654.6934974919573,53996.721991944556,-40748.762491276604,406.2153572099465,-61.556049597911624,140,133,0.0057542761634465376,17.844155210112813,85.46393633339581,0.10659118779711374,0.039136021994507955
2022-08-16,False,152077.8236748422,151562.2621493334,477.94194568571663,2.452595281287991,-40.07217510435908,515.5615255087878,0.0031534363429783284,0.0034016483931917567,2452.5952812879914,56485.47611128192,-41207.74128549595,80.50424026182625,397.4377054238903,140,133,0.0057542761634465376,17.68045950544266,85.46393633339578,0.10263891458808995,0.04007755371653251
2022-08-17,False,151585.13662726863,152077.8236748422,-517.9552904470858,1.8347589883972404,-27.103001861932253,-492.68704757355073,-0.0034058568036489443,-0.0032397034338613735,1834.7589883972403,57661.046249727,-40957.70432050336,-905.6698209073525,387.7145304602668,140,133,0.0057542761634465376,17.331201705758353,85.46393633339578,0.10061439995644919,0.04027417472498155
2022-08-18,False,151243.14217817865,151585.13662726863,-354.56306067416364,1.058999334581649,-13.627610918755938,-341.99444908998936,-0.002339035795745566,-0.002256121257659427,1058.999334581649,57071.80699194294,-41586.697465833175,-757.6835723202876,403.1205116461239,140,133,0.0057542761634465376,17.64498357979825,85.46393633339578,0.10134521744823825,0.040544626886338274
2022-08-19,False,150528.5761316868,151243.14217817865,-655.6361018141095,36.01466679508574,22.91527788266675,-714.5660464918619,-0.004334980696458345,-0.0047246178319281145,36014.66679508574,75349.97862851179,-24541.061687097466,-2002.2408012643373,1346.604699450228,143,136,0.0057542761634465376,21.117625938328256,84.62792714129107,0.12046368232724952,0.04338969039364732
2022-08-20,False,150681.71448857913,150528.5761316868,179.9796634488672,5.59745093210906,21.243855624422768,153.13835689233537,0.001195651138634406,0.0010173374440104015,5597.450932109061,75129.33436471967,-27901.580269948154,1144.4296280907606,-964.4499646418934,143,136,0.0057542761634465376,21.91889366663954,84.62792714129107,0.12370168483577618,0.04202376758773015
2022-08-21,False,151427.28211228838,150681.71448857913,769.5366154980329,6.786260691943544,17.18273109685126,745.5676237092381,0.005107033843554785,0.004947963502006397,6786.260691943544,76118.80369989017,-30327.44497473735,748.5580330735659,20.97858242446705,143,136,0.0057542761634465376,23.317789293041454,84.62792714129108,0.12971598794733954,0.04234191336159786
2022-08-22,False,151411.31659499864,151427.28211228838,-1.0541028438625801,2.8003595956329357,12.111054850232787,-15.965517289728302,-6.96111578546941e-06,-0.00010543355904578238,2800.359595632936,77680.007965689,-31787.591317143862,-296.22072902800323,295.1666261841407,143,136,0.0057542761634465376,24.489711283168088,84.62792714129107,0.13443277976251414,0.04278096421592878
2022-08-23,False,149900.85603848522,151411.31659499864,-1502.4572429653624,3.9435957470650806,4.05971780099353,-1510.460556513421,-0.009923018151834702,-0.009975876245457031,3943.5957470650806,78371.68180210548,-33809.259314722694,-1188.667036952655,-313.7902060127075,143,136,0.0057542761634465376,25.71330536261915,84.62792714129107,0.13885456014590802,0.044912914192384634
2022-08-24,False,149909.10366328157,149900.85603848522,3.2894156886259793,4.289061807527994,-9.247270915256788,8.247624796354774,2.1943941986438437e-05,5.502053166552496e-05,4289.0618075279945,79799.06548629531,-37344.98446439217,-245.42247658616606,248.71189227479195,143,136,0.0057542761634465376,26.53020682650992,84.62792714129107,0.14325022845310237,0.04561438918564242
2022-08-25,False,150044.63397236937,149909.10366328157,122.69155580578723,2.6222169562289293,-15.460970238241526,135.53030908779982,0.0008184396598179318,0.0009040832462865052,2622.216956228929,80991.62019250743,-39253.940794631126,16.880743045097944,105.81081276068917,143,136,0.0057542761634465376,27.48966611174115,84.62792714129107,0.14689216575693032,0.0463468401775524
2022-08-26,False,150056.79361191893,150044.63397236937,2.384641913709231,14.505713043594023,-24.280710679431195,12.159639549546403,1.5892883674522885e-05,8.104014937172358e-05,14505.713043594023,83293.57698497167,-27762.482525675903,-1314.70055090844,1317.0851928221487,143,136,0.0057542761634465376,24.72908041657771,84.72458159951941,0.13937269434779212,0.04804664312087619
2022-08-27,False,151478.96910910434,150056.79361191893,1391.0567292336768,6.036883579905014,-37.15565153162683,1422.1754971853986,0.00927020160667478,0.00947758154064966,6036.883579905014,80437.94965475451,-28229.013999946572,1019.2623619972401,371.794367236437,143,136,0.0057542761634465376,24.82127582203965,84.72458159951942,0.13758881197560463,0.0489885670474825
2022-08-28,False,152493.43906321912,151478.96910910434,963.3731138359506,3.4437001567062224,-54.540540435541914,1014.4699541147863,0.006359781291765135,0.006697100990858365,3443.7001567062225,81371.17797970507,-30107.401649440486,157.8802990365079,805.4928147994428,143,136,0.0057542761634465376,25.35894054442403,84.72458159951944,0.13826678821076668,0.05010810981102844
2022-08-29,False,151025.02600834778,152493.43906321912,-1517.5280296633114,3.0968453505160025,-52.21182014249193,-1468.4130548713356,-0.00995143160902936,-0.009629352343890523,3096.8453505160023,82218.90238515934,-31235.537644931104,-860.4810345049284,-657.0469951583832,143,136,0.0057542761634465376,26.15410916895858,84.72458159951942,0.1397821460590856,0.05309606249291388
2022-08-30,False,149759.39481892216,151025.02600834778,-1290.001992171755,2.077683170250744,-26.448485916375695,-1265.6311894256303,-0.008541643900133818,-0.0083802746000234,2077.6831702507443,80866.15658035439,-33047.33274032196,-2234.040175915054,944.0381837432985,143,136,0.0057542761634465376,26.539593209600934,84.72458159951942,0.1423537303803547,0.04982343252983713
2022-08-31,False,148473.2461718521,149759.39481892216,-1329.3970655138123,2.6486877330353495,-45.897106176803945,-1286.1486470700438,-0.008876885935077527,-0.008588099922713753,2648.6877330353495,78731.80071262136,-34690.5640858751,-1000.9261493850792,-328.470916128733,143,136,0.0057542761634465376,27.236065862968204,84.72458159951942,0.14249744517880109,0.050743211927903674
2022-09-01,False,149355.83227576962,148473.2461718521,796.5146271782064,1.3537214355162326,-87.4251981748144,882.5861039175045,0.005364701370213669,0.005944411715063769,1353.7214355162325,77943.2941297967,-36508.123387323714,845.9152484437952,-49.40062126558891,143,136,0.0057542761634465376,27.905967183976053,84.72458159951944,0.1456431104757841,0.05087241073619342
2022-09-02,False,149362.61629503127,149355.83227576962,-108.90595463840145,8.418904309460943,-124.1088782095133,6.784019261650911,-0.0007291710874558834,4.5421857039535915e-05,8418.904309460942,74682.21744474907,-32521.645201969102,-418.79088340558656,309.8849287671851,143,136,0.0057542761634465376,25.07336194882284,84.55221870181914,0.13068930541550283,0.05319911429171322
2022-09-03,False,149762.98328542066,149362.61629503127,278.09073457986085,1.6557243565087159,-123.93198016602582,400.366990389378,0.001861849648044173,0.002680503330221169,1655.724356508716,75170.20499387187,-33327.317239440745,255.26454084982444,22.82619373003638,143,136,0.0057542761634465376,25.481761108378567,84.55221870181914,0.13171862314285698,0.054646499961643696
2022-09-04,False,149113.09833838104,149762.98328542066,-723.2363473791171,2.0727045781508817,-75.42410491764272,-649.8849470396253,-0.004829206333321778,-0.004339423085616987,2072.7045781508814,76382.92986433364,-34011.226834540634,-182.04985064297597,-541.1864967361411,143,136,0.0057542761634465376,26.05276018730893,84.55221870181911,0.1336907435973557,0.05499434783144901
2022-09-05,False,149691.65752516035,149113.09833838104,501.34523423887936,4.7573991994389635,-81.97135173986591,578.5591867793063,0.003362181054686296,0.003880002449324653,4757.3991994389635,79689.52706417053,-32798.30748291814,-627.9787210740462,1129.3239553129256,143,136,0.0057542761634465376,26.621983013825766,84.55221870181913,0.13883612473461301,0.054316967575740005
2022-09-06,False,152104.06395945468,149691.65752516035,2323.571500243126,2.6968933383006464,-91.53182738949687,2412.4064342943225,0.015522384738458638,0.016115837543510682,2696.8933383006465,80176.23723527425,-34526.920948432526,213.82700567064217,2109.7444945724837,143,136,0.0057542761634465376,27.264882062007224,84.55221870181911,0.14041448171255083,0.054860531755736054
2022-09-07,False,151999.47964203413,152104.06395945468,-140.83513328231734,4.588786447031786,-40.839602308783796,-104.58431742056534,-0.0009259130204427594,-0.0006875839783507931,4588.786447031785,81687.4089561214,-36495.58099807809,238.25375557462417,-379.0888888569415,143,136,0.0057542761634465376,28.503858894337096,84.55221870181913,0.14473670513669648,0.056226806246798156
2022-09-08,False,152536.83670115875,151999.47964203413,515.5509328562476,2.705468808470099,-24.51159507684518,537.3570591246228,0.0033917940644954455,0.0035352559126526203,2705.4688084700992,82585.53860316612,-38523.61153805442,576.7764670582526,-61.22553420200511,143,136,0.0057542761634465376,29.285930702089978,84.55221870181911,0.15087211800488526,0.054681965073961405
2022-09-09,False,148943.054823673,152536.83670115875,-3613.0970873210863,5.311022173613039,-24.626232008957604,-3593.7818774857415,-0.02368671833938483,-0.0235600918126188,5311.022173613039,82540.39308955219,-36854.60491624681,1243.1686693448169,-4856.265756665904,144,137,0.0057542761634465376,28.781876808817614,84.91750361098737,0.1480614802448631,0.054682910043590306
2022-09-10,False,149793.02839376344,148943.054823673,822.6294542146131,9.92583985959435,-37.26995573539434,849.9735700904131,0.005523113885293189,0.005706701605500563,9925.839859594349,79691.91576393628,-34487.32465077773,76.60931406553284,746.0201401490804,144,137,0.0057542761634465376,28.631659055474238,84.91750361098735,0.15118907465660167,0.05311569406869973
2022-09-11,False,150453.17940938243,149793.02839376344,629.7255131495347,1.2662654332895602,-31.691767902735993,660.1510156189812,0.004203970771551295,0.004407087717618147,1266.2654332895604,79380.09161714894,-34068.83742117403,790.2774489092586,-160.55193575972396,144,137,0.0057542761634465376,28.625051600411403,84.91750361098735,0.15018412357091368,0.051857288765757424
2022-09-12,False,149248.3348736503,150453.17940938243,-1223.5879895720052,2.320823404029672,-21.06427724391283,-1204.844535732122,-0.008132682834455946,-0.008008102856063582,2320.823404029672,80309.20065464095,-34670.21869601653,-54.35750029155139,-1169.2304892804539,144,137,0.0057542761634465376,29.09702202470488,84.91750361098738,0.15257487995265362,0.05251992585931755
2022-09-13,False,152173.05871437318,149248.3348736503,2937.7067223805557,3.6727503240782644,9.310131333597205,2924.72384072288,0.01968334671785478,0.019596358265563725,3672.7503240782644,79098.14696357642,-33313.21211788962,21.602524745247734,2916.104197635308,144,137,0.0057542761634465376,29.2274657157783,84.91750361098737,0.15396763182210937,0.051495161776074064
2022-09-14,False,152610.1017573313,152173.05871437318,408.1690495492819,2.799599754261311,-31.673593163095468,437.0430429581161,0.0026822688128744906,0.0028720132633887584,2799.599754261311,78453.28670018801,-33070.87753772156,6.862762938878603,401.30628661040316,144,137,0.0057542761634465376,30.39216513117833,84.91750361098735,0.15657445128918077,0.05330935303146909
2022-09-15,False,152174.16002430604,152610.1017573313,-523.6523444858339,3.196353981793924,-90.90696544239216,-435.9417330252356,-0.003431308533680851,-0.002856571930726029,3196.3539817939245,80156.80765250824,-35732.238794314,141.17186862684417,-664.8242131126779,144,137,0.0057542761634465376,31.290583098946612,84.91750361098737,0.16168597432324666,0.053043499366177645
2022-09-16,False,149928.61430996915,152174.16002430604,-2233.4119794370777,18.239412210346096,-6.105677310526746,-2245.5457143368967,-0.014676683472938807,-0.014756419315725,18239.412210346094,70653.34357300328,-21452.068433204975,-1782.680314034839,-450.7316654022386,144,137,0.0057542761634465376,23.528372257854404,85.52416141266328,0.12460549290110412,0.05503796817698043
2022-09-17,False,148637.21574113207,149928.61430996915,-1284.1677906502177,2.717094493779894,4.51368369308989,-1291.3985688370876,-0.008565194819951258,-0.008613422959857365,2717.0944937798945,69461.80307194288,-23510.27848152944,-891.9815575471363,-392.1862331030817,144,137,0.0057542761634465376,24.360701912184844,85.52416141266329,0.1269406919631298,0.05634039818744296
2022-09-18,False,148846.24405504006,148637.21574113207,215.1311960882333,1.2536275971349686,4.849254583097201,209.02831390800114,0.0014473575478089402,0.0014062986370253785,1253.6275971349685,69182.11172813376,-24150.287498045116,-337.31898150344455,552.4501775916779,144,137,0.0057542761634465376,24.600263007806692,85.52416141266328,0.12876699143259235,0.05506354981332459
2022-09-19,False,150348.08633824004,148846.24405504006,1524.256749882901,10.092197205511832,12.322269477421031,1501.842283199968,0.010240478418247923,0.010089890361255066,10092.197205511831,63199.967091923856,-23445.779342599817,1894.9242600535638,-370.6675101706625,143,136,0.0057542761634465376,26.399592060626293,84.8872353060386,0.13239546300729846,0.05699535158755814
2022-09-20,False,151150.7049818114,150348.08633824004,808.1768603357364,5.330265129416912,0.2279516349564541,802.618643571363,0.005375371779043269,0.005338402789947731,5330.265129416912,62687.68310766256,-25702.46525478459,129.89298390095348,678.2838764347829,143,136,0.0057542761634465376,28.16213871862686,84.88723530603862,0.14058000231816928,0.056129497897065776
2022-09-21,False,151086.22319135972,151150.7049818114,-61.47004471749551,4.9042734965681225,-1.8925277623784762,-64.48179045168516,-0.00040668050291192795,-0.0004266059523800734,4904.273496568122,64287.30297517258,-27405.989946962858,-118.03072310575227,56.56067838825669,143,136,0.0057542761634465376,30.639358457332637,84.88723530603862,0.15033081759837555,0.05744082416773741
2022-09-22,False,148999.68023351388,151086.22319135972,-2078.810673847054,7.747449811489,-0.015165812707636839,-2086.5429578458356,-0.01375910145833824,-0.013810279413782846,7747.449811489,65632.85345862097,-29336.296387817878,-475.239681985659,-1603.5709918613954,143,136,0.0057542761634465376,33.84125740440196,84.88723530603862,0.1651087434096659,0.05834181824683921
2022-09-23,False,149726.24372678404,148999.68023351388,711.5506829258461,4.2784436121684015,-19.29125395649056,726.5634932701682,0.004775518187761855,0.004876275520400381,4278.443612168401,65126.778849731156,-29677.8558482923,314.47800121210764,397.07268171373846,143,136,0.0057542761634465376,35.371310856306394,85.03992614760959,0.17745059146422504,0.055017062915392406
2022-09-24,False,149907.1461039128,149726.24372678404,140.89210806864082,1.8357832270980485,-41.84605228720955,180.9023771287523,0.0009409980813098905,0.0012082209011992416,1835.7832270980484,66625.71903704555,-30681.013490590332,-580.3559691511795,721.2480772198202,143,136,0.0057542761634465376,36.7593202976426,85.03992614760959,0.18253871321583648,0.05593838786799947
2022-09-25,False,150890.97735015297,149907.1461039128,950.2512905196943,2.7988809394190692,-36.378836659912075,983.8312462401873,0.006338932567370725,0.0065629376037765015,2798.8809394190694,67141.22016096517,-31881.808889290256,470.728775943258,479.5225145764364,143,136,0.0057542761634465376,38.16559142420334,85.03992614760959,0.18935196200214893,0.05707840373200451
2022-09-26,False,150532.9440725923,150890.97735015297,-373.23318426543307,2.943463406554714,-18.143370111314837,-358.03327756067296,-0.0024735288406232507,-0.002372794476172236,2943.463406554714,68841.24736154021,-33092.039574416194,111.27728320495407,-484.5104674703871,143,136,0.0057542761634465376,39.684410753960904,85.03992614760959,0.19636341638521954,0.05964690922048287
2022-09-27,False,149380.2170551853,150532.9440725923,-1165.1575062597278,2.7381559217068934,-15.16864477441119,-1152.7270174070236,-0.00774021602671803,-0.007657639492197389,2738.1559217068934,70257.40939767676,-33314.55334067761,-888.88027592399,-276.27723033573784,143,136,0.0057542761634465376,40.778191900371674,85.03992614760958,0.20327869218972827,0.060488477183410744
2022-09-28,False,149944.781131817,149380.2170551853,550.9209280918529,3.6043695925981,-17.247518132465274,564.5640766317201,0.0036880447689289883,0.0037793764647105457,3604.3695925981,69952.03858109217,-33467.24530521523,464.87318877001525,86.0477393218376,143,136,0.0057542761634465376,41.71687303858833,85.03992614760956,0.2084606874030548,0.06119348672012093
2022-09-29,False,149938.2716199379,149944.781131817,-23.77377650136127,4.735447894594317,-21.999712516869543,-6.509511879086041,-0.00015855020976329718,-4.341272720498025e-05,4735.4478945943165,71762.17300211746,-34936.78508718488,389.35664216037355,-413.1304186617348,143,136,0.0057542761634465376,43.30029693751637,85.03992614760958,0.21630244697365908,0.06155240559465624
2022-09-30,False,148743.24311723432,149938.2716199379,-1189.155761346041,21.028420058235266,-15.155678700691235,-1195.028502703585,-0.007930968848035687,-0.007970136575488423,21028.420058235268,67210.62472740294,-30570.01247571146,-426.1342880615462,-763.0214732844947,144,137,0.0057542761634465376,42.226903427575735,85.48535432943855,0.21152466270543427,0.06163426716970946
2022-10-01,False,149070.33332977648,148743.24311723432,309.69628399722524,2.2721863621219787,-19.666114907053803,327.090212542157,0.002082086402762734,0.002199025688073479,2272.1863621219786,66719.82401939742,-31041.323104091225,123.70781377789119,185.98847021933406,143,136,0.0057542761634465376,42.0739367841327,84.85471659196148,0.21239579485226845,0.06122774749055072
2022-10-02,False,149374.6322957471,149070.33332977648,288.40832340748125,3.3716457478358905,-19.26228831098302,304.2989659706284,0.0019347130778158146,0.0020413113674164255,3371.6457478358902,66109.07540604034,-30245.99852957742,-3.963320468964893,292.3716438764462,143,136,0.0057542761634465376,42.024293204959754,84.85471659196148,0.20961921166191647,0.06161320626997158
2022-10-03,False,147736.44216601047,149374.6322957471,-1643.951545400181,3.9951668695875706,-9.756582533122277,-1638.1901297366462,-0.011005560449818,-0.010966990208171294,3995.1668695875705,65527.27233871189,-29672.122103186903,6.785602839193311,-1650.7371482393742,143,136,0.0057542761634465376,42.28558277289251,84.85471659196146,0.21160233710901727,0.06260266040327755
2022-10-04,False,148046.19798363317,147736.44216601047,305.4367104871023,3.669018606648097,-7.988125742245714,309.7558176226999,0.0020674432523824083,0.0020966784706689316,3669.0186066480974,64106.94063176276,-27767.210587533154,-68.67126149691094,374.10797198401326,143,136,0.0057542761634465376,41.647868519103426,84.85471659196146,0.21129245891440285,0.06039641508972642
2022-10-05,False,148525.3635620786,148046.19798363317,464.5154527980686,1.9354838814157915,-16.585609528771894,479.1655784454247,0.003137638515035839,0.0032365949613808896,1935.4838814157918,63177.820284005094,-26494.30685467286,224.75511097129984,239.76034182676878,143,136,0.0057542761634465376,41.284735304385784,84.85471659196146,0.20836552060663732,0.05943404727411292
2022-10-06,False,149140.5067704332,148525.3635620786,607.130418682731,1.31191961764124,-9.324709289503994,615.1432083545938,0.004087722151435576,0.0041416711166472565,1311.91961764124,62412.77077258949,-24851.89774473678,-9.849764293018215,616.9801829757492,143,136,0.0057542761634465376,40.82401060067767,84.85471659196148,0.20542050972791237,0.059833942120345464
2022-10-07,False,149331.6094300011,149140.5067704332,192.9652267594394,14.750023825201232,-12.887456633663662,191.10265956790184,0.0012938485387907663,0.0012813598646413313,14750.023825201231,61762.43263000548,-23819.427927620112,11.261145361249554,181.70408139818983,143,136,0.0057542761634465376,41.163255716465834,84.27694980808899,0.20590295565704958,0.06118889762857793
2022-10-08,False,149950.14780679173,149331.6094300011,608.4519271712628,0.8763921318793698,-10.962841751266607,618.5383767906501,0.004074501905482198,0.004142045874625015,876.3921318793698,61438.89956667453,-23209.930007380673,-72.33035266386685,680.7822798351295,143,136,0.0057542761634465376,40.47837939734168,84.27694980808901,0.20275543286279912,0.06200447849633923
2022-10-09,False,149342.65323604134,149950.14780679173,-618.4994198803746,1.5668063470303608,-12.571655477008179,-607.4945707503967,-0.004124700301578234,-0.004051310249678069,1566.806347030361,61540.12245125513,-23133.582190337613,-675.235311543749,56.73589166337442,143,136,0.0057542761634465376,40.71165121767017,84.27694980808899,0.20263388259170323,0.06229174029841742
2022-10-10,False,151749.4410978487,149342.65323604134,2396.729374138303,0.7601846644470208,-10.818672333491298,2406.787861807347,0.016048525469479824,0.016115877210265802,760.1846644470209,61241.600576535115,-23335.657419818675,66.40365895852908,2330.3257151797734,143,136,0.0057542761634465376,40.572262316353275,84.276949808089,0.20355146308118702,0.061528595360110676
2022-10-11,False,152150.07785941687,151749.4410978487,392.81210926124436,3.857383072393899,-11.68203537931036,400.63676156816086,0.0025885572060061653,0.002640120178827074,3857.383072393899,60973.68524267576,-23131.263436986977,315.58344607956377,77.22866318168062,143,136,0.0057542761634465376,41.56864186509637,84.27694980808899,0.20549637306085738,0.06429427517784574
2022-10-12,False,152687.803986405,152150.07785941687,531.6362208413716,3.2749987814738524,-9.364904928223073,537.7261269881208,0.0034941567452406504,0.003534182397757083,3274.9987814738524,60745.25612749491,-22844.669218100244,122.07004856909663,409.5661722722749,143,136,0.0057542761634465376,42.51552771590631,84.27694980808901,0.2104889346092893,0.06479981318270328
2022-10-13,False,153434.22816106744,152687.803986405,744.3578151041299,2.108380832719542,-4.174740391040833,746.4241746624513,0.004875031244606845,0.0048885644771530755,2108.380832719542,60317.59259714386,-22358.478723861583,-107.92766637805103,852.285481482181,142,135,0.0057542761634465376,43.19756958834726,83.65520394078051,0.2133680841819715,0.06430929534490151
2022-10-14,False,153401.5679621932,153434.22816106744,-18.150310562206244,20.187397958495772,-5.6775096464416706,-32.660198874260345,-0.00011829375218124714,-0.0002128612322406662,20187.397958495774,62470.84007252867,-21951.34715765951,-200.68813899600752,182.5378284338013,143,136,0.0057542761634465376,43.36703657400338,85.14096084139527,0.21431733320968915,0.06658133068884817
2022-10-15,False,151128.03256541427,153401.5679621932,-2264.886880965453,3.0099720279045488,5.638543785561613,-2273.535396778919,-0.014764431101014882,-0.014820809376206941,3009.9720279045487,64739.48138534639,-22291.724724075622,-403.0828112575454,-1861.804069707908,143,136,0.0057542761634465376,44.61779338026784,85.14096084139528,0.221461298291012,0.06731801679904673
2022-10-16,False,150078.13874077555,151128.03256541427,-999.4683909406731,4.8512523798135,45.57418131822618,-1049.8938246387127,-0.006613388489048602,-0.006947048848692426,4851.2523798135,65008.33670698305,-20934.10425688352,-357.8615344674864,-641.6068564731868,143,136,0.0057542761634465376,44.508035559561115,85.14096084139528,0.22313772054563277,0.06735051241810301
2022-10-17,False,149237.07481834028,150078.13874077555,-839.2330337403926,1.4074462270384147,0.4234424678572073,-841.0639224352882,-0.005591973892946319,-0.005604173462518928,1407.4462270384147,65676.24167707798,-21049.126716075312,97.73340979574836,-936.966443536141,143,136,0.0057542761634465376,44.64039346973542,85.14096084139528,0.2242965194472101,0.06721624946138768
2022-10-18,False,150537.19892639082,149237.07481834028,1293.3434843165144,1.3823109884953704,-8.162934722535592,1300.1241080505545,0.008666368500527396,0.008711803750061024,1382.3109884953703,66172.55585229164,-20875.89604356353,53.423511588974975,1239.9199727275395,143,136,0.0057542761634465376,44.2953499889425,85.14096084139528,0.22425336901103482,0.06734448297182137
2022-10-19,False,152213.3948659036,150537.19892639082,1669.9058004690698,2.4816740672252253,-8.771813110930179,1676.1959395127749,0.0110929777648222,0.011134762380774706,2481.6740672252254,67421.80853887541,-20088.958953534006,-334.1631723055434,2004.0689727746135,143,136,0.0057542761634465376,44.74216248861335,85.14096084139528,0.22082911285517987,0.0710664501882719
2022-10-20,False,152629.17481021964,152213.3948659036,414.7285188539875,4.960574507994185,-6.011999970049644,415.779944316043,0.0027246519218584774,0.0027315594969965374,4960.574507994185,70007.36690914849,-19826.448921833777,34.79271608556637,379.9358027684211,143,136,0.0057542761634465376,45.818246780867376,85.14096084139528,0.22571675089866042,0.07191818084954135
2022-10-21,False,151444.68812720242,152629.17481021964,-1160.7017466278687,20.939988571200207,2.8449478181636403,-1184.4866830172327,-0.007604717434075725,-0.007760552230528882,20939.988571200207,71974.2169642619,-19225.290385947672,-78.9022659558269,-1081.799480672042,144,137,0.0057542761634465376,48.271602659098136,84.42581087625163,0.2375245262229329,0.07267191731825627
2022-10-22,False,150645.83183327227,151444.68812720242,-802.4918394359014,2.4138759669053833,-6.049421472659964,-798.8562939301468,-0.005298910442879761,-0.005274904678460338,2413.8759669053834,72505.46161627228,-19374.123390835262,-379.5107277226515,-422.9811117132499,144,137,0.0057542761634465376,48.760352913573385,84.42581087625163,0.24206528230972474,0.07204343070426089
2022-10-23,False,148796.32445457298,150645.83183327227,-1846.198749372687,0.8561479578746505,2.4524813687317,-1849.5073786992932,-0.012255226227672686,-0.01227718919396483,856.1479578746504,72692.55012856281,-19981.177591013824,197.2591163345053,-2043.457865707192,144,137,0.0057542761634465376,49.173556778049885,84.42581087625165,0.24452912600172666,0.07231257247969314
2022-10-24,False,149351.02596442823,148796.32445457298,555.4742410958094,3.8851303287259187,-3.1123990881753554,554.7015098552588,0.0037331180264832,0.0037279248119103056,3885.130328725919,71276.41731751026,-20353.73548946536,-122.75517826302605,678.2294193588355,144,137,0.0057542761634465376,48.76476301291872,84.42581087625165,0.24590628018694213,0.0703872582418648
2022-10-25,False,146937.48795649715,149351.02596442823,-2412.8546215484484,1.6960962136700433,-1.0127098310302425,-2413.538007931088,-0.01615559455295025,-0.016160170258930354,1696.0962136700434,69746.39956383775,-20522.507786426195,76.56663834842338,-2489.4212598968716,144,137,0.0057542761634465376,48.63197104378725,84.42581087625163,0.2418339137871867,0.07053331869052785
2022-10-26,False,144973.5629956607,146937.48795649715,-1962.8787169846964,4.9063217294473525,-3.8600778776929316,-1963.924960836451,-0.013358597212209273,-0.013365717545259096,4906.3217294473525,67412.69540051106,-21998.821624187734,-207.93548740007677,-1754.9432295846195,144,137,0.0057542761634465376,47.52836377861984,84.42581087625165,0.2384243366745121,0.07110439169492717
2022-10-27,False,145231.66515633208,144973.5629956607,258.5504090335994,6.744510718832101,-6.2962623566140845,258.1021606713814,0.0017834314318489796,0.0017803395000997998,6744.510718832101,62215.192423863504,-22506.324521891438,-249.1904836265445,507.7408926601439,144,137,0.0057542761634465376,45.012770431962004,84.42581087625163,0.22779017075381416,0.07039937299441965
2022-10-28,False,143106.69217793003,145231.66515633208,-2113.4807102919403,18.067347704961126,-6.575079594843888,-2124.972978402058,-0.014552478676168322,-0.014631609271398685,18067.347704961125,64541.326035994396,-30398.172586722456,-666.2546513994876,-1447.2260588924532,144,137,0.0057542761634465376,47.78272890650412,85.562101351261,0.24154525180754075,0.07049025471562374
2022-10-29,False,142412.85452385986,143106.69217793003,-698.4934921525194,7.476157717947771,-12.131995800285784,-693.8376540701813,-0.0048809282188149224,-0.004848394184162306,7476.157717947771,59164.589372932605,-36171.0502318177,710.9405968578562,-1409.4340890103758,144,137,0.0057542761634465376,47.59927192479876,85.56210135126099,0.24372733712221645,0.07032012378378656
2022-10-30,False,143069.01721753707,142412.85452385986,644.1739269731644,7.879583507882322,-19.868350211933006,656.1626936772151,0.004523284988050285,0.004607468166206032,7879.583507882322,61410.30742952704,-40980.124873112145,-180.36158843743146,824.5355154105958,144,137,0.0057542761634465376,46.85517415049065,85.56210135126099,0.24272024059291453,0.06886689892924822
2022-10-31,False,142344.14362427322,143069.01721753707,-748.5490305848098,5.105483090978051,-28.780920411940947,-724.8735932638468,-0.005232083403820672,-0.005066600773259477,5105.483090978051,63141.70647644506,-44603.53761532891,115.99339499440158,-864.5424255792112,144,137,0.0057542761634465376,46.20275476996336,85.56210135126099,0.23819837730902257,0.06870419673141721
2022-11-01,False,143314.68910961656,142344.14362427322,945.9876635174992,5.813750556083551,-30.371572381945704,970.5454853433614,0.006645778599887441,0.0068183028864551,5813.750556083552,64249.029969098985,-46312.90204296986,-138.59509756115696,1084.5827610786562,144,137,0.0057542761634465376,44.63271246483781,85.56210135126099,0.23027703235253863,0.06769066392595009
2022-11-02,False,144447.52631816216,143314.68910961656,1111.867523135958,4.544369107505656,-25.51405451715285,1132.837208545605,0.007758224436334841,0.007904543599708306,4544.369107505656,64916.63106134425,-48926.05019379626,29.746064803088807,1082.1214583328692,144,137,0.0057542761634465376,43.90684859308659,85.56210135126099,0.22460559163216484,0.06789014602284485
2022-11-03,False,140334.7509878586,144447.52631816216,-4126.571196289438,4.870506595994483,-18.66637258186296,-4112.775330303571,-0.02856796029306999,-0.028472452489388525,4870.506595994482,64651.476448958725,-50021.09654901875,169.99461369012997,-4296.565809979569,144,137,0.0057542761634465376,43.24925117305895,85.56210135126099,0.2191916397285708,0.06836324061059026
2022-11-04,False,138440.4286551584,140334.7509878586,-1931.719121138877,9.604234366671761,-47.00102280536226,-1894.3223327001865,-0.013765080334991325,-0.013498597598709377,9604.23436667176,63967.988553833085,-47241.05273845556,39.220041809110676,-1970.9391629479878,145,138,0.0057542761634465376,39.412532508602915,85.03276266698164,0.20713372688245377,0.06430973061804342
2022-11-05,False,138615.1579657935,138440.4286551584,142.6805866745583,8.824025488024345,-40.872749448572705,174.72931063510666,0.001030628033014559,0.0012621263335606994,8824.025488024345,65413.184669114475,-45472.39691634509,-395.126348775341,537.8069354498992,145,138,0.0057542761634465376,35.52359510718627,85.03276266698164,0.19077236058482808,0.059888099850785324
2022-11-06,False,139640.82526270786,138615.1579657935,1006.5146848811975,2.5949619063105973,-21.747573939454597,1025.6672969143415,0.007261216591691785,0.007399387714635427,2594.9619063105974,66744.76873170456,-46002.975687678285,-348.0798587946769,1354.5945436758745,145,138,0.0057542761634465376,33.836605974227396,85.03276266698167,0.17916667287926735,0.06126341499613376
2022-11-07,False,139107.45405240043,139640.82526270786,-546.5332454562681,3.179085251567528,-16.341120400412276,-533.3712103074233,-0.00391385001075487,-0.0038195936561101385,3179.085251567528,66478.83016423161,-47202.10908176938,181.18893223257896,-727.722177688847,145,138,0.0057542761634465376,33.393789598651104,85.03276266698164,0.17456973816658442,0.06153313326189081
2022-11-08,False,144030.24559405554,139107.45405240043,4904.277296570457,3.6014509114408852,-22.115695996097536,4922.791541655113,0.03525531633066236,0.03538840945073113,3601.4509114408847,65313.77998322394,-46623.90851196705,-715.6156317217619,5619.892928292219,145,138,0.0057542761634465376,31.891018780282668,85.03276266698167,0.16972376911057965,0.06268009327163315
2022-11-09,False,148123.25116040098,144030.24559405554,4044.8448159389854,4.741479528923503,-52.902229935379296,4093.005566345441,0.02808330152639777,0.028417680949329498,4741.479528923503,63710.22624524571,-45167.624730179436,-655.1248250211636,4699.969640960149,145,138,0.0057542761634465376,33.593591339742225,85.03276266698164,0.17127405726915268,0.05861358637935265
2022-11-10,False,145017.61199627764,148123.25116040098,-3194.9455139819165,13.039588286547692,-102.34593814513603,-3105.639164123328,-0.02156950707571323,-0.02096658789078473,13039.588286547692,58736.95440623827,-45429.21424060851,524.315436156664,-3719.2609501385805,145,138,0.0057542761634465376,38.87375578745067,85.03276266698167,0.19310204545227733,0.05619326691990101
2022-11-11,False,145944.2897787958,145017.61199627764,917.9962949944785,14.594888411742993,-23.276375935406257,926.6777825181417,0.0063302400471057394,0.006390105103523067,14594.888411742993,59388.94541556036,-45955.78381234186,-61.55511704516912,979.5514120396476,145,138,0.0057542761634465376,41.893206836639806,84.13129626742881,0.2208156664564946,0.048615030047105684
2022-11-12,False,147537.9530898554,145944.2897787958,1575.9293482612813,3.420984539089095,-21.15494733741578,1593.6633110596078,0.010798156958726369,0.010919668823460545,3420.984539089095,61005.378042610886,-47141.830909913086,-126.94175445551895,1702.8711027168004,145,138,0.0057542761634465376,44.409582638826414,84.13129626742878,0.2273696409771862,0.05044748357118413
2022-11-13,False,146896.1008826755,147537.9530898554,-653.3569969991269,5.164046683845147,-16.66883650307754,-641.8522071798945,-0.004428399495289265,-0.004350420984822703,5164.046683845147,63326.57571640208,-50661.18771819101,-106.96114333634046,-546.3958536627864,145,138,0.0057542761634465376,47.707004082223406,84.13129626742878,0.2412481840387735,0.05427102509241707
2022-11-14,False,146203.220973042,146896.1008826755,-658.8325917856214,2.572945849311334,31.474371998562525,-692.8799096334952,-0.004485024366384133,-0.00471680259360248,2572.945849311334,63895.190741404695,-53387.250612155345,161.7330521582224,-820.5656439438438,145,138,0.0057542761634465376,50.42508610362878,84.13129626742878,0.2549169919412807,0.05678564488347162
2022-11-15,False,145513.90013203115,146203.220973042,-696.6548063178026,1.3698394085846166,-8.70380471551645,-689.3208410108708,-0.004764975776055281,-0.004714812959818257,1369.8394085846166,66048.49541281517,-55008.76820928043,87.12426731915596,-783.7790736369585,145,138,0.0057542761634465376,51.92734385423093,84.13129626742878,0.26592877562700595,0.056593440147147615
2022-11-16,False,146352.55794188025,145513.90013203115,824.6738615967527,2.848574594287609,-16.8325228466223,838.6578098490874,0.005667320172495479,0.005763420601661672,2848.574594287609,68770.5446390957,-53794.67986658113,-155.01962299395692,979.6934845907097,145,138,0.0057542761634465376,52.65090387403704,84.13129626742878,0.27079241471757903,0.05743162879968982
2022-11-17,False,146712.78187382472,146352.55794188025,343.1141182696262,3.4703289732043983,-20.580142648047385,360.2239319444692,0.0023444354037589436,0.002461343600755662,3470.3289732043977,68561.30580902353,-52943.03343116311,277.4106536114006,65.70346465822551,145,138,0.0057542761634465376,53.78459236554593,84.13129626742878,0.2725058339722099,0.05923065153119161
2022-11-18,False,146882.4465222179,146712.78187382472,157.4965757224178,5.199263984408875,-17.367336655185966,169.66464839319488,0.0010735027562756413,0.001156440810583969,5199.263984408874,72473.97731307155,-52965.7669134367,228.52988387635253,-71.03330815393475,145,138,0.0057542761634465376,54.074945645462,82.34298218753496,0.27334410822927274,0.06197205865556737
2022-11-19,False,146416.84987527362,146882.4465222179,-478.0479608699514,5.857401217507701,-18.30871514316427,-465.59664694429483,-0.0032546296183706357,-0.003169859012893465,5857.401217507701,76763.99116918245,-48508.87146033928,-119.12244722172049,-358.9255136482309,145,138,0.0057542761634465376,54.26274819350757,82.34298218753496,0.27489055002983737,0.062092781797439996
2022-11-20,False,148640.78519592556,146416.84987527362,2213.9350287987354,3.123225438292443,-13.123517291509469,2223.935320651952,0.015120766706049843,0.01518906684952196,3123.225438292443,78146.05652008738,-46439.91568875631,20.848932338581026,2193.0860964601543,145,138,0.0057542761634465376,54.59087992921749,82.34298218753496,0.27845965364118164,0.061037166238927146
2022-11-21,False,149497.08739267505,148640.78519592556,861.8160535808946,8.095882074825669,-2.5820252434138835,856.3021967494828,0.005797978343863849,0.005760883162859901,8095.882074825668,77863.3045564541,-42873.59297174433,437.14511686092874,424.67093671996577,145,138,0.0057542761634465376,55.45525603693747,82.34298218753496,0.27974584151695586,0.06394224709407782
2022-11-22,False,145485.73256376802,149497.08739267505,-4019.551664448254,6.123319315961787,-14.320154857196957,-4011.354828907019,-0.026887157031296124,-0.02683232763171254,6123.319315961787,79651.82742878405,-40702.74993998223,-1722.366180491504,-2297.18548395675,145,138,0.0057542761634465376,56.51973494990062,82.34298218753496,0.2857937748497868,0.06528751092018448
2022-11-23,False,145283.4096768208,145485.73256376802,-196.57882190671637,5.8836497670051475,-0.13958472650314757,-202.32288694721836,-0.0013511896901680972,-0.0013906716719355142,5883.649767005148,74346.2082619642,-42482.78592686352,1320.5664722986555,-1517.145294205372,145,138,0.0057542761634465376,57.172361312683705,82.34298218753496,0.2954500140021262,0.06315599273173648
2022-11-24,False,147196.88441165426,145283.4096768208,1897.0689991373524,2.6091524717460417,-19.01488816786054,1913.474734833467,0.013057712531371156,0.013170634823961953,2609.1524717460416,74576.7395020774,-42371.913614101824,1506.9047651255585,390.164234011794,145,138,0.0057542761634465376,57.09939237013843,82.34298218753497,0.29661271624202196,0.06077550940723678
2022-11-25,False,145351.95097778132,147196.88441165426,-1839.8022109345634,25.633965991016886,-20.502743052642458,-1844.9334338729377,-0.012498920872464457,-0.01253378046177495,25633.965991016885,77665.61256460863,-42060.93626424378,-1587.7804091750886,-252.02180175947493,145,138,0.0057542761634465376,55.984560420166794,81.66953505828637,0.2850738335698585,0.06237592277739666
2022-11-26,False,144228.18396385325,145351.95097778132,-1142.2868655541768,1.6143588210488757,-20.134210447168346,-1123.7670139280574,-0.007858765278828546,-0.007731351429192979,1614.3588210488756,77384.4586469199,-44282.37105246015,-774.1842777444663,-368.1025878097104,145,138,0.0057542761634465376,56.030445394393986,81.66953505828637,0.28845402628993017,0.06154560061534433
2022-11-27,False,143509.79925510928,144228.18396385325,-743.1991460054294,2.5629291570309585,-27.37736641849228,-718.384708743968,-0.005152939776262394,-0.004980889927339104,2562.929157030959,77710.47997129589,-46067.78766239579,-341.70547162363,-401.4936743817994,145,138,0.0057542761634465376,56.016994361733296,81.66953505828637,0.288381516768741,0.061283542117620646
2022-11-28,False,141569.84514828987,143509.79925510928,-1966.6986183413117,2.426096041696844,-29.170607563599564,-1939.954106819409,-0.013704281021571374,-0.013517920845048789,2426.0960416968437,77740.89929743172,-47951.27049809047,-45.1963430561438,-1921.5022752851678,145,138,0.0057542761634465376,55.954449340660474,81.66953505828637,0.289603757626726,0.06126764241522763
2022-11-29,False,140755.45786766201,141569.84514828987,-826.0851613923425,4.834800780790545,-16.53268154529212,-814.3872806278408,-0.0058351774032601705,-0.0057525476543030495,4834.800780790544,74867.85865422591,-47961.567483281004,-408.8224384912509,-417.2627229010915,145,138,0.0057542761634465376,55.37838596718443,81.66953505828636,0.2863020565606143,0.06146101505496899
2022-11-30,False,139354.54962802664,140755.45786766201,-1417.6876356700664,4.471986974093011,-21.251383008794793,-1400.9082396353645,-0.010071990508552594,-0.009952780949726975,4471.986974093011,72478.04587287595,-50721.05178303592,-35.9069098429519,-1381.7807258271143,145,138,0.0057542761634465376,55.038286317257985,81.66953505828636,0.28518436049003315,0.06079910322604807
2022-12-01,False,139309.78814798713,139354.54962802664,-55.67174456629073,7.075954855301694,-17.986219382080037,-44.761480039512385,-0.0003994971439030374,-0.0003212057314166804,7075.954855301694,68674.79489622418,-52998.45741697773,-558.1979338826582,502.52618931636755,143,136,0.0057542761634465376,53.77383358674179,80.48882937408543,0.2804622243825271,0.058380304834703196
2022-12-02,False,138811.45176112757,139309.78814798713,-484.0285383102555,28.845786875328923,-14.537938326017294,-498.33638685956714,-0.003474476163843403,-0.0035771814276983204,28845.786875328922,55125.59010348547,-52694.9866524127,-14.581830146238994,-469.4467081640164,141,134,0.0057542761634465376,50.3483720674528,79.48184361430762,0.25885243920374396,0.05814125244274435
2022-12-03,False,140796.6155604952,138811.45176112757,1998.4847062966642,7.7411177305971925,5.579789198412875,1985.163799367654,0.014397116959310667,0.01430115292493162,7741.117730597192,59513.95253785074,-59349.69009227105,-1.7836320293047572,2000.2683383259687,141,134,0.0057542761634465376,51.65915916868086,79.48184361430764,0.26891399806027283,0.05796033709438214
2022-12-04,False,143259.7912624766,140796.6155604952,2471.5963925212895,7.272533924625868,1.1481566152857887,2463.175701981378,0.017554373609636475,0.017494566131265,7272.533924625868,63776.44227050767,-63612.37356162263,1.646516704183361,2469.949875817106,141,134,0.0057542761634465376,54.70547233960488,79.4818436143076,0.2832535364266451,0.058756521643164694
2022-12-05,False,144045.24977036892,143259.7912624766,777.0178817375063,3.9871194104578636,-12.427745565264493,785.4585078923129,0.0054238378744659475,0.005482756193977819,3987.1194104578635,64348.43779845702,-64178.139290410996,-1.0556841267756478,778.073565864282,141,134,0.0057542761634465376,55.480743208652854,79.48184361430762,0.28880754351632465,0.057746995403228876
2022-12-06,False,144289.2488184835,144045.24977036892,232.49335907728,1.9361535642908443,-13.441842601586682,243.99904811457583,0.0016140300318678432,0.0016939055505374124,1936.153564290844,64081.009681313626,-63909.33164705696,-0.9017532487983702,233.39511232607836,140,133,0.0057542761634465376,54.62428256938821,78.88414856311358,0.2854967946825649,0.056785757015468744
2022-12-07,False,145625.66556488315,144289.2488184835,1329.3019224443588,1.2332742242981762,-8.348098179607039,1336.4167463996675,0.00921275793816507,0.009262067391319542,1233.2742242981763,63745.341559281114,-63571.91285863272,-3.6688059023794373,1332.9707283467383,140,133,0.0057542761634465376,53.820547383497164,78.8841485631136,0.2825115605146181,0.05710507679315709
2022-12-08,False,146042.17284007798,145625.66556488315,414.68593359095973,2.7120092282471724,-4.533350832120673,416.50727519483326,0.0028476157137712612,0.0028601227234169068,2712.0092282471724,62502.9901301479,-62335.62036924178,1.9762504779869317,412.70968311297275,140,133,0.0057542761634465376,53.141469660390655,78.8841485631136,0.27477116579522065,0.05832385749316307
2022-12-09,False,145132.97197323738,146042.17284007798,-893.54549270924,12.18581125573883,3.4695628756212136,-909.2008668406,-0.006118407274641881,-0.006225604900005229,12185.81125573883,58136.92658990988,-57965.60432804779,-1.888283546077481,-891.6572091631624,139,132,0.0057542761634465376,47.662666051759096,78.63055446437534,0.24705731749536147,0.05688456400254851
2022-12-10,False,145286.11614518554,145132.97197323738,161.90520254522815,2.085735571573403,6.6752950254968075,153.14417194815795,0.001115564577393782,0.0010551990348299204,2085.735571573403,56943.04817847338,-56775.50248370344,-0.08387796511722767,161.9890805103455,139,132,0.0057542761634465376,47.070328736863786,78.63055446437535,0.24552913459478026,0.05763010578128636
2022-12-11,False,146227.8218241936,145286.11614518554,939.0490616083055,1.7521671330808728,-4.408784532838961,941.7056790080635,0.006463446656319909,0.006481732074570771,1752.1671330808726,55838.9831962983,-55671.6052574586,-2.607736268341208,941.6567978766468,139,132,0.0057542761634465376,46.50090503853865,78.63055446437535,0.24173934602743796,0.05734248553824004
2022-12-12,False,145178.48010683982,146227.8218241936,-1054.2955234490832,1.65064306136742,-6.604449156650704,-1049.3417173538,-0.007209951637771359,-0.007176074321994619,1650.64306136742,54558.45956791988,-54396.297101616845,-1.1846114501296914,-1053.1109119989535,139,132,0.0057542761634465376,46.495269413419365,78.63055446437534,0.23781979738619266,0.057353419075425974
2022-12-13,False,144296.0697359523,145178.48010683982,-877.7449990358275,3.340896417416232,1.324475434264146,-882.410370887508,-0.006045971816138845,-0.0060781072390214035,3340.896417416232,53192.52577739709,-53032.73253399432,1.0418622363286802,-878.7868612721562,139,132,0.0057542761634465376,46.27779400589249,78.63055446437534,0.2382255560638373,0.05784511059345725
2022-12-14,False,143740.86240357827,144296.0697359523,-555.547074249097,3.4144152951921796,-3.7541571702506964,-555.2073323740385,-0.003850049937366235,-0.003847695459689329,3414.4152951921797,50686.04989277692,-50524.172924901504,-1.9742351966422664,-553.5728390524548,138,131,0.0057542761634465376,45.304568700543385,78.03083360000062,0.23492341770485736,0.05638194556842492
2022-12-15,False,144191.92858825493,143740.86240357827,447.61409641725174,4.10476619130972,-7.556854450717575,451.06618467665965,0.0031140351388771748,0.0031380511925009212,4104.76619130972,47616.87783673786,-47458.94933925573,-2.2836175806060552,449.89771399785775,138,131,0.0057542761634465376,44.956165603340736,78.03083360000063,0.23206491732010712,0.05727578214079208
2022-12-16,False,147570.08217654526,144191.92858825493,3390.9953866640612,9.20670331032465,3.6350950634107724,3378.153588290326,0.02351723442403747,0.023428173971767594,9206.70331032465,49072.17887473461,-48918.81761241368,-8.562239457295032,3399.5576261213564,138,132,0.0057542761634465376,49.444388733907466,78.81835884407263,0.25449236637654477,0.05848265165679014
2022-12-17,False,146729.13703717108,147570.08217654526,-794.1847628578244,8.116647423781105,38.64372909257159,-840.9451393741771,-0.005381746429521551,-0.005698615376307194,8116.647423781105,52220.44839766818,-44867.870514358336,-46.05457706027002,-748.1301857975543,139,132,0.0057542761634465376,50.608695326895976,78.81835884407262,0.25568715918194396,0.05823595511329085
2022-12-18,False,146572.99779470143,146729.13703717108,-131.93330728046018,4.638158607865981,19.567776581321034,-156.1392424696472,-0.0008991622928105776,-0.0010641324935352972,4638.158607865981,55678.80482094012,-42351.85517018629,-6.742897101438266,-125.19041017902185,139,132,0.0057542761634465376,51.07676648523887,78.81835884407262,0.26064678698687854,0.05774057196728918
2022-12-19,False,145034.11061467044,146572.99779470143,-1531.8721571813592,3.8147247431147204,3.200298106510849,-1538.8871800309848,-0.010451257600168535,-0.01049911786744267,3814.7247431147202,58461.285872472305,-39987.86816317761,71.31374327506964,-1603.1859004564287,139,132,0.0057542761634465376,51.68512922481052,78.81835884407262,0.2621099871585606,0.0583285773105385
2022-12-20,False,144272.88001753984,145034.11061467044,-746.597978775874,7.516780833192315,7.115837521525405,-761.2305971305917,-0.005147740594345082,-0.005248631469551632,7516.780833192315,59687.70798940567,-36401.74326172349,-135.06263913435245,-611.5353396415215,139,132,0.0057542761634465376,52.20846166762568,78.81835884407262,0.2638243105604349,0.058924853155608255
2022-12-21,False,144079.45617352604,144272.88001753984,-193.31609871046606,3.8590314661995944,-3.7512861628727823,-193.42384401379286,-0.0013399337331240898,-0.0013406805491806744,3859.0314661995944,60398.996438761475,-34384.38830026119,37.34798813382455,-230.66408684429078,138,131,0.0057542761634465376,51.67861130194512,78.2167528235802,0.26405068187307656,0.057288676716610386
2022-12-22,False,144070.3212300561,144079.45617352604,-11.773744025109984,2.9517097403978205,-5.590510295593138,-9.134943469914667,-8.171702155045584e-05,-6.340212347076566e-05,2951.7097403978205,61181.62512538322,-32062.17473466305,-51.75769881129848,39.9839547861885,137,130,0.0057542761634465376,51.08415707932841,77.61385014166056,0.2597852399674796,0.05694302264844285
2022-12-23,False,143969.39771247347,144070.3212300561,-98.03246767166496,2.0588870335604406,0.8321628774196963,-100.92351758264509,-0.0006804487338868605,-0.0007005156698546342,2058.8870335604406,63143.98424605304,-30434.68504775845,-91.60772851706875,-6.42473915459621,138,131,0.0057542761634465376,51.06969197332683,78.31600568525407,0.25757894984040847,0.05672338560947409
2022-12-24,False,144292.68340453165,143969.39771247347,345.7829636180732,23.481375443012325,-0.9841038831178999,323.28569205817877,0.002401780997296724,0.0022455167361596137,23481.375443012326,54262.759566149165,-15059.046525740829,133.8784203228928,211.90454329518036,137,130,0.0057542761634465376,46.591940466901534,77.73981371480187,0.22834641972983324,0.05983374369330168
2022-12-25,False,144414.03224073577,144292.68340453165,120.37950442996309,1.995253933101104,-2.964585707274103,121.34883620413608,0.000834273100961559,0.0008409909174946081,1995.2539331011042,55972.37805009519,-13264.54423279933,111.5960233514835,8.7834810784796,136,129,0.0057542761634465376,45.913893101520934,77.13525639919884,0.22589805902937468,0.05916864766917204
2022-12-26,False,144287.8658529548,144414.03224073577,-138.17767304811093,1.8164601460848178,-13.827745413225644,-126.1663877809701,-0.0009568161133938222,-0.000873643549891695,1816.460146084818,57244.8766574898,-11648.222134019215,-110.24323701854767,-27.93443602956326,135,128,0.0057542761634465376,45.09281475321126,76.52912173660258,0.2223794981091058,0.05947734074381062
2022-12-27,False,143941.1041141361,144287.8658529548,-325.61164595961907,26.47824839420032,-5.328155535130231,-346.76173881868914,-0.002256680726648581,-0.0024032633428238345,26478.248394200324,42384.28210316331,-36432.78506788265,39.206027048102634,-364.8176730077217,133,126,0.0057542761634465376,49.27980177300866,86.17808939148928,0.24421435615384868,0.058554141295440974
2022-12-28,False,145648.09095703313,143941.1041141361,1696.9629289821255,1.7754999934731481,-11.799413908358732,1706.986842897011,0.011789286593470494,0.011858925589062312,1775.4999934731482,42727.860497879374,-35738.48212905671,-107.87310414929365,1804.836033131419,132,125,0.0057542761634465376,48.26340434759738,85.4871406876644,0.24117585437548258,0.05823417535698912
2022-12-29,False,145242.9612704072,145648.09095703313,-403.285222264753,2.689350676690516,-0.8448863155024426,-405.1296866259411,-0.0027689015325557823,-0.0027815653742104744,2689.350676690516,43504.502037289174,-35834.73995802258,-32.182225946188865,-371.102996318564,132,125,0.0057542761634465376,48.53832555022315,85.4871406876644,0.23976975625194644,0.058836623118654965
2022-12-30,False,145246.2983441588,145242.9612704072,57.19345153680692,41.352474359319984,12.503903425867971,3.337073751618963,0.00039377778473083163,2.297580359440717e-05,41352.47435931999,56320.47766715426,-49308.939759968605,-128.46336774829942,185.6568192851064,133,126,0.0057542761634465376,53.25595745063538,87.34297517576097,0.2850127379441872,0.039241400732810544
2022-12-31,False,145599.5242250551,145246.2983441588,384.9953424425197,0.7515672547924228,31.017894291430018,353.22588089629727,0.002650637894607678,0.0024319096935560736,751.5672547924228,56269.985159143835,-49522.77358275022,-35.810451453593174,420.8057938961128,133,126,0.0057542761634465376,53.78208265335169,87.34297517576096,0.286130208724012,0.03929097279675609
2023-01-01,False,145414.1997096882,145599.5242250551,-78.11144641565593,0.6986526481401379,106.51441630309705,-185.32451536689314,-0.0005364814674457181,-0.0012728373691691093,698.6526481401379,56364.84448390593,-49836.430888447845,-125.83068941170058,47.719242996044585,133,126,0.0057542761634465376,54.267820153121505,87.34297517576096,0.28767994913870587,0.0396594581489831
2023-01-02,False,144126.6640981529,145414.1997096882,-1265.9281566220852,0.6240640607477534,20.983390852465327,-1287.5356115352984,-0.00870567082959879,-0.0088542632982597,624.0640607477534,56368.50414876207,-50227.468967648485,7.124076863572196,-1273.0522334856576,132,125,0.0057542761634465376,54.34464217392059,86.6437583633824,0.28979698233662937,0.03883155538289123
2023-01-03,False,144321.08770743207,144126.6640981529,234.85767407713502,4.51234312128763,35.92172167664962,194.42360927919776,0.0016295227225768068,0.0013489773769189005,4512.343121287629,59972.41837610483,-54199.272348744926,33.80220626428897,201.05546781284608,132,125,0.0057542761634465376,56.226944435197126,86.64375836338239,0.30213153301522566,0.03945745110407191
2023-01-04,False,143355.1079189689,144321.08770743207,-954.296495025359,1.3673473206673972,10.31594611717022,-965.9797884631967,-0.006612315013589077,-0.006693268487703144,1367.347320667397,60869.8319578156,-55305.68128962813,20.83484381651837,-975.1313388418774,132,125,0.0057542761634465376,56.68402804156856,86.64375836338239,0.3028196833521983,0.04051554974776878
2023-01-05,False,143178.85588233205,143355.1079189689,-158.06347824744645,0.8176882938657752,17.370870095515617,-176.25203663682785,-0.0011026009504788029,-0.001229478594766598,817.6882938657752,61100.22820803004,-55838.73377360959,-59.53502311979593,-98.52845512765057,132,125,0.0057542761634465376,56.62656959372009,86.6437583633824,0.30741047158154683,0.03789194691556439
2023-01-06,False,143886.61768950458,143178.85588233205,908.0471941692492,1.133689151908063,199.15169784481662,707.7618071725246,0.006342048122772437,0.004943200606060024,1133.689151908063,61261.820875915386,-56344.08729463037,175.70734208563385,732.3398520836151,134,127,0.0057542761634465376,57.60142724332824,88.12653329548412,0.3097022808765048,0.040099411237165594
2023-01-07,False,143681.91918454767,143886.61768950458,-202.4172809082882,2.147952625513025,0.13327142309243278,-204.69850495689366,-0.001406783230842829,-0.0014226375478407318,2147.952625513025,61555.76565152344,-56425.48603867705,93.05768313173702,-295.47496404002516,134,127,0.0057542761634465376,57.16746372429636,88.12653329548411,0.3093226813131337,0.039461773603780136
2023-01-08,False,142077.8315420589,143681.91918454767,-1617.1176609755548,4.0850810209214865,-17.115099507696954,-1604.0876424887795,-0.011254844521519088,-0.011164157964986952,4085.081020921486,65726.76749909292,-59990.28275273808,76.64408795867013,-1693.761748934225,132,125,0.0057542761634465376,57.066888936449786,86.72606208157656,0.305175776783074,0.04378984963391557
2023-01-09,False,139656.18663521318,142077.8315420589,-2436.226721632931,4.224081892923482,-18.80589668013309,-2421.6449068457214,-0.01714712770592745,-0.017044495123286343,4224.081892923482,70763.57751568076,-63316.074787694255,120.62471669551277,-2556.8514383284432,132,125,0.0057542761634465376,56.97792818479657,86.72606208157654,0.3040390926591372,0.052394709178912716
2023-01-10,False,137596.39788834145,139656.18663521318,-2071.1737304106828,5.23950361292149,-16.62448715189282,-2059.7887468717113,-0.014830519007515655,-0.014748997495198342,5239.50361292149,75297.15940584513,-65957.49558131174,257.2114594537555,-2328.3851898644384,132,125,0.0057542761634465376,56.36630182272286,86.72606208157654,0.2997473457332375,0.05980455256376912
2023-01-11,False,137149.42639987165,137596.39788834145,-469.5456843673126,3.316297294554845,-25.890493192056404,-446.97148846981105,-0.00341248529447948,-0.003248424343437576,3316.2972945548445,75710.79626885045,-64816.225903602375,-83.29313372053518,-386.2525506467774,133,126,0.0057542761634465376,54.88401928535152,87.42859235005945,0.2959218247180619,0.05943942608938038
2023-01-12,False,134981.59446898883,137149.42639987165,-2187.1856164283868,1.8374891594751621,-21.191174705038534,-2167.8319308828236,-0.015947464556296777,-0.015806350691998608,1837.489159475162,75736.45766506957,-63448.28242849452,243.96099624395825,-2431.1466126723453,133,126,0.0057542761634465376,53.22573828428367,87.42859235005945,0.28722432575520646,0.05789006967719455
2023-01-13,False,131304.80392411296,134981.59446898883,-3653.8033757256817,41.43151752732927,-18.444348377144383,-3676.7905448758665,-0.027068900690494658,-0.02723919923557123,41431.51752732927,83395.9799351067,-41727.10871019611,897.8406996673406,-4551.644075393022,138,131,0.0057542761634465376,51.94967765422764,79.18360134394993,0.2799258723775367,0.0607546648930729
2023-01-14,False,128307.40711892924,131304.80392411296,-3013.157304505142,13.367086613475305,-29.127585934900527,-2997.3968051837164,-0.02294780704479467,-0.02282777716888446,13367.086613475305,75535.12544756205,-32019.90593307546,-36.40067601775176,-2976.7566284873906,138,131,0.0057542761634465376,45.58758039099067,79.18360134394993,0.25086430096835693,0.05375511305734983
2023-01-15,False,127161.28919685555,128307.40711892924,-1138.4554664107932,21.852375902897883,-14.18992023998979,-1146.1179220737013,-0.008872874076206285,-0.008932593587612246,21852.375902897882,58307.49518952859,-13180.687334682721,25.12399669484701,-1163.5794631056401,138,131,0.0057542761634465376,32.52902459818729,79.18360134394993,0.18334851051535825,0.048719792137085445
2023-01-16,False,126826.05324228283,127161.28919685555,-310.2103627836775,23.342596158501667,1.6829956305374933,-335.2359545727167,-0.0024395031282157557,-0.0026363050948134494,23342.596158501667,70017.12429296502,9023.45335740815,-61.98498086217813,-248.22538192149938,138,131,0.0057542761634465376,22.986625608738194,79.18360134394993,0.13151142677781907,0.048169697712027365
2023-01-17,False,126516.93315351657,126826.05324228283,-295.155524823793,9.169953584640586,4.794610357826642,-309.1200887662602,-0.002327246786273015,-0.002437354793149094,9169.953584640587,76286.88189517349,17883.196579265063,104.21779388568905,-399.3733187094821,138,131,0.0057542761634465376,22.259334632431745,79.18360134394993,0.1280637928912332,0.04865793512656236
2023-01-18,False,126189.9683655451,126516.93315351657,-314.5734792189405,5.078870060974297,7.312438691562583,-326.9647879714774,-0.0024864140425948735,-0.0025843559420993547,5078.870060974297,78444.35889484428,22666.91111541557,-1930.707876648809,1616.1343974298684,138,131,0.0057542761634465376,22.353460545519418,79.18360134394993,0.1285277475847687,0.048761824937670006
2023-01-19,False,126685.88976901765,126189.9683655451,508.3951488631007,3.06090806573656,9.412837324798497,495.92140347256566,0.0040288079587308375,0.003929959012557864,3060.9080657365603,77057.21439704856,24699.387730506834,795.6101480735771,-287.21499921047644,138,131,0.0057542761634465376,22.018322317290053,79.18360134394993,0.12600693253123788,0.04899036906697144
2023-01-20,False,125027.54806950768,126685.88976901765,-1613.0232441004964,37.97307579919216,7.345379610285665,-1658.3416995099742,-0.012732461736989576,-0.013090184728019639,37973.07579919216,80688.01198619918,-950.2658629097732,1175.2670780665944,-2788.2903221670904,143,137,0.0057542761634465376,27.308187376021863,82.06025436166517,0.15779338143498917,0.05407855217389421
2023-01-21,False,126860.10696364951,125027.54806950768,1828.0265917561594,7.227216740897623,-11.759519126568811,1832.5588941418307,0.014620990493550175,0.014657240923600611,7227.216740897623,79992.54418780332,3105.221665128909,1365.519620006053,462.50697175010663,143,137,0.0057542761634465376,24.851881464256568,82.06025436166519,0.15220270621987167,0.054382548978615136
2023-01-22,False,129338.70959005723,126860.10696364951,2483.9398156784,3.7814841277693616,1.5557051429058344,2478.6026264077245,0.01958014915114448,0.019538077696229148,3781.4841277693613,81297.86979181557,7395.550862226533,3101.933724494045,-617.9939088156452,143,137,0.0057542761634465376,23.506102445749576,82.06025436166516,0.14392982868182963,0.05558627070611975
2023-01-23,False,127969.68828301861,129338.70959005723,-1364.641529162637,11.171261740942194,-6.791483864951868,-1369.0213070386271,-0.010550913438737,-0.010584776293019928,11171.261740942195,81156.41760888166,9672.610855883679,-44.4719378820902,-1320.1695912805467,143,137,0.0057542761634465376,22.2007716706231,82.06025436166516,0.13764403087177918,0.05803797997377532
2023-01-24,False,128188.10992114768,127969.68828301861,228.03370605750047,6.423018695246708,3.189049233183141,218.42163812907063,0.0017819353091896232,0.0017068232411882405,6423.018695246708,81427.18866918188,14730.988021967749,-671.3877401202948,899.4214461777951,143,137,0.0057542761634465376,20.718744427093505,82.06025436166519,0.13021846384497857,0.06087359628749437
2023-01-25,False,127797.81399733287,128188.10992114768,-379.44830931004344,2.3291734784210636,8.518441026355708,-390.29592381482024,-0.002960089742671558,-0.0030447123688375067,2329.1734784210635,80296.88561761664,17288.19520644631,619.7662669643307,-999.2145762743744,143,137,0.0057542761634465376,20.130019515107982,82.06025436166516,0.12587776512147372,0.05979851423515597
2023-01-26,False,128167.4171886534,127797.81399733287,369.23209128435997,5.747875397831251,-6.118975434003459,369.6031913205322,0.002889189413615994,0.0028920932194368035,5747.875397831251,79663.56604445569,20687.650783844867,371.80671399248484,-2.5746227081248563,143,137,0.0057542761634465376,19.468290599574445,82.06025436166517,0.12151071500905261,0.0629767482992101
2023-01-27,False,127732.99435525725,128167.4171886534,-407.7912114609325,13.405350560061674,13.226271375150784,-434.42283339614494,-0.003181707335653746,-0.0033894951066752413,13405.350560061674,86513.13549221445,33929.22880300877,245.63957293316702,-653.4307843940996,147,142,0.0057542761634465376,24.351963350957444,85.85311166474905,0.13459057538161392,0.06771162711618951
2023-01-28,False,127682.52631072556,127732.99435525725,-35.24596006372599,5.149677770194958,10.072406697766757,-50.4680445316877,-0.00027593465761632585,-0.00039510578129346523,5149.677770194958,87818.14093371852,38522.32969328866,-575.914080276825,540.6681202130989,147,142,0.0057542761634465376,25.802834441992655,85.85311166474906,0.13872337870923943,0.07114933298938057
2023-01-29,False,127152.34104192707,127682.52631072556,-511.1353364651181,3.2348326840293855,15.815099649352405,-530.1852687984999,-0.004003173740635658,-0.00415237138642019,3234.8326840293857,88081.85965312895,41548.88410993918,168.02543356209452,-679.1607700272126,147,142,0.0057542761634465376,26.790628385833273,85.85311166474906,0.14076713160883744,0.07233460329223161
2023-01-30,False,126268.7419229402,127152.34104192707,-883.4196610379104,4.135873262965245,-3.9564153140135367,-883.5991189868621,-0.006947726276990941,-0.006949137638728218,4135.873262965246,87948.22994491726,44970.40604855641,-2048.866298760313,1165.4466377224023,147,142,0.0057542761634465376,28.49327045024323,85.85311166474906,0.14664061348265114,0.07452903221024065
2023-01-31,False,126891.30636293784,126268.7419229402,635.9816632434035,1.4957276161006219,11.921495629651762,622.5644399976512,0.005036730813644544,0.004930471552314922,1495.7276161006218,85086.13998909727,44747.3598461737,1005.7868434862428,-369.80518024283924,147,142,0.0057542761634465376,28.02064962078134,85.85311166474905,0.14360483036108912,0.07178636014848157
2023-02-01,False,130499.31119560855,126891.30636293784,3618.123387084722,8.861766702862464,1.2567877111553711,3608.0048326707038,0.02851356401624608,0.028433822111902558,8861.766702862464,94515.61543205105,53433.56457993812,4121.988558966374,-503.8651718816519,147,141,0.0057542761634465376,33.75225703935406,89.11548072519211,0.16426462182347104,0.11484119956067931
2023-02-02,False,129344.68282590614,130499.31119560855,-1149.9384528318515,8.974993479797767,-4.285076609248971,-1154.6283697024003,-0.008811835421170776,-0.008847773671170572,8974.993479797768,96251.65646445961,56134.18530446042,-1084.500688374196,-65.43776445765546,147,141,0.0057542761634465376,35.161591416583775,89.1154807251921,0.16975954921872038,0.11450533634873294
2023-02-03,False,130733.3077799189,129344.68282590614,1429.4774184164557,41.8953353987896,-1.042870995099662,1388.624954012766,0.011051690623730449,0.0107358487699244,41895.3353987896,98285.99478731584,72946.21804087458,1698.3330449172918,-268.85562650083614,147,141,0.0057542761634465376,53.155914432728466,90.03677676356956,0.26998792216676587,0.11464982348314318
2023-02-04,False,129433.36403577961,130733.3077799189,-1301.6126859531935,3.442426043014209,-5.111367856915937,-1299.9437441392918,-0.009956243807005744,-0.009943477803894193,3442.426043014209,100341.97399393658,75260.35543500385,-1258.3905025686474,-43.22218338454589,147,141,0.0057542761634465376,56.44377437082866,90.03677676356956,0.284898104608312,0.11786073930439663
2023-02-05,False,129180.06553563838,129433.36403577961,-228.78045825609297,3.81042357004792,20.70761831509107,-253.29850014123198,-0.001767553983939184,-0.0019569799643870183,3810.4235700479203,99865.42197393588,75545.80142580191,-344.4030808778723,115.62262262177941,147,141,0.0057542761634465376,58.878017059985176,90.03677676356956,0.29526301273787936,0.12034086290145075
2023-02-06,False,129814.25073970623,129180.06553563838,652.3332964683592,4.571320173279011,13.576772227228146,634.185204067852,0.005049798463590286,0.004909311676211312,4571.32017327901,99395.7372163838,75928.08641548446,610.2375953908894,42.095701077469485,147,141,0.0057542761634465376,59.94531657111569,90.03677676356956,0.3003623632954157,0.12104179873425276
2023-02-07,False,133640.39211932695,129814.25073970623,3845.6751693326332,2.8959531492848756,16.63783656262744,3826.141379620721,0.029624445293326786,0.029473970367803547,2895.9531492848755,99874.96796457419,76929.35895077353,4295.534418895808,-449.85924956317547,147,141,0.0057542761634465376,60.77052321179898,90.03677676356956,0.30475768656397456,0.12098565837726805
2023-02-08,False,132770.2200605786,133640.39211932695,-831.4063799351057,3.790093128093192,34.975585685133716,-870.1720587483327,-0.006221220745841171,-0.006511295312358554,3790.0931280931927,102041.2703673721,79629.47860542095,-924.256470310683,92.85009037557705,148,141,0.0057542761634465376,62.753294924334924,90.03677676356956,0.31849345054805384,0.11931501832467822
2023-02-09,False,126901.13599937719,132770.2200605786,-5846.288387935108,4.09820424025667,18.69746902605255,-5869.084061201417,-0.04403313020997964,-0.04420482287762686,4098.204240256669,99734.84127339046,78218.7563452342,-6330.016638588382,483.72825065327254,149,141,0.0057542761634465376,63.52247183766841,90.03677676356956,0.31843443624880546,0.12037123594674766
2023-02-10,False,126668.51771434992,126901.13599937719,-182.87309126795958,25.493882598680585,24.251311160630536,-232.6182850272707,-0.0014410674091117441,-0.0018330670028707415,25493.882598680586,81334.72917649896,56849.697712142835,-220.622442030999,37.7493507630393,149,141,0.0057542761634465376,44.83881720260832,91.82125705945575,0.22140013097704084,0.11697079106305247
2023-02-11,False,127147.52814858295,126668.51771434992,577.3246188257446,4.7986995072060905,93.5154850855062,479.0104342330323,0.004557759333125449,0.0037816060602623327,4798.699507206091,78541.05752010152,53215.63565682335,749.9391350302485,-172.6145162045042,149,141,0.0057542761634465376,41.07202335616359,91.82125705945575,0.20450593588336902,0.11416644280976156
2023-02-12,False,127962.53038934253,127147.52814858295,831.7535357538085,2.0026504247868253,14.748644569440994,815.0022407595807,0.0065416414134440125,0.0064098944952133054,2002.6504247868252,78408.6100442674,51970.001325870704,769.8263459593214,61.927189794486964,149,141,0.0057542761634465376,39.812474456085,91.82125705945575,0.19917610637257452,0.11203724599534942
2023-02-13,False,127487.96452199022,127962.53038934253,-466.7019507140601,2.8102206434428902,5.053695994815691,-474.5658673523187,-0.0036471766328319637,-0.0037086314713251664,2810.2206434428904,79192.40589137623,50814.79546217426,-586.4248101049127,119.72285939085268,149,141,0.0057542761634465376,38.683293293371904,91.82125705945575,0.19300606821910904,0.11148819098614103
2023-02-14,False,129138.02728975711,127487.96452199022,1657.5481603424244,1.5309897056218296,5.954402869903053,1650.0627677668995,0.013001605026461272,0.012942890522675828,1530.9897056218294,79358.16659683363,49897.45401247192,1888.3117227129214,-230.76356237049674,149,141,0.0057542761634465376,37.595990298616144,91.82125705945575,0.1876953487632652,0.10843769637427852
2023-02-15,False,133234.16779173334,129138.02728975711,4101.213060274939,6.662388139328004,-1.589829840617094,4096.140501976229,0.03175836851737503,0.03171908838893285,6662.388139328004,85053.45471158435,53993.95862041257,4867.803717380673,-766.5906571057341,149,141,0.0057542761634465376,37.6747936109071,91.82125705945575,0.18886026875530906,0.11081563151828722
2023-02-16,False,133519.16111503768,133234.16779173334,294.01938813001937,5.402361441287905,3.623703384396176,284.9933233043353,0.002206786689954933,0.0021390408183419303,5402.361441287905,87181.48857821958,57259.06434498647,-199.13559863223347,493.15498676225275,149,141,0.0057542761634465376,39.23594927154865,91.82125705945573,0.1946834518139913,0.11078394139903172
2023-02-17,False,134961.98153127433,133519.16111503768,1484.8139423453795,31.63184827855036,10.361677830184183,1442.820416236645,0.011120605686445939,0.010806092580176842,31631.84827855036,91955.92635264769,70771.61678076757,1798.546401717705,-313.7324593723256,150,143,0.0057542761634465376,52.13475546428592,91.74580720013978,0.2612691813626219,0.11147471982431355
2023-02-18,False,135568.44587283974,134961.98153127433,620.6891261612249,3.286554382845343,10.938230212957608,606.4643415654219,0.0045989923911823605,0.004493593934265761,3286.5543828453433,95785.8503354401,74509.00488888289,670.4943090519483,-49.805182890723465,150,143,0.0057542761634465376,54.32878215293097,91.7458072001398,0.2731127483300536,0.11208778647413378
2023-02-19,False,134650.27278313634,135568.44587283974,-885.6001956875784,3.3670264594947037,29.205867556311766,-918.1730897033849,-0.006532495006384097,-0.006772763999703967,3367.026459494704,98927.302931657,78071.65599605441,-854.8015311391739,-30.798664548404435,150,143,0.0057542761634465376,56.67155531697799,91.7458072001398,0.2842755238435188,0.11397988892287446
2023-02-20,False,136400.47231628944,134650.27278313634,1773.3226791053594,3.152160495094016,19.970985457185826,1750.1995331530795,0.013169840969883658,0.01299811353499371,3152.1604950940155,99596.79033584628,79175.23691333606,1968.4282549271688,-195.10557582180934,150,143,0.0057542761634465376,58.489590121118965,91.74580720013978,0.2933909156783944,0.11556047592795426
2023-02-21,False,140679.96294315814,136400.47231628944,4306.133078548178,3.467969679579743,23.174481999904913,4279.490626868693,0.03156978128758227,0.0313744560718623,3467.9696795797427,102656.99564693743,82876.11904791626,-861.5744848147762,5167.707563362954,150,143,0.0057542761634465376,60.628276101581974,91.7458072001398,0.3057206218884839,0.11534903362585668
2023-02-22,False,139294.50244410636,140679.96294315814,-1351.3569049368866,5.321021040710548,28.782573074198122,-1385.4604990517953,-0.009605894660939763,-0.009848314358823024,5321.021040710548,101028.42268341949,91722.46780444792,-1423.228009285399,71.87110434851209,149,143,0.0057542761634465376,61.75068912267754,91.7458072001398,0.3088106437754601,0.07773191372357591
2023-02-23,False,137737.00973609017,139294.50244410636,-1526.9931486719397,2.7543117052436967,27.74524763900418,-1557.4927080161876,-0.010962336071265014,-0.011181293451557077,2754.3117052436965,100509.57435003063,91190.20856229788,-1543.5283442872335,16.535195615293453,149,143,0.0057542761634465376,61.98264110067672,91.74580720013978,0.3111699512019017,0.07707505677389932
2023-02-24,False,135252.4626549701,137737.00973609017,-2450.6048716500527,35.96604340402447,-2.023833933991968,-2484.547081120085,-0.017791912836974705,-0.01803834050035339,35966.043404024465,95066.57328805965,79930.50906874292,-2710.546807200618,259.9419355505648,149,143,0.0057542761634465376,49.871523369554325,92.5238039593519,0.24665455989562707,0.07526322715908898
2023-02-25,False,135410.2072599344,135252.4626549701,168.33975207411174,2.1396766584285563,8.455470451372618,157.74460496431058,0.0012446335450730206,0.0011662974696935323,2139.676658428556,92644.1923894665,77249.50777337939,64.73519587754582,103.60455619656598,149,143,0.0057542761634465376,48.595263073560844,92.52380395935194,0.24089878160652,0.0743022647039875
2023-02-26,False,137046.37479192126,135410.2072599344,1660.1075662313422,1.2977694245223548,22.642264819940358,1636.1675319868793,0.012259840670981235,0.012083044292562677,1297.7694245223547,92790.74136500638,76429.12619546195,1781.3427200888632,-121.23515385752061,149,143,0.0057542761634465376,47.32580516401449,92.5238039593519,0.23599641717047468,0.07172194032956548
2023-02-27,False,136512.1249605887,137046.37479192126,-520.6376527039133,2.9032359244004926,10.70894270423587,-534.2498313325497,-0.003798988871426932,-0.003898314217677819,2903.2359244004924,93727.90814424277,76051.60919777885,-555.4266484661216,34.78899576220791,149,143,0.0057542761634465376,46.61319535164498,92.52380395935191,0.23439171633574613,0.07206106757077373
2023-02-28,False,135126.32177044955,136512.1249605887,-1372.5561133409303,1.6569779261083342,11.590098872109397,-1385.803190139148,-0.010054463028373413,-0.010151502590258791,1656.977926108334,92900.27835553067,74629.90435563422,-1537.8700689741654,165.31395563323534,149,143,0.0057542761634465376,45.51856866841431,92.5238039593519,0.2287520413124076,0.06926140527288051
2023-03-01,False,135142.1880919902,135126.32177044955,11.184197065785781,1.9662763026990986,-6.6484007775429586,15.866321540629642,8.27684563543831e-05,0.00011741843730182411,1966.2763026990986,91405.10390336814,72542.56292782375,373.476855388932,-362.29265832314616,149,143,0.0057542761634465376,43.95264240953654,92.52380395935192,0.22172157320122904,0.06871673321499874
2023-03-02,False,133607.9844011139,135142.1880919902,-1531.6119332818116,1.4395992326638782,1.152158361804033,-1534.2036908762796,-0.011333336798122994,-0.011352514803385894,1439.5992326638782,91027.68909641146,71593.82039302945,-1645.7580154555583,114.14608217374649,149,143,0.0057542761634465376,43.30745915569801,92.52380395935191,0.21923617567867093,0.06745156179671469
2023-03-03,False,130228.811014142,133607.9844011139,-3359.482119787607,13.741380723627346,5.949886460666148,-3379.173386971901,-0.02514432153771492,-0.025291702454151598,13741.380723627346,91500.57665172967,79705.37034090664,-3807.4186609805815,447.9365411929747,149,143,0.0057542761634465376,53.752671610488115,92.2349539888631,0.27564714027982645,0.06544058447774342
2023-03-04,False,128652.50463050044,130228.811014142,-1591.2147085702816,2.956934364278744,-17.865259292992228,-1576.3063836415681,-0.012218607358685674,-0.012104129427015897,2956.934364278744,87230.57395136077,74287.88823131066,-1780.0951963581563,188.88048778787436,149,143,0.0057542761634465376,49.889782763936864,92.2349539888631,0.2588952950070492,0.06143449726916325
2023-03-05,False,128358.13090076276,128652.50463050044,-245.4830884740971,45.64064105392546,3.25000020965813,-294.37372973768066,-0.0019081096724789214,-0.002288130577660683,45640.64105392546,49262.94919559073,32845.79229651643,-290.5855740163466,45.10248554224946,148,142,0.0057542761634465376,50.231697208082615,104.34185356786942,0.25602202220364095,0.05971140698654577
2023-03-06,False,128831.5176943472,128358.13090076276,481.48645972419126,3.1075188248637016,4.992147314878233,473.3867935844493,0.003751117723087148,0.0036880156345563946,3107.5188248637014,48199.99055834158,29536.0072934428,574.5841185079285,-93.09765878373719,148,142,0.0057542761634465376,45.34664505702395,104.34185356786942,0.23828989280259086,0.05570768805532038
2023-03-07,False,128142.9848648502,128831.5176943472,-690.1967257889313,3.904452459894449,-5.568348751814038,-688.5328294970117,-0.005357359271559799,-0.0053444439824931345,3904.452459894449,46566.881980762104,26150.888323637562,-944.2051202542059,254.00839446527453,148,142,0.0057542761634465376,41.276009706669065,104.34185356786942,0.21849875029491575,0.052261262952241615
2023-03-08,False,125981.01637014377,128142.9848648502,-2156.3693442876565,3.361744919242848,2.2374054995273496,-2161.968494706427,-0.016827837642161492,-0.016871532194966517,3361.7449192428485,44113.23896949767,22113.739741365724,-2946.5209503876026,790.1516060999461,148,142,0.0057542761634465376,36.79025385175953,104.34185356786942,0.19639275870565165,0.048122579070428266
2023-03-09,False,125972.36450142456,125981.01637014377,-19.64542964436339,4.403691155995188,-15.397252081140346,-8.65186871921823,-0.00015593960273064728,-6.867597173369555e-05,4403.691155995188,40230.98948964993,15556.70735986653,-380.3551324384265,360.709702794063,149,142,0.0057542761634465376,29.998662274014407,104.34185356786944,0.1623894442185285,0.042880200174201306
2023-03-10,False,126208.23907393715,125972.36450142456,244.18717159185962,14.703031249947758,-6.390432170675862,235.87457251258772,0.0019384185774261485,0.0018724310958688113,14703.031249947759,36745.72385666963,7652.2589434822385,-39.9860347713424,284.173206363202,150,143,0.0057542761634465376,23.385929666921687,100.68381013362992,0.13235246999500674,0.03654772988792699
2023-03-11,False,125568.659795611,126208.23907393715,-632.1117636963729,4.7394719392051305,2.728042690563872,-639.5792783261419,-0.005008482554978522,-0.005067650757344409,4739.47193920513,35620.27276876615,3156.9741758689643,-926.1354988736992,294.02373517732656,150,143,0.0057542761634465376,20.793540482328737,100.68381013362992,0.12046951082663976,0.035789004108661385
2023-03-12,False,126402.47887571131,125568.659795611,825.2278289426395,3.8674450797322213,-12.458696237402894,833.8190801003102,0.006571925114800688,0.0066403438681078815,3867.4450797322215,33275.691956190814,-1342.514493234983,1973.6129488643273,-1148.3851199216879,150,143,0.0057542761634465376,19.821966748769956,100.68381013362992,0.11409512594490948,0.036478125540765
2023-03-13,False,126492.83689972774,126402.47887571131,86.58423204765444,3.8744652404188886,-7.648257209200627,90.35802401643618,0.0006849884022669425,0.0007148437658828128,3874.4652404188887,32666.028359254582,-3499.5496922820753,773.974093023821,-687.3898609761666,150,143,0.0057542761634465376,19.925150380609818,100.68381013362992,0.11406595339512939,0.03564398252179782
2023-03-14,False,126868.46873044442,126492.83689972774,375.31746669208803,1.4588029986082311,-1.7731670232013843,375.6318307166812,0.0029671045087684,0.0029695897405988977,1458.802998608231,32669.121016245837,-4228.9227648343185,852.2445672704623,-476.9271005783742,150,143,0.0057542761634465376,20.011993112851084,100.68381013362993,0.11429692008528186,0.03541692305179716
2023-03-15,False,127472.5667757798,126868.46873044442,601.561933981009,0.9633130521579407,-3.499424406514269,604.0980453353654,0.004741618938107772,0.004761609022166759,963.3130521579408,33034.97963193674,-4132.867487428921,-872.3216334401363,1473.8835674211455,150,143,0.0057542761634465376,19.912074576285924,100.68381013362992,0.11400295046082659,0.0343898632363418
2023-03-16,False,127226.18401603324,127472.5667757798,-251.39543667004205,1.5930966717460688,-6.60577359523071,-246.3827597465574,-0.0019721532485671104,-0.0019328296744815447,1593.0966717460688,31640.61616864739,-5050.811134192116,202.1903681590344,-453.5858048290765,150,143,0.0057542761634465376,20.249379650373346,100.68381013362992,0.11280986217978717,0.035774978893894464
2023-03-17,False,128163.26980775337,127226.18401603324,941.7827697288141,6.089487361282391,-1.392509352600515,937.0857917201322,0.007402428808287838,0.0073655104801543,6089.487361282391,30861.25752656819,-765.8060146584626,1979.2379443069092,-1037.455174578095,150,143,0.0057542761634465376,17.083334693873592,101.82506513357045,0.0993134822415014,0.035742846865416726
2023-03-18,False,128328.50125310126,128163.26980775337,167.6752786480474,2.287080263012174,0.15675303715042566,165.2314453478848,0.0013082943256641515,0.0012892262002657563,2287.080263012174,31741.950103109644,485.4593810229353,-125.86619568648688,293.54147433453426,150,143,0.0057542761634465376,17.186324842753606,101.82506513357045,0.10117218092744826,0.034295616661083994
2023-03-19,False,128047.2042489011,128328.50125310126,-281.68131408329805,0.4940427300446914,-0.878352613173747,-281.29700420016894,-0.0021950019779919372,-0.0021920072427665084,494.0427300446914,31673.593540588714,923.8490647272738,40.622432320546935,-322.3037464038449,150,143,0.0057542761634465376,17.44116072089582,101.82506513357045,0.1014505288033117,0.03337827374436656
2023-03-20,False,127791.72874237272,128047.2042489011,-255.46856334966952,1.0115005321814152,-1.0045573534836012,-255.47550652836733,-0.0019951123872496575,-0.0019951666108364865,1011.5005321814153,32325.925991125394,1550.9564380863321,-1108.1499739048295,852.68141055516,150,143,0.0057542761634465376,17.826514326499886,101.82506513357045,0.10406007226064276,0.03356853163100516
2023-03-21,False,127540.03114909404,127791.72874237272,-253.11651472463546,1.1877745618563116,-2.606696007810288,-251.6975932786815,-0.001980695599125329,-0.0019695922087892104,1187.7745618563117,31279.879109130223,1312.368706723023,220.40335450577373,-473.5198692304092,150,143,0.0057542761634465376,17.576965596050808,101.82506513357046,0.1019234925392452,0.034364416067681126
2023-03-22,False,127377.4202101142,127540.03114909404,-163.33696489649049,0.8578574633177195,-1.583883379971867,-162.61093897983633,-0.0012806721421100321,-0.0012749796084787252,857.8574633177195,31977.261888049412,1160.3647289578494,-806.4039924489372,643.0670275524467,150,143,0.0057542761634465376,17.59441129902594,101.82506513357045,0.10268335341188928,0.03321879946363914
2023-03-23,False,128216.30481569805,127377.4202101142,839.7646205313292,3.1223414350970495,-2.2423264876218507,838.8846055838541,0.006592727495549082,0.006585818775416239,3122.3414350970497,33134.189511401026,2522.119757286324,1201.7250571581549,-361.96043662682564,150,143,0.0057542761634465376,17.970779296124558,101.82506513357046,0.10514899688685318,0.03495086726501815
2023-03-24,False,127946.60303766916,128216.30481569805,-225.03268615955716,48.550278331992715,-3.8811864626556405,-269.70177802889424,-0.0017551019465350047,-0.0021034904914517044,48550.27833199272,72976.60738857472,43805.592466483,-642.6253609434794,417.59267478392235,151,144,0.0057542761634465376,21.201479042174388,90.69334566100733,0.12210840150289261,0.03677279262941649
2023-03-25,False,127399.9627089066,127946.60303766916,-544.4064500595468,1.1479266294648387,1.085952073550565,-546.6403287625621,-0.004254950402233551,-0.004272409863055325,1147.9266294648387,72202.62010983966,43068.0989664432,-457.5512270323079,-86.85522302723888,151,144,0.0057542761634465376,21.054183704216065,90.69334566100733,0.12083731680787584,0.03571942456676178
2023-03-26,False,127964.35122668864,127399.9627089066,568.1599819197838,1.7501124650768347,2.0213516726731626,564.3885177820338,0.004459655794546504,0.004430052456699637,1750.1124650768347,72464.348031681,42672.87641509934,591.5380041181801,-23.378022198396195,151,144,0.0057542761634465376,21.016686127107054,90.69334566100733,0.11951876848048969,0.03803741063799817
2023-03-27,False,127921.55255497585,127964.35122668864,-30.61866228488512,2.4358705343683003,9.744138893540077,-42.79867171279349,-0.00023927493861664807,-0.00033445777126612174,2435.8705343683005,74151.82261119378,43764.661593497,-554.9816256171814,524.3629633322963,151,144,0.0057542761634465376,21.025330276630445,90.69334566100733,0.11935542367677746,0.03867815258845047
2023-03-28,False,127123.21723012855,127921.55255497585,-786.7607342340254,1.4857129835975313,10.088877629681013,-798.335324847304,-0.0061503375976921905,-0.006240819540586874,1485.7129835975313,73429.78001205994,42685.07564511505,-499.95471804410255,-286.8060161899228,151,144,0.0057542761634465376,21.18812232093563,90.69334566100734,0.1190300791078424,0.04001726052642804
2023-03-29,False,128140.10006929154,127123.21723012855,1012.292111481207,0.9422517795735929,-5.5329794613593775,1016.8828391629928,0.0079630781342536,0.007999190559519516,942.2517795735928,72309.6113991504,40986.742882245235,1499.4613596220622,-487.1692481408554,151,144,0.0057542761634465376,21.254322677322357,90.69334566100733,0.1204612075483273,0.039334044978237566
2023-03-30,False,127565.33095271267,128140.10006929154,-574.7031131240625,1.8947890264748133,-1.8287855716728545,-574.7691165788644,-0.00448495914091914,-0.004485474229129359,1894.7890264748135,72401.45298043848,41002.120387341325,-849.7923629516564,275.08924982759396,151,144,0.0057542761634465376,21.065756930611737,90.69334566100734,0.12048064651748185,0.039247731720604716
2023-03-31,False,127572.96770589489,127565.33095271267,38.894604661506264,20.08428565351911,11.173565825772018,7.636753182215136,0.00030489949244849406,5.986542836663053e-05,20084.28565351911,62709.52017311655,48036.70727367034,175.59040655410578,-136.69580189259955,151,145,0.0057542761634465376,20.484769922760325,93.27807900205869,0.11718765272517755,0.040722205303259956
2023-04-01,False,127492.55669559969,127572.96770589489,-106.02775709397241,0.6774954144078554,-26.294242213180635,-80.41101029519963,-0.0008311146083738325,-0.0006303138646157246,677.4954144078554,63159.79201855765,48694.18077961393,-71.10979657945308,-34.91796051451935,151,145,0.0057542761634465376,20.535720627799353,93.27807900205869,0.11813399479104043,0.04046323446012002
2023-04-02,False,127177.87529999886,127492.55669559969,-300.1236695167096,1.0833974502411148,13.47432863387023,-314.68139560082096,-0.002354048560131104,-0.0024682334699126945,1083.3974502411147,63722.34463650602,49502.19536952938,-301.640509632996,1.516840116286403,150,144,0.0057542761634465376,20.507403214987836,92.6447375869685,0.11844870792803666,0.038894734139449674
2023-04-03,False,126333.29650746813,127177.87529999886,-830.3416914823105,0.9784912166311113,13.25860983179728,-844.5787925307388,-0.006528979113101427,-0.006640925479675366,978.4912166311113,63869.305444092184,49907.07132064146,-737.0480470027971,-93.29364447951303,150,144,0.0057542761634465376,20.496449544675226,92.64473758696849,0.11856526150066873,0.03986048421120003
2023-04-04,False,125957.83451186494,126333.29650746813,-373.4386477966588,1.20668646373814,0.8166613427870301,-375.461995603184,-0.002955979604114765,-0.0029719955544814645,1206.68646373814,63073.42885628008,49724.93502515859,-144.1633620279106,-229.2752857687483,150,144,0.0057542761634465376,20.55356916864911,92.64473758696849,0.11909588193862158,0.03910311822154372
2023-04-05,False,125692.04859139095,125957.83451186494,-269.86399512403756,1.774500541430399,-5.85257519147772,-265.78592047399025,-0.0021424947179336986,-0.002110118211415851,1774.5005414303987,63296.74496089919,50768.638270043295,-307.2649829622262,37.40098783818852,150,144,0.0057542761634465376,20.972655525744937,92.6447375869685,0.12122083252730818,0.03880095429807988
2023-04-06,False,126234.35830512199,125692.04859139095,549.4539281889747,1.570546598539646,5.573667859400885,542.3097137310342,0.0043714294925304336,0.004314590459846946,1570.546598539646,64027.785518673365,52067.322624648325,444.8816022770229,104.57232591195188,150,144,0.0057542761634465376,21.899868809731544,92.64473758696847,0.1253499976584647,0.03811411033083178
2023-04-07,False,125794.77062371932,126234.35830512199,-426.102381543061,14.05752190057786,-0.5722220409733225,-439.5876814026655,-0.0033754865732602353,-0.003482314064924661,14057.521900577862,65553.4426294128,56497.59935079584,-449.0729265785672,22.97054503550632,150,144,0.0057542761634465376,27.317191617774288,91.05585691371252,0.15648956870659023,0.038486166167212135
2023-04-08,False,125991.49853345734,125794.77062371932,187.45405987402273,1.9416379161787052,-11.2154877801811,196.72790973802512,0.0014901578097768493,0.0015638798716560555,1941.6379161787052,66509.31532880168,57508.260386428665,261.8901360588839,-74.43607618486114,150,144,0.0057542761634465376,28.39227107819608,91.05585691371252,0.16219575560722255,0.03824872874231533
2023-04-09,False,126251.54625185757,125991.49853345734,274.7477207772879,1.7746829447591757,12.925319432308253,260.0477184002205,0.0021806846015433967,0.002064010043750406,1774.6829447591758,68246.24496383018,59357.4832605463,269.262383039936,5.485337737351905,150,144,0.0057542761634465376,29.557395348575955,91.05585691371252,0.16830995909051344,0.0385220073761935
2023-04-10,False,127705.89432910948,126251.54625185757,1458.4005065115432,1.9190050968903958,2.1334241627432124,1454.3480772519094,0.011551545702277571,0.011519447645818526,1919.0050968903956,69024.76575614454,60259.3944088666,1519.6638394982951,-61.26333298675184,150,143,0.0057542761634465376,30.360055839547464,90.41293132074087,0.17252226561736106,0.03860140099341481
2023-04-11,False,128466.0624938903,127705.89432910948,761.968121716247,2.3405358610288123,-0.5405789256046569,760.1681647808228,0.005966585377434398,0.005952490828824249,2340.535861028812,71613.35769830314,62919.73820591421,746.1186700249357,15.849451691311117,150,143,0.0057542761634465376,32.04854141004342,90.41293132074085,0.18128099992453364,0.03845156252163093
2023-04-12,False,127437.01988891324,128466.0624938903,-1046.7293080652794,2.269021456500035,-19.955724544718393,-1029.042604977061,-0.008147905273543046,-0.008010229199840239,2269.021456500035,72436.05497110679,63830.484355533714,-1091.3606654838954,44.631357418616105,150,143,0.0057542761634465376,33.083662782712175,90.41293132074085,0.18531059885769174,0.0390195634177542
2023-04-13,False,127637.15883688569,127437.01988891324,213.2595915914474,0.930825980749026,12.189817638258349,200.13894797244,0.0016734508683375177,0.0015704930023230374,930.8259807490259,72186.661126959,63625.64316745072,337.34402771679856,-124.08443612535096,150,143,0.0057542761634465376,33.71061187642452,90.41293132074085,0.18821513192342612,0.03949483506807163
2023-04-14,False,127913.05281256438,127637.15883688569,271.4663741127624,0.5256153831319401,-4.953216949050302,275.8939756786808,0.0021268600506822916,0.0021615490206207144,525.6153831319401,72601.38806110897,63997.62343753254,329.2805525513339,-57.814178438571005,150,143,0.0057542761634465376,34.911020528731314,90.39250172116182,0.19468801017286214,0.03915211139336383
2023-04-15,False,127386.21787057366,127913.05281256438,-525.4652406471597,1.3545793252043514,0.015122018353762812,-526.8349419907178,-0.004107987645460568,-0.004118695710927235,1354.5793252043513,73061.99221092812,64495.83632263812,-464.755187782292,-60.71005286486771,150,143,0.0057542761634465376,36.802173971298835,90.39250172116182,0.2037692207088938,0.04051226142255768
2023-04-16,False,126646.18437516979,127386.21787057366,-730.0135003289857,1.9175848026974271,8.102410272192639,-740.0334954038758,-0.005730710217573856,-0.005809368609685556,1917.5848026974272,73710.12292796193,65284.097833930326,-620.2731616700627,-109.74033865892298,150,143,0.0057542761634465376,38.21000691546546,90.39250172116184,0.20956916451394905,0.04209611941320931
2023-04-17,False,126256.03476354279,126646.18437516979,-374.3743130442641,1.9161403496300866,13.859158233098537,-390.14961162699274,-0.0029560646843906323,-0.003080626657264578,1916.1403496300868,74640.15185991931,66433.78391032232,-483.83822207229554,109.46390902803134,150,143,0.0057542761634465376,40.08890662589154,90.39250172116182,0.21700143115596507,0.04295724215281869
2023-04-18,False,127316.29312332168,126256.03476354279,1084.1244719982155,1.4777136074231978,22.388398611903604,1060.2583597788887,0.008586714084824587,0.008397684607825534,1477.7136074231978,74913.41220075403,66941.13503479207,1148.6424182298888,-64.51794623167282,150,143,0.0057542761634465376,41.10160051733666,90.39250172116182,0.22150864752433808,0.04466935578073801
2023-04-19,False,125749.32370216877,127316.29312332168,-1520.9380358879512,2.3434849075793136,43.687900357382155,-1566.9694211529127,-0.01194613822454549,-0.012307689634311829,2343.4849075793136,76479.6778150248,68490.72191090856,-1831.955473511231,311.0174376232794,150,143,0.0057542761634465376,42.34459592375298,90.39250172116184,0.22689502095887906,0.04615282500263615
2023-04-20,False,124123.00370775185,125749.32370216877,-1597.313115131306,3.427593649624452,25.579285635984533,-1626.3199944169148,-0.012702359488743377,-0.012933031737560479,3427.5936496244517,73032.58443983059,65369.689219127904,-1684.9127080711482,87.59959293984227,150,143,0.0057542761634465376,40.68895970207659,90.39250172116184,0.22040484424661327,0.044244545402560384
2023-04-21,False,123837.66473390415,124123.00370775185,-210.80499069197344,21.144519592759288,53.38946356296736,-285.33897384770006,-0.0016983555376110194,-0.002298840386746778,21144.519592759287,65521.79160213921,47140.62531297872,-630.0971713153025,419.292180623329,151,144,0.0057542761634465376,30.8241829251255,85.21010799193147,0.17124983673500482,0.04278048331641636
2023-04-22,False,124880.948554548,123837.66473390415,1115.7662688672247,1.768368023320591,70.71408020005956,1043.2838206438446,0.00900991044416676,0.008424608319977593,1768.368023320591,64869.85854372375,45386.94080150561,1463.9505353168456,-348.18426644962113,151,144,0.0057542761634465376,29.131898571920594,85.21010799193144,0.16443789726976946,0.04170520237742737
2023-04-23,False,124162.5980304392,124880.948554548,-708.7104701713815,2.326476061649298,7.313577875767489,-718.3505241087983,-0.005675088781551149,-0.005752282733462925,2326.476061649298,64870.05885001547,44386.109260555444,-766.1780843521392,57.467614180757636,151,144,0.0057542761634465376,28.141936531427824,85.21010799193144,0.16177598060949633,0.039440143775794106
2023-04-24,False,123965.2920841608,124162.5980304392,-191.75931160870397,1.5388439756611223,4.007790694036434,-197.3059462784015,-0.0015444209017090077,-0.0015890932487578166,1538.8439756611224,63855.2659958619,42926.18692407847,-146.9390673278766,-44.82024428082747,151,144,0.0057542761634465376,27.152502056404444,85.21010799193147,0.1563635554153289,0.0407908688782
2023-04-25,False,124943.07523214194,123965.2920841608,978.413212304135,5.7426740696137655,-5.112609746623342,977.7831479811446,0.007892638301048686,0.007887555714524689,5742.674069613766,67375.41893104701,37180.942480358615,963.3627375150731,15.050474789061752,151,144,0.0057542761634465376,27.6956543905608,85.21010799193147,0.1596761460718377,0.04122713542203264
2023-04-26,False,126015.95782949649,124943.07523214194,1075.322155249807,1.5588316513964873,0.8807262438629859,1072.8825973545477,0.008606496624577858,0.00858697126960539,1558.8316513964871,67724.12989110744,36600.52404126627,668.1372632489062,407.18489200090085,151,144,0.0057542761634465376,27.323034953308685,85.21010799193147,0.15857355380507251,0.041423772619311586
2023-04-27,False,126756.0289945454,126015.95782949649,728.609789150337,1.4363436206285245,-12.897719519208977,740.0711650489174,0.005781885101696157,0.00587283688348627,1436.3436206285246,68036.44910415108,36239.50257588755,1022.633904465354,-294.024115315017,151,144,0.0057542761634465376,27.097108924568833,85.21010799193145,0.15711744201971817,0.041642615379064024
2023-04-28,False,126586.01730474876,126756.0289945454,-147.35527774055754,17.64992955228151,5.006482503794636,-170.0116897966337,-0.0011625109977758815,-0.0013412513088742288,17649.929552281512,76822.03828723644,46515.188456031734,-497.485005992988,350.1297282524305,151,144,0.0057542761634465376,30.665492164591015,85.73556669636773,0.1800871766481226,0.04221370746515538
2023-04-29,False,126203.10131880835,126586.01730474876,-382.12298421714746,0.7562605612595363,0.03674116201734634,-382.9159859404243,-0.0030186824133759398,-0.0030249469419562783,756.2605612595364,76676.93779586909,46178.04102300111,-164.44652973579974,-217.6764544813476,151,144,0.0057542761634465376,30.292292873676175,85.73556669636771,0.17722573322679683,0.04076622172621088
2023-04-30,False,126390.4053803738,126203.10131880835,194.96707642141303,0.3151490658980058,7.347865790050237,187.3040615654648,0.0015448675538400308,0.0014841478506324981,315.1490658980058,76532.11911593529,45693.35788590563,-143.65634740991763,338.6234238313307,151,144,0.0057542761634465376,30.03735374218539,85.73556669636773,0.1768461883415237,0.04092254063165312
2023-05-01,False,125071.01752751916,126390.4053803738,-1306.7298668896,0.34733258108704856,12.310653383961034,-1319.3878528546481,-0.010338837532461242,-0.010438987428546738,347.33258108704854,76383.84566238531,45614.3097261311,-1522.764339561204,216.03447267160385,151,144,0.0057542761634465376,29.576789936371984,85.73556669636771,0.17399552058749895,0.041445173185063126
2023-05-02,False,125300.79562526704,125071.01752751916,229.9268973694793,0.6097459062194887,-0.4609462846184904,229.7780977478783,0.0018383707266064967,0.001837181005562065,609.7459062194887,74778.1083113518,43897.99496685378,474.78088904565413,-244.85399167617481,151,144,0.0057542761634465376,28.896827025250875,85.73556669636773,0.1713818778371754,0.04565676003008764
2023-05-03,False,124737.7816000536,125300.79562526704,-551.4213613977186,8.367636676613404,3.2250271391161824,-563.0140252134481,-0.004400781005787355,-0.004493299682607249,8367.636676613405,82873.68270638579,51118.22599177397,-466.50413950272866,-84.91722189498986,151,144,0.0057542761634465376,34.16786280209163,85.73556669636773,0.20521695567208414,0.047662374043359566
2023-05-04,False,124949.17003011181,124737.7816000536,208.59033123648683,0.44297209511592417,-3.241070916838598,211.3884300582095,0.0016722305668806059,0.0016946624137984404,442.9720951159242,82440.73725874268,50164.24321940361,-102.3023789545247,310.89271019101153,151,144,0.0057542761634465376,33.65291286117168,85.73556669636771,0.20258774496975185,0.047613356777151436
2023-05-05,False,124838.5694644279,124949.17003011181,-102.04513358727417,8.281511650527348,0.2739204461065139,-110.60056568390803,-0.0008166931686115406,-0.0008851644685375191,8281.511650527347,82186.74359127281,54748.28810226884,342.8884530506608,-444.9335866379348,151,144,0.0057542761634465376,37.02043253785723,86.52891478364249,0.22151357072533137,0.0491244542080391
2023-05-06,False,124595.99873582154,124838.5694644279,-220.75508838207543,12.179379240537454,9.636260983742481,-242.57072860635537,-0.0017683243994956097,-0.0019430752022152468,12179.379240537453,85374.01540512845,65801.76649444188,-697.985643978892,477.2305555968166,150,143,0.0057542761634465376,40.95913243872901,90.78386775160183,0.24667754249993076,0.05338152509916552
2023-05-07,False,124478.93187524514,124595.99873582154,-112.26146336827075,13.297578260577772,-8.492181052448004,-117.06686057640052,-0.0009010037602114056,-0.0009395715894907274,13297.578260577771,80847.73149214633,53085.34557089551,-404.59505541246085,292.3335920441901,151,144,0.0057542761634465376,35.78301599281632,86.5289147836425,0.21862611288854097,0.050217950376197716
2023-05-08,False,123459.65829611993,124478.93187524514,-1019.0483908370934,0.6818419665164375,-0.4566536784096833,-1019.2735791252002,-0.008186512974407594,-0.00818832202180794,681.8419665164375,80670.28377901088,52802.15030781514,-2569.2597785014614,1550.2113876643675,151,144,0.0057542761634465376,35.22139220240759,86.5289147836425,0.21530399614899576,0.05237041076089892
2023-05-09,False,123388.09388871507,123459.65829611993,-69.88436663483992,2.557188459786255,-0.8771476897668062,-71.56440740485938,-0.0005660502191511107,-0.0005796582332441827,2557.188459786255,78521.92600751229,51090.448238218974,-61.319841368448635,-8.5645252663914,151,144,0.0057542761634465376,33.87108282540316,86.5289147836425,0.20880527035599822,0.05587924668739621
2023-05-10,False,124743.17094729582,123388.09388871507,1346.9797586365346,1.42788175536344,-9.525181699581125,1355.0770585807522,0.010916610478247511,0.010982235123940804,1427.8817553634399,77548.83621140345,49592.682116220676,1667.4269785280203,-320.4472198914854,151,144,0.0057542761634465376,32.511561487161366,86.5289147836425,0.20300778896958022,0.058846855824762914
2023-05-11,False,123345.07728716101,124743.17094729582,-1402.071078285066,2.605034390931056,-6.582452541184255,-1398.0936601348128,-0.011239662000234412,-0.011207777143371716,2605.034390931056,77404.2843718403,48656.2444166773,-2012.5290724790104,610.4579941939444,151,144,0.0057542761634465376,31.723012809726985,86.52891478364248,0.19946911126322048,0.06071625887084933
2023-05-12,False,122695.9656501507,123345.07728716101,-623.6704664658417,23.536653327804895,1.9045172166657895,-649.1116370103124,-0.005056306098166105,-0.005262566218991525,23536.653327804896,81408.3895030252,25839.15670407587,-189.8574664023173,-433.81300006352444,151,144,0.0057542761634465376,31.369824371031584,84.2646395463562,0.17826740060560622,0.0678324262539813
2023-05-13,False,122625.14681876614,122695.9656501507,-78.02436374304668,3.554325305536434,-10.759857664019686,-70.81883138456342,-0.0006359162938211152,-0.0005771895678012168,3554.325305536434,82924.14854585746,23952.062520485997,-63.367442871474,-14.656920871572709,151,144,0.0057542761634465376,31.970724145929083,84.2646395463562,0.17983430425005345,0.07005060240236487
2023-05-14,False,122425.97834731218,122625.14681876614,-221.49592006698248,2.049234131566922,-24.376682744597048,-199.16847145395235,-0.0018062846472619717,-0.0016242057736192842,2049.234131566922,83435.72410758123,22199.897625375645,217.02651499193718,-438.52243505891965,151,144,0.0057542761634465376,32.50521304060323,84.2646395463562,0.18007451173282615,0.07223656857873928
2023-05-15,False,122945.84733872548,122425.97834731218,604.5332164262604,1.6184402521555348,83.04578476080725,519.8689914132976,0.00493794882905694,0.004246394420786029,1618.4402521555348,84208.73690301745,20567.02645484578,556.882319263283,47.65089716297743,151,144,0.0057542761634465376,33.01071757237562,84.2646395463562,0.1813485278844334,0.0746852246787059
2023-05-16,False,122341.98915216522,122945.84733872548,-598.9178776796551,1.7635181112899594,3.17679076931341,-603.8581865602584,-0.004871395745718757,-0.004911578549673025,1763.5181112899595,84441.45548447134,19408.04155998208,-336.40595460672483,-262.51192307293024,151,144,0.0057542761634465376,33.33721579914836,84.2646395463562,0.18105453471929955,0.0772628235506942
2023-05-17,False,122874.48311436124,122341.98915216522,534.0405596514414,1.7237156741193524,-0.17711821869343414,532.4939621960154,0.004365145305813347,0.004352503714270296,1723.7156741193523,84853.26004056283,18275.325664923035,757.2733222795919,-223.23276262815048,151,144,0.0057542761634465376,33.67028498616985,84.2646395463562,0.1814294544169722,0.08079426130266648
2023-05-18,False,122420.56871762116,122874.48311436124,-459.16701802685577,1.5273533982166654,-6.779974684996886,-453.9143967400756,-0.0037368785315621774,-0.0036941306708701284,1527.3533982166653,85515.00136098929,17802.249909266466,-1211.172669763539,752.0056517366834,151,144,0.0057542761634465376,33.72963320581513,84.26463954635618,0.18145851197611346,0.08018465493848848
2023-05-19,False,121918.11734687113,122420.56871762116,-464.1341788048503,23.16050117722732,15.15669076795411,-502.45137075003174,-0.0037913087944840026,-0.0041043051507872064,23160.50117722732,71965.36790529553,28998.475803774185,170.18858255693502,-634.3227613617853,151,144,0.0057542761634465376,29.455430473127215,85.24881283965559,0.1600732656204662,0.0817755065257535
2023-05-20,False,121881.4861997831,121918.11734687113,-1.204093344247653,14.511935143881376,20.915118599896857,-36.631147088025884,-9.876246208936021e-06,-0.0003004569614851092,14511.935143881376,72698.38348598976,39789.42566694601,98.24799916972276,-99.45209251397046,150,143,0.0057542761634465376,26.910601954577594,88.9370570813692,0.1513781407656234,0.08615857994877957
2023-05-21,False,121760.80825550493,121881.4861997831,-98.38688552574189,3.6900704704508693,18.600988281983543,-120.6779442781763,-0.0008072340483645742,-0.0009901253097649794,3690.07047045087,71912.32553330151,42251.15011155882,-499.2563861256273,400.8695005998853,149,142,0.0057542761634465376,26.04151199995707,88.31384457324718,0.14815345168747873,0.08689623512756005
2023-05-22,False,121700.28733500565,121760.80825550493,-11.470232275366811,48.03345070675915,1.0172375171533694,-60.52092049927933,-9.42029905985634e-05,-0.0004970476244891641,48033.45070675915,31244.928130555425,-2259.6343496286136,216.98934684819577,-228.4595791235626,148,141,0.0057542761634465376,24.448552733246583,96.23811262871826,0.13627933798702963,0.08866154720380753
2023-05-23,False,121810.76984986238,121700.28733500565,118.90481008953157,3.5421373190014673,4.880157913793368,110.48251485673673,0.0009770298221418415,0.0009078246015361522,3542.1373190014674,28609.042280631184,-1502.806334407891,366.9035197206501,-247.99870963111846,148,141,0.0057542761634465376,23.647106007977627,96.23811262871824,0.13330020831668232,0.08998853213795131
2023-05-24,False,121948.44132685165,121810.76984986238,133.79569956050813,4.151472971857637,-8.027250400618595,137.67147698926908,0.0010983897378320302,0.0011302077571544436,4151.472971857637,29538.427094431085,218.49516680134911,-402.68333991739996,536.4790394779081,148,141,0.0057542761634465376,22.933886987782397,96.23811262871826,0.13226034140014542,0.089630547648096
2023-05-25,False,121761.70857967215,121948.44132685165,-198.30091987543994,3.8762662957201885,-15.444438991654744,-186.7327471795054,-0.0016261045874620486,-0.0015312434103115426,3876.2662957201887,30430.058537472563,932.8269662838647,-244.28240597886898,45.98148610342911,148,141,0.0057542761634465376,22.67974135272117,96.23811262871823,0.1301585450582812,0.08961282511113415
2023-05-26,False,121443.92162678935,121761.70857967215,-330.97745681913256,34.08754121456581,-47.27804515089765,-317.78695288280073,-0.0027182392615866142,-0.0026099087848694543,34087.54121456581,53380.17188765711,-8998.614826136083,43.74405162782722,-374.7215084469598,151,144,0.0057542761634465376,22.97165531448352,98.72228382035124,0.12972485016614227,0.06442532774605239
2023-05-27,False,120839.58719133155,121443.92162678935,-636.9168560458742,2.8763368929378004,-35.45875748100655,-604.3344354578055,-0.005244534658582505,-0.004976242757665487,2876.3368929378003,54301.32018887961,-8422.791429766316,-490.5569581126543,-146.35989793322005,151,144,0.0057542761634465376,23.05813734372687,98.72228382035125,0.1307408889826312,0.06580129434917406
2023-05-28,False,120690.38138011792,120839.58719133155,-192.7857126402464,2.9263622920820462,-46.506263718702115,-149.20581121362633,-0.001595385395805754,-0.0012347428080615756,2926.362292082046,55197.10804629518,-7542.970213426343,425.6765668540299,-618.4622794942763,151,144,0.0057542761634465376,23.132262465878462,98.72228382035124,0.1323938854910073,0.06548636760189579
2023-05-29,False,120798.45664361768,120690.38138011792,99.10800174699811,2.3054141841225055,-11.272675936881985,108.07526349975758,0.0008211756447670385,0.0008954753665030799,2305.4141841225055,57577.55904943314,-5686.531099236265,-420.21736215277247,519.3253638997707,151,144,0.0057542761634465376,23.32007191516585,98.72228382035124,0.1360041908256336,0.06513577460896058
2023-05-30,False,121008.530350522,120798.45664361768,207.10488606115229,2.4947283727140026,-5.463549215881573,210.07370690431986,0.0017144663252789542,0.0017390429707565224,2494.7283727140025,59059.68361543902,-4284.248217943412,153.40429475581539,53.70059130533693,151,144,0.0057542761634465376,23.57414803619418,98.72228382035124,0.13820803605179197,0.06470034272975393
2023-05-31,False,120849.16794524936,121008.530350522,-169.5544925566681,1.4368847900511479,-11.62897207406343,-159.36240527265582,-0.00140117801666977,-0.0013169518281978569,1436.8847900511478,60353.20723546656,-2724.111620214191,-906.6857916967997,737.1312991401317,150,143,0.0057542761634465376,23.685207054560482,98.03705988667788,0.14083656105743825,0.06466573721070921
2023-06-01,False,119891.64837626556,120849.16794524936,-974.1395863341495,2.1058058508705697,-18.725823201212723,-957.5195689838073,-0.008060788525871216,-0.007923261576923815,2105.80585087057,60694.29091123788,-1750.8362876156607,-651.5374780889501,-322.6021082451993,150,143,0.0057542761634465376,23.756210977084343,98.03705988667788,0.14136147744476193,0.06593399645900995
2023-06-02,False,119998.71994140674,119891.64837626556,-51.0524015012175,32.925786539279045,-191.0497531816843,107.07156514118776,-0.0004258211659664205,0.0008930694221932499,32925.78653927905,49299.06692765637,23660.756837711255,133.66680649419922,-184.71920799541684,151,144,0.0057542761634465376,31.57285736086526,97.42460063846937,0.2055834953553579,0.06847324265676417
2023-06-03,False,118069.78485349932,119998.71994140674,-2078.272323160231,1.8540419446368814,-151.1912771974505,-1928.935087907417,-0.017319120772080022,-0.01607463053646974,1854.0419446368815,50194.199670069705,24435.375017332717,-2045.1756220804232,-33.0967010798072,149,142,0.0057542761634465376,32.07854100535056,96.07793542488233,0.20766787486347743,0.065879988790191
2023-06-04,False,117808.16352727878,118069.78485349932,-254.05688296951337,2.943197766550632,4.621245484478836,-261.6213262205428,-0.002151751892194489,-0.0022158194541064156,2943.197766550632,50153.48399402572,24671.624091288202,-109.19401971549347,-144.86286325401994,149,142,0.0057542761634465376,32.44555195158745,96.07793542488231,0.20916438984261496,0.06512933269413777
2023-06-05,False,116437.63665067036,117808.16352727878,-1368.3835680271093,1.4076380570029667,0.7356705243009527,-1370.5268766084132,-0.011615354378308906,-0.011633547587651378,1407.6380570029667,50733.607972648344,25210.298995002642,-2769.301449489929,1400.9178814628199,149,142,0.0057542761634465376,32.677614034417346,96.07793542488231,0.2107934905868602,0.06541642184193905
2023-06-06,False,117450.23589237948,116437.63665067036,999.5890380831215,2.7147304975197426,-15.724934123512885,1012.5992417091146,0.008584758904734834,0.008696494285151611,2714.7304975197426,47259.08758278803,23581.009552098843,1410.2130511861205,-410.6240131029991,149,142,0.0057542761634465376,30.94059108555894,96.07793542488233,0.20178188750456463,0.06672701738265854
2023-06-07,False,115886.33145954573,117450.23589237948,-1564.3091815880232,1.205621519713499,-1.6103702739952306,-1563.9044328337416,-0.013318910513056876,-0.013315464383287904,1205.6215197134989,47939.47123169679,23563.722884501884,-2430.424659009579,866.115477421556,150,143,0.0057542761634465376,30.69789519228457,96.74690398816782,0.20160405794876451,0.06683783735661031
2023-06-08,False,115827.35108563084,115886.33145954573,-59.41869965619432,2.236183463039629,-2.6745092043483547,-58.9803739148856,-0.0005127325967423219,-0.0005089502202032757,2236.183463039629,44579.523251357205,21277.034075571697,41.00463255177125,-100.42333220796557,150,143,0.0057542761634465376,28.62858790250824,96.74690398816782,0.1893555531489487,0.07015802117235369
2023-06-09,False,116477.95201347125,115827.35108563084,659.6659755961475,38.72207982106484,-29.657032065322547,650.6009278404052,0.0056952521957310265,0.005616988748705975,38722.079821064835,49903.13046125882,-11316.573840547468,444.4135196404047,215.2524559557429,152,146,0.0057542761634465376,24.528724864943175,98.98543995018285,0.13968236031790301,0.07313807405399772
2023-06-10,False,118581.2343179307,116477.95201347125,2101.654248970919,2.063295076320409,-3.6913505648618976,2103.28230445946,0.018043365397838147,0.018057342768322413,2063.295076320409,49633.817607231234,-12593.544347104402,-3167.2777880877898,5268.932037058709,152,146,0.0057542761634465376,24.53999821636169,98.98543995018285,0.13739492565513575,0.07630023045591204
2023-06-11,False,120847.4786861232,118581.2343179307,2253.7363554501644,4.50718458498843,-17.015197327317424,2266.2443681924933,0.019005843280460576,0.019111323821410196,4507.184584988429,43418.12352438611,-13631.090463832665,1471.1805791256008,782.5557763245633,153,146,0.0057542761634465376,25.207462674459354,98.98543995018285,0.1306370460158635,0.07548757296101502
2023-06-12,False,123333.52145805102,120847.4786861232,2457.6100550783244,6.087193065955009,-34.51990991544979,2486.042771927819,0.020336461147538443,0.02057173884764953,6087.193065955008,43255.938585662836,-17349.484190253123,2460.036748073854,-2.426692995530189,152,145,0.0057542761634465376,27.02288768767489,98.30011262531647,0.13294093697856818,0.0782082601326034
2023-06-13,False,121064.36904584167,123333.52145805102,-2268.9040798900533,5.684468539930127,-5.4361362206318375,-2269.1524122093515,-0.01839649150585364,-0.01839850500807398,5684.468539930127,44934.8735275542,-20576.342675104926,-891.9500542560052,-1376.9540256340479,153,146,0.0057542761634465376,28.787325341117338,98.98543995018285,0.13853446532918734,0.08046545595022064
2023-06-14,False,122395.66419490249,121064.36904584167,1367.5444048367885,3.588695261234397,32.660560514730754,1331.2951490608234,0.011296010672793087,0.010996589331388838,3588.6952612343975,45073.30404370707,-22176.159193415504,-131.30135193152037,1498.845756768309,153,146,0.0057542761634465376,30.26989370328305,98.98543995018287,0.14530813037249662,0.0816745481831866
2023-06-15,False,121833.33711280061,122395.66419490249,-589.5977062685413,2.9860641242180574,-30.256688290884227,-562.3270821018751,-0.004817145363333031,-0.004594338253734439,2986.0641242180577,46167.82345309038,-23782.785123022728,-155.07834736933262,-434.51935889920867,153,146,0.0057542761634465376,31.727916147093538,98.98543995018285,0.14944698696771647,0.08352089997729834
2023-06-16,False,121115.33396018631,121833.33711280061,-711.7305747376894,29.984740221567034,-23.712162344950556,-718.0031526143058,-0.00584183764152111,-0.0058933225472559735,29984.74022156703,40395.409347568246,-1343.449178422571,-458.37013090683865,-253.36044383085078,154,147,0.0057542761634465376,23.489711078492597,101.26860749191874,0.1390844331435939,0.08567375757163422
2023-06-17,False,120257.97135797558,121115.33396018631,-868.301087396498,2.8093879622814093,-13.747873148039355,-857.3626022107401,-0.007169208546970037,-0.007078893928431696,2809.3879622814093,41673.07848168381,-2583.0957383707046,-410.7799586837941,-457.5211287127038,153,146,0.0057542761634465376,23.69407222204967,100.57249007854826,0.13765436641011936,0.08479145204186558
2023-06-18,False,118903.53688420338,120257.97135797558,-1361.4576368934358,2.0299492594529216,-9.053112380692438,-1354.4344737721963,-0.011321142553126422,-0.011262741741588254,2029.9492594529218,42482.10509054513,-3306.3669627054815,-1264.006892244714,-97.45074464872195,153,146,0.0057542761634465376,23.958935555224095,100.57249007854824,0.13731394171908132,0.08421137284213846
2023-06-19,False,118071.02940156621,118903.53688420338,-841.5206832169443,2.065981044215942,-11.07918162399206,-832.5074826371682,-0.007077339373314659,-0.007001536745268751,2065.981044215942,42703.678718785166,-4563.511615692799,-310.4311926254041,-531.0894905915402,153,146,0.0057542761634465376,24.204795677799435,100.57249007854824,0.13505356302176408,0.08765577984569985
2023-06-20,False,117718.59661257624,118071.02940156621,-367.1909090740379,1.6068941529558738,-16.365014237026756,-352.43278898996704,-0.00310991536988469,-0.002984921794755624,1606.8941529558738,42169.431819658894,-4909.188530145568,491.56570666604216,-858.7566157400802,152,145,0.0057542761634465376,24.01695291100516,99.89747684706407,0.13364474253183137,0.08578436020660425
2023-06-21,False,116726.02873937471,117718.59661257624,-993.2577112960621,1.7722879438804986,-2.462126038425848,-992.5678732015168,-0.008437559908779523,-0.00843169984830993,1772.2879438804985,42101.267478098714,-4830.038047858572,512.941370519407,-1506.199081815469,152,145,0.0057542761634465376,23.746307785339585,99.8974768470641,0.1328685181203652,0.08385589723818632
2023-06-22,False,117632.73945683875,116726.02873937471,899.0899130717305,2.4304857365008203,-10.05129012881715,906.7107174640469,0.007702565766879758,0.007767853727710946,2430.48573650082,41830.28021677624,-4331.627200793164,232.9862940097139,666.1036190620165,152,145,0.0057542761634465376,23.18158809387094,99.89747684706408,0.13186364116512056,0.07899055419607212
2023-06-23,False,117730.33819003071,117632.73945683875,72.60248045576412,1.5591376113154511,-26.55539034751358,97.59873319196225,0.0006171962056737027,0.0008296902175586306,1559.137611315451,42955.5022315517,-3420.1071815170026,861.0853647671362,-788.482884311372,157,151,0.0057542761634465376,24.323614760653005,103.52734083130638,0.13729182193536035,0.08195914121787087
2023-06-24,False,116883.40588128605,117730.33819003071,-847.8580010847035,2.3303016529569707,-3.255993992992236,-846.9323087446683,-0.0072016951120633,-0.007193832293062976,2330.301652956971,43534.12155489727,-2302.9181859362398,106.88817812113481,-954.7461792058382,157,151,0.0057542761634465376,23.910353192361082,103.52734083130638,0.1398172159646212,0.07602487857378816
2023-06-25,False,117466.84585942652,116883.40588128605,591.0859570967864,3.7010591799152324,3.9449197763947916,583.4399781404763,0.005057056240276994,0.00499164080428195,3701.0591799152326,42020.77274515838,-262.72311313071623,861.7045320818963,-270.61857498511006,157,151,0.0057542761634465376,23.410833704946885,103.52734083130638,0.1402412507684263,0.07483307451430368
2023-06-26,False,117901.0771296379,117466.84585942652,435.61492171728094,2.8377237020487898,-1.4540721961398333,434.231270211372,0.0037084074108756156,0.0036966283297588487,2837.7237020487896,40949.56425334595,2062.9446391542806,-390.5727613003547,826.1876830176358,157,151,0.0057542761634465376,23.375140001574394,103.52734083130639,0.143601790950491,0.07169241597328849
2023-06-27,False,117935.98118035997,117901.0771296379,38.7267274049111,1.9192659754187327,1.9034107074088409,34.90405072208353,0.00032846796948537803,0.0002960452234351078,1919.2659754187325,39836.76442727909,3167.699568880271,197.6222857372431,-158.895558332332,157,151,0.0057542761634465376,23.494942820899546,103.52734083130638,0.1456978280309518,0.07205198217648685
2023-06-28,False,118653.09510454838,117935.98118035997,721.4977084858031,0.8491717274183107,3.5346125699757938,717.1139241884089,0.006117706413807791,0.0060805355330170495,849.1717274183108,39701.0344740689,3786.4524622706285,-587.0693315315201,1308.567040017323,158,151,0.0057542761634465376,23.71963798403263,103.52734083130638,0.14776986596216743,0.06929723087092875
2023-06-29,False,116539.87745313894,118653.09510454838,-2113.2434973451814,1.270285372449066,-1.2961313081870212,-2113.2176514094435,-0.01781026862791187,-0.017810050800170292,1270.285372449066,39060.73999370218,4074.323162010447,-1913.143364605359,-200.1001327398222,158,151,0.0057542761634465376,23.53434869100951,103.5273408313064,0.14752685485414524,0.07139111192845103
2023-06-30,False,113886.40672694622,116539.87745313894,-2644.3895896817785,51.66069189861629,-42.5795553876774,-2653.4707261927174,-0.02269085610412707,-0.022768779101039357,51660.69189861629,86880.86914346316,53150.346782033186,-2354.3675419620636,-290.02204771971464,161,154,0.0057542761634465376,30.202807347149673,97.32735292036831,0.1834094908241138,0.07434657146250162
2023-07-01,False,114003.05270079002,113886.40672694622,77.2242095536454,2.3336498667986687,-41.75541415694723,116.64597384379397,0.0006780810087265109,0.0010242308735182424,2333.6498667986684,82482.87378242216,48296.858064522676,442.55877182822996,-365.33456227458464,161,154,0.0057542761634465376,29.795731386541203,97.32735292036834,0.1813541262765697,0.0685540736854661
2023-07-02,False,113371.9610429882,114003.05270079002,-650.667477703343,0.7213648913147931,-20.297184792840596,-631.0916578018173,-0.005707456618824682,-0.005535743498537421,721.3648913147931,82570.5251060718,48064.93521921124,-483.1118352465943,-167.55564245674864,161,154,0.0057542761634465376,29.601750681694355,97.32735292036836,0.17938722876073668,0.06503350460756328
2023-07-03,False,113693.56887752155,113371.9610429882,307.646194045047,1.1322855735908617,-15.093926061889384,321.6078345333455,0.0027136003577497812,0.0028367493300340703,1132.2855735908618,81123.76473097237,47692.500705971455,671.3098569315255,-363.6636628864784,161,154,0.0057542761634465376,29.33305684914327,97.32735292036836,0.17697747293753963,0.062115473517877176
2023-07-04,False,113335.27523020693,113693.56887752155,-366.0105999961103,1.3542155505086744,-9.071168231997666,-358.2936473146213,-0.0032192726783904706,-0.0031513976634914118,1354.2155505086744,80818.05574415851,47787.694801420774,-568.9817866963524,202.97118670024213,161,154,0.0057542761634465376,29.162184984055372,97.32735292036836,0.1756015858064293,0.05861158095988827
2023-07-05,False,113683.64569048534,113335.27523020693,348.17975450464604,0.3726756800742676,-0.5633814538447903,348.37046027841654,0.003072121665539898,0.003073804334712255,372.6756800742676,80210.34224215335,47725.16244683624,119.34439628772368,228.8353582169224,161,154,0.0057542761634465376,28.84274701309675,97.32735292036834,0.17175694653548204,0.05853917215741676
2023-07-06,False,114257.44009180926,113683.64569048534,566.1469885738645,1.855366412861779,-9.5027791629083,573.794401323911,0.004980021401805271,0.005047290644479519,1855.3664128617793,79599.14121198506,48884.93968237442,-147.17920670876413,713.3261952826289,161,154,0.0057542761634465376,28.40769066650121,97.32735292036834,0.16957678583069993,0.0595149134699961
2023-07-07,False,114867.104891752,114257.44009180926,605.1525171976095,9.444236263644576,-13.956519008774539,609.6647999427395,0.0052963948493100444,0.005335887093679464,9444.236263644576,81757.9579079405,57324.445976955496,767.713029970745,-162.56051277313534,162,156,0.0057542761634465376,32.08911972011982,97.08538998727775,0.19739859633579845,0.06030640885198384
2023-07-08,False,115288.20401465344,114867.104891752,400.6734700717639,1.7321196123848,-22.157772442065692,421.09912290144484,0.003488148068581941,0.0036659679313610157,1732.1196123848001,82487.75028344983,57496.837701865596,394.37492409072206,6.298545981041742,163,156,0.0057542761634465376,31.994861575323082,97.08538998727775,0.19652107510014952,0.06264689254068807
2023-07-09,False,115497.25432979419,115288.20401465344,157.74286631459188,1.5204833682835106,-52.827932194436514,209.05031514074489,0.0013682481019007143,0.0018132845153366604,1520.4833682835106,83011.76170174195,58034.252863037655,-29.828952245447027,187.57181856003888,163,156,0.0057542761634465376,32.042446264052046,97.08538998727775,0.19741159298065394,0.06283497995760452
2023-07-10,False,116130.66378831958,115497.25432979419,608.0329791167109,1.0785514479599305,-26.4550308566403,633.4094585253912,0.005264479944956232,0.005484194946459382,1078.5514479599306,83067.51412956725,58316.64232483782,593.1905045757771,14.842474540933473,162,155,0.0057542761634465376,31.95656773853069,96.45655821988557,0.1968982572175018,0.06114744369695422
2023-07-11,False,116372.10268915232,116130.66378831958,210.32471650523865,0.8392810220994458,-31.953465349596772,241.43890083273598,0.001811104058516482,0.002079027992751557,839.2810220994457,83642.19617513771,58745.941666041326,284.40466534121566,-74.07994883597694,162,155,0.0057542761634465376,32.26419514540695,96.45655821988557,0.19917908647975374,0.06371015742891398
2023-07-12,False,115739.60696307085,116372.10268915232,-646.6463795997954,1.0990599064746356,-15.249713424798784,-632.4957260814713,-0.005556713032221191,-0.0054351147007368605,1099.0599064746355,84859.16558006743,59821.522271651025,-600.6067003426544,-46.039679257140875,162,155,0.0057542761634465376,32.59657853385695,96.45655821988557,0.20038941860604356,0.06317145966612944
2023-07-13,False,111761.43573028478,115739.60696307085,-4009.4792431813153,0.8527623796961232,-32.16077277493901,-3978.1712327860723,-0.03464224001089466,-0.034371736151267485,852.7623796961232,84378.89342170802,59367.06323432691,-2684.447791818014,-1325.0314513633011,162,155,0.0057542761634465376,32.43021337882894,96.45655821988557,0.19914949771996077,0.06114960675283865
2023-07-14,False,111192.84159839204,111761.43573028478,-569.7190897836505,15.82118963174771,-16.946147522663566,-568.5941318927347,-0.005097635745827035,-0.005087570038603743,15821.189631747711,75716.91437777961,50243.04966494072,-1000.3440445127816,430.624954729131,164,158,0.0057542761634465376,30.773333764956917,95.14664722211946,0.18658197762945505,0.055436907964933516
2023-07-15,False,111011.19408710566,111192.84159839204,-188.0223461508711,2.424136990345489,-8.79897185482925,-181.64751128638733,-0.0016909572904879346,-0.0016336259481744744,2424.1369903454893,75184.59895063123,50374.4385441233,-189.73115821077585,1.7088120599047336,164,158,0.0057542761634465376,31.409164864968616,95.14664722211944,0.18853608524382917,0.05365015358492416
2023-07-16,False,111506.89208421766,111011.19408710566,496.5963990541428,1.6655364730416318,-0.7671345309063917,495.69799711200756,0.004473390302103094,0.004465297407061984,1665.5364730416318,75543.53975230048,50736.94803674787,124.08797083478925,372.5084282193535,164,158,0.0057542761634465376,31.990236801657936,95.14664722211943,0.19180712663852129,0.05293293999272958
2023-07-17,False,110868.28784734054,111506.89208421766,-601.3841041183136,42.490376483069845,-5.27024372426968,-638.6042368771139,-0.005393246039573116,-0.005727038256924927,42490.37648306984,41944.59337528775,16034.421791362212,-214.898298435127,-386.48580568318664,163,157,0.0057542761634465376,31.231481266453216,103.21932505838424,0.1912674882567322,0.06021718651721749
2023-07-18,False,111128.01777255755,110868.28784734054,312.5422357499094,39.49081853316281,13.321491999743149,259.7299252170034,0.0028190408801140924,0.0023426890615884416,39490.818533162805,75442.96937709399,50565.425320770424,-84.46152911603909,397.0037648659486,164,158,0.0057542761634465376,32.432534864195915,95.14664722211944,0.1953063200307689,0.051986298750782735
2023-07-19,False,112100.38974191611,111128.01777255755,981.8255345375594,0.2944408512272625,9.159124327776619,972.3719693585556,0.008835085464648824,0.008750016322154514,294.44085122726244,74942.27596016384,50604.79234930161,858.6045430328787,123.22099150468071,164,158,0.0057542761634465376,32.2531203856648,95.14664722211943,0.19433315775307794,0.05100262111567647
2023-07-20,False,112078.0689268954,112100.38974191611,-18.07657069992048,0.8825112076071256,3.3617331131786705,-22.320815020706277,-0.00016125341527837138,-0.00019911451755069297,882.5112076071257,75069.6070976585,50736.32516634123,-12.076605302056663,-5.9999653978637895,164,158,0.0057542761634465376,32.16050691790778,95.14664722211944,0.19457557779183526,0.05213293402059381
2023-07-21,False,111819.86160341225,112078.0689268954,-216.86217313027336,40.87415871957774,0.47099163329031346,-258.20732348314147,-0.0019349206781187939,-0.002303816669535599,40874.15871957775,42881.11797681924,18667.174858397106,-43.81585984354811,-173.04631328672525,163,157,0.0057542761634465376,32.66132192591803,102.61337272163549,0.19827205754770696,0.05063316458446202
2023-07-22,False,111404.014986953,111819.86160341225,-411.47202105217286,0.7589327828940372,3.6156626241927645,-415.8466164592596,-0.0036797758032604874,-0.003718897613503841,758.9327828940372,42914.15309791902,18676.703311579327,-512.5465860617238,101.07456500955104,163,157,0.0057542761634465376,32.87548837230414,102.61337272163546,0.19895244144358962,0.050665264528796654
2023-07-23,False,111424.08156164007,111404.014986953,28.658211130774617,0.7427310938509337,7.848905349856498,20.066574687067185,0.0002572457656407707,0.00018012434012739368,742.7310938509337,42325.45580067191,18527.202620932738,233.63233774853774,-204.9741266177631,162,156,0.0057542761634465376,32.724880827633534,101.95147985759208,0.1972889418580355,0.0505958246117205
2023-07-24,False,110882.55814708491,111424.08156164007,-534.2253130860287,1.417363571971057,5.880737897152424,-541.5234145551522,-0.0047945229217841384,-0.0048600213433716314,1417.363571971057,43332.08877236224,19401.98231394672,-1085.362620839538,551.137307753509,162,156,0.0057542761634465376,33.27082928112087,101.95147985759206,0.19918468281551685,0.05137002035914776
2023-07-25,False,110868.9458745165,110882.55814708491,-9.280926697284897,1.1360639828707895,3.195281888260041,-13.612272568415728,-8.370051027298463e-05,-0.00012276297368932584,1136.0639828707895,41751.04374575308,18677.030406496426,-76.70868078609226,67.42775408880735,162,156,0.0057542761634465376,32.189711921063804,101.95147985759206,0.19485735897302633,0.05160099876755915
2023-07-26,False,111435.18369716179,110868.9458745165,571.3097817817927,1.0354238980324972,4.036535238468733,566.2378226452914,0.005153018974568511,0.0051072716366057066,1035.4238980324972,40992.34578209354,17970.699892736156,635.0077330243716,-63.69795124257907,162,156,0.0057542761634465376,31.268100777083575,101.95147985759206,0.19017614861798277,0.052202242040978314
2023-07-27,False,111486.88648902674,111435.18369716179,52.598325825788805,0.7005800656779124,0.19495389515647243,51.70279186495442,0.0004720082480299125,0.00046397188167664205,700.5800656779124,41173.467397987326,17982.733016391427,51.256509073619206,1.3418167521695974,162,156,0.0057542761634465376,30.89274535007126,101.95147985759206,0.18886019504295093,0.052447490775466156
2023-07-28,False,111757.75630554775,111486.88648902674,274.8259684801892,1.4620700590775588,2.4940819001007597,270.8698165210109,0.0024650968121460574,0.002429611455224123,1462.0700590775589,42201.17223167782,18730.791164928116,554.8044887740346,-279.9785202938454,165,159,0.0057542761634465376,31.75434274292203,103.60009233189037,0.1937194608794669,0.0546638414464989
2023-07-29,False,112552.0811180773,111757.75630554775,798.1476748786616,0.8386408711406776,2.984221477967088,794.3248125295538,0.00714176537954566,0.0071075586946990526,838.6408711406776,42678.58061224735,19011.40529186633,779.4232048107588,18.724470067902793,165,159,0.0057542761634465376,32.085494081374584,103.60009233189035,0.19454690732443508,0.05454896451148584
2023-07-30,False,112539.60210616332,112552.0811180773,-10.433434107603603,0.9423626031970048,1.1032152031747022,-12.47901191397531,-9.269872226225642e-05,-0.00011087322233414501,942.3626031970048,43182.340039500195,19541.137047139473,-241.7470154687652,231.31358136116154,165,159,0.0057542761634465376,32.594751170316805,103.60009233189035,0.19648352414713624,0.054903893705203155
2023-07-31,False,112194.05135502337,112539.60210616332,-349.81634357061523,0.6244298479225318,-4.890022278590516,-345.5507511399473,-0.003108384400014306,-0.0030704813654305867,624.4298479225317,42787.80833040811,19551.48274681804,-474.5404317529123,124.72408818229705,164,158,0.0057542761634465376,32.44294554100677,102.9405288627623,0.19607119346579022,0.055478869828517685
2023-08-01,False,112804.7679823683,112194.05135502337,613.2020907703923,0.8637572935286284,1.6217061319359785,610.7166273449277,0.005465549049744132,0.005443395794776988,863.7572935286285,42634.059883505855,19558.325783817207,752.4129716087277,-139.2108808383354,164,158,0.0057542761634465376,32.46256160288992,102.9405288627623,0.1961991170281354,0.056002702131442275
2023-08-02,False,112138.34019376647,112804.7679823683,-662.9825056913971,0.6031833840855143,2.8420995263409505,-666.4277886018235,-0.0058772560553027615,-0.005907798052525475,603.1833840855143,43451.7203634319,20121.03443930207,-1031.5627703650398,368.5802646736428,164,158,0.0057542761634465376,33.043553330413864,102.9405288627623,0.1996865938228677,0.055429872603335685
2023-08-03,False,112135.97407239962,112138.34019376647,0.09635753161188276,1.0556129772393834,1.4068659212242132,-2.366121366851714,8.592737456732846e-07,-2.11000213019315e-05,1055.6129772393833,43061.271947718335,20224.043548520985,-119.29781937442917,119.394176906041,164,158,0.0057542761634465376,33.2344736483584,102.9405288627623,0.19980826445268957,0.05658829348811224
2023-08-04,False,111977.46942938298,112135.97407239962,-157.94940603700297,1.4636657912157287,-0.9084288115780108,-158.5046430166407,-0.0014085524948044266,-0.0014135039564939576,1463.6657912157286,43964.43425746659,20909.110364502514,-208.894968370078,50.94556233307503,166,161,0.0057542761634465376,33.79145660119163,104.17005056823456,0.20542299242721135,0.05885203468786684
2023-08-05,False,111771.5812014193,111977.46942938298,-196.7018142151856,1.4457282351415324,7.740685513344142,-205.88822796367128,-0.0017566195701469469,-0.0018386576247243361,1445.7282351415324,44980.93211407362,21662.287138206433,136.93577853274107,-333.63759274792665,166,161,0.0057542761634465376,34.03921540412549,104.17005056823457,0.2082844506979982,0.061767774438311045
2023-08-06,False,111361.65382644748,111771.5812014193,-399.6964185071207,0.9187708472196066,9.31218561748695,-409.92737497182725,-0.0035760111310123013,-0.0036675456369639503,918.7708472196066,45287.35168478916,22015.548358191896,-278.3334890153154,-121.36292949180526,165,160,0.0057542761634465376,33.83473205258961,103.51404191260663,0.2093288024716198,0.06185044788014672
2023-08-07,False,111323.76012763164,111361.65382644748,-30.359581544138052,1.6350393173867006,5.899077954316045,-37.89369881584079,-0.0002726215039106028,-0.0003402760062713917,1635.0393173867005,46453.932447483414,22923.222617854524,130.42597007493487,-160.78555161907295,165,160,0.0057542761634465376,34.1689606707442,103.51404191260663,0.21068516185605177,0.0633726351381317
2023-08-08,False,110769.8815074251,111323.76012763164,-548.7539002376427,1.8385721028884068,3.2861478660021675,-553.8786202065332,-0.004929351107153599,-0.004975385484388208,1838.572102888407,46860.40355986304,23455.559754057806,-545.9293552332908,-2.824545004351819,165,160,0.0057542761634465376,34.36507330758433,103.51404191260663,0.2121450145027784,0.06313484166131576
2023-08-09,False,111156.55222140969,110769.8815074251,389.5138185998166,1.4567628893154458,1.3863417259206763,386.6707139845805,0.003516423537689772,0.0034907567718095037,1456.7628893154458,46587.73845927548,23215.896694115596,379.591415573986,9.92240302583054,165,160,0.0057542761634465376,34.10492952907012,103.51404191260661,0.21084838024044214,0.06272886344108139
2023-08-10,False,110747.84241380166,111156.55222140969,-401.30466463091324,3.564562883694282,3.84058009342807,-408.7098076080356,-0.0036102654914265918,-0.0036768845330317347,3564.562883694282,49937.21980954615,24076.119723866846,-300.6889514293877,-100.6157132015256,165,160,0.0057542761634465376,34.73644537977554,103.51404191260663,0.21815610784152212,0.07377085815891349
2023-08-11,False,110935.74192309304,110747.84241380166,218.66216903055826,19.152852407304646,11.609807331866442,187.89950929138718,0.00197441470880798,0.001696642618005267,19152.852407304646,58129.80168141103,32058.64981162329,412.4349696933739,-193.7728006628156,165,161,0.0057542761634465376,40.69292178453778,103.55423439809569,0.2520244995293733,0.07528198020119457
2023-08-12,False,110676.99788156209,110935.74192309304,-241.98780491856334,3.3035488122355083,13.452687800157285,-258.7440415309561,-0.0021813330917849994,-0.0023323776183002604,3303.548812235508,61113.00680892798,35008.61802452405,-319.7218271539215,77.73402223535814,165,160,0.0057542761634465376,41.74234383762681,102.90783460981342,0.25948544239273214,0.07577915648313419
2023-08-13,False,111041.0440507271,110676.99788156209,385.72534059186387,2.1730598018073617,19.506111625048344,364.04616916500817,0.0034851445916940856,0.003289266750391821,2173.059801807362,61371.22948360775,35671.13838259937,516.3962375397339,-130.67089694787006,164,159,0.0057542761634465376,41.78812246918129,102.25398191725736,0.25999400219774654,0.07555674802802145
2023-08-14,False,110416.22090314917,111041.0440507271,-607.1911669684326,0.8294174725431778,16.80256313695163,-624.8231475779274,-0.005468168749305422,-0.00562695670703968,829.4174725431778,62185.646639786835,36282.97528813562,-460.3239254497762,-146.86724151865644,164,159,0.0057542761634465376,42.08721439547061,102.25398191725733,0.26176450553497416,0.07568240125717939
2023-08-15,False,109457.67948536095,110416.22090314917,-944.5216136853644,1.6056670429904079,12.414137059859845,-958.5414177882146,-0.008554192544896507,-0.00868116486823972,1605.6670429904077,61980.180026633105,36174.68944776194,-1827.6864795841582,883.164865898794,164,159,0.0057542761634465376,42.20411789957196,102.25398191725738,0.2611716548558191,0.07590062719104995
2023-08-16,False,107588.5309901326,109457.67948536095,-1860.1828063132089,1.3650435710899382,7.600645344046116,-1869.148495228345,-0.016994539031516678,-0.017076449126425416,1365.0435710899383,58891.461370148565,34382.27055718604,-2607.6517380430814,747.4689317298722,164,159,0.0057542761634465376,40.53268997036203,102.25398191725736,0.2536599511331735,0.07638916090149042
2023-08-17,False,105972.8241605499,107588.5309901326,-1606.3625151194447,3.1342600267269147,6.210054436513935,-1615.7068295826855,-0.01493061110079448,-0.015017463429544074,3134.2600267269145,53758.00096556027,30092.283939030807,-2764.0198022924646,1157.6572871730202,165,159,0.0057542761634465376,37.293041507074484,102.25398191725733,0.2372830684140301,0.07920959130409853
2023-08-18,False,105973.6250107434,105972.8241605499,12.95913996358469,20.29383410558601,-8.13554433550363,0.800850193502308,0.00012228738892483852,7.557127969799237e-06,20293.83410558601,38536.98002988927,15257.11476982661,251.2239817960812,-238.2648418324965,168,161,0.0057542761634465376,25.253757463347345,103.16607109465001,0.1665483038983885,0.08142745080562128
2023-08-19,False,106481.5847781752,105973.6250107434,509.2983665283945,5.517424253351698,-4.178825156753517,507.95976743179637,0.004805897377548073,0.004793265941221699,5517.424253351698,34439.2910921779,9994.558355379972,907.51815005316,-398.21978352476543,168,161,0.0057542761634465376,22.225958210863876,103.16607109465002,0.14462191826569837,0.08387711671503546
2023-08-20,False,106605.48161468735,106481.5847781752,123.58885945862396,5.125744856523322,-5.4337219100599965,123.89683651216063,0.0011606594672317005,0.0011635517706678133,5125.744856523322,34305.431230039525,5932.491810362068,79.7936053574592,43.79525410116475,168,161,0.0057542761634465376,21.019787021300743,103.16607109465002,0.13203804321506024,0.08616174358367844
2023-08-21,False,106575.44333093202,106605.48161468735,-28.689067348205015,3.9265413012724495,-2.5773248941410003,-30.038283755336465,-0.00026911437304789063,-0.0002817705365649603,3926.5413012724493,35573.443915400814,2254.3891008292085,-478.1283443076725,449.4392769594675,168,161,0.0057542761634465376,21.056176232519928,103.16607109465001,0.1234720311039142,0.089397524875995
2023-08-22,False,106258.14266594104,106575.44333093202,-315.36829899840734,4.540656937315394,-2.6082909447446863,-317.3006649909781,-0.0029591084882391117,-0.002977239925765207,4540.656937315394,36160.41642464275,-2040.0276530158553,-330.60179779267156,15.23349879426429,168,161,0.0057542761634465376,22.07969391358264,103.16607109465002,0.1198186734829625,0.09263957321032293
2023-08-23,False,105325.92489621809,106258.14266594104,-936.0893027674867,4.393896425676803,-8.26542947021252,-932.217769722951,-0.008809577123048395,-0.008773141957258727,4393.896425676803,37957.91956864785,-5054.79969064409,-316.0885341978005,-620.0007685696862,168,161,0.0057542761634465376,23.729884415319315,103.16607109465002,0.12155872190617646,0.09652677216544228
2023-08-24,False,104255.57404754439,105325.92489621809,-1075.4907989780634,3.23853599285907,-8.378486297228244,-1070.3508486736944,-0.010211073864651919,-0.01016227343579802,3238.5359928590697,39711.422735130815,-7898.374607643339,-1412.7983178188545,337.3075188407913,167,160,0.0057542761634465376,25.05995898929099,102.52097696398805,0.12490791165376881,0.09588210905881817
2023-08-25,False,103594.79067157049,104255.57404754439,-664.2742599114697,18.417615890686108,-21.90849982824943,-660.7833759739063,-0.00637159466992658,-0.0063381107630040455,18417.61589068611,45125.952248110996,3704.6741231348933,-763.404265368821,99.13000545735147,170,164,0.0057542761634465376,20.145703651619918,110.09437362282767,0.1191255525566037,0.09902023639735574
2023-08-26,False,103846.40067454052,103594.79067157049,231.06608723768548,3.309673044393833,-23.853588776745255,251.6100029700369,0.002230479792852141,0.0024287901094150887,3309.6730443938327,46133.66317871564,62.31457972154385,5.735852048710534,225.33023518897488,169,163,0.0057542761634465376,20.60045525771449,109.4146591631329,0.11330968987745028,0.0999232039141478
2023-08-27,False,104257.70187979245,103846.40067454052,399.35680881494966,3.558838023378807,-15.503234460363288,411.3012052519341,0.0038456490183665835,0.00396066885881747,3558.838023378807,46585.84011362887,-3193.4079208435796,589.4138572975743,-190.05704848262462,168,162,0.0057542761634465376,21.748734838679997,108.75066927201169,0.11115471656911598,0.10035767313614681
2023-08-28,False,103791.3089564117,104257.70187979245,-469.80015001872425,3.3560732354318468,-6.763299873403169,-466.3929233807529,-0.004506143350065367,-0.004473462535348197,3356.073235431847,47254.22256469188,-6127.381070295704,-423.3840287889227,-46.416121229801604,168,162,0.0057542761634465376,23.222923247901864,108.7506692720117,0.11325412710666569,0.10303933085492918
2023-08-29,False,104060.52314160588,103791.3089564117,259.33817085528096,1.3499952813637,-11.226009620262657,269.2141851941799,0.0024986501612017714,0.0025938027750207807,1349.9952813636999,47518.58650582941,-7605.54815647844,1501.814719385459,-1242.4765485301782,167,161,0.0057542761634465376,24.223490590492695,108.08551695560668,0.11567034160585694,0.10284655369013711
2023-08-30,False,103912.22530816047,104060.52314160588,-152.74944163111576,5.453915574238368,-9.90552375994153,-148.2978334454126,-0.001467890387435914,-0.0014251113579700964,5453.915574238368,52412.74913236704,-9671.374449527697,-548.9439805911646,396.1945389600488,167,161,0.0057542761634465376,24.89334237290929,108.08551695560666,0.11988087873945041,0.102230755808512
2023-08-31,False,105989.89216726088,103912.22530816047,2070.2203670239924,1.485236483640885,-8.93172856006155,2077.6668591004127,0.01992277964295904,0.01999444100960129,1485.236483640885,51445.349935565486,-10419.000948652836,687.7573089143,1382.4630581096922,166,160,0.0057542761634465376,25.135440166534124,107.40710538284304,0.11919647859722174,0.10295823680439657
2023-09-01,False,106616.05264107953,105989.89216726088,626.892536019788,4.887857861192348,-4.1557956600469526,626.1604738186426,0.00591464453073034,0.005907737624928509,4887.857861192348,53002.55991912114,-12492.30727126195,-124.49648111903323,751.3890171388214,170,164,0.0057542761634465376,27.70973570505897,109.48632894000451,0.12746304049813614,0.10724442024243844
2023-09-02,False,105283.72049181044,106616.05264107953,-1325.2832593438409,4.283364593058877,2.7655253321932824,-1332.332149269093,-0.012430428875521928,-0.012496543590432467,4283.364593058877,54950.95529663743,-14309.126381910537,70.49091206498785,-1395.7741714088286,170,164,0.0057542761634465376,29.58307097643421,109.4863289400045,0.1356637971790127,0.10864090152002519
2023-09-03,False,105546.70174766911,105283.72049181044,262.5188938379337,2.7382129225574485,-3.2005749432905235,262.98125585866677,0.0024934424107699907,0.0024978339920949406,2738.2129225574486,54384.07131723124,-14465.748446184547,73.05480252487315,189.46409131306058,169,163,0.0057542761634465376,29.75075340066453,108.83943770648212,0.1375205289408981,0.10648275103151772
2023-09-04,False,105125.75277276397,105546.70174766911,-427.8316387184882,0.9965553342455409,-7.8792191475905184,-420.94897490514325,-0.00405348183917018,-0.003988272186008309,996.5553342455408,54581.83677399632,-14742.275905998009,-184.90147309198355,-242.9301656265046,168,162,0.0057542761634465376,30.060107597208575,108.16739528855172,0.13767531266594596,0.1068422533037326
2023-09-05,False,104366.61140670777,105125.75277276397,-763.8383689831574,1.32471265593396,-6.021715582888403,-759.1413660562029,-0.007265949102255113,-0.007221269251666006,1324.71265593396,55495.75683256973,-16049.32455039044,65.09664752302322,-828.9350165061805,168,162,0.0057542761634465376,30.525383781314687,108.16739528855172,0.1404071240631893,0.10784603255738949
2023-09-06,False,104138.05322662734,104366.61140670777,-228.79972600133476,1.8318357943746053,-2.073381715279795,-228.55818008042957,-0.0021922693754013126,-0.0021899549769778177,1831.8357943746055,55263.271214534856,-16203.770847316731,300.00892814977817,-528.8086541511129,168,162,0.0057542761634465376,30.14170890492035,108.16739528855172,0.14071795263577191,0.10612050981249424
2023-09-07,False,104047.91407269523,104138.05322662734,-93.8065850542192,2.3846194132753364,-6.052050535385629,-90.1391539321089,-0.0009007906538263723,-0.0008655736413273085,2384.6194132753362,54317.62083732302,-15343.87768596742,165.09982398520503,-258.90640903942426,167,161,0.0057542761634465376,29.03631365442702,107.50315619884364,0.13472981559279892,0.10475174768274532
2023-09-08,False,103293.67515039303,104047.91407269523,-751.1296311989819,15.377748713426007,-12.268457610205886,-754.238922302202,-0.007219074384078374,-0.007248957646332413,15377.748713426006,64689.12520538522,-27873.204610073008,-135.22135255232973,-615.9082786466521,170,164,0.0057542761634465376,41.090503841524495,108.72625622121956,0.19990477652393362,0.10743470238388703
2023-09-09,False,103191.30087251465,103293.67515039303,-109.84682922704857,2.738743854807027,-10.211295203471003,-102.37427787838459,-0.0010634419684178564,-0.000991099191013682,2738.7438548070268,63442.12867634815,-26536.299363133578,-273.0686673860912,163.22183815904268,170,164,0.0057542761634465376,39.71000209757525,108.72625622121957,0.19392151352002693,0.10736326213507769
2023-09-10,False,104455.07920547217,103191.30087251465,1260.8552147323087,1.8311999058429058,-4.7543181310492795,1263.7783329575152,0.012218619244755948,0.012246946421567274,1831.1999058429058,61774.294020686066,-25475.24908266344,-211.91986008969818,1472.775074822007,170,164,0.0057542761634465376,38.584357276731744,108.72625622121959,0.1871413756777823,0.10698224239626573
2023-09-11,False,105627.03435248886,104455.07920547217,1173.5855619359595,3.2826261635075817,-1.6522112442445014,1171.9551470166964,0.011235313503782955,0.0112197047374916,3282.6261635075816,60202.34857690017,-24177.28728978755,-490.4452837903032,1664.030845726263,170,164,0.0057542761634465376,37.682561997350575,108.72625622121956,0.1803743324735361,0.10804143496254867
2023-09-12,False,105930.1458145032,105627.03435248886,298.7645421899716,4.475523802278858,-8.82244362664663,303.1114620143394,0.0028284855673686906,0.002869639045273425,4475.523802278858,60143.630504147884,-25061.845605072296,567.062198335145,-268.2976561451734,170,164,0.0057542761634465376,38.12697304167741,108.72625622121956,0.1801566046143904,0.11346228111146264
2023-09-13,False,105423.75607279294,105930.1458145032,-511.91405335766694,2.3078184520160323,-7.832130099426467,-506.3897417102565,-0.004832562529028251,-0.004780412014130592,2307.8184520160326,59787.240987570825,-24173.254185289574,459.72724356574736,-971.6412969234143,170,164,0.0057542761634465376,37.7502765308556,108.72625622121956,0.17870893301742133,0.11363007313390301
2023-09-14,False,104670.35015669945,105423.75607279294,-763.449786088177,3.4771999057212954,-13.521069900410183,-753.405916093488,-0.0072417243942724885,-0.007146452983265714,3477.1999057212956,61575.164036451046,-22190.156262314886,103.40365138937032,-866.8534374775473,170,164,0.0057542761634465376,36.3507393564519,108.72625622121959,0.1753376486338987,0.11097881253653995
2023-09-15,False,105936.38223265191,104670.35015669945,1300.536916970369,37.94744992745656,-3.4426089095494694,1266.032075952462,0.01242507467514312,0.012095422190306194,37947.44992745656,52548.44634995317,7278.803843387335,1803.3101908124765,-502.77327384210724,172,167,0.0057542761634465376,25.673639020995918,109.06646774421725,0.1498601621103892,0.11414376072382602
2023-09-16,False,104756.79210182835,105936.38223265191,-1175.9754693718537,5.0212232946375925,-1.4065618429337188,-1179.5901308235575,-0.011100770524608233,-0.011134891582695393,5021.2232946375925,53375.16029557898,10700.925463899459,-1284.0982476845982,108.122778312744,170,165,0.0057542761634465376,25.765964876643125,107.7559486235781,0.15797663587240918,0.11140043194640399
2023-09-17,False,104269.40610515338,104756.79210182835,-494.67185555013384,1.5736665477174758,-8.859525422878242,-487.3859966749731,-0.004722098163041213,-0.004652547934087289,1573.6665477174759,52382.12031477135,10886.813427573508,-1419.5247266147026,924.8528710645687,170,165,0.0057542761634465376,25.961769425278685,107.75594862357809,0.16012700562683774,0.10912963316469551
2023-09-18,False,103855.6068900995,104269.40610515338,-418.83417995463657,1.8337653718578308,-6.868730272616475,-413.79921505387796,-0.004016846317626971,-0.003968558281003065,1833.7653718578308,50738.70282096211,10491.407674526119,-167.427913703496,-251.40626625114055,169,164,0.0057542761634465376,25.60477238907941,107.126957379654,0.1571837949557039,0.10906872908640196
2023-09-19,False,104254.26234099001,103855.6068900995,391.96676402692293,1.483618877979714,-8.172305741571634,398.6554508905148,0.003774151206315746,0.003838554920894872,1483.618877979714,50738.168800046,9754.673658286487,1012.5471707555245,-620.5804067286016,169,164,0.0057542761634465376,25.518801625441274,107.126957379654,0.15583871255631618,0.10806813436313016
2023-09-20,False,104891.43965350617,104254.26234099001,630.0382104910532,1.8773648427167688,-9.016466867817204,637.1773125161536,0.006043284910791977,0.006111762705989935,1877.3648427167689,51428.107660091366,11023.377890904143,666.2960557184917,-36.25784522743869,168,163,0.0057542761634465376,25.60076990936811,106.46367309601493,0.15966658528156868,0.10521537061827363
2023-09-21,False,104543.18595337367,104891.43965350617,-344.42240493377415,1.568807492368749,2.2624877063591424,-348.25370013250205,-0.003283608329445417,-0.003320134619973834,1568.8074923687489,52119.045145427604,12450.411179852355,-207.353590215518,-137.06881471825653,168,163,0.0057542761634465376,26.14869776342767,106.46367309601492,0.16405354406185002,0.10359834359127743
2023-09-22,False,104440.14753768969,104543.18595337367,-92.79528980609021,11.431590230836767,-1.1884643529351904,-103.03841568399179,-0.0008876263810008332,-0.0009856062329107417,11431.590230836768,48176.15013014258,17356.414598170002,76.7486662071248,-169.54395601321488,171,165,0.0057542761634465376,26.858882699725413,106.89500208806268,0.17038903159469476,0.10542660755532993
2023-09-23,False,104915.5192333527,104440.14753768969,470.33084105768285,0.9421708905205691,-5.9830254958530595,475.3716956630153,0.0045033528977728885,0.0045516183849842445,942.1708905205692,48847.328320996356,17889.481596817757,410.90640144118,59.42443961650291,170,164,0.0057542761634465376,27.297469727795622,106.24664465198964,0.17355580542522506,0.10520743091971496
2023-09-24,False,104004.8026920677,104915.5192333527,-912.0005871945116,0.8034999635869876,-2.0875458730908343,-910.7165412850078,-0.008692713850713005,-0.00868047499492802,803.4999635869876,49692.140720270014,19151.77592001415,-1203.4228703711183,291.42228317660675,169,163,0.0057542761634465376,28.1309970408321,105.5982697991754,0.1786751884425571,0.10393556465618217
2023-09-25,False,104769.53805534061,104004.8026920677,767.7193430198109,1.319281927377857,1.6646978195058022,764.7353632729273,0.00738157588061425,0.007352885092596332,1319.2819273778573,49511.100765286945,19192.587608737806,970.7941592065771,-203.07481618676616,169,163,0.0057542761634465376,28.33105683899367,105.59826979917541,0.18050561487770145,0.10477191576462386
2023-09-26,False,105867.45991720572,104769.53805534061,1096.1291227434715,0.911541268299276,-2.7042803899309975,1097.9218618651032,0.010462288400703667,0.010479399663718731,911.541268299276,50569.531283295815,20105.38042212172,1032.332978051913,63.79614469155835,169,163,0.0057542761634465376,28.868238656529154,105.59826979917541,0.18558106314512024,0.10408356987696915
2023-09-27,False,106488.52198046214,105867.45991720572,622.7199888478802,1.792458979823377,-0.13453338836061857,621.0620632564176,0.005882071689779675,0.0058664113009051395,1792.4589798233771,51017.89502825476,20328.55499430548,720.6844727769225,-97.96448392904236,169,163,0.0057542761634465376,29.32795195332341,105.5982697991754,0.1880397456567644,0.10453942236024874
2023-09-28,False,106362.97967134627,106488.52198046214,-122.33333675232417,1.4806348555505644,1.7283375079933063,-125.54230911586804,-0.0011487936397010857,-0.0011789280833374865,1480.6348555505642,52350.79327767421,21866.424854089666,146.78635142469213,-269.1196881770163,169,163,0.0057542761634465376,30.082399258340146,105.59826979917541,0.19408825228419513,0.1043963431604455
2023-09-29,False,105422.41026744193,106362.97967134627,-927.3665414482052,13.13450954832088,0.06835290782157344,-940.5694039043477,-0.008718884562219855,-0.008843014804687096,13134.50954832088,60934.896991002126,22917.18104898883,-1042.4857147783268,115.11917333012148,168,164,0.0057542761634465376,31.263301207733644,104.31963153787342,0.20182382613393615,0.09988419040881681
2023-09-30,False,105962.83069916513,105422.41026744193,540.3985914194575,1.1935421640999722,-1.2153824678460388,540.4204317232035,0.005126031458098347,0.005126238627557768,1193.5421640999723,59969.598983584314,22393.907256227583,625.9240756767217,-85.5254842572642,167,163,0.0057542761634465376,31.255908575705664,103.67083013680033,0.1998420130633378,0.0966835973458561
2023-10-01,False,106166.98165254337,105962.83069916513,207.93859093747062,0.9219699352334636,2.865667624005278,204.15095337823186,0.0019623729336546397,0.0019266279697437371,921.9699352334635,60712.11371684223,23327.81786297125,1006.8476148741449,-798.909023936674,167,163,0.0057542761634465376,31.46903996079956,103.67083013680035,0.20150366155780333,0.09549149876699084
2023-10-02,False,105689.69127211046,106166.98165254337,-475.82088798568554,2.751388353563369,-1.2818959063342321,-477.2903804329147,-0.004481816103079225,-0.004495657435142695,2751.3883535633695,61074.80354001325,24716.890320717233,-678.1883481744479,202.36746018876255,168,163,0.0057542761634465376,32.5890662601407,103.67083013680035,0.20589238937135895,0.09061957144242092
2023-10-03,False,105006.37069130405,105689.69127211046,-678.6914151600196,1.8751977448799753,2.7539679015086813,-683.3205808064082,-0.006421547901134929,-0.006465347495879419,1875.1977448799753,60471.16149160125,26042.53651592834,-1218.958041618273,540.2666264582534,169,164,0.0057542761634465376,33.55614737914506,104.31963153787342,0.2103272557474339,0.09113239454939623
2023-10-04,False,105153.21044029895,105006.37069130405,155.14193569678767,1.038676155723865,7.263510546167645,146.83974899489615,0.001477452602879413,0.001398388955147999,1038.6761557238651,59436.98115624167,26125.15563298646,187.3351337839759,-32.19319808718822,169,164,0.0057542761634465376,33.47810433024573,104.31963153787342,0.21030522323994902,0.09001463456252908
2023-10-05,False,106093.02247614154,105153.21044029895,938.0349021162386,0.6344670339759836,-2.4116007603256344,939.8120358425883,0.008920649195478542,0.008937549618384399,634.4670339759836,59538.92283843178,26409.90471313232,681.787504194912,256.2473979213265,170,164,0.0057542761634465376,33.402080672287504,104.31963153787342,0.21044077779014952,0.09088546789915898
2023-10-06,False,107134.32842624275,106093.02247614154,1061.33167515909,19.137354908107138,0.8883701497844645,1041.3059501011983,0.010003783947222024,0.00981502765966885,19137.354908107136,54441.67713473183,23747.417884918195,1283.5432400338793,-222.2115648747895,170,165,0.0057542761634465376,33.97091248715772,105.95576746662493,0.2141592514592539,0.09204416055664232
2023-10-07,False,106818.22654399846,107134.32842624275,-312.7077782942524,2.5944765662039577,0.7996273838354333,-316.10188224429186,-0.002918838274228208,-0.0029505190995985386,2594.476566203958,55354.857949808014,23018.873870040483,-362.6285323672935,49.920754073041095,168,163,0.0057542761634465376,33.82993223747214,104.6493972931132,0.2121559874920685,0.08907329024225709
2023-10-08,False,106306.71843913228,106818.22654399846,-506.0148170567111,1.135862964582924,4.35742484488711,-511.50810486618116,-0.00473715800597273,-0.004788584508613713,1135.8629645829237,55052.2113679503,22502.62745624107,-589.0437349359935,83.02891787928237,166,161,0.0057542761634465376,33.6610115750406,103.33660170494973,0.20940790480032123,0.08846750169450189
2023-10-09,False,106016.5757799203,106306.71843913228,-277.99153559249373,0.9755022768716295,11.175621342623876,-290.1426592119892,-0.0026149949850221605,-0.0027292974844117246,975.5022768716294,54923.3361567975,22020.00890593208,-902.458505522352,624.4669699298584,166,161,0.0057542761634465376,33.52832662764869,103.33660170494973,0.2083863446734558,0.08752827240752865
2023-10-10,False,106204.25106471214,106016.5757799203,199.92193975292747,2.1054676403144366,10.141187320774591,187.67528479183846,0.0018857611489730174,0.0017702447321203186,2105.4676403144367,54631.14622418879,20670.39446113397,208.63243051517668,-8.71049076224925,166,161,0.0057542761634465376,32.80463612049765,103.33660170494974,0.20380217771726122,0.08954770228150533
2023-10-11,False,106627.0816643072,106204.25106471214,425.33517010111615,1.7554627758825219,0.7491077301756635,422.830599595058,0.004004878955758107,0.0039812963733195554,1755.4627758825218,55247.81518230166,19398.566588658196,457.91455603737205,-32.57938593625594,165,160,0.0057542761634465376,32.03136505654244,102.68220469160474,0.20064957925176205,0.08945739980012157
2023-10-12,False,105999.80554491316,106627.0816643072,-626.8435162717717,1.3818409681415114,-0.9492378458720352,-627.2761193940412,-0.0058788396576889895,-0.005882896817610439,1381.8409681415114,55463.415653440556,18587.708308005556,-902.3463662018178,275.5028499300461,165,160,0.0057542761634465376,31.631972117776776,102.68220469160475,0.1984843928222312,0.09062226258074116
2023-10-13,False,107100.47683672886,105999.80554491316,1113.5598047585925,13.746183312547133,-0.8576703696498575,1100.6712918156952,0.01050530044875192,0.010383710480953004,13746.183312547133,56879.495331660815,29844.375537408978,1224.5166255356025,-110.95682077701031,165,161,0.0057542761634465376,41.85852226247811,103.4858217487373,0.2634358099024968,0.09192494571914733
2023-10-14,False,107373.07816629182,107100.47683672886,275.0370242462896,1.4202628501427403,1.015431833192929,272.60132956295394,0.0025680280085547563,0.0025452858625319257,1420.2628501427403,57853.9190053191,29859.70287786593,329.1892512301393,-54.1522269838498,165,161,0.0057542761634465376,41.443598665588524,103.48582174873731,0.2636202515292428,0.0912083421945811
2023-10-15,False,107812.25084858538,107373.07816629182,446.4443238262241,1.4357845530974382,5.835856979571712,439.17268229355494,0.0041578795304238435,0.004090156394821758,1435.7845530974382,58634.26083774742,29035.798125516394,559.1956033476811,-112.75127952145684,165,161,0.0057542761634465376,41.0949445921375,103.4858217487373,0.26111109938799376,0.09415882867003107
2023-10-16,False,107422.44931818647,107812.25084858538,-379.49961394843615,1.3451679869906028,8.95674846348831,-389.801530398915,-0.0035200045538555384,-0.0036155587823350752,1345.167986990603,59864.0651536014,29429.573748161365,-121.53588444838822,-257.96372950004786,165,161,0.0057542761634465376,41.23567435847282,103.4858217487373,0.26049941109696906,0.09533110992543178
2023-10-17,False,107883.08605124659,107422.44931818647,468.494112150636,3.1400480517790785,4.717331038732695,460.6367330601242,0.004361230963585194,0.00428808629838362,3140.0480517790784,62872.41474361984,27942.106241960122,-95.57874554237114,564.0728576930072,165,161,0.0057542761634465376,41.32629921755707,103.4858217487373,0.26148171317558255,0.10298290270029077
2023-10-18,False,107099.8502017894,107883.08605124659,-773.6147977550168,1.924322617195136,7.696729084964703,-783.2358494571765,-0.007170862700271056,-0.0072600430533209265,1924.3226171951358,63812.91172822248,28578.316689755906,-955.9294905507484,182.3146927957315,165,161,0.0057542761634465376,41.51365473722149,103.48582174873731,0.26317855137997,0.10416893831516898
2023-10-19,False,107628.57198524983,107099.8502017894,520.1715697911592,0.984484939234566,-9.534698608497088,528.7217834604218,0.0048568841955529485,0.004936718235032489,984.4849392345661,63480.389466202,27790.951604516085,536.650153665587,-16.478583874427912,165,161,0.0057542761634465376,40.946081817963474,103.4858217487373,0.2592922360616526,0.10564559135745635
2023-10-20,False,107939.51037282591,107628.57198524983,312.45412780912204,7.614620565257962,-6.098880332213673,310.9383875760778,0.0029030778913608827,0.0028889948258227468,7614.620565257962,64835.68187076166,27607.80860962721,719.6728114417284,-407.21868363260614,167,163,0.0057542761634465376,38.258162315440174,102.44234231211958,0.2418384189713111,0.11074288785395642
2023-10-21,False,107112.08538484845,107939.51037282591,-828.7645699399125,1.4401062401121982,-2.7796882025720056,-827.4249879774526,-0.007678046408375745,-0.00766563592070693,1440.1062401121983,65667.1227617322,28019.468825718293,-168.9364589145307,-659.8281110253819,166,162,0.0057542761634465376,38.08792382694277,101.83008776811448,0.24133606362663604,0.10769550335326791
2023-10-22,False,107110.14492753608,107112.08538484845,3.9519405535594956,2.770595790517993,3.12180207542213,-1.9404573123806275,3.689537496502255e-05,-1.8116137926067446e-05,2770.595790517993,65988.70004296864,28944.061095437846,327.54156139112064,-323.58962083756114,166,162,0.0057542761634465376,38.30561126157697,101.81033122157156,0.2405383763227944,0.10401385193027908
2023-10-23,False,108930.82413762224,107110.14492753608,1827.390557747643,2.250592485134962,4.460755176348941,1820.679210086159,0.01706085412342537,0.016998195748105044,2250.592485134962,66866.50170331591,30678.40298289793,2666.850383409923,-839.4598256622799,166,162,0.0057542761634465376,38.62931682610622,101.81033122157154,0.24205880160978685,0.10264113071798855
2023-10-24,False,110354.37779406733,108930.82413762224,1440.2417408267445,5.716871503699736,10.971212877955017,1423.5536564450897,0.013221617960102421,0.013068419042222472,5716.871503699736,69917.68423050539,34745.31789441176,1888.8518085883566,-448.6100677616119,166,162,0.0057542761634465376,40.29763765716767,101.81033122157154,0.25023059596755526,0.09256292080818854
2023-10-25,False,110408.2256103154,110354.37779406733,64.21000405715421,3.6465792392589327,6.715608569826049,53.84781624806922,0.0005818528031300825,0.00048795360296946994,3646.579239258933,71231.70835674435,37913.485643923974,389.858962813471,-325.64895875631663,166,162,0.0057542761634465376,41.89921694854182,101.81033122157153,0.2571399600209674,0.0869284786112252
2023-10-26,False,109958.70199354413,110408.2256103154,-428.86670337144466,3.0680330493500754,17.58888035048012,-449.5236167712748,-0.0038843727539388676,-0.004071468536754348,3068.0330493500755,71308.69822395567,40372.33561443192,-269.5817279033302,-159.28497546811448,166,162,0.0057542761634465376,43.97561036187871,101.81033122157154,0.2652894788362338,0.08176796390877145
2023-10-27,False,108487.73577097339,109958.70199354413,-1483.0526522673085,17.391691061529908,-29.47812075809996,-1470.9662225707384,-0.013487360485160884,-0.01337744258437228,17391.691061529906,69372.52429777781,48787.34220237259,-1615.6147371283218,132.56208486101355,169,168,0.0057542761634465376,51.4607814177764,105.34409450864078,0.30617277408927723,0.08038061449996109
2023-10-28,False,108934.0983895564,108487.73577097339,460.11414025125737,1.76048405370974,11.991037614535871,446.3626185830118,0.004241162717439292,0.004114406254411285,1760.4840537097398,69120.22681305252,48979.45650414109,728.1921305841641,-268.0779903329068,169,168,0.0057542761634465376,52.43098064256963,105.34409450864081,0.30887800043534663,0.07951674682580996
2023-10-29,False,109090.7893716721,108934.0983895564,172.38278825028013,3.2017079097019905,12.490098224874144,156.690982115704,0.0015824502226458653,0.0014384016064039513,3201.7079097019905,70950.32843603767,51272.65338000944,383.9775953313279,-211.59480708104778,168,167,0.0057542761634465376,53.71949928305638,104.71685252736961,0.31404178097828134,0.0768597940477557
2023-10-30,False,110318.98376812108,109090.7893716721,1203.2895044804336,2.670643957188118,-27.575535925724534,1228.19439644897,0.01103016589586522,0.011258460989447187,2670.6439571881183,71919.09243796133,53107.318232127705,1349.6041357293966,-146.31463124896288,167,166,0.0057542761634465376,55.32997121436001,104.08435981095174,0.3185765942692797,0.07211871446354018
2023-10-31,False,110027.06610020538,110318.98376812108,-328.6192725965505,4.015223239506862,-40.71682792035648,-291.91766791570086,-0.002978809823767718,-0.0026461236130427123,4015.223239506862,74776.92470903989,57381.97763990825,-467.17358280352875,138.55431020697836,168,167,0.0057542761634465376,58.17945368886049,104.71160006363064,0.3306309571210621,0.07308912957070472
2023-11-01,False,110517.684760358,110027.06610020538,502.2185014579161,3.268775747353428,8.331065557949353,490.61866015261336,0.0045644996204890955,0.0044590724586420424,3268.775747353428,75881.58086548881,60317.49252167983,847.1780603928185,-344.9595589349021,168,167,0.0057542761634465376,60.716751358391484,104.71160006363064,0.34139945483701284,0.0739863150739605
2023-11-02,False,108445.06548127871,110517.684760358,-2034.324050722853,3.7502817658415917,34.54494659059586,-2072.6192790792907,-0.018407226455512505,-0.018753734151900424,3750.2817658415916,79656.3317648824,63957.94605513816,-2174.593153728334,140.26910300548144,169,167,0.0057542761634465376,63.72937667609306,104.71160006363066,0.35365665053858775,0.07546369277663838
2023-11-03,False,106376.02133851446,108445.06548127871,-2019.4422994888905,31.56106601640738,18.040777258946104,-2069.044142764244,-0.018621799807364354,-0.019079191234583476,31561.066016407378,81250.7597248293,66282.40631294444,-1921.7923880272258,-97.64991146166491,170,172,0.0057542761634465376,66.9079892796369,104.82840464824898,0.3693703101442075,0.07915465477441122
2023-11-04,False,107555.22955723775,106376.02133851446,1212.2041431221617,4.002885703567467,28.993038695312823,1179.2082187232813,0.011395464202074566,0.011085282227004459,4002.8857035674673,79485.62589319625,64870.665891348224,1390.8344226489448,-178.630279526783,170,172,0.0057542761634465376,67.58767229154294,104.82840464824899,0.3715948648604175,0.08211900786074379
2023-11-05,False,107510.59149650643,107555.22955723775,3.212345720652934,2.1440933249124594,45.70631312706076,-44.63806073132029,2.9866941234534925e-05,-0.000415024549852922,2144.0933249124596,80839.36927277803,66510.71785290426,176.23288914144172,-173.02054342078878,170,172,0.0057542761634465376,69.24977792132825,104.82840464824899,0.3761856905050255,0.08534700813769042
2023-11-06,False,107854.8612617628,107510.59149650643,394.8006586570014,2.2729235917061503,48.25796980893178,344.2697652563635,0.0036722024608136445,0.003202193946329005,2272.9235917061505,81394.1691981203,67526.76401331088,656.2155584175626,-261.4148997605612,170,172,0.0057542761634465376,70.84182786188437,104.82840464824898,0.3798208403499377,0.0895145915564641
2023-11-07,False,106644.23939178855,107854.8612617628,-1170.0626779040876,3.249722164980566,37.309469905177956,-1210.6218699742462,-0.010848492726390477,-0.011224546170766264,3249.722164980566,82290.49915314488,68881.51012133471,-1298.697494019752,128.6348161156643,172,172,0.0057542761634465376,72.6180837550917,104.82840464824898,0.3847695005254616,0.09548210193951039
2023-11-08,False,111444.07744956824,106644.23939178855,4829.58182396948,2.8236691884125107,26.920097001380295,4799.838057779688,0.04528685141844943,0.04500794496874876,2823.6691884125107,81268.43449896412,68808.84030188066,4970.562165712368,-140.98034174288745,172,172,0.0057542761634465376,73.48190501735027,104.82840464824898,0.3862532681030131,0.09933895616252725
2023-11-09,False,109903.22781141884,111444.07744956824,-1454.6860232101249,7.484202411863947,78.67941252742008,-1540.8496381494087,-0.013053058148095967,-0.013826213769383025,7484.202411863947,84289.86695499635,72354.73502718552,-1459.432756520111,4.7467333099866345,172,172,0.0057542761634465376,74.64505787023553,104.82840464824899,0.39032545678057123,0.10311962197459809
2023-11-10,False,111338.2927475845,109903.22781141884,1496.996810116879,27.58622463449349,34.345649316713995,1435.0649361656717,0.013621044985917534,0.01305753220122048,27586.22463449349,91829.3632605451,80828.17188418774,1803.9381147127588,-306.94130459587944,175,180,0.0057542761634465376,75.7139995866564,107.20677911183203,0.3950077148159328,0.11092304793206295
2023-11-11,False,111311.72387193705,111338.2927475845,51.89045746316811,3.5030749041379394,74.95625820647858,-26.568875647448408,0.0004660611922693047,-0.00023863196562285013,3503.0749041379395,93252.0681048981,83187.90933852429,102.73681986010345,-50.84636239693514,176,180,0.0057542761634465376,77.35372766209422,107.20677911183205,0.4001795914140048,0.11493630051731545
2023-11-12,False,110978.66226078809,111311.72387193705,-233.28403943738317,4.75721384798467,95.020357863604,-333.06161114897185,-0.0020957724067392396,-0.002992152125252823,4757.213847984671,92380.19285726668,83602.91216892675,-145.92776510405105,-87.35627433333208,178,180,0.0057542761634465376,78.41672658352356,107.20677911183203,0.4047814417455913,0.11799772337579152
2023-11-13,False,108200.80974915068,110978.66226078809,-2681.5750139261822,3.702894725736474,92.57460298549434,-2777.852511637413,-0.02416297835366555,-0.025030509965147663,3702.8947257364744,91862.237897624,84120.82649800058,-2838.1303164736755,156.55530254749328,178,180,0.0057542761634465376,79.5149966860361,107.206779111832,0.40795681402328576,0.12099767779039379
2023-11-14,False,106852.26256215193,108200.80974915068,-1298.7392989751243,3.593983367817772,46.213904655816776,-1348.547186998759,-0.01200304602143071,-0.012463374258706455,3593.983367817772,87293.14020765296,80286.12001500977,-1338.7585083555898,40.01920938046516,178,180,0.0057542761634465376,78.9796456499647,107.20677911183202,0.40617271580944314,0.11910613817945749
2023-11-15,False,109407.25042439479,106852.26256215193,2590.0665600632246,2.6944216239637515,32.384276196395454,2554.9878622428655,0.02423969785905732,0.023911406281703445,2694.4216239637517,86255.62754355073,79715.44853779767,2737.1628490940957,-147.0962890308709,178,180,0.0057542761634465376,78.83124318625339,107.20677911183205,0.4051221653081812,0.11869600055825892
2023-11-16,False,105215.86761354624,109407.25042439479,-4139.942634257013,3.468684064242772,47.97149252729512,-4191.38281084855,-0.03783974661823619,-0.03830991816895152,3468.6840642427724,88868.81154631116,82872.90144619446,-4245.5989981328385,105.6563638758258,178,180,0.0057542761634465376,79.46993112548046,107.20677911183205,0.40803352598847414,0.11736106480744354
2023-11-17,False,106028.28415616907,105215.86761354624,862.0642144614299,22.675767037472315,26.971904801136382,812.4165426228212,0.008193290936189947,0.007721426064809875,22675.767037472317,81325.17778806077,75816.32427722121,847.654931031172,14.409283430257794,179,182,0.0057542761634465376,82.04582511060535,108.16372518788313,0.42157922850934004,0.11751408820280536
2023-11-18,False,105922.86342349161,106028.28415616907,-79.90516840124192,1.249504596543359,24.266059679678968,-105.42073267746426,-0.0007536212533964012,-0.0009942699112454752,1249.5045965433592,81907.83812530577,76583.73631957395,-105.69138546300988,25.78621706176795,180,182,0.0057542761634465376,81.81217013297533,108.16372518788312,0.4223630676729048,0.1168009393904233
2023-11-19,False,107916.61369987256,105922.86342349161,2018.8606216728535,1.3830235672375257,23.727321724664982,1993.750276380951,0.019059724750842697,0.01882266218965127,1383.0235672375259,81562.26055454182,76351.41746245042,2064.783534708916,-45.92291303606247,180,182,0.0057542761634465376,81.3805972639803,108.16372518788312,0.4202908097394645,0.1161786376435655
2023-11-20,False,108062.46941057048,107916.61369987256,175.06154528957558,1.8101485093452527,27.395686082306682,145.85571069792366,0.0016221927216548892,0.0013515593725314965,1810.1485093452527,83137.70914705528,77952.6690120176,175.09247228566062,-0.030926996084995384,182,182,0.0057542761634465376,81.65363981007674,108.16372518788312,0.4213199876820883,0.11531906772390788
2023-11-21,False,101987.94364019137,108062.46941057048,-6048.023075169295,1.1091664964171968,25.393528713406546,-6074.5257703791185,-0.05596784071434229,-0.05621309418073431,1109.1664964171969,83814.04758711197,78729.65823039846,-6212.310947694883,164.28787252558848,182,182,0.0057542761634465376,82.0583202494672,108.16372518788312,0.4227058850405888,0.11550104935127042
2023-11-22,False,107975.5148546972,101987.94364019137,6011.888100173286,1.9467081984761492,22.370177468973125,5987.571214505837,0.05894704693118377,0.058708617909090356,1946.708198476149,75809.10400559392,71059.94043837379,6145.094980986474,-133.20688081318724,182,182,0.0057542761634465376,79.45966240083818,108.16372518788312,0.4165546909429493,0.10214055880913361
2023-11-23,False,107962.70794297585,107975.5148546972,13.754705600198463,3.12076770944039,23.440849612118637,-12.806911721360564,0.0001273872657028604,-0.0001186094063880579,3120.76770944039,79003.35004268945,74071.32308064516,29.998600272132308,-16.243894671933717,182,182,0.0057542761634465376,79.22767336913508,108.16372518788313,0.41793938942402187,0.0973695080436396
2023-11-24,False,109068.87072555532,107962.70794297585,1168.97215396215,39.38522279258414,23.42414859009994,1106.162782579466,0.010827554960733128,0.010245785824154422,39385.222792584136,81949.04213710199,77097.54787416998,1212.651129159257,-43.67897519710684,183,183,0.0057542761634465376,84.35576072589976,110.81867028476641,0.4448816311571866,0.09640801008753472
2023-11-25,False,110611.66071188892,109068.87072555532,1568.532904712381,1.869711437086824,23.873206941681307,1542.789986333613,0.014381123544033052,0.014145099110961368,1869.711437086824,83003.82644967714,78180.84475104019,1638.458860579644,-69.92595586726262,182,182,0.0057542761634465376,84.15175095525807,110.20300331348618,0.4459222329070187,0.09574039496994723
2023-11-26,False,108785.179039527,110611.66071188892,-1799.1776119095168,2.274168310717274,25.029892141683135,-1826.4816723619172,-0.016265713762275473,-0.01651255989293361,2274.1683107172744,85206.7282432133,80396.43194688641,-1792.893608781494,-6.28400312802267,182,182,0.0057542761634465376,84.90974331252832,110.20300331348619,0.44717960842078597,0.0977978147108232
2023-11-27,False,106978.96443435477,108785.179039527,-1781.4813959436224,0.9779026875518637,23.75530654106234,-1806.2146051722366,-0.01637614068085803,-0.01660349894277372,977.9026875518637,83994.62110957719,79346.84013847567,-1821.6525888489455,40.171192905323224,182,182,0.0057542761634465376,85.15266012452598,110.20300331348619,0.446948470090742,0.0991595855795733
2023-11-28,False,107853.81763051695,106978.96443435477,901.5380537029689,0.9082122306764885,25.77664531011109,874.8531961621813,0.008427246033552488,0.008177805803112025,908.2122306764885,82302.15044623626,77772.82757930607,926.256154001607,-24.71810029863814,182,182,0.0057542761634465376,84.75880448989153,110.20300331348618,0.44607842549426574,0.09807467242939599
2023-11-29,False,107537.64482498715,107853.81763051695,-289.09241570224214,0.9784782496427344,26.1019115779093,-316.1728055297942,-0.002680409669805181,-0.0029314938726873025,978.4782496427343,83185.44406457803,78658.99294729103,-288.63793080623213,-0.45448489600995545,182,182,0.0057542761634465376,84.56042706971581,110.20300331348619,0.44598996259963647,0.09773903751426884
2023-11-30,False,107828.3866395754,107537.64482498715,316.104872003537,1.0097097825283385,24.353347632760766,290.74181458824796,0.002939481076770688,0.0027036282509387078,1009.7097825283385,82945.70946061012,78453.20545125361,319.6934141514648,-3.588542147927864,182,182,0.0057542761634465376,84.4087365296526,110.20300331348619,0.4448619279902362,0.09785356008979532
2023-12-01,False,108746.51134594981,107828.3866395754,986.994048407886,41.05207727542544,27.817264758055,918.1247063744056,0.009153378615475244,0.00851468462978406,41052.07727542544,88092.40791967273,83817.5216940319,1006.618347267405,-19.624298859519246,185,185,0.0057542761634465376,98.1608854455522,113.80588084947867,0.5221337202146266,0.09944448490952823
2023-12-02,False,110861.24165044143,108746.51134594981,2158.9632949374636,1.30191639339885,42.93107405244744,2114.7303044916175,0.019853172926800954,0.019446419736299698,1301.91639339885,89226.7069702372,85030.20221462878,2197.060039962179,-38.09674502471499,185,185,0.0057542761634465376,98.31877000084778,113.80588084947865,0.5226912200534367,0.10030729367885494
2023-12-03,False,109279.55987016813,110861.24165044143,-1521.3400087676796,1.2850970409139064,59.05667446470141,-1581.6817802732949,-0.01372292052766867,-0.014267220506699032,1285.0970409139063,91368.4897879748,87292.3377500748,-1534.287313268043,12.947304500363353,184,184,0.0057542761634465376,98.2814907906338,113.18454027717262,0.5233727618133852,0.10070866125096678
2023-12-04,False,111137.35640111519,109279.55987016813,1924.8713416076853,0.3365461838418897,66.73826447678337,1857.79653094706,0.017614193760430302,0.017000402757425582,336.54618384188973,89941.238820594,86002.18316895081,1980.0042383948175,-55.1328967871328,186,184,0.0057542761634465376,98.27223927117612,113.18454027717262,0.5217972214936527,0.1016485926685294
2023-12-05,False,112937.37411139988,111137.35640111519,1872.0200290586847,3.5739432431278657,68.42837553086868,1800.0177102846883,0.01684420153294109,0.016196333695288674,3573.9432431278656,91092.49932458847,87311.00874261947,1898.4451058909008,-26.42507683221578,186,184,0.0057542761634465376,98.820156526141,113.18454027717262,0.5232954817361836,0.10258334635092452
2023-12-06,False,108657.29412349382,112937.37411139988,-4203.650521423462,3.22736754721951,73.20209893537779,-4280.07998790606,-0.037221075436702104,-0.03789781745486881,3227.36754721951,92821.75137188278,89247.6843415475,-4223.068402862877,19.417881439414835,186,184,0.0057542761634465376,99.62458815146961,113.18454027717263,0.5260897852644522,0.1037479904107728
2023-12-07,False,110571.93588171012,108657.29412349382,1968.193841601178,1.3596445047849735,52.192438880093206,1914.6417582162999,0.018113775586609388,0.017620922494537963,1359.6445047849734,89253.59978367311,85884.17106481749,1997.0946579201468,-28.900816318968605,187,185,0.0057542761634465376,99.81590368865875,113.80588084947865,0.5285192984017612,0.10522254681915466
2023-12-08,False,112023.19122002451,110571.93588171012,1540.8663712255602,9.347120124822078,80.26391278633686,1451.2553383144011,0.01393542004070526,0.01312498806086704,9347.120124822079,91226.84892052706,88180.20292704942,1568.990759488366,-28.124388262806058,191,187,0.0057542761634465376,96.71684092045963,111.08230679267477,0.5105820379942626,0.11037934327570188
2023-12-09,False,110966.84478568904,112023.19122002451,-939.1597500727266,1.6045173043371195,115.58216695841242,-1056.3464343354763,-0.008383618961792697,-0.009429712034008284,1604.5173043371194,92536.577956969,89824.15131612115,-941.5264594196906,2.3667093469638276,191,187,0.0057542761634465376,97.19207775339004,111.08230679267483,0.5104861830680903,0.11015771975539194
2023-12-10,False,111919.40498669572,110966.84478568904,1012.561298972171,1.9684116426958866,58.03268632279632,952.5602010066789,0.009124899432147835,0.00858418749173561,1968.4116426958867,91805.76261760408,89342.26850320034,1016.5233070713567,-3.962008099185657,192,187,0.0057542761634465376,97.2886072916192,111.08230679267483,0.5116798287335275,0.11135833745234143
2023-12-11,False,108525.3769733992,111919.40498669572,-3341.957309857057,1.4068445580294056,50.663858881437804,-3394.028013296524,-0.029860392040632528,-0.030325643830039883,1406.8445580294056,92760.46549562625,90439.597352165,-3368.1911623136903,26.233852456633834,192,187,0.0057542761634465376,97.4981487508974,111.0823067926748,0.5124063830734464,0.11089125113962613
2023-12-12,False,110268.05773135727,108525.3769733992,1797.6361523401752,2.551712011312615,52.4036823707863,1742.6807579580761,0.016564200949799938,0.016057818056556736,2551.7120113126152,88354.46819425271,86086.72588868505,1801.8510924066786,-4.214940066503328,192,187,0.0057542761634465376,96.43827350503402,111.08230679267479,0.5066218306076019,0.10673272641214361
2023-12-13,False,111327.96527959612,110268.05773135727,1129.2981090657518,2.1297453959859105,67.26081543092313,1059.9075482388425,0.01024138932252735,0.009612099551268629,2129.745395985911,88699.49557060536,86429.57359378407,1135.2798928350187,-5.9817837692669995,191,186,0.0057542761634465376,95.19099415016659,110.48146695971411,0.5021362727837156,0.10406294819353971
2023-12-14,False,112874.46846224234,111327.96527959612,1621.6746848811372,2.5370698337124273,72.6344324012034,1546.5031826462214,0.014566642629355172,0.01389141693879193,2537.069833712427,89011.58394188242,86744.02877455908,1628.006850692795,-6.3321658116578,191,186,0.0057542761634465376,94.61744202193132,110.4814669597141,0.500123404005313,0.10310287989391165
2023-12-15,False,112690.46586862233,112874.46846224234,-51.999108154449175,18.149021337407593,113.85446412814832,-184.0025936200051,-0.0004606808684272423,-0.0016301524704991708,18149.021337407594,89816.8428786122,87565.6361621925,-67.67690880302496,15.677800648575799,193,188,0.0057542761634465376,95.70016869293565,110.71470426566869,0.5034248343742147,0.10433033161390215
2023-12-16,False,114000.96518463713,112690.46586862233,1370.7240721538196,3.1212112843419377,57.10354485468424,1310.4993160147935,0.0121636206008044,0.01162919423496403,3121.2112843419377,88218.31101178023,86002.08290646772,1379.5804357749175,-8.856363621097898,193,188,0.0057542761634465376,94.64065521328466,110.7147042656687,0.4991459060992847,0.10234396720391954
2023-12-17,False,115652.02331979803,114000.96518463713,1729.6984153429203,2.4265720669023487,76.21370811511622,1651.0581351609017,0.015172664657193762,0.014482843478446266,2426.572066902349,88930.24258294242,86700.93702272607,1721.702815434595,7.995599908324897,193,188,0.0057542761634465376,94.22123118871492,110.7147042656687,0.49823305265603135,0.10096115303080472
2023-12-18,False,115891.88933106263,115652.02331979803,292.63611654114914,3.7904393642897443,48.979665912252784,239.8660112646066,0.0025303155806618203,0.0020740321213519562,3790.439364289744,88685.81115570977,86477.76895213067,288.3927504519042,4.2433660892449545,193,188,0.0057542761634465376,93.53347271643725,110.7147042656687,0.49263529121488014,0.10088499390188176
2023-12-19,False,117750.97993181027,115891.88933106263,1897.63210505204,2.1787908093647292,36.36271349502985,1859.0906007476456,0.016374157984698726,0.01604159369114152,2178.7908093647293,87955.57332919947,85756.01785779886,1894.436596074709,3.195508977330953,193,188,0.0057542761634465376,92.7148601992648,110.71470426566869,0.49081805571911485,0.09760831848687854
2023-12-20,False,117380.971050974,117750.97993181027,-318.9708782819296,2.715304271826126,48.32269828251876,-370.00888083627444,-0.002708859649971881,-0.0031422998012462146,2715.3042718261263,88695.74335659476,86502.57890314882,-311.8441177971076,-7.126760484822105,193,188,0.0057542761634465376,92.2306979770173,110.71470426566869,0.48798107867581975,0.0967458856308868
2023-12-21,False,121367.2697176916,117380.971050974,4082.938681993198,3.0354265168208823,93.6045887587792,3986.298666717598,0.03478365058183184,0.033960348351407856,3035.426516820882,87978.2154319183,85771.86173795517,4089.4773988082507,-6.538716815052924,193,188,0.0057542761634465376,91.80702465619314,110.7147042656687,0.4866715389660425,0.09399046105990719
2023-12-22,False,120511.03450254085,121367.2697176916,-729.8584013284931,20.6561941744771,105.7206196477842,-856.2352151507545,-0.0060136345081024944,-0.007054910414829426,20656.1941744771,92868.5027924468,90656.3944261012,-719.0274631145903,-10.830938213902712,194,190,0.0057542761634465376,93.84690634110225,110.50458356029965,0.49911445056925324,0.09533025313903358
2023-12-23,False,123023.19489267703,120511.03450254085,2511.2576520999937,3.825973189567948,-4.728711225757095,2512.160390136183,0.02083840423797081,0.02084589515396797,3825.973189567948,95037.35343350671,92840.03657222481,2512.059467597015,-0.8018154970215648,194,190,0.0057542761634465376,94.84274669927137,110.50458356029965,0.5036977365033607,0.09526082562711473
2023-12-24,False,122570.77993748292,123023.19489267703,-411.44882948007927,5.003243784202511,35.962881929830786,-452.4149551941126,-0.003344481744593115,-0.003677476882215507,5003.243784202512,97014.55964313858,94843.99732223041,-412.81764193847573,1.3688124583964592,194,190,0.0057542761634465376,95.35268556391006,110.50458356029965,0.5062783708025261,0.0966819167446796
2023-12-25,False,127061.78339254596,122570.77993748292,4603.082923284227,1.6376698731736985,110.44179834802165,4491.003455063032,0.03755448831795004,0.03664008222313395,1637.6698731736985,97877.86539141051,95720.06213424646,4615.358513143101,-12.27558985887406,195,190,0.0057542761634465376,95.89828095558464,110.50458356029968,0.5080634304649679,0.09565400328053753
2023-12-26,False,125878.29141929875,127061.78339254596,-1038.6635597771133,5.336280006857854,139.4921334632322,-1183.4919732472033,-0.008174476479432495,-0.009314303181082477,5336.2800068578545,102190.8714998108,100023.4559481013,-1031.1853955301256,-7.478164246987594,195,190,0.0057542761634465376,96.95612013724872,110.50458356029965,0.5140257030403632,0.09698844678116103
2023-12-27,False,125670.29298366304,125878.29141929875,-96.56961861295673,1.735514974669959,109.6933020480968,-207.99843563572347,-0.0007671665822924521,-0.0016523773344117273,1735.514974669959,102276.3103654592,100107.84708859299,-90.32395359808191,-6.245665014875086,195,190,0.0057542761634465376,97.53008619468214,110.50458356029965,0.516347751282354,0.09688037372623837
2023-12-28,False,123779.25259476918,125670.29298366304,-1723.9725704839102,1.757117054889384,165.3107013550655,-1891.0403888938652,-0.01371821875761859,-0.015047632531100232,1757.1170548893838,103243.42932601566,101124.75055505525,-1730.8635760285679,6.8910055446575935,195,190,0.0057542761634465376,98.33799042633596,110.50458356029965,0.5208561230027501,0.09650274011844552
2023-12-29,False,124443.83531924244,123779.25259476918,625.211500511673,26.056192854480724,-65.42741681607197,664.5827244732642,0.00505102016214706,0.005369096278590302,26056.192854480723,106142.59744681061,104085.34635660122,616.7703451380944,8.441155373578544,196,191,0.0057542761634465376,94.69711548101351,107.46718836710129,0.4991922536528186,0.0993240960360234
2023-12-30,False,127337.57452625202,124443.83531924244,2391.873781699,3.9721507712153796,-505.8375760817934,2893.7392070095784,0.01922050839692459,0.023253375304498725,3972.15077121538,107617.69287874782,105592.56111018769,2391.042350309186,0.8314313898142656,196,191,0.0057542761634465376,94.95532461751188,107.46718836710129,0.5013187642706443,0.09953506588998358
2023-12-31,False,125503.59205509443,127337.57452625202,-2569.004454642606,3.1134410946872157,-738.1354245797025,-1833.9824711575907,-0.020174755677578718,-0.014402523983833973,3113.441094687216,111133.55116300518,109125.52604053952,-2572.759926143604,3.7554715009983757,196,191,0.0057542761634465376,95.37760308297115,107.4671883671013,0.5036843203527105,0.0993375522750041
2024-01-01,False,129139.44642443306,125503.59205509443,3532.5640705219375,1.9718955674296372,-105.26219438411835,3635.854369338626,0.028147115255244555,0.028970121968640815,1971.8955674296374,109809.8124150882,107814.10457401903,3540.4931681757485,-7.929097653810987,196,191,0.0057542761634465376,95.53458469217117,107.46718836710126,0.5044494189569104,0.0975514872251521
2024-01-02,False,129561.72889297646,129139.44642443306,613.8812452075367,4.9645296217245924,186.6342470424085,422.2824685434036,0.0047536307627488094,0.0032699727328512704,4964.529621724592,113496.54095484156,111496.69993959513,610.2129625680917,3.668282639445069,196,191,0.0057542761634465376,95.79301235976288,107.4671883671013,0.5078351647140664,0.0977036764813769
2024-01-03,False,120711.73886933718,129561.72889297646,-8736.67087264903,3.6337515688979773,109.68539942136101,-8849.99002363929,-0.06743249682833342,-0.06830713127446578,3633.751568897977,113426.51431993507,111439.7863248076,-8749.900823043787,13.229950394757324,196,191,0.0057542761634465376,96.0116263935505,107.46718836710129,0.5084960222882013,0.09776882224485774
2024-01-04,False,122679.65349526491,120711.73886933718,1996.2468544448807,4.082781282275525,24.249447234864565,1967.9146259277404,0.016537305096778462,0.016302595293220683,4082.781282275525,102707.23739385599,100758.28970622666,2000.605677928085,-4.358823483204309,196,191,0.0057542761634465376,94.4660588980246,107.46718836710129,0.505351054807419,0.09115984226670516
2024-01-05,False,122369.13143374499,122679.65349526491,-255.69155790772692,23.678483099311833,31.15202051288392,-310.52206151992266,-0.0020842213897970937,-0.002531161872998834,23678.483099311834,104845.06605220318,102891.57913528799,-260.85940126767713,5.167843359950217,197,192,0.0057542761634465376,97.98522399790119,109.11206357359853,0.5249941963154122,0.09268095233299856
2024-01-06,False,119028.39838720288,122369.13143374499,-3309.966703725046,1.9658477284906086,28.800495088577854,-3340.7330465421146,-0.027049033240194077,-0.02730045565740496,1965.8477284906087,103791.8893753559,101822.85388171204,-3315.676297175464,5.70959345041766,196,191,0.0057542761634465376,96.65748849170464,108.53480009600747,0.5186621646160301,0.09087207017933972
2024-01-07,False,115681.63023986843,119028.39838720288,-3326.326772009267,2.9839028256029763,17.457472499565124,-3346.768147334435,-0.02794565681030697,-0.028117392090308568,2983.9028256029765,101264.03556682769,99273.64017331201,-3334.71890226535,8.392130256083082,196,191,0.0057542761634465376,95.51905515474705,108.53480009600747,0.5138198432825871,0.08777728965852137
2024-01-08,False,118684.39910862109,115681.63023986843,3021.8236623271964,4.333549361817013,14.721244212720414,3002.7688687526593,0.026121897280159154,0.025957179740001512,4333.549361817013,99916.1238537152,97887.95656010718,3028.286671795394,-6.463009468197777,196,191,0.0057542761634465376,94.94999396108908,108.53480009600747,0.5139915286756799,0.08343160432087872
2024-01-09,False,116345.27385875909,118684.39910862109,-2310.323894085061,2.5510560687706203,26.250299708164754,-2339.1252498619965,-0.019466112744697225,-0.019708784536383816,2551.05606877062,103784.67473345058,101702.86555362475,-2322.7415915457427,12.417697460681769,196,191,0.0057542761634465376,94.2589920138365,108.53480009600747,0.5136063521537026,0.07888742674974902
2024-01-10,False,122864.90824466501,116345.27385875909,6548.925639921441,1.118217036744827,28.173036978772714,6519.634385905923,0.05628871223313901,0.05603695079028851,1118.217036744827,101683.93665889151,99591.21123351931,6571.438400356769,-22.51276043532838,197,192,0.0057542761634465376,93.1545641387499,109.11206357359855,0.5105546568236021,0.07716345160845423
2024-01-11,False,124992.74951822145,122864.90824466501,2148.1743503942357,3.4513905060247096,16.881686331780337,2127.8412735564307,0.017484034954199486,0.017318543626136024,3451.39050602471,106195.34638618273,104057.59543993988,2160.632973365835,-12.458622971599121,197,192,0.0057542761634465376,92.37858444580672,109.11206357359855,0.5087718435567814,0.07331687345565942
2024-01-12,False,121635.89281381111,124992.74951822145,-3318.5319139643325,2.018232174194789,36.30655827181282,-3356.85670441034,-0.02654979530217116,-0.026856411410655284,2018.232174194789,108850.68855266712,106688.02036048108,-3325.819523371407,7.287609407074607,198,193,0.0057542761634465376,94.12372842737429,111.38432911864878,0.5189200068897761,0.07200203898673446
2024-01-13,False,123978.36695655584,121635.89281381111,2378.512446875373,1.5446961512588833,34.49360797938756,2342.4741427447266,0.019554363369669002,0.019258083190381706,1544.6961512588832,105609.27178805476,103461.17881468283,2380.3889109088345,-1.8764640334617737,198,193,0.0057542761634465376,93.44499380339414,111.38432911864874,0.5153256492854541,0.0719312926053178
2024-01-14,False,120800.17304998523,123978.36695655584,-3142.657283022413,0.7830920906686778,34.75353145753418,-3178.193906570616,-0.02534843263521655,-0.025635068315461116,783.0920906686778,107607.25972334825,105455.41382190943,-3143.528625600771,0.8713425783584121,198,193,0.0057542761634465376,93.01109306192997,111.38432911864874,0.5136447011063382,0.07114584708968116
2024-01-15,False,122059.07999410715,120800.17304998523,1290.4362200285782,0.547692006718486,30.981583899940063,1258.9069441219197,0.010682403737075906,0.010421400171347467,547.6920067184859,104227.2376737297,102077.1344574476,1298.8524933637223,-8.416273335143963,198,193,0.0057542761634465376,91.87311070862015,111.38432911864875,0.5072092522526991,0.06987162485248878
2024-01-16,False,123457.47235637881,122059.07999410715,1433.3751165737065,1.6487105942194802,33.33404370781911,1398.392362271668,0.011743289533584129,0.011456684437890082,1648.7105942194803,105677.4012885496,103510.46552559719,1432.150300456676,1.2248161170301721,198,193,0.0057542761634465376,91.16567757825254,111.38432911864875,0.5052098654466939,0.07053036222821027
2024-01-17,False,124554.64825683051,123457.47235637881,1133.6385068894415,1.555259304866941,34.9073471328846,1097.17590045169,0.009182421162949305,0.008887075682908236,1555.259304866941,106600.05990984334,104435.57377912498,1132.8550044742651,0.783502415176007,198,193,0.0057542761634465376,90.68219862126617,111.38432911864875,0.5027084809075933,0.0693919558992205
2024-01-18,False,120820.57661468457,124554.64825683051,-3694.180823283892,3.1656048599501485,36.725214002099875,-3734.0716421459424,-0.02965911650014479,-0.029979384104929764,3165.6048599501487,106334.34458445551,104171.4254585675,-3706.9994863769416,12.818663093049011,198,193,0.0057542761634465376,90.05121971339986,111.38432911864876,0.49794281116615235,0.0692581042939901
2024-01-19,False,120035.47988986564,120820.57661468457,-722.3507195537074,36.933340327404494,25.81266493781161,-785.0967248189236,-0.005978706109451829,-0.006498038221773415,36933.34032740449,101782.2932745337,79578.28567124084,-1042.3525066403442,320.0017870866369,200,196,0.0057542761634465376,73.06744509289254,112.67174561013294,0.4055546642047521,0.06893621106295152
2024-01-20,False,121152.40744940036,120035.47988986564,1125.6952913727353,1.405133692577144,7.3625981454464595,1116.9275595347115,0.009378021335071743,0.009304978499352936,1405.133692577144,100044.35458168137,78001.53421509458,969.364756387274,156.33053498546113,200,196,0.0057542761634465376,71.66032010118239,112.67174561013294,0.40030419257331534,0.06624092556153796
2024-01-21,False,121443.60596468329,121152.40744940036,309.97933815633587,2.1365906747977386,16.64423219861173,291.1985152829264,0.0025585899998380106,0.00240357184321365,2136.5906747977388,101851.84632435793,79530.00755620662,224.38245152541563,85.59688663092025,199,195,0.0057542761634465376,70.92074667508591,112.07844312383111,0.3945076931608708,0.06834336347077707
2024-01-22,False,117479.20280088884,121443.60596468329,-3937.936699539936,1.3796210323230094,25.086843222178583,-3964.4031637944377,-0.032426052143783655,-0.032643984278162126,1379.6210323230093,103120.48012580958,80140.32590440678,-4649.32631032117,711.3896107812352,199,195,0.0057542761634465376,70.3991437117378,112.07844312383111,0.39149471036527367,0.06851656096286797
2024-01-23,False,115279.39547430875,117479.20280088884,-2177.3126964808116,2.1335073667479834,20.361122732533097,-2199.8073265800926,-0.018533601221069385,-0.01872507877252508,2133.5073667479833,97478.35774176066,74857.06231770555,-2439.507910149729,262.1952136689176,199,195,0.0057542761634465376,67.96962110576042,112.07844312383111,0.38186022014330784,0.06726595264287097
2024-01-24,False,116957.60000144738,115279.39547430875,1700.7088193035547,2.891561362188236,19.612730802735477,1678.204527138631,0.014752929717458277,0.014557714500789838,2891.561362188236,92936.06002038755,70181.36533583053,2664.6608235333133,-963.9520042297582,198,194,0.0057542761634465376,64.88394645287998,111.49334609486357,0.36704548148399635,0.06535985716480525
2024-01-25,False,116003.59085220352,116957.60000144738,-837.116798417924,5.468898378494806,111.42345244745256,-954.0091492438713,-0.007157438237511409,-0.00815688035007614,5468.898378494807,91180.37112321451,68975.1375327243,-554.7062508772588,-282.4105475406651,198,194,0.0057542761634465376,62.94241097321597,111.49334609486355,0.3587013797419194,0.06373437962830644
2024-01-26,False,118538.56831104183,116003.59085220352,2626.368189137671,16.162496353709766,75.22823394564429,2534.977458838317,0.022640404230967668,0.021852577495364355,16162.496353709765,92532.3110016076,70782.23406108654,2768.497073256081,-142.1288841184103,198,195,0.0057542761634465376,66.17340266681985,110.89684489469037,0.37836018279232386,0.0655765291563922
2024-01-27,False,121859.07163329158,118538.56831104183,3333.350653426497,2.7317041252082017,10.115627051547879,3320.503322249741,0.028120389008578876,0.02801200798660597,2731.7041252082017,93711.65795231744,71752.35956597979,3217.749492969369,115.60116045712785,197,194,0.0057542761634465376,65.26823826554725,110.33030240516095,0.37639327683518736,0.0639347418870208
2024-01-28,False,121337.30553627457,121859.07163329158,-547.4278684555286,6.295808141874379,-31.95757958038616,-521.7660970170168,-0.004492302962087993,-0.004281717315122493,6295.808141874379,94076.75331847975,72180.19444995158,-513.7566105263024,-33.6712579292262,198,194,0.0057542761634465376,65.0138071470998,110.33030240516098,0.37333918846558983,0.06359179819954838
2024-01-29,False,123009.13691370055,121337.30553627457,1694.2014246057165,2.9261823961335702,19.443864783601597,1671.8313774259814,0.013962741443102378,0.013778378958037574,2926.1823961335704,92898.31866768932,71646.685445006,1838.045066563298,-143.8436419575815,198,194,0.0057542761634465376,64.74553187663169,110.33030240516098,0.37229344640240447,0.06489336331299667
2024-01-30,False,122295.62000620982,123009.13691370055,-689.260846004945,2.0614923987330296,22.19456908705184,-713.5169074907299,-0.005603330478519733,-0.005800519582470622,2061.4923987330294,93556.0215140284,72682.75348190228,-616.8385293460269,-72.42231665891802,197,193,0.0057542761634465376,64.80936203475287,109.74633661986898,0.37387714703819747,0.06273239180120598
2024-01-31,False,119854.71916964254,122295.62000620982,-2416.6006775829824,2.839666468321537,21.460492515970248,-2440.900836567274,-0.019760320749510688,-0.019959020907235534,2839.6664683215367,92135.41298175912,72473.8788033766,-2742.2947633288945,325.69408574591245,197,193,0.0057542761634465376,64.78978779473651,109.74633661986896,0.37426936583113124,0.06301998453560177
2024-02-01,False,120227.09980707489,119854.71916964254,395.0634071979963,1.8612501709608227,20.821519594688386,372.3806374323471,0.0032961856649033816,0.003106933460878407,1861.2501709608227,88876.8408081787,70129.59782413172,423.9210364720408,-28.8576292740445,197,193,0.0057542761634465376,63.93278359541304,109.74633661986896,0.37112736039727856,0.06319358300916056
2024-02-02,False,122169.05488692045,120227.09980707489,1945.6356363363907,2.6251814929702455,1.0553749978608415,1941.9550798455596,0.016183003993762626,0.01615239062542273,2625.1814929702455,88947.68071299823,70407.00320615538,1937.3534282420123,8.282208094377973,195,192,0.0057542761634465376,62.70302883350882,108.9162641374902,0.3648110205167236,0.06232463828577213
2024-02-03,False,122291.22480467729,122169.05488692045,146.32753230434585,3.124560119674394,21.033054427837307,122.16991775683417,0.0011977462904971023,0.001000007062917156,3124.560119674394,89104.6820242041,70737.73388291472,40.796548881483346,105.5309834228625,195,191,0.0057542761634465376,62.03830453752326,108.36230802966207,0.3610279298260319,0.06289722341649692
2024-02-04,False,119435.94142345036,122291.22480467729,-2832.0167553840847,2.4385205912065913,20.82810525163007,-2855.2833812269214,-0.02315797196329796,-0.02334822785353046,2438.5205912065912,89822.15697400933,71507.04741599911,-3071.1890706237373,239.1723152396521,195,191,0.0057542761634465376,61.631586862449076,108.36230802966203,0.3599589039348328,0.06352841991139398
2024-02-05,False,118891.13086898641,119435.94142345036,-521.2683803491802,3.5182267483550147,20.023947366420646,-544.8105544639559,-0.0043644180649195525,-0.004561529368553931,3518.2267483550145,85749.33194100534,68021.74516413514,-493.30255394979656,-27.96582639938374,191,187,0.0057542761634465376,59.55048498894719,106.05573636239671,0.34916171394723283,0.062082287919486286
2024-02-06,False,118896.76466092392,118891.13086898641,25.318785882349086,1.8431435011136614,17.841850443730046,5.633791937505379,0.0002129577345029163,4.7386141391098445e-05,1843.1435011136614,83850.50686043032,66066.7293301262,55.78488675507176,-30.466100872722734,189,185,0.0057542761634465376,57.9888747664168,104.91919275685511,0.34189817849435566,0.06090891219269483
2024-02-07,False,119991.04754196502,118896.76466092392,1110.9842110485074,12.896882020837571,3.804447986565263,1094.2828810411045,0.009344108010145364,0.00920363883880136,12896.882020837573,85494.47661182386,65907.09879306552,1284.7865848104798,-173.8023737619725,187,183,0.0057542761634465376,61.51714785632652,104.73100735345206,0.3563025272226805,0.06716184454356719
2024-02-08,False,119788.84433190004,119991.04754196502,-195.6237163556526,0.7113047309954702,5.868188978333015,-202.20321006498108,-0.0016303192643370849,-0.0016851524693478788,711.3047309954702,86471.24739999091,66610.27045988722,-175.39605703820152,-20.227659317451053,186,182,0.0057542761634465376,61.16898330884955,104.1495940021249,0.35659138243482535,0.06592389468735825
2024-02-09,False,121140.84363668958,119788.84433190004,1454.3587616067935,47.6920474336908,54.66740938356086,1351.9993047895418,0.012141020056735738,0.01128652098056431,47692.0474336908,85536.53157988777,46445.981933882606,1428.8873909812787,25.471370625514815,189,185,0.0057542761634465376,44.6350695986528,104.02239976695155,0.2631440055858094,0.0595209431727109
2024-02-10,False,121231.68371818609,121140.84363668958,151.7958097122122,2.4321399886771253,58.52358822701788,90.84008149651717,0.0012530522749821615,0.0007498716268557065,2432.1399886771255,88070.72685332924,45864.47320798348,-7.969789532079574,159.76559924429182,187,183,0.0057542761634465376,44.46573693332858,102.91515763315014,0.26057461318584146,0.05917131518749644
2024-02-11,False,120745.75419213908,121231.68371818609,-435.6141384837763,3.2764382603606244,47.03894930287692,-485.92952604701384,-0.003593236727590127,-0.004008271692213733,3276.4382603606246,87718.36528026943,44909.9893839262,-91.61923970382315,-343.99489877995313,184,180,0.0057542761634465376,44.058746941948755,101.23553509123506,0.2569400380963493,0.05833107870994341
2024-02-12,False,122135.39181850235,120745.75419213908,1425.2796948041723,2.9255095903221613,32.71655885058327,1389.637626363267,0.011803973600066861,0.011508790811410052,2925.5095903221613,85790.3269987953,43792.28223351108,2062.3129333164798,-637.0332385123073,182,176,0.0057542761634465376,43.356234084493515,98.95799826990024,0.2527145990663673,0.05642043283606933
2024-02-13,False,121870.22611262828,122135.39181850235,-224.3123944811166,1.8631811595082879,38.99013023344189,-265.16570587406676,-0.0018365879958403295,-0.0021710799951263323,1863.1811595082881,86774.18734601214,45234.197645463406,-195.94973316247246,-28.362661318644047,182,177,0.0057542761634465376,44.131112536107636,99.53093268476273,0.25644941279706657,0.0555141111015757
2024-02-14,False,123747.67316767265,121870.22611262828,1956.111270593692,0.6401775207139966,78.0240380286099,1877.4470550443682,0.01605077247322017,0.015405297215985273,640.1775207139966,86135.29961223857,45565.54903489661,2220.6561734510033,-264.5449028573113,181,176,0.0057542761634465376,44.43326611212719,98.9535568068694,0.2552317347552631,0.05477465204011741
2024-02-15,False,124416.43239073642,123747.67316767265,745.3917583307748,1.9291179098847984,74.7034173571238,668.7592230637662,0.0060234810017058,0.005404216547632592,1929.1179098847983,87708.26904978245,47682.89391830367,846.6351960327554,-101.24343770198065,181,177,0.0057542761634465376,45.48562164696548,99.53093268476273,0.2604548915024863,0.054660919455917084
2024-02-16,False,124524.3365813262,124416.43239073642,219.07540406709927,16.16165673806574,95.0095567392459,107.90419058978763,0.0017608237099990243,0.0008672824683712902,16161.656738065743,95451.54474253941,63072.94146169732,292.3328301119135,-73.25742604481427,181,180,0.0057542761634465376,54.941636464386534,99.67213373390658,0.30918934644537877,0.05776648230448624
2024-02-17,False,126068.4595847673,124524.3365813262,1625.5430580131763,2.8941406199417186,78.52591395213526,1544.1230034410994,0.01305401901861603,0.01240017048741826,2894.140619941719,95266.08140800046,64983.87511733348,1407.0320344801617,218.51102353301457,182,180,0.0057542761634465376,56.290025989890786,99.67213373390659,0.31526968515505477,0.05722786283648948
2024-02-18,False,129900.36786844865,126068.4595847673,3904.9072326304345,2.664253949783475,70.33469499930062,3831.9082836813504,0.030974497868000123,0.030395455741289594,2664.253949783475,96690.36160961926,67606.94075597625,4043.5490360928097,-138.64180346237512,182,180,0.0057542761634465376,57.72002343102763,99.67213373390659,0.3219403851923643,0.05725971588471992
2024-02-19,False,131746.47140822248,129900.36786844865,1941.2772486987035,7.451347038522028,87.72236188634281,1846.1035397738387,0.014944355282077828,0.014211688312102438,7451.347038522028,96962.84282141732,68883.91743950124,1116.3464300266223,824.9308186720813,183,180,0.0057542761634465376,58.9250286123542,99.67213373390659,0.325405430485418,0.05838043975379693
2024-02-20,False,128613.60346650332,131746.47140822248,-3049.5432713851696,5.316892891306787,78.0077774426829,-3132.8679417191593,-0.02314705842812306,-0.023779520682658924,5316.892891306787,100117.45318646845,73461.57245759392,-1906.4088029378834,-1143.134468447286,183,180,0.0057542761634465376,61.270071380038566,99.67213373390655,0.33584984020750785,0.06091387889954397
2024-02-21,False,126325.98878228352,128613.60346650332,-2237.959003331978,4.21899513487405,45.436685752948634,-2287.6146842198004,-0.017400639924647174,-0.017786724129968075,4218.99513487405,100513.0469729187,74594.95569489393,-2348.2644638780785,110.30546054610045,183,180,0.0057542761634465376,62.854175100273046,99.67213373390655,0.3429089560891306,0.06332565184617593
2024-02-22,False,125738.083334002,126325.98878228352,-509.14123675360685,1.2858022935730269,77.47840923432605,-587.9054482815059,-0.004030376026829176,-0.0046538756905733095,1285.8022935730269,99063.58457378678,73621.40810396247,-400.7881429587167,-108.35309379489017,183,180,0.0057542761634465376,63.33644831284642,99.67213373390659,0.3440976520145108,0.06561249724734033
2024-02-23,False,125868.62030392968,125738.083334002,235.7907130054946,30.22807529329181,75.02566778453019,130.5369699276726,0.0018752529603871593,0.0010381657367952966,30228.075293291808,98125.01554338189,66512.35136083972,185.2273348590971,50.563378146397355,188,188,0.0057542761634465376,63.420369704939375,101.007170051109,0.34406285911594653,0.07237556921371163
2024-02-24,False,128466.82456810822,125868.62030392968,2662.8991178581755,2.9532574237042026,61.74159625593059,2598.2042641785406,0.021156179446697555,0.020642192294670153,2953.2574237042027,100588.32386545425,68471.58778558794,2805.6631462343676,-142.76402837619227,191,188,0.0057542761634465376,63.546405560607624,101.00717005110901,0.34495356952544576,0.07261588043716627
2024-02-25,False,131382.33768493167,128466.82456810822,2995.6306802980735,3.2225712046659316,76.89499226994526,2915.513116823462,0.02331832121148059,0.02269467721822429,3222.5712046659314,102555.63318080927,70384.68309159373,3540.3863179934224,-544.7556376953487,192,188,0.0057542761634465376,63.88187612816488,101.00717005110901,0.346685436078845,0.07496624279479856
2024-02-26,False,131671.32357763706,131382.33768493167,437.60887570939815,7.962557823295873,140.66042518072737,288.9858927053749,0.003330804455305318,0.002199579470098886,7962.557823295872,104341.77870918145,72853.51812857465,847.8475546857806,-410.2386789763824,192,188,0.0057542761634465376,64.52426356062759,101.007170051109,0.34703835900053065,0.07809656519929747
2024-02-27,False,132707.15882420153,131671.32357763706,1207.9942922282835,3.1264049442848276,169.0326407195176,1035.8352465644812,0.009174315708279613,0.007866824897174548,3126.4049442848277,105217.72500383177,75214.43575653687,1597.700414814995,-389.7061225867113,192,188,0.0057542761634465376,65.38603602663265,101.00717005110901,0.3513619570344986,0.07940887666908365
2024-02-28,False,132157.7448054387,132707.15882420153,-393.4201131240211,2.576387602078197,153.41751803671386,-549.4140187628132,-0.002964573400634615,-0.004140048085051895,2576.387602078197,105843.50969175583,76784.63970526481,-648.5792455343084,255.15913241028733,192,188,0.0057542761634465376,66.15283143999062,101.00717005110901,0.3532431851436452,0.08179594035568728
2024-02-29,False,130894.39403539668,132157.7448054387,-1080.8659627709549,2.271315175581385,180.21349209549538,-1263.3507700420316,-0.008178604775393184,-0.009559415317671498,2271.315175581385,105089.47171744055,76900.08125889968,-714.2811192777989,-366.5848434931558,194,188,0.0057542761634465376,66.33819626161504,101.00717005110903,0.3538749790192459,0.0853940189114392
2024-03-01,False,133410.80581058562,130894.39403539668,2725.140220582359,39.44073550841567,169.28770988500872,2516.4117751889344,0.02081938069743019,0.019224748269268448,39440.73550841567,111079.90114090039,83409.86421317824,3385.4159443318767,-660.2757237495177,210,204,0.0057542761634465376,64.71575853047811,106.21148951852302,0.3404665274599218,0.09476693456798309
2024-03-02,False,135621.51093804376,133410.80581058562,2506.8599228849725,6.046514027677297,290.1082813991534,2210.7051274581418,0.0187905313040697,0.01657066018023205,6046.514027677297,117558.29109853136,91598.98592584147,2768.1177568665216,-261.2578339815489,210,204,0.0057542761634465376,68.68205980560596,106.21148951852301,0.36374445212528467,0.09522961033317967
2024-03-03,False,133789.40440003126,135621.51093804376,-1554.9080731054507,7.639783936213955,269.55868097084874,-1832.1065380125133,-0.01146505493376919,-0.01350896716413577,7639.783936213955,124650.51615833581,100395.64402406813,-1256.0082834482953,-298.8997896571554,210,204,0.0057542761634465376,72.79436704955295,106.21148951852301,0.38521478249959623,0.09557076993711332
2024-03-04,False,133884.23640287248,133789.40440003126,384.3455965948756,8.970337683213126,280.54325607044734,94.83200284121511,0.002872765584976218,0.0007088154945190335,8970.337683213125,130024.05867415453,107165.8794355303,333.2374150842836,51.10818151059218,210,204,0.0057542761634465376,75.79803537694701,106.21148951852302,0.39902477383174095,0.10339156900860229
2024-03-05,False,124288.48833166937,133884.23640287248,-9194.592419660607,2.7843550071972096,398.37129653530735,-9595.748071203112,-0.06867569078104954,-0.0716719781881449,2784.3550071972095,131891.8068304527,110241.77154781637,-9789.573061423856,594.9806417632487,210,204,0.0057542761634465376,77.4779736071759,106.21148951852302,0.40777383292121716,0.10278052804800766
2024-03-06,False,129692.49644036064,124288.48833166937,5485.880077717767,4.7659785478690475,77.10599047862162,5404.008108691276,0.04413827983069881,0.0434795545527148,4765.978547869048,118593.9733727631,98890.62630633188,5691.883997287623,-206.0039195698561,210,204,0.0057542761634465376,76.1468978355612,106.21148951852302,0.40572230129710407,0.09844161915195926
2024-03-07,False,133432.61459663816,129692.49644036064,3889.5083086555837,3.19220370722776,146.197948670839,3740.118156277517,0.029990233941129988,0.028838354252803036,3192.2037072277603,123383.57934684522,103663.4960273352,3873.4401072790133,16.068201376570837,210,204,0.0057542761634465376,76.30057579232734,106.21148951852302,0.4079634192443481,0.09451298404338396
2024-03-08,False,133075.4097266385,133432.61459663816,-81.20025740275855,62.56120320635099,213.4434093905525,-357.20486999966204,-0.0006085487993188466,-0.002677043173286225,62561.20320635099,117304.67771431252,97580.99713213433,99.62785958080946,-180.82811698356795,223,218,0.0057542761634465376,77.94915691222646,115.95770345257156,0.4140470176491586,0.10093308572057323
2024-03-09,False,138314.7473077845,133075.4097266385,5527.245898060905,4.117751565999991,283.79056534889526,5239.33758114601,0.04153469006343765,0.039371192558479276,4117.751565999991,116725.59718564944,97780.2559944324,5340.105397179563,187.14050088134286,224,218,0.0057542761634465376,78.27874235339455,115.95770345257155,0.41550376938755146,0.1035206383458402
2024-03-10,False,141219.56037194224,138314.7473077845,3232.8476820539768,9.018691055782373,319.01592684046255,2904.813064157732,0.02337312358211588,0.021001470347148193,9018.691055782372,120111.38343533083,101385.53661378601,3412.177572175105,-179.32989012112813,224,218,0.0057542761634465376,79.16333975261107,115.95770345257156,0.4187560364088401,0.10473114042009836
2024-03-11,False,143906.21151492235,141219.56037194224,2931.779615921089,9.703061633867428,235.42541130710111,2686.6511429801203,0.02076043579373428,0.01902463890911467,9703.061633867426,121526.48419014088,103090.65055726584,2865.120969985468,66.65864593562092,225,218,0.0057542761634465376,79.6276869270315,115.95770345257155,0.4183838231816058,0.1077170647338205
2024-03-12,False,148875.37170142157,143906.21151492235,5217.042825979268,4.407379250302867,243.47526022975154,4969.1601864992135,0.036253076021241004,0.03453054690404338,4407.379250302867,125121.32309828332,107119.66934667542,5188.741228061913,28.30159791735491,225,218,0.0057542761634465376,80.80324320200552,115.95770345257156,0.4285051267713222,0.1043362773305996
2024-03-13,False,152568.57787184013,148875.37170142157,3952.6516722633673,11.356483724940938,248.0890181198548,3693.2061704185717,0.026550070888760876,0.024807368258502265,11356.483724940937,130778.80836199925,112907.44213520455,4210.348028512839,-257.6963562494723,225,218,0.0057542761634465376,83.09230749231007,115.95770345257156,0.43762257259477727,0.10674488871073663
2024-03-14,False,154541.32959642212,152568.57787184013,2274.0868046705464,6.936598896666661,294.3984811918969,1972.751724581983,0.014905341823273814,0.01293026226041855,6936.598896666661,134098.75349968416,117101.76794043594,2124.5637479945835,149.5230566759628,225,218,0.0057542761634465376,84.18548854649706,115.95770345257155,0.4432981244059249,0.1048243865949233
2024-03-15,False,147905.1254361015,154541.32959642212,-6382.00576833382,70.49669361662616,183.70169837019495,-6636.204160320642,-0.04129643367893979,-0.04294129070618712,70496.69361662616,135442.59216678166,118556.07706780554,-6625.9999422660185,243.9941739321986,230,223,0.0057542761634465376,92.4697762479782,114.98343608568965,0.4856761448739449,0.11433109589676702
2024-03-16,False,139295.42506111253,147905.1254361015,-8525.82454109853,1.8024173128160277,82.07341657761414,-8609.700374988959,-0.05764387485531654,-0.05821096699389605,1802.4173128160278,128802.32918335445,112403.80243224272,-8668.89148743404,143.06694633551092,230,223,0.0057542761634465376,91.92678091918555,114.98343608568965,0.48649487114482,0.11027017171905494
2024-03-17,False,146422.88019751228,139295.42506111253,7210.605314444669,4.206274388472249,78.94390365643774,7127.455136399758,0.05176483945026327,0.051167905430295056,4206.274388472249,118080.15762999374,102258.20786429662,7235.5869995701,-24.98168512543083,230,223,0.0057542761634465376,90.35725691867364,114.98343608568966,0.4784434412339778,0.10584166647340501
2024-03-18,False,140100.04892953453,146422.88019751228,-6242.170054606013,5.1276572241094875,75.53355614762297,-6322.8312679777455,-0.042631110972450786,-0.043181989450342545,5127.657224109487,121755.40637527552,105314.45483314003,-6189.154017642083,-53.016036963929835,230,223,0.0057542761634465376,89.50642945886992,114.98343608568966,0.47552523999555757,0.10524230357811416
2024-03-19,False,133751.33333497582,140100.04892953453,-6284.835480063341,2.10504094673754,61.775073548648194,-6348.7155945587265,-0.044859623733781814,-0.04531558442033029,2105.0409467375403,114389.90998752246,98287.43446593397,-6646.48959719491,361.6541171315695,230,223,0.0057542761634465376,87.89863025959033,114.98343608568965,0.4666164218262359,0.10332442842303512
2024-03-20,False,142534.2599073828,133751.33333497582,8830.72124944831,5.222666794105947,42.57201024723132,8782.926572406972,0.06602342592975921,0.06566608611228138,5222.666794105947,103820.79699676293,87743.7622198402,9157.224735232834,-326.50348578452207,230,223,0.0057542761634465376,84.20661925404593,114.98343608568965,0.44840443814956765,0.09751346398381197
2024-03-21,False,147799.85271374963,142534.2599073828,5311.235326171004,6.460453747857579,39.18206605632281,5265.592806366824,0.03726286809656981,0.03694264669973625,6460.4537478575785,107890.29673433781,90950.90737738775,5234.129245955415,77.10608021558856,230,223,0.0057542761634465376,82.26720447137635,114.98343608568968,0.4446747816340925,0.08844723993257203
2024-03-22,False,145720.01190930203,147799.85271374963,-1953.869067782995,65.37062088600115,60.60111577861291,-2079.840804447609,-0.013219695635063573,-0.014072008640466826,65370.62088600114,118962.12247881721,100195.9893794287,-2162.842833634514,208.97376585151952,233,227,0.0057542761634465376,92.85728365236598,124.60129979021677,0.5013167022646651,0.08682224764167006
2024-03-23,False,145183.08803037513,145720.01190930203,-493.5934949989056,2.4329051592991453,40.897478768701504,-536.9238789269062,-0.0033872732271400335,-0.0036846269218060073,2432.9051592991455,116923.14576041297,97699.57302838529,-235.68154687584433,-257.9119481230613,233,227,0.0057542761634465376,91.77297254583337,124.60129979021677,0.4968459515476236,0.08659116253666349
2024-03-24,False,149779.81173194607,145183.08803037513,4642.079593828817,2.5344656574920683,42.82142660039641,4596.72370157093,0.031973969260507835,0.03166156446961099,2534.465657492068,115922.59967969933,96548.35161769947,4822.793995553865,-180.7144017250473,233,227,0.0057542761634465376,90.8298286183618,124.60129979021677,0.493620654970697,0.08461539581641142
2024-03-25,False,152947.22435670125,149779.81173194607,3223.4276782602924,2.935167810661583,53.07988569445203,3167.412624755179,0.021521109160085674,0.021147126492746228,2935.1678106615827,119502.8328900868,100043.03644993313,3276.298260516869,-52.87058225657659,233,227,0.0057542761634465376,90.62678614744353,124.60129979021677,0.4945032970200991,0.08251830166865465
2024-03-26,False,154268.29593828155,152947.22435670125,1414.516718623308,2.1422233331353193,91.30291370988793,1321.0715815802848,0.009248397442796302,0.008637434168136986,2142.223333135319,122339.20401798429,103039.69664814607,955.8813226051343,458.6353960181735,233,227,0.0057542761634465376,91.07834446784989,124.60129979021677,0.49795102826706633,0.08231534543017259
2024-03-27,False,154208.5731907496,154268.29593828155,64.823472570857,2.8602681990349303,121.68595190377228,-59.722747531950205,0.00042019957617727934,-0.0003871355884804977,2860.26819903493,124749.45545206164,105064.95973868883,249.68234879420868,-184.85887622335167,233,227,0.0057542761634465376,91.81220767885813,124.60129979021681,0.502536690042229,0.08044181467552508
2024-03-28,False,158015.28453189443,154208.5731907496,3921.137666980862,3.3875047265242784,111.03882110950482,3806.711341144833,0.025427494631771075,0.024685471516788432,3387.5047265242783,125040.03965664623,105015.46968325143,3724.480635000403,196.65703198045878,233,227,0.0057542761634465376,92.18906722135537,124.60129979021674,0.5036404618808449,0.08177528494115849
2024-03-29,False,153578.53132447574,158015.28453189443,-4203.297811561273,100.92504458903652,132.5303512683764,-4436.7532074186865,-0.02660057743156399,-0.028078000305870123,100925.04458903652,185265.28468479295,164996.30482427133,-4371.2845125481435,167.98670098687023,237,231,0.0057542761634465376,84.98830042161092,119.65593175897473,0.4648585613075447,0.08324136960306368
2024-03-30,False,152516.71514352257,153578.53132447574,-822.6560217160679,78.9948991213589,160.16526011573458,-1061.8161809531614,-0.005356582164325995,-0.006913832107886164,78994.8991213589,129695.16324624482,106898.09646927356,-1102.395810935115,279.739789219047,236,230,0.0057542761634465376,90.84730971148548,127.00949958777228,0.4851347501645581,0.09275741756065746
2024-03-31,False,154333.8202645697,152516.71514352257,1962.9992640847158,2.4280385582502575,143.46610447933654,1817.105121047129,0.012870715594926613,0.01191413753789007,2428.0385582502577,129726.94026212845,105742.44894364549,1899.5460973944594,63.453166690256474,236,230,0.0057542761634465376,90.49231891690357,127.00949958777228,0.48558548542930896,0.0922414214932326
2024-04-01,False,149447.75844434134,154333.8202645697,-4726.541157711074,18.795650976911535,140.72501154037565,-4886.061820228362,-0.030625440033872752,-0.03165904797699129,18795.650976911533,126805.07740714063,101101.52219563109,-5217.137231854627,490.5960741435529,235,229,0.0057542761634465376,90.17078524969152,127.45500302976498,0.48285427601543884,0.09398108140640303
2024-04-02,False,147090.04849125064,149447.75844434134,-2304.5372240772226,1.940571147530068,51.23215786594787,-2357.7099530907008,-0.015420353226211143,-0.015776147983971135,1940.571147530068,122206.48160671357,95621.5947665142,-2402.089938402318,97.55271432509498,235,229,0.0057542761634465376,88.9747108900809,127.455003029765,0.47861660830801134,0.08997718128887579
2024-04-03,False,144547.10006283814,147090.04849125064,-2500.990654841211,4.226957890463771,37.73081568082766,-2542.9484284125024,-0.01700312618354992,-0.017288378476289404,4226.957890463771,117739.10604302122,90084.77164403419,-1809.402710390838,-691.5879444503735,234,228,0.0057542761634465376,86.59580281677248,126.89418220658591,0.4663145525820306,0.08624401807285136
2024-04-04,False,148402.18519643456,144547.10006283814,3919.1332341015936,3.0077543856214213,61.04034611955745,3855.085133596415,0.027113191702897194,0.026670096680739466,3007.754385621421,114887.29638184977,86186.89565054304,4237.620243358303,-318.4870092567093,234,228,0.0057542761634465376,84.51521466759398,126.89418220658592,0.45838356005480696,0.08124972307229983
2024-04-05,False,147006.0039088411,148402.18519643456,-1308.9066145179208,49.09852885690937,38.17614421860461,-1396.1812875934347,-0.008819995559939828,-0.009408091166214032,49098.52885690937,111387.78751123544,85224.31745160942,-1752.204954659171,443.2983401412499,234,228,0.0057542761634465376,86.08709185463859,126.86345176909043,0.4786582464090813,0.06608750798062442
2024-04-06,False,151911.10173829342,147006.0039088411,4944.97480063155,2.8226036052243457,37.05436757400649,4905.097829452319,0.03363791048764202,0.03336664965394193,2822.6036052243458,110421.79048669878,83786.37497651609,5422.850879293743,-477.8760786621923,234,228,0.0057542761634465376,85.80555525868161,126.86345176909042,0.47930563397503595,0.06309162944759487
2024-04-07,False,153975.99440434773,151911.10173829342,2118.7918177231345,14.10962704714043,39.78952462167838,2064.8926660543157,0.01394757719138465,0.013592769997887534,14109.62704714043,122665.56970506227,75753.78906656845,2052.272214246501,66.51960347663415,234,228,0.0057542761634465376,84.42629519281589,126.86345176909042,0.4723607578966059,0.06221383403178873
2024-04-08,False,156847.41442734213,153975.99440434773,2921.2632384198228,9.063915256005899,40.77930016941315,2871.4200229944036,0.018972199203652857,0.01864849150091493,9063.915256005897,131039.73746712724,72659.57523869518,4101.710301308089,-1180.447062888266,234,228,0.0057542761634465376,84.21616111046676,126.86345176909043,0.4743638679322386,0.061095075504392755
2024-04-09,False,153773.75962522702,156847.41442734213,-3008.4667049362174,3.958775893442391,61.22932128544939,-3073.654802115109,-0.01918084984645926,-0.01959646458526064,3958.775893442391,133377.53470088873,74719.70285980277,-3699.619277035308,691.1525720990904,234,228,0.0057542761634465376,84.3260130788526,126.86345176909043,0.4761564015180383,0.057932400717260205
2024-04-10,False,153270.81894811566,153773.75962522702,-479.0414767959922,1.0401466341118597,22.859053681244184,-502.94067711134824,-0.003115235511985259,-0.0032706534478775884,1040.1466341118598,129110.12822745225,71706.29782557624,-509.18662919492846,30.145152398936403,234,228,0.0057542761634465376,83.68154593294756,126.86345176909043,0.4710504386290045,0.058023153310861275
2024-04-11,False,151197.4854181122,153270.81894811566,-2053.5703395557543,1.28706122811002,18.476129219592973,-2073.3335300034573,-0.013398312566274712,-0.013527255509121473,1287.06122811002,128135.44858262071,70620.98544319111,-2096.631011574908,43.06067201915313,234,228,0.0057542761634465376,83.04808537518181,126.86345176909042,0.46872687093176485,0.05708470338659342
2024-04-12,False,140875.5804750434,151197.4854181122,-10279.430976235883,13.24979762628987,29.224169206645975,-10321.904943068817,-0.06798678528157912,-0.06826770243251902,13249.797626289872,124366.64777525666,66900.89172885117,-12811.114547564572,2531.68357132869,236,230,0.0057542761634465376,80.17244632319208,127.27257904235451,0.45137702469556296,0.056971068537032085
2024-04-13,False,132462.41359950328,140875.5804750434,-8396.944771775305,6.549396993105271,9.672706771698127,-8413.166875540108,-0.05960539607687972,-0.05972054806922716,6549.396993105271,105919.08058536542,52027.18415068944,-10294.753714365623,1897.8089425903195,236,230,0.0057542761634465376,73.23250773000045,127.27257904235451,0.41803170581527355,0.05187775653716271
2024-04-14,False,135919.64245599695,132462.41359950328,3474.251943907224,13.83993867140552,3.1831487421577958,3457.2288564936607,0.026228209569029413,0.026099696982319103,13839.938671405522,85669.45716966622,32985.428436468326,4847.4161421340195,-1373.164198226796,236,230,0.0057542761634465376,60.2753439768289,127.27257904235452,0.3518416493197919,0.04962513746533322
2024-04-15,False,132176.48177119845,135919.64245599695,-3728.0518214475187,13.178440899373248,1.9304224515908617,-3743.1606847984826,-0.027428352179887833,-0.027539512443981784,13178.440899373247,85084.89627795407,24441.032999840194,-3513.7484122266515,-214.30340922086756,236,230,0.0057542761634465376,52.585556670951306,127.27257904235452,0.31831102923292126,0.05247933500960613
2024-04-16,False,133401.07954945051,132176.48177119845,1236.4609890607007,12.390177138248008,-0.5269663295971565,1224.59777825205,0.009354621733698833,0.00926486892253545,12390.17713824801,86294.9788954643,11704.828054329213,1064.9921537773387,171.46883528336198,234,228,0.0057542761634465376,45.5634484141629,126.16766440154231,0.27975896419615465,0.05801696259742992
2024-04-17,False,134174.77980573554,133401.07954945051,780.3139858751209,10.230390076339049,-3.6166604862535285,773.7002562850354,0.005849382842406953,0.005799805060784625,10230.390076339048,91007.03280592698,4567.76836269617,-790.0098190881863,1570.3238049633073,234,228,0.0057542761634465376,42.687585341269724,126.1676644015423,0.2634898639997348,0.06364635489152137
2024-04-18,False,134199.94210653234,134174.77980573554,31.353900046558465,9.504964906561298,-3.3133656568032004,25.162300796800366,0.0002336795342012418,0.00018753375882734082,9504.964906561298,94014.66122972655,-2507.5895215869023,408.0126215952836,-376.65872154872505,234,228,0.0057542761634465376,41.31705989438981,126.16766440154228,0.25185839810757643,0.06909871125223711
2024-04-19,False,132641.0591797571,134199.94210653234,-1501.9824666288778,48.2013019146376,8.69915823171049,-1558.8829267752258,-0.011192124549774802,-0.011616122200244565,48201.301914637595,92769.03305083732,23937.172174847008,-1269.9856326547633,-231.99683397411428,238,231,0.0057542761634465376,59.517012426132865,135.73505712138643,0.37577633566685553,0.07617230605416594
2024-04-20,False,134941.780405864,132641.0591797571,2301.192774361049,3.408875081225709,-2.9373268270756725,2300.721226106899,0.017349022908829753,0.01734546783880041,3408.875081225709,92145.0448899519,20889.124924774762,4082.6695090639714,-1781.4767347029217,238,231,0.0057542761634465376,57.60163759188723,135.73505712138646,0.3671036492485589,0.08066225890843699
2024-04-21,False,134240.06523577232,134941.780405864,-697.1605255102927,4.584237436563252,-0.029592855176031163,-701.71517009168,-0.005166380074528771,-0.005200132738586472,4584.237436563252,96600.22940645972,21238.73629127642,-1626.5820850326852,929.4215595223926,238,231,0.0057542761634465376,57.305653011436284,135.73505712138646,0.369777521824902,0.08413867523698176
2024-04-22,False,136216.19910814922,134240.06523577232,1990.8526948173362,3.2230933971276317,11.495729043312075,1976.1338723768963,0.014830540281105387,0.014720894756018755,3223.0933971276318,96433.22359645198,21392.39713616188,2745.74354056215,-754.8908457448136,238,231,0.0057542761634465376,56.65399906503183,135.73505712138646,0.36528279800601987,0.08464515072875929
2024-04-23,False,135723.23117755147,136216.19910814922,-491.54716372649006,2.018291620746588,-0.5975247494917149,-492.96793059774495,-0.003608580821846489,-0.0036190110561398923,2018.2916207465878,98019.32956948082,21364.95821023263,-388.54801315277257,-102.99915057371737,238,231,0.0057542761634465376,56.2083820187152,135.73505712138643,0.36540613867685423,0.08526352216267101
2024-04-24,False,134988.38313121186,135723.23117755147,-734.0664530734523,2.499449682786585,-1.7178564166371828,-734.8480463396016,-0.005408554207740277,-0.00541431293643667,2499.449682786585,97105.19971777237,20808.10203639798,-1844.570331300894,1110.5038782274416,237,230,0.0057542761634465376,55.74454491013112,135.13942048566682,0.36073335250151844,0.08593101050281203
2024-04-25,False,133063.8362480651,134988.38313121186,-1925.3212261129424,2.5594273884560064,-3.3337703546465436,-1924.546883146752,-0.014262866044120888,-0.014257129676677789,2559.4273884560066,96042.63505605751,20623.713668133954,-1597.5182757784958,-327.80295033444673,237,230,0.0057542761634465376,55.02901527797584,135.13942048566682,0.3552422793210722,0.08566437425996211
2024-04-26,False,133691.08723674354,133063.8362480651,654.1065550391735,32.28131992839513,-5.425753567639651,627.250988678418,0.0049157349846712,0.004713910303240179,32281.319928395125,98223.09457150126,21777.879382513518,429.4032567905207,224.7032982486527,239,232,0.0057542761634465376,56.05702247734518,138.6455370661132,0.3613281521150376,0.08911247583997296
2024-04-27,False,133367.82406903527,133691.08723674354,-76.34395156234734,2.7790757024801955,244.1401404434477,-323.26316770827526,-0.0005710474283686208,-0.002417985928529646,2779.0757024801956,97657.97608218323,20513.35276978779,1042.524670639415,-1118.8686222017623,239,232,0.0057542761634465376,54.88723434387938,138.6455370661132,0.354985481408091,0.08889302647649383
2024-04-28,False,132593.3916635496,133367.82406903527,-758.2957994676069,2.915111076321561,13.22149494171827,-774.4324054856467,-0.005685747703847143,-0.005806740950386779,2915.111076321561,97110.90437779593,19369.276877429747,42.545938781284775,-800.841738248892,239,232,0.0057542761634465376,54.0560583216487,138.64553706611318,0.35112357566379154,0.0905378135814784
2024-04-29,False,131786.92172060054,132593.3916635496,-800.69713502643,3.603103490583742,2.1697044320463554,-806.4699429490602,-0.006038740882789745,-0.006082278557256044,3603.103490583742,95321.7305752256,18313.389784969524,-490.4737450802587,-310.22338994617127,239,232,0.0057542761634465376,53.07286930007331,138.64553706611318,0.34437535135925057,0.09106729580379332
2024-04-30,False,130534.78255061996,131786.92172060054,-1250.8694331955724,3.601728811114293,-2.3319920261091722,-1252.1391699805774,-0.009491605212902094,-0.009501239983700498,3601.7288111142934,93391.27859928356,16780.15608306088,-3903.3517113414164,2652.4822781458447,239,232,0.0057542761634465376,51.84888027385184,138.6455370661132,0.3370083534525559,0.09211908403283608
2024-05-01,False,130413.53469938933,130534.78255061996,-127.81159246133774,4.179158445498375,-10.742899676213918,-121.2478512306222,-0.0009791382033503123,-0.00092885473788263,4179.158445498375,89190.96451219221,13971.133270740767,814.7873382050113,-942.598930666349,239,232,0.0057542761634465376,49.793438720160665,138.64553706611318,0.32132899783156393,0.0916374398455839
2024-05-02,False,130120.03442655357,130413.53469938933,-295.9897677152642,3.9644205653485347,-6.4539154448541565,-293.50027283575855,-0.0022696246091139047,-0.0022505353720554656,3964.420565348535,88012.9460129792,12027.097698149952,-185.58407114782455,-110.40569656743955,239,232,0.0057542761634465376,48.11279295147373,138.64553706611318,0.3127601795308551,0.09346902659305294
2024-05-03,False,131593.5493079654,130120.03442655357,1484.9225943724207,19.289927438181902,-7.88221447759985,1473.5148814118386,0.011411944370569525,0.011324273682417185,19289.9274381819,77084.4640060208,-6612.971106294535,2501.057774619963,-1016.1351802475426,239,232,0.0057542761634465376,39.0828953331858,139.04562872435656,0.2424775814789654,0.09460868447508446
2024-05-04,False,132974.03210498276,131593.5493079654,1376.259496133014,1.5150613426858002,-5.738362227012139,1380.4827970173403,0.010458411551102591,0.010490505076252845,1515.0613426858001,79150.0147274678,-6050.00511432979,1056.2056747062081,320.05382142680537,239,232,0.0057542761634465376,39.14125348459007,139.04562872435653,0.24370500651017502,0.09603771153432389
2024-05-05,False,130495.00502529315,132974.03210498276,-2478.430406101811,2.6321580333079937,-2.0354844455101357,-2479.027079689609,-0.018638454191906392,-0.018642941335586645,2632.1580333079937,80969.99321077089,-6581.013065872197,277.85741505566534,-2756.2878211574757,239,232,0.0057542761634465376,39.271098791210306,139.04562872435656,0.24292718171033936,0.09733915470846859
2024-05-06,False,130254.5871837322,130495.00502529315,-238.4669847176267,5.32998951696821,-3.37913267364394,-240.41784156095096,-0.0018274031613041888,-0.0018423528280975356,5329.98951696821,79034.74369957321,-4544.648547634475,-659.3187558418014,420.8517711241748,239,232,0.0057542761634465376,39.048396292624275,139.0456287243565,0.24342976235693362,0.09836385584195738
2024-05-07,False,129895.13455182243,130254.5871837322,-292.81528762860444,1.5626148819671648,65.07472939920201,-359.45263190977363,-0.0022480228447967843,-0.0027596159158889606,1562.6148819671648,78239.34142328775,-3748.376764985129,-664.8001596817917,371.9848720531871,239,232,0.0057542761634465376,38.83351343996053,139.04562872435653,0.24258599603203915,0.09775728608427565
2024-05-08,False,128588.03095955432,129895.13455182243,-1246.4563114490443,2.202755439331969,58.4445253797315,-1307.1035922681076,-0.009595866048021708,-0.010062760216370006,2202.755439331969,77429.14349193039,-3746.2180183981473,578.6514697848139,-1825.1077812338576,239,232,0.0057542761634465376,38.515953738614705,139.04562872435653,0.24046157134059856,0.09860068981785124
2024-05-09,False,127931.89473379438,128588.03095955432,-470.34234992845575,6.119023567388205,179.67485226409272,-656.1362257599367,-0.003657745953636974,-0.005102622855826416,6119.023567388205,74111.05448187263,-522.1525715692587,422.79171830272776,-893.1340682311834,239,232,0.0057542761634465376,38.184945488630724,139.04562872435656,0.24333381659674014,0.0987350020030871
2024-05-10,False,126154.86398595663,127931.89473379438,-1733.0813918510357,38.48589309838004,5.463462888341799,-1777.0307478377576,-0.013546906308683212,-0.0138904434389522,38485.89309838004,80313.75176195256,9576.800668438165,-2336.877147214253,603.7957553632182,241,234,0.0057542761634465376,42.61653648748088,140.62189746659723,0.2754969523233586,0.10129294534221085
2024-05-11,False,125709.41023206692,126154.86398595663,-441.6574670138724,4.269432478796178,-0.47314560294988617,-445.4537538897187,-0.003500915090067689,-0.0035310073651960493,4269.432478796178,78221.12422178927,10558.156888442318,-449.39768410254965,7.740217088677166,241,234,0.0057542761634465376,43.011155392648085,140.62189746659726,0.27950631079206284,0.10213088522088996
2024-05-12,False,125197.60249510518,125709.41023206692,-510.34716846017056,3.6029614343483924,-2.142392932773788,-511.80773696174515,-0.0040597371948372036,-0.004071355803968201,3602.9614343483922,78555.4984500817,12925.2367799175,225.32698495988646,-735.6741534200571,241,234,0.0057542761634465376,43.6055360567374,140.62189746659726,0.2863238997787818,0.10314392325918607
2024-05-13,False,124332.23989836268,125197.60249510518,-846.3852769867416,4.077539990405011,14.899779765349948,-865.3625967424966,-0.006760395248142492,-0.006911974187176064,4077.539990405011,78709.11508513673,15643.950885035018,-616.9244855468517,-229.46079143989,240,233,0.0057542761634465376,44.455434342697856,140.00478549132905,0.2942381047415875,0.10328353478393408
2024-05-14,False,123566.66781424836,124332.23989836268,-748.6080493258446,5.523514978299768,11.440519810179065,-765.5720841143234,-0.006021029219274147,-0.0061574703772742465,5523.514978299768,78513.80827578196,18672.457301678136,-1667.5791901678078,918.971140841963,240,233,0.0057542761634465376,45.48209686764837,140.00478549132902,0.3020971365343431,0.10355713198757631
2024-05-15,False,126357.54428672954,123566.66781424836,2797.0616173036483,3.214857561382998,2.970287261090141,2790.8764724811754,0.02263605280275367,0.02258599767921687,3214.857561382998,77170.10326441663,18950.233465170226,3590.9036159639827,-793.8419986603342,238,231,0.0057542761634465376,44.98770531273948,138.77595494503652,0.2991850898441509,0.10384818249314737
2024-05-16,False,125803.08628983668,126357.54428672954,-598.6819509107321,4.4800557025699455,-48.704009720436616,-554.4579968928655,-0.00473799925671401,-0.004388008646596469,4480.055702569945,80072.66326766013,22079.605825177983,-704.9051044821895,106.2231535714574,238,231,0.0057542761634465376,46.03178926501434,138.77595494503652,0.30854258758538267,0.1052710460426721
2024-05-17,False,126957.19075059553,125803.08628983668,1186.0997176746155,36.91929430675936,-4.924037391004099,1154.1044607588601,0.009428224319886479,0.009173896243689353,36919.29430675936,84768.11888849478,25536.828734906256,1599.3702256924566,-413.2705080178412,238,231,0.0057542761634465376,49.97955048306836,139.57127898133024,0.3323899728875832,0.10432427230618603
2024-05-18,False,127076.14662862285,126957.19075059553,119.34728206627211,3.1136194727204027,-2.7222154337735223,118.95587802732524,0.0009400592543098019,0.0009369762935367034,3113.619472720403,85727.4693334531,27566.284032727504,295.64526376917354,-176.2979817029013,237,230,0.0057542761634465376,50.14032891737329,138.97331142031354,0.33380562450492623,0.10273255387389352
2024-05-19,False,126199.27842805108,127076.14662862285,-885.2692414314643,3.7638634965937365,-12.164904356289096,-876.868200571769,-0.006966447007703527,-0.0069003367180655575,3763.8634965937367,83924.05802705302,28531.798560401658,-1597.0035706874546,711.7343292559902,232,225,0.0057542761634465376,49.29644915081044,135.94899478206227,0.3276012906379496,0.10015270045516465
2024-05-20,False,128920.76748672365,126199.27842805108,2722.647435218444,3.296452465966146,-2.1380759200862176,2721.489058672564,0.02157419177931896,0.021565012831861345,3296.452465966146,80258.13321123127,26920.27735350297,4017.2948369073947,-1294.6474016889508,230,223,0.0057542761634465376,47.724757415029835,134.72227263748786,0.3163954692050907,0.09996341830244149
2024-05-21,False,129596.09298545365,128920.76748672365,690.4988592667521,5.197641371298318,9.975719165454322,675.3254987299995,0.005355994016540897,0.005238298777577049,5197.641371298318,80651.84267442797,28687.893223693987,794.9108223469966,-104.41196308024453,229,222,0.0057542761634465376,47.77688638196637,134.12462560019742,0.3166915661511914,0.09402190641013002
2024-05-22,False,130360.87733560597,129596.09298545365,789.6052709130423,2.9152733714974,21.905647389231653,764.7843501523133,0.00609281694164708,0.005901291717476048,2915.2733714974,79239.7716916718,29313.656680338325,864.6636115185153,-75.05834060547281,229,222,0.0057542761634465376,48.1533794063238,134.1246256001974,0.3163263195924551,0.08921547041328441
2024-05-23,False,129207.51346716796,130360.87733560597,-1137.5680887193425,4.085275778200515,11.710503940473934,-1153.3638684380169,-0.008726299730177056,-0.008847469363594058,4085.2757782005156,77358.17725672788,29881.59828403862,-1195.0041300766925,57.43604135734982,229,222,0.0057542761634465376,48.216599862600134,134.12462560019742,0.31455908065206156,0.08492524723249173
2024-05-24,False,129634.30922035633,129207.51346716796,476.54397198372925,41.081779214917475,8.666439580440546,426.7957531883712,0.0036882063526810353,0.003303180610288746,41081.77921491748,74059.3711565806,29704.479847888597,761.8962868866373,-285.3523149029082,229,224,0.0057542761634465376,44.36828220249463,132.11154425270425,0.290272462220699,0.08187674982306516
2024-05-25,False,129746.52113621542,129634.30922035633,127.71675981893043,4.1702168648831295,11.334627094960458,112.21191585908684,0.0009852080100325416,0.0008656035314566734,4170.21686488313,74312.78582922617,30936.49094050928,262.0175574657964,-134.30079764686602,228,223,0.0057542761634465376,44.89748219541694,131.5143677691763,0.2922550531731013,0.07900328102521112
2024-05-26,False,131264.55628183842,129746.52113621542,1533.3823135111927,3.6505249533678987,11.69664293483801,1518.0351456229866,0.0118182923139909,0.011700006538358476,3650.524953367899,74171.95416708135,31654.771131105957,1189.70333561252,343.6789778986729,228,222,0.0057542761634465376,45.43520745646472,130.91570705004352,0.29241567656527395,0.07634538699350008
2024-05-27,False,132732.11752285733,131264.55628183842,1489.1594442981213,7.791690823309895,13.806512455899433,1467.5612410189121,0.01134471853240218,0.011180179041385003,7791.690823309895,73259.50949986848,31837.606470658662,1893.7150766889697,-404.5556323908488,228,222,0.0057542761634465376,45.57659053749851,130.91570705004352,0.2910322333129285,0.07397378156752639
2024-05-28,False,131383.65028082245,132732.11752285733,-1328.7578981165386,3.707209616343577,16.002134301991966,-1348.467242034874,-0.010010824229393598,-0.010159313866160986,3707.2096163435767,73140.21821270298,33465.67610481418,-1320.3972998961199,-8.360598220418447,225,219,0.0057542761634465376,46.07408389360739,129.1370976881473,0.29370499441850223,0.07014861682056471
2024-05-29,False,129814.51034858778,131383.65028082245,-1547.9359404549746,3.1647281117200685,18.039263667969507,-1569.139932234664,-0.011781800377340564,-0.011943190259067609,3164.7281117200682,71169.57442671523,33624.732672900434,-1804.2042175607678,256.26827710579363,224,219,0.0057542761634465376,46.531816540653274,129.14756415817018,0.29279237696503785,0.06691161210614172
2024-05-30,False,132918.66515252748,129814.51034858778,3122.2779525069914,3.417960010416528,14.705188556860845,3104.154803939714,0.024051840923813628,0.023912232889868795,3417.9600104165274,70226.85398040347,33743.799121231554,3327.1121304682297,-204.83417796123803,224,219,0.0057542761634465376,47.424298937649866,129.14756415817016,0.29668589461593314,0.06624148396298402
2024-05-31,False,136036.21678751134,132918.66515252748,3140.6724997093465,7.705271381785249,15.415593343710828,3117.5516349838504,0.023628528740529755,0.023454581276500047,7705.271381785249,69567.25455174016,35678.72918098378,2659.851910640463,480.8205890688835,227,224,0.0057542761634465376,48.39759828748137,131.2542405362641,0.3008513174710183,0.06592535439769305
2024-06-01,False,139225.7659700308,136036.21678751134,3208.765207781127,6.0854168465297,13.130608415131324,3189.549182519466,0.023587580451411853,0.023446323764659993,6085.4168465297,74231.30999010414,38588.46433641159,3235.591981332111,-26.82677355098375,227,224,0.0057542761634465376,49.27934315283755,131.25424053626406,0.30583074808611976,0.06623617111800881
2024-06-02,False,138562.77101016173,139225.7659700308,-638.4954261395702,6.666223558032862,17.833310171463175,-662.9949598690662,-0.004586043550854016,-0.004762013376258098,6666.223558032862,79065.94534575965,41217.16232331595,-726.6622601226022,88.166833983032,227,224,0.0057542761634465376,50.11825332709226,131.25424053626406,0.309259033340688,0.06647682164082293
2024-06-03,False,139389.53618862783,138562.77101016173,848.2074919450092,4.382756243405833,17.05955723550427,826.7651784660991,0.006121467445846652,0.0059667194329237755,4382.756243405833,81917.83312119571,43163.819342292816,600.888857999832,247.3186339451772,227,224,0.0057542761634465376,50.80454720043612,131.25424053626406,0.31210340771100764,0.06671865264457172
2024-06-04,False,142009.17272204522,139389.53618862783,2641.779861303982,5.474079397760684,16.66924848883602,2619.6365334173856,0.01895249768052183,0.01879363835368806,5474.079397760684,85604.0173479743,45334.30426996524,2936.280577709039,-294.5007164050556,226,223,0.0057542761634465376,51.32712111778894,130.66200915830257,0.3160290900116755,0.06668381000698108
2024-06-05,False,143215.8422500732,142009.17272204522,1232.8936304210551,6.430526300705469,19.79357609235388,1206.6695280279957,0.008681788695679538,0.008497123846991292,6430.526300705469,90874.32455052518,49284.26961818957,1517.2792805344748,-284.3856501134193,226,223,0.0057542761634465376,52.853853786289925,130.66200915830257,0.32352544600428484,0.06602480543195072
2024-06-06,False,144314.2370815617,143215.8422500732,1124.3615530170653,6.194026756352704,19.77269477222329,1098.3948314884892,0.007850818284849981,0.007669506489167246,6194.026756352704,95026.6268587067,52228.52196290597,823.2178163032152,301.1437367138502,226,222,0.0057542761634465376,54.363989998365824,130.06300533478046,0.3299466529458678,0.06482936604396793
2024-06-07,False,141576.8652823349,144314.2370815617,-2696.8934848832387,26.090772173093217,14.387542170472202,-2737.371799226804,-0.018687646759058447,-0.018968134084232664,26090.772173093217,101418.29983394401,57506.020326760336,-4587.340748497816,1890.4472636145777,228,225,0.0057542761634465376,61.21019156477978,132.6905413387516,0.36728674330111516,0.06483459997913964
2024-06-08,False,141232.65266656023,141576.8652823349,-331.961912143649,5.269660090815241,6.9810435402164845,-344.2126157746807,-0.002344746872885235,-0.002431277278870713,5269.660090815241,99172.80833855364,54977.80352837304,1036.6163657426962,-1368.5782778863459,228,225,0.0057542761634465376,60.5164077441638,132.6905413387516,0.3644032333319832,0.06616609741581789
2024-06-09,False,142435.04241245645,141232.65266656023,1226.4372109347082,8.318561305267464,15.728903733225305,1202.3897458962156,0.008683807800666571,0.00851353934939513,8318.561305267463,97751.13808459132,54402.703132207214,1867.0570204668131,-640.6198095321054,227,224,0.0057542761634465376,59.63360597817304,132.09433212058272,0.362149873706884,0.06896513370716478
2024-06-10,False,141260.84511754927,142435.04241245645,-1164.2836892942537,3.9478498733548033,5.965755739558649,-1174.1972949071671,-0.008174137975981906,-0.008243738865236435,3947.849873354803,99318.82474441036,55790.57470341996,-926.3720784645664,-237.91161082968745,226,223,0.0057542761634465376,59.53688880157215,131.49643439312547,0.36374448649898833,0.0714748220315186
2024-06-11,False,137973.37311749565,141260.84511754927,-3274.693241804546,3.8187359394278784,8.960022309653272,-3287.4720000536267,-0.02318188907251356,-0.023272351211816544,3818.7359394278783,98557.06817055812,55807.02857584979,-4279.989551970984,1005.2963101664377,226,223,0.0057542761634465376,59.16145223751921,131.49643439312547,0.3632597339153569,0.07528494307346181
2024-06-12,False,140304.10492668717,137973.37311749565,2365.4971466260063,8.761154136950397,26.004183297525106,2330.7318091915304,0.01714459169314931,0.01689262034064153,8761.154136950398,100827.69508113763,56180.23471457066,2969.98374884693,-604.4866022209243,227,224,0.0057542761634465376,58.31161854621053,132.0943321205827,0.360756805647216,0.0885701323425878
2024-06-13,False,136464.84608694128,140304.10492668717,-3810.4558642585976,5.171060204366339,23.631915282923245,-3839.258839745887,-0.027158548684300204,-0.027363838297903027,5171.060204366338,105647.75089420669,57210.776965889236,-4965.813542909923,1155.3576786513252,226,223,0.0057542761634465376,57.36014152637168,131.5226049747696,0.3593717592513112,0.09875060678464041
2024-06-14,False,134633.75509214003,136464.84608694128,-1757.4228547859464,52.5839727926837,21.084167222634363,-1831.0909948012643,-0.012878209335071528,-0.013418041695768906,52583.97279268371,97780.59735990639,49037.501905372956,-2513.794856135591,756.3720013496448,226,224,0.0057542761634465376,49.77183618733318,133.02819850708167,0.31321387964685216,0.10553013757410516
2024-06-15,False,134813.2013421323,134633.75509214003,193.7500346492709,6.426078613335498,7.877706043679177,179.4462499922562,0.0014390895843072427,0.0013328473967724336,6426.078613335498,97215.36093830978,44781.66364265305,1450.0350295690544,-1256.2849949197835,226,224,0.0057542761634465376,47.63463586407945,133.02819850708167,0.3022039477489345,0.11111357965149651
2024-06-16,False,134226.602352063,134813.2013421323,-583.8351719993294,5.085386028829697,-2.321567958859889,-586.5989900692992,-0.004330697336662587,-0.004351198430342247,5085.386028829696,96896.13488560732,43742.31172095354,-279.2855992912239,-304.54957270810536,228,224,0.0057542761634465376,46.156900187134205,133.02819850708167,0.2949136866715988,0.11464841014320448
2024-06-17,False,132245.8737492077,134226.602352063,-2008.445405641778,1.757744642418464,-29.474547428915066,-1980.7286028552815,-0.014963095023249013,-0.014756602403300262,1757.7446424184639,96651.90370821986,42179.816052385344,-4646.180857860629,2637.7354522188507,228,224,0.0057542761634465376,44.856054530899094,133.02819850708167,0.28713878642944535,0.117278934677226
2024-06-18,False,131907.4829774576,132245.8737492077,-323.8242427926862,5.899751225748469,8.66677773165228,-338.39077175008697,-0.002448652903959707,-0.002558800226854823,5899.751225748469,91416.27257518645,37198.7658632506,-1707.5698261202012,1383.7455833275153,228,224,0.0057542761634465376,41.680750526911595,133.02819850708167,0.2666321626021594,0.11791726824306374
2024-06-19,False,132293.520705153,131907.4829774576,398.66669655069643,7.614734316881338,5.014234538412406,386.03772769540274,0.003022320550372618,0.0029265794402382377,7614.734316881339,88523.88365695541,30135.59322705647,1176.4822747780572,-777.815578227361,228,224,0.0057542761634465376,38.112974175278964,133.02819850708167,0.24151882947454476,0.11866346349351957
2024-06-20,False,132155.67341412322,132293.520705153,-123.25089460861373,7.252803957966207,7.343592463197456,-137.8472910297774,-0.0009316472488725062,-0.001041980667647377,7252.803957966207,87628.20442726817,25195.460334314448,53.17944409561889,-176.43033870423267,228,224,0.0057542761634465376,36.500586296298735,133.02819850708164,0.22651259083825423,0.12282794745090866
2024-06-21,False,130856.20420598911,132155.67341412322,-1267.4200944525583,21.711156144790287,10.337957536759303,-1299.469208134108,-0.009590357051724663,-0.009832867364400538,21711.156144790286,101789.78435135685,36043.38909666885,-1766.0026504980303,498.5825560454722,234,228,0.0057542761634465376,43.98758039462666,136.48706138072734,0.2791097048310872,0.12498988135592386
2024-06-22,False,133403.5739805147,130856.20420598911,2560.414118272918,4.573140603251325,8.47120314409667,2547.36977452557,0.019566623789899994,0.01946693922525517,4573.140603251325,98012.54047665157,31100.072666061948,2355.568805743013,204.84531252990558,233,227,0.0057542761634465376,42.301015339007016,135.90203896201328,0.26628919536437023,0.12621239228603695
2024-06-23,False,133323.8484002523,133403.5739805147,-64.50446340721192,7.1733746670974154,8.047742188100692,-79.72558026241003,-0.0004835287502614707,-0.0005976270191535871,7173.374667097416,97724.39064995006,26996.526584937998,-1430.2625285860126,1365.7580651788007,233,227,0.0057542761634465376,41.40527209650085,135.90203896201328,0.2565639546711192,0.12703322186622093
2024-06-24,False,131789.8612638376,133323.8484002523,-1522.6119881443633,7.46439430143848,3.910753968879478,-1533.9871364146813,-0.011420402324221254,-0.011505722005634654,7464.39430143848,99177.18291385108,20901.228000759234,-677.6095120712541,-845.0024760731092,232,226,0.0057542761634465376,41.13082753612317,135.3043040116095,0.24649931031517644,0.12919575689073207
2024-06-25,False,131905.85202806492,131789.8612638376,126.77721412768949,2.502420149218013,8.284029751164354,115.99076422730712,0.0009619648500417417,0.0008801190252040605,2502.4201492180127,100107.44587483698,18016.90464492327,2827.3994770751456,-2700.6222629474564,233,227,0.0057542761634465376,41.44362840244284,135.90203896201325,0.24552045774310444,0.12975385139312637
2024-06-26,False,131884.23784480162,131905.85202806492,-8.51421834613285,6.892412175480186,6.2075527416893195,-21.614183263302355,-6.45476922761647e-05,-0.00016386068495811404,6892.412175480185,99077.03877625559,19009.27118357719,-484.4345555540292,475.92033720789664,232,226,0.0057542761634465376,40.954882174146405,135.30430401160947,0.24469337211151332,0.12861025217582037
2024-06-27,False,132264.46930847276,131884.23784480162,389.476116453241,2.816053719415364,6.428599062678698,380.2314636711469,0.002953166525567427,0.0028830698033725202,2816.053719415364,97184.64910533722,17619.435373708162,1144.7173508672115,-755.2412344139703,227,221,0.0057542761634465376,40.02366953139037,132.31077600795624,0.23788379992760297,0.1265710078159905
2024-06-28,False,131010.27132568801,132264.46930847276,-1217.9177042835622,29.445650765173905,6.834627736013194,-1254.1979827847492,-0.00920820013607043,-0.009482501153500687,29445.650765173905,94876.55486969468,14441.661030579295,-2366.25382387756,1148.3361195939976,226,220,0.0057542761634465376,38.33922360332622,135.41722252661106,0.22943678560879036,0.12347664398522525
2024-06-29,False,130855.48679554327,131010.27132568801,-145.690076293007,2.9821559305644225,6.11229792117335,-154.78453014474476,-0.0011120507943291362,-0.0011814686633230046,2982.1559305644228,92438.74777638678,12102.370936829746,-1845.4447499039038,1699.7546736108961,225,219,0.0057542761634465376,37.506142750165104,134.7910896045932,0.2215376582111831,0.1236076750113201
2024-06-30,False,132488.71675058262,130855.48679554327,1654.749751357432,4.508316478737612,17.01147983935624,1633.229955039338,0.012645627568853231,0.012481172895647836,4508.316478737612,92063.36673269563,9923.758221047672,2368.3310098116526,-713.581258454221,223,217,0.0057542761634465376,36.746942917783095,133.53979269305853,0.2117669859339687,0.12491142957925434
2024-07-01,False,132723.00292399275,132488.71675058262,269.60839599575314,7.0688629935773175,28.253359592039196,234.2861734101366,0.002034953636869364,0.0017683481216833985,7068.862993577318,91102.9551338474,10402.834173175881,-664.6045516823672,934.2129476781203,220,214,0.0057542761634465376,35.99312433842097,131.68318422466714,0.20731683019182207,0.1208374310932669
2024-07-02,False,133274.4533326282,132723.00292399275,560.6165262909012,5.951129474940293,3.2149881805088034,551.450408635452,0.004223959026996645,0.00415489701473417,5951.129474940293,88135.34530236889,10964.847446275522,652.0210286620304,-91.4045023711291,219,213,0.0057542761634465376,35.78856846293378,131.05218622582981,0.2054277804571944,0.12061133996244171
2024-07-03,False,133215.78854444146,133274.4533326282,-96.34258275604324,5.440901188218293,-43.1186957575199,-58.66478818674163,-0.0007228885982791473,-0.0004401802950211714,5440.901188218292,89759.79345360125,11773.372816113773,-1260.4194240824322,1164.0768413263888,218,212,0.0057542761634465376,35.9893427602905,130.44532659017415,0.20724470016887125,0.12053927025076042
2024-07-04,False,133254.48539840992,133215.78854444146,-23.515580132482683,5.840502737496536,-68.05293683844162,38.696853968462406,-0.0001765224707177841,0.0002904824900357283,5840.502737496536,91757.52661342493,13238.442172999332,-4793.056047012987,4769.540466880504,214,208,0.0057542761634465376,36.13096629134462,127.99534504073884,0.20965084220906113,0.118085926272696
2024-07-05,False,136504.11310206968,133254.48539840992,3267.2739871469175,49.57795938838261,-31.931675901221087,3249.627703659756,0.02451905447969187,0.024386629042496253,49577.95938838261,85860.37267770706,12556.572287990606,-146.99185518173118,3414.265842328649,218,212,0.0057542761634465376,42.10313388118812,131.22492486757622,0.22012018443490122,0.11847892133919363
2024-07-06,False,134459.36712444655,136504.11310206968,-2061.207499459057,6.958941429246447,-23.420463265167214,-2044.7459776231362,-0.015099966239975556,-0.014979372644208871,6958.941429246447,89105.31450780579,9886.784836959167,3373.714228808788,-5434.921728267845,218,212,0.0057542761634465376,44.17723000232708,131.2249248675762,0.22706563887305842,0.11889954535937577
2024-07-07,False,133939.49621850436,134459.36712444655,-507.2984166608096,12.479266685356011,0.09322259603588323,-519.8709059422015,-0.00377287523740379,-0.0038663792419983945,12479.266685356011,88514.30610582136,10761.648527629994,-3034.254505998968,2526.956089338158,214,208,0.0057542761634465376,43.42778715911681,128.7404090974514,0.2278808205696068,0.1113438990482191
2024-07-08,False,133987.1811215017,133939.49621850436,38.43860943691459,7.663436093448567,-16.909729653861334,47.684902997327356,0.000286984873932982,0.0003560182346776624,7663.436093448567,88081.4822662023,5949.861964392079,1704.7030541288655,-1666.2644446919508,211,204,0.0057542761634465376,44.221293329594786,126.23756634171558,0.22827184241072015,0.11119879445685603
2024-07-09,False,134152.87860482227,133987.1811215017,168.60569237401415,4.6127518984102,-1.7045428449632403,165.6974833205672,0.0012583718155927159,0.0012366666865713824,4612.7518984102,89865.83239175015,4536.435334776779,900.3793084197157,-731.7736160457015,210,203,0.0057542761634465376,44.79119294957267,125.62069292550136,0.2324838215906676,0.10962090764014364
2024-07-10,False,135042.2982013496,134152.87860482227,884.3393537403125,3.2426889988572447,-8.322931785855765,889.419596527311,0.006592026670894887,0.006629895726257937,3242.6889988572448,91493.25986146224,4454.758601336367,1057.5098092283213,-173.17045548800883,210,203,0.0057542761634465376,45.31693827001049,125.61750840290135,0.23645992871143212,0.10844629234983565
2024-07-11,False,136451.49049886444,135042.2982013496,1314.1224813295325,3.134261057622605,-98.20407724294132,1409.1922975148514,0.009731191625383634,0.010435191908639837,3134.2610576226048,92092.47251995967,4350.388380145954,-218.42010456204434,1532.542585891577,207,200,0.0057542761634465376,45.03778972583527,123.74234932894467,0.23632700301640958,0.10627834036050991
2024-07-12,False,135086.71998151226,136451.49049886444,-1407.9624700063382,22.817214266860123,-66.0091669210222,-1364.7705173521763,-0.010318410336588119,-0.010001873283777241,22817.214266860123,90084.23312770564,-1257.154686421498,777.5767224171625,-2185.5391924235005,207,201,0.0057542761634465376,42.00597099804622,124.82027748034116,0.2155303273031599,0.10548869030413899
2024-07-13,False,134462.71991158783,135086.71998151226,-647.2748778106159,5.540079497235458,-28.814887383430897,-624.0000699244204,-0.004791550774933323,-0.004619255467967687,5540.079497235458,87530.7332502768,-1174.986077163263,187.2543330538462,-834.5292108644621,202,196,0.0057542761634465376,40.86283159717737,121.73111331293785,0.21221516352849049,0.10034157233889249
2024-07-14,False,134013.75752680082,134462.71991158783,-449.8577747535174,2.270781119548145,-3.1661710860531684,-448.96238478701235,-0.0033455947867878076,-0.00333893576659921,2270.7811195481454,86660.70547988194,-1565.936920279495,941.7855970371179,-1391.6433717906355,200,194,0.0057542761634465376,40.341416267959005,120.48265138465943,0.21058696170894248,0.0970675386886309
2024-07-15,False,133930.78768699925,134013.75752680082,-89.91987748857525,4.004151596481812,-10.954189283467667,-82.9698398015894,-0.0006709749741222842,-0.0006191143456670605,4004.151596481812,84996.04244559834,-419.3224811885557,2818.9581065807074,-2908.8779840692823,197,191,0.0057542761634465376,39.18578455014639,118.59272931809772,0.2062584622674206,0.09427955717937066
2024-07-16,False,135680.77333085422,133930.78768699925,1732.3758768826826,7.209145099801178,-24.818912072099657,1749.9856438549812,0.012934859167193904,0.013066343251446833,7209.145099801179,83792.64932584969,1069.780026106917,1430.9201354872853,301.45574139539764,198,192,0.0057542761634465376,38.15982524437239,119.21854108513858,0.20454888723907097,0.08846907119749774
2024-07-17,False,135592.5571202742,135680.77333085422,-87.45938761724176,2.1010442410664876,-1.344221278293603,-88.21621058001465,-0.000644596765408863,-0.0006501747330471178,2101.0442410664878,85373.55686722443,3147.6202909660187,214.5948117344384,-302.0541993516802,202,196,0.0057542761634465376,38.3254503006314,121.74116683781203,0.20696402159692945,0.0883151404119485
2024-07-18,False,136666.40611173946,135592.5571202742,1066.444723789616,2.442893682483382,-9.847161358137889,1073.8489914652705,0.007865068307869224,0.007919675049071742,2442.8936824833822,84375.38790191006,4466.543963966347,33.53925851791597,1032.9054652717002,201,195,0.0057542761634465376,37.572241123681636,121.11615882719327,0.20619176082909646,0.08439550849702915
2024-07-19,False,137565.4864872964,136666.40611173946,923.4007171388083,32.98942430705727,-8.66908272518647,899.0803755569376,0.006756603494671757,0.006578649436510702,32989.42430705727,83763.10833618502,14658.614241522766,261.00319465554134,662.397522483267,201,195,0.0057542761634465376,41.82180870456936,121.2135701927716,0.23304893543887775,0.08510132866166503
2024-07-20,False,137907.4038439455,137565.4864872964,327.86560506069674,3.0818029386890915,-17.133554527084833,341.9173566490925,0.002383342024461737,0.0024854879329101716,3081.802938689091,84513.99720048117,15583.207232999488,768.4581510320287,-440.59254597133184,200,194,0.0057542761634465376,41.52641013339762,120.59003957788538,0.233709861600624,0.08342856835713379
2024-07-21,False,136616.75774988314,137907.4038439455,-1301.0548023967592,2.6140072749213714,-13.022715609304274,-1290.6460940623763,-0.00943426361552726,-0.009358787549382462,2614.0072749213714,83730.15088427172,16857.935522668544,986.7380741926788,-2287.792876589438,197,191,0.0057542761634465376,40.7601586452455,118.715581515627,0.2324627872596864,0.07941167708603024
2024-07-22,False,137124.59062219202,136616.75774988314,487.7384943998479,3.973502190507145,-24.067880099540396,507.8328723088812,0.0035701220145539954,0.0037172077618663553,3973.502190507145,83345.22056481207,18306.511343821687,-1703.3018487118975,2191.0403431117456,199,192,0.0057542761634465376,40.95021814886855,119.34101496246399,0.2348017560074099,0.07581136813968033
2024-07-23,False,134924.03976094266,137124.59062219202,-2193.377348731845,3.0129397558702116,4.1605727616367085,-2200.550861249352,-0.01599550699680902,-0.016047820826771666,3012.9397558702117,81987.95574961536,18800.560654198736,-1319.2564708941495,-874.1208778376953,199,192,0.0057542761634465376,40.95739936324295,119.34101496246399,0.23389258672444235,0.07611509548828059
2024-07-24,False,133757.95481536095,134924.03976094266,-1174.651858880653,2.727467753831174,-11.294381052779869,-1166.0849455817042,-0.008706023485228368,-0.008642529141936191,2727.467753831174,80791.29781100748,18645.242822976878,-983.7989520833637,-190.85290679728962,200,193,0.0057542761634465376,41.120306798450265,119.9756185223277,0.23524867700308943,0.07598926215715975
2024-07-25,False,133548.9329629481,133757.95481536095,-211.1659555400344,2.1651621742916594,-4.309265301480709,-209.02185241284533,-0.0015787169879468268,-0.0015626872637323024,2165.1621742916595,78463.00925425289,18016.315487775777,-350.01727532385485,138.85131978382034,197,190,0.0057542761634465376,40.301598705750266,118.10506528317012,0.23120400192299118,0.0758485991004008
2024-07-26,False,133258.34775635166,133548.9329629481,-296.8295317608936,6.199713284607354,-12.444038449048076,-290.58520659645285,-0.0022226275057041912,-0.002175870672640065,6199.713284607354,77090.74375960321,17109.278632658352,655.5256508270187,-952.3551825879122,201,195,0.0057542761634465376,39.60932174109558,120.72559916767624,0.22594450879930822,0.07898698359212142
2024-07-27,False,133759.75732078438,133258.34775635166,494.1269332146327,1.5821256497969385,-8.864756867881644,501.4095644327174,0.003708037369021638,0.0037626878381344635,1582.1256497969384,77279.63513169225,16926.690200254878,595.8015003115395,-101.67456709690678,201,195,0.0057542761634465376,39.40549857083623,120.72559916767625,0.22602460445216682,0.07632431175910252
2024-07-28,False,134296.2313684613,133759.75732078438,534.9204142964159,1.2318926104155423,-2.7855259909330474,536.4740476769333,0.003999113223669828,0.004010728326834164,1231.8926104155423,77149.80672193406,17686.268162160657,-500.7811783827745,1035.7015926791903,201,195,0.0057542761634465376,39.25279067441907,120.72559916767622,0.22523557752222903,0.07555259782480253
2024-07-29,False,134409.43255641864,134296.2313684613,102.51798646714639,1.8139292914653684,-12.497130781646,113.20118795732702,0.0007633720278112148,0.0008429215533736241,1813.9292914653686,77109.12238139084,18475.34313213774,-153.22771559560414,255.7457020627504,201,195,0.0057542761634465376,39.27875766081243,120.72559916767624,0.2250151163099053,0.0766394060656573
2024-07-30,False,134107.55298031188,134409.43255641864,-322.7206503270015,1.609982188163882,-22.451056408399605,-301.8795761067658,-0.002401026804361657,-0.002245970170137064,1609.9821881638823,77411.7373052009,19029.45260343977,32.833084353871925,-355.5537346808734,200,194,0.0057542761634465376,39.07186146304949,120.13561344355242,0.22493848662022997,0.07730128081776419
2024-07-31,False,133667.32523474755,134107.55298031188,-470.8583267353767,2.1577439643395406,-32.788325135377825,-440.2277455643384,-0.0035110500212057606,-0.0032826469186934427,2157.7439643395405,76157.97978175935,18724.16757537513,-783.5417888322403,312.68346209686365,199,192,0.0057542761634465376,38.54178537171589,118.89311528851283,0.22234229711912717,0.07846194886328366
2024-08-01,False,133914.97165999596,133667.32523474755,232.3907610640739,1.6965926318906808,-16.952256816237696,247.64642524842094,0.001738575681498433,0.0018527072701836626,1696.5926318906809,75495.83100393791,17816.106290569744,460.49011553146954,-228.09935446739556,199,192,0.0057542761634465376,38.40582844946011,118.89311528851282,0.22004878317883367,0.07980165618398467
2024-08-02,False,134057.53766914172,133914.97165999596,118.2501420286813,6.430672480484869,-30.746539597546466,142.5660091457429,0.0008830240604382387,0.0010646009731287666,6430.672480484869,79740.07152309496,15541.618047802032,-2039.913480200096,2158.1636222287775,210,204,0.0057542761634465376,40.832306924452546,126.38450300389599,0.23023191730874923,0.08656079358018008
2024-08-03,False,132743.05351400544,134057.53766914172,-1312.4673931283996,5.121730014276134,-3.104968006389441,-1314.4841551362863,-0.009790328958358246,-0.009805372961425527,5121.730014276134,79392.05261431831,13226.447587896773,-3025.637444189353,1713.1700510609533,210,204,0.0057542761634465376,41.14200088608034,126.384503003896,0.22846327143323433,0.09031785373282075
2024-08-04,False,133049.6582347068,132743.05351400544,294.35900083379397,5.815745220371612,-18.061465087932685,306.604720701355,0.002217509640176665,0.0023097609448091065,5815.745220371612,76612.26295140853,8082.197646598102,-1126.7240448890957,1421.08304572289,209,203,0.0057542761634465376,41.602778524545236,125.76089706612156,0.2259819346272083,0.09370063758777186
2024-08-05,False,134757.27780299942,133049.6582347068,1704.8887204041284,6.512565970043464,-9.243413858557576,1707.6195682926427,0.012813927844869864,0.012834452872327635,6512.565970043464,75417.19000742648,3683.3975178524415,-556.4075424078148,2261.296262811943,208,202,0.0057542761634465376,42.832169115925225,125.13481740688185,0.22671054120427117,0.09824099375464218
2024-08-06,False,132512.738358463,134757.27780299942,-2243.3134915244655,7.3325037914219156,-6.106550779443367,-2244.539444536444,-0.016647067439310752,-0.016656164929494333,7332.503791421916,75142.18152540608,-1941.8630244443084,683.3911984478448,-2926.70468997231,209,203,0.0057542761634465376,45.313383121944334,125.76089706612154,0.23185923217442778,0.10237718590007738
2024-08-07,False,131991.0001796503,132512.738358463,-534.6279471855338,5.215316651375153,-18.105085024206044,-521.7381788127029,-0.0040345400284408925,-0.003937268109284241,5215.316651375154,74826.80571993618,-6118.165941350333,-1628.687472981481,1094.0595257959471,210,204,0.0057542761634465376,46.9688009051741,126.384503003896,0.2390938025163526,0.10295721365664033
2024-08-08,False,130794.64410473575,131991.0001796503,-1218.0249142179093,4.956674373438658,-26.62551367680311,-1196.3560749145447,-0.00922809064678713,-0.009063921580154772,4956.674373438658,74437.37512772185,-10055.17255289057,2926.954813172988,-4144.979727390898,211,204,0.0057542761634465376,48.85709874040887,126.38450300389597,0.24304233888738344,0.1059270230296346
2024-08-09,False,130558.929083274,130794.64410473575,-238.59640285361763,27.96114153346892,-30.842522925331664,-235.71502146175487,-0.0018242062164453617,-0.0018021764046622778,27961.141533468923,78042.04019970748,-11664.699003185917,-1274.803467295632,1036.2070644420146,216,209,0.0057542761634465376,51.81040899744993,134.00870306709146,0.26231228522700517,0.09683935159847432
2024-08-10,False,130710.21657524223,130558.929083274,142.44573369758405,2.3276305272414843,-11.169388797889006,151.28749196823156,0.0010910455125342543,0.001158767868505848,2327.6305272414843,77233.36783433938,-13512.60848931404,806.6601569282841,-664.2144232307002,216,209,0.0057542761634465376,52.41465543957216,134.0087030670915,0.263138820068441,0.0974180929709701
2024-08-11,False,132056.12738241427,130710.21657524223,1344.8588274819842,2.541044631655581,-3.5930243217127042,1345.9108071720414,0.010288857770408694,0.010296905953003905,2541.044631655581,77417.49576905833,-15279.711219265198,-1633.089619249846,2977.9484467318302,215,208,0.0057542761634465376,52.760155382318764,133.36139845958732,0.2657556352190214,0.09560140055313392
2024-08-12,False,128887.11632721996,132056.12738241427,-3172.6484370282274,5.213624490224099,-8.851006324149372,-3169.011055194302,-0.02402499982330032,-0.023997455612319547,5213.624490224099,75523.49221556056,-17367.01349752784,-148.0267335853872,-3024.62170344284,215,208,0.0057542761634465376,53.801361623230804,133.3613984595873,0.2667539797078248,0.09905169721810597
2024-08-13,False,129116.53768970337,128887.11632721996,214.93464187064808,5.451770713340201,-19.93849132609453,229.4213624834024,0.0016676192934984267,0.0017800178095454088,5451.770713340201,73544.10900015404,-19142.89527537859,553.3407166383677,-338.4060747677195,215,208,0.0057542761634465376,54.14657411442107,133.36139845958735,0.2722495868205162,0.09454900311259208
2024-08-14,False,129325.51389879726,129116.53768970337,207.04602101715147,2.2871958300069717,-4.2173839067428,208.97620909388732,0.001603559270732077,0.0016185084640056337,2287.195830006972,72164.39480998507,-20723.26286668428,119.09989953509657,87.94612148205488,215,208,0.0057542761634465376,54.49503088956223,133.36139845958735,0.2738449132177382,0.09371904276144316
2024-08-15,False,131061.2851306071,129325.51389879726,1722.6619952978726,3.0457676315084,-16.155004143472333,1735.7712318098365,0.013320356852754742,0.013421723057432826,3045.7676315084,71128.03985576617,-21370.666192692064,-827.3918127441533,2550.0538080420256,215,208,0.0057542761634465376,54.82685931169055,133.36139845958732,0.2728277380846238,0.09510520817768621
2024-08-16,False,131158.31975403716,131061.2851306071,106.09913788190966,35.28772176993806,-26.223207318109626,97.03462343008123,0.0008095383604409052,0.0007403759495672797,35287.721769938056,95222.53224056543,6281.359088396661,635.4596623999229,-529.3605245180131,216,211,0.0057542761634465376,49.62338227954363,137.24396559009583,0.2514559613814548,0.1010170387184762
2024-08-17,False,130253.8394867328,131158.31975403716,-954.7981851257061,2.5881446927820235,-52.906062514132856,-904.4802673043554,-0.007279737853582229,-0.0068960952610596,2588.1446927820234,94781.59288864228,5268.916907476727,168.35338413673136,-1123.1515692624375,214,209,0.0057542761634465376,49.37465615152697,135.92763326578495,0.24963050688823066,0.10315206835746354
2024-08-18,False,128235.72532638504,130253.8394867328,-2050.8190200705385,2.7993037327101256,-35.504163455491636,-2018.114160347757,-0.015744787471538815,-0.015493701900075775,2799.3037327101256,93669.46922463522,4447.932349215669,-622.1516722799654,-1428.6673477905726,212,207,0.0057542761634465376,48.80288631078405,134.6232780199699,0.2476607410979894,0.10266568306828015
2024-08-19,False,130022.2720573451,128235.72532638504,1788.9488093569494,4.2023464110860385,-1.8002680141902232,1786.5467309600535,0.013950471327734328,0.013931739586709882,4202.346411086039,90315.7055331771,4316.301636415228,2246.2017572644013,-457.25294790745187,208,203,0.0057542761634465376,47.517960232611685,132.01168921483483,0.2405968664044114,0.09865977363930388
2024-08-20,False,133660.6041152251,130022.2720573451,3612.686184063197,3.751601629841935,-29.39747544665637,3638.3320578800112,0.02778513347674663,0.027982375636962868,3751.6016298419354,91467.25870664848,4476.211568878454,3666.8096337856164,-54.12344972241942,209,204,0.0057542761634465376,47.12961514786001,132.65288248030376,0.2383163630913634,0.0984762532052044
2024-08-21,False,132522.52108166504,133660.6041152251,-1159.62653428218,9.197752538594155,-30.741253260691103,-1138.083033560083,-0.008675903733627435,-0.00851472310104908,9197.752538594155,91500.53047099263,3128.453927585222,-397.1605887037434,-762.4659455784363,209,204,0.0057542761634465376,46.34474273214068,132.6528824803038,0.2341980933638917,0.09802500064006983
2024-08-22,False,132923.12517100252,132522.52108166504,360.48827325656976,6.027953257571354,-46.14376933849885,400.6040893374972,0.0027202038590438842,0.003022913283476028,6027.953257571354,92714.33558595035,4577.960015137578,530.8041648370717,-170.31589158050173,209,204,0.0057542761634465376,45.55177200588539,132.66797237199816,0.23395412897861687,0.09381748804382523
2024-08-23,False,131186.53798163045,132923.12517100252,-1751.2389049834785,14.79705622429637,-29.448771835696412,-1736.5871893720785,-0.01317482494284234,-0.013064597955683025,14797.056224296372,90999.68239004683,-6828.202340660766,1308.3793688140656,-3059.618273797544,209,205,0.0057542761634465376,49.24973186040507,133.29235631663747,0.24799039759296754,0.09158320084514071
2024-08-24,False,131120.24772513364,131186.53798163045,-87.3843357464969,6.147049676651934,-27.241128926350058,-66.29025649679878,-0.0006661074915989703,-0.000505312949916257,6147.049676651934,89611.66790157948,-3595.6745402697416,229.6626671436707,-317.0470028901676,209,205,0.0057542761634465376,47.069299223883824,133.29235631663744,0.2439788843835193,0.08161072829554927
2024-08-25,False,132771.58726617895,131120.24772513364,1638.7223760620627,3.6895882922538252,-16.306753275496085,1651.339541045305,0.012497859060618188,0.012594084969294714,3689.588292253825,89069.58508927198,-473.154257752205,769.9136864593693,868.8086896026933,209,205,0.0057542761634465376,45.36768646306734,133.29235631663744,0.2377148450800967,0.07757061323193297
2024-08-26,False,132998.98723660468,132771.58726617895,221.27116355749695,2.5484327734464527,-8.677239641667349,227.39997042571784,0.0016665550824055079,0.00171271561263954,2548.4327734464528,88523.2727402914,1427.9058218416249,-1408.7948263341939,1630.0659898916906,209,205,0.0057542761634465376,44.274247317720736,133.29235631663744,0.23303145034024186,0.07648951120385324
2024-08-27,False,134136.93490477305,132998.98723660468,1119.9073874282426,3.2846837864503438,-21.324964526581134,1137.9476681683734,0.008420420415953481,0.00855606265740933,3284.6837864503436,86575.83183705684,1693.7149030632136,-1144.5601513544345,2264.4675387826774,209,205,0.0057542761634465376,43.74059017413304,133.29235631663744,0.22949992493302027,0.07770438144629432
2024-08-28,False,134124.95696036192,134136.93490477305,-23.508092169449952,5.103466163562902,-16.633613921875714,-11.977944411137141,-0.0001752544307512237,-8.92963926724624e-05,5103.466163562902,86048.43951806633,681.7582990474293,-38.186328563518046,14.678236394068037,209,205,0.0057542761634465376,44.25480224498048,133.29235631663744,0.22867894482848677,0.08012070061478087
2024-08-29,False,135336.10575902593,134124.95696036192,1198.3728683306083,3.766784528597141,-16.542714861995137,1211.1487986640063,0.008934749322490106,0.00903000326048148,3766.784528597141,85371.20212499626,201.00187400869982,430.0143244091867,768.3585439214219,209,205,0.0057542761634465376,44.38762697563757,133.29235631663747,0.22910849591521315,0.0814676097050009
2024-08-30,False,134376.29272781312,135336.10575902593,-932.6504803207297,37.458146504416916,-10.295595612347444,-959.8130312127992,-0.0068913648363827604,-0.0070920692289004085,37458.146504416916,95801.07913587251,-4622.226423585231,-677.4586206973391,-255.1918596233904,217,217,0.0057542761634465376,49.734986488232195,142.16373756290452,0.25527629285276465,0.0869560392689759
2024-08-31,False,133985.3707578165,134376.29272781312,-414.35668837245544,2.979021173360187,-26.413739549191227,-390.9219699966244,-0.0030835549929313696,-0.0029091587664831567,2979.0211733601873,94467.7224038266,-5074.1922576221,-203.95977307202753,-210.39691530042768,216,216,0.0057542761634465376,49.67594232723019,141.5270818062535,0.2561593363043126,0.08598514888224319
2024-09-01,False,134815.10277364752,133985.3707578165,809.1697176979675,2.927430289566225,-23.489728422618107,829.7320158310193,0.006039239307405967,0.006192706047966913,2927.430289566225,91709.70823466804,-4848.461729520184,-1327.2316909265473,2136.4014086245147,212,212,0.0057542761634465376,48.81645622247111,138.85687256578504,0.2509437130057067,0.0855738513217292
2024-09-02,False,134189.67702208605,134815.10277364752,-639.6921394255573,4.28088896122038,-18.547276825314796,-625.4257515614629,-0.0047449590310337155,-0.004639137149281732,4280.88896122038,89070.58052908702,-6463.373829464534,148.89234387482958,-788.5844833003871,212,211,0.0057542761634465376,49.46857189523798,138.18952542282565,0.25018504599007124,0.08907998908606705
2024-09-03,False,134480.26927776638,134189.67702208605,260.0095374067589,3.12993978048036,-33.71265805405801,290.59225568033656,0.001937626970843401,0.00216553360980598,3129.9397804803602,90317.77161627676,-6890.409346690827,-1229.169606664613,1489.1791440713719,210,209,0.0057542761634465376,49.04639974551883,136.88270610250018,0.2494898370058341,0.08861919111461716
2024-09-04,False,135043.21422722508,134480.26927776638,553.2258696360636,4.392988296860319,-14.112068119496435,562.9449494586999,0.004113806974117418,0.004186078392629837,4392.988296860319,89691.79991097728,-7526.401509105466,97.75639407855832,455.4694755575053,209,207,0.0057542761634465376,49.01657482227769,135.56388127919766,0.24715516166079943,0.09181818991955398
2024-09-05,False,135293.25413847438,135043.21422722508,248.6047850261043,4.410153564244156,-5.845279787447117,250.03991124930727,0.001840927635266437,0.0018515547980706944,4410.153564244156,91934.05307776689,-8446.48781948791,-422.7823012275854,671.3870862536896,207,205,0.0057542761634465376,49.03272583184308,134.2414165154968,0.24701888796664306,0.0919524972464799
2024-09-06,False,136304.72288142098,135293.25413847438,1004.0650478951227,3.3792701928616515,-10.782965244340806,1011.4687429466019,0.007421397720742597,0.007476121033435641,3379.2701928616516,91635.94234201957,-9305.69808051869,-291.03797905908044,1295.103026954203,205,203,0.0057542761634465376,49.04334171698268,132.80525213875796,0.24539327229208127,0.09378482487870139
2024-09-07,False,136654.82470071528,136304.72288142098,359.0291224031342,18.07486144009028,-9.14755833125695,350.10181929430087,0.0026340182116468074,0.0025685230261527606,18074.86144009028,103930.6562177625,-17224.795929904503,1395.0210555049507,-1035.9919331018168,207,202,0.0057542761634465376,58.81116192740202,132.5188641126391,0.29186031839113274,0.1041313863620308
2024-09-08,False,135377.8203753225,136654.82470071528,-1281.224114070926,4.194791208788196,-8.41457988694826,-1277.0043253927658,-0.009375622974724138,-0.00934474379656558,4194.791208788196,102329.60714869847,-19317.72138387672,528.7647622471237,-1809.9888763180497,205,199,0.0057542761634465376,58.99343059028152,130.5445772422226,0.29464213496308256,0.10191661705989917
2024-09-09,False,134006.29812682,135377.8203753225,-1366.7271235508013,5.961956759982081,-1.1668318082790314,-1371.5222485025042,-0.010095650231047276,-0.010131070545382438,5961.95675998208,98895.22507161203,-19934.613892254616,722.0953724097888,-2088.82249596059,201,195,0.0057542761634465376,58.18762275595421,127.90707840185168,0.2922900744801243,0.09784409279097168
2024-09-10,False,132412.5577373964,134006.29812682,-1609.3222014864218,5.0961575326021205,-20.677969595405656,-1593.7403894236184,-0.01200930272667783,-0.011893026012220297,5096.157532602121,99930.20606456582,-17379.620469230398,-330.37133597546926,-1278.9508655109526,201,195,0.0057542761634465376,56.850709066504386,127.90610512897386,0.2885148682053767,0.09423620298688422
2024-09-11,False,133922.8943337244,132412.5577373964,1498.694356107404,5.073260409202285,-16.715500629801397,1510.3365963280032,0.011318370264243736,0.01140629425287092,5073.260409202285,101178.40602963796,-13930.596578072737,133.13185491169926,1365.5625011957045,201,195,0.0057542761634465376,55.01338028379923,127.90610512897386,0.28192998811113773,0.09195107269668035
2024-09-12,False,133247.70338454135,133922.8943337244,-657.8389840432753,6.464864553216914,10.887100586558516,-675.1909491830507,-0.0049120726319130835,-0.005041639463828586,6464.864553216913,106410.83993657085,-12942.867105029894,1025.255977100021,-1683.094961143297,201,194,0.0057542761634465376,53.93203607772438,127.24329087712765,0.2758095679559175,0.09211923328442352
2024-09-13,False,130666.68098197185,133247.70338454135,-2601.259071187632,38.326292905385785,-58.56296152351545,-2581.0224025695024,-0.019521980530355733,-0.01937010797942907,38326.29290538579,122048.21015821004,15199.930989306962,-1633.6846575286927,-967.5744136589391,201,194,0.0057542761634465376,44.27319161402489,128.21220699865265,0.24454800755879932,0.07478584029064105
2024-09-14,False,130574.50804240134,130666.68098197185,-158.2223266308926,4.926895683224671,-70.97628274361978,-92.1729395704975,-0.0012108850201278368,-0.0007054050724929231,4926.89568322467,122060.14516433347,17112.587966435596,-761.8762024053594,603.6538757744668,201,194,0.0057542761634465376,43.91246175276833,128.21220699865265,0.24539830565135992,0.07266143981122475
2024-09-15,False,131789.2263608939,130574.50804240134,1188.990125804622,4.230592062457378,-29.958784750380993,1214.7183184925457,0.009105836534482844,0.009302874938637266,4230.592062457377,122703.05183307137,17129.793153475548,-64.90231513378203,1253.892440938404,198,191,0.0057542761634465376,43.16332251709951,126.2315705747429,0.2423885381342142,0.0710029387842892
2024-09-16,False,131791.48603681917,131789.2263608939,-9.37220827882419,2.4141218215910016,-14.046006025682964,2.259675925267773,-7.111513237932797e-05,1.7146135444181436e-05,2414.1218215910017,122298.90812252687,18761.99735537619,-30.80569993225467,21.433491653430337,196,189,0.0057542761634465376,42.56203318694599,124.90185847063199,0.2393981475058866,0.07182906757006506
2024-09-17,False,131735.4007387833,131791.48603681917,-64.19005654201575,2.32332189282712,-10.4280803989635,-56.085298035879376,-0.00048705768841609913,-0.0004255608592212897,2323.3218928271203,123404.52874136745,18693.42036953969,690.6044354579565,-754.794491999972,197,190,0.0057542761634465376,42.831204460265496,125.55768104761763,0.24143953150858602,0.07299658483555838
2024-09-18,False,131753.36967845433,131735.4007387833,-8.443956000656442,3.503138858150046,-29.916034529832075,17.968939671025588,-6.40978503371305e-05,0.00013640175359284028,3503.138858150046,123976.68082206251,18517.243840152216,1002.7368841909315,-1011.1808401915878,196,189,0.0057542761634465376,42.47945732040159,124.89413474904718,0.2409116339673321,0.07114523327653861
2024-09-19,False,127837.13228307663,131753.36967845433,-3990.9512043605614,2.191650947425162,-76.90545993029069,-3916.237395377696,-0.0302910750146317,-0.029724001784055466,2191.650947425162,124547.06126878082,19407.33150481213,339.9164548140151,-4330.867659174577,197,190,0.0057542761634465376,42.547916361685616,125.56640044007146,0.24226197062400692,0.0672171996801973
2024-09-20,False,127909.3853886609,127837.13228307663,40.945203965646726,39.093632657484385,-70.40153427610173,72.25310558426406,0.00032029194674814483,0.0005651965457443939,39093.632657484384,115104.09043585305,1375.4719538504069,-342.2853931947381,383.23059716038495,198,193,0.0057542761634465376,46.146655641501944,125.92570611982991,0.25359737824860207,0.06445132633905992
2024-09-21,False,130560.18682917494,127909.3853886609,2580.486001326404,1.9297066903706084,-72.24514587801208,2650.8014405140457,0.020174328830409368,0.02072405736654441,1929.7066903706084,115747.50588036186,875.3810734828112,-323.1893192092044,2903.675320535608,198,193,0.0057542761634465376,45.69710655478305,125.92570611982991,0.2520307845043248,0.06217100792169805
2024-09-22,False,132459.92821660973,130560.18682917494,1802.884580754024,4.3914948185114335,-101.24830149927766,1899.74138743479,0.013808838854626639,0.014550694461860822,4391.494818511434,116086.21181609879,2310.378132175625,-482.8699569624249,2285.754537716449,198,193,0.0057542761634465376,44.98029489883959,125.92570611982991,0.2495064329358031,0.059112275699282395
2024-09-23,False,129862.98290476047,132459.92821660973,-2645.802308269236,4.263707845626001,-53.120704265613576,-2596.9453118492484,-0.019974360124539667,-0.01960551652725119,4263.7078456260015,117397.99261840491,2094.614359370109,-335.39253867886856,-2310.409769590367,198,193,0.0057542761634465376,44.931071727420296,125.92570611982991,0.24842009035166115,0.05906451708348531
2024-09-24,False,128745.79525525775,129862.98290476047,-1140.0701537004102,16.308126156250434,-39.19063035394342,-1117.1876495027172,-0.008779023307484937,-0.008602818328314894,16308.126156250435,118654.76339039495,12137.120886954974,-751.8861381073451,-388.1840155930648,197,192,0.0057542761634465376,47.333087421509596,126.05665427876252,0.2631480000488478,0.06354821342030632
2024-09-25,False,127880.39853370133,128745.79525525775,-928.7340813773064,21.23544414886856,-84.57280396976151,-865.3967215564135,-0.007213704179899255,-0.006721747454669377,21235.444148868562,113993.45128124981,564.0674418738417,-884.2216527887851,-44.51242858852146,198,193,0.0057542761634465376,43.84332270382059,125.92570611982993,0.24930241801928926,0.05237907335819439
2024-09-26,False,126838.27304661843,127880.39853370133,-1103.7425351267398,3.5989507517219717,-65.21599879556608,-1042.1254870828957,-0.008631053294972817,-0.008149219888521509,3598.9507517219718,111826.97586622223,-836.8696469872775,115.8925394533077,-1219.6350745800473,198,193,0.0057542761634465376,43.447359616184265,125.92570611982991,0.24757001735065673,0.05120322929640801
2024-09-27,False,124776.45529802119,126838.27304661843,-2073.6173365487366,2.9511220302617542,-14.750709981754323,-2061.8177485972437,-0.016348514425031588,-0.01625548581727724,2951.122030261754,110239.06438654015,-1966.2883221986267,375.7214368763898,-2449.3387734251264,198,195,0.0057542761634465376,42.955250350220226,127.56315232409634,0.24893990628897764,0.048053220324077404
2024-09-28,False,125271.35078697432,124776.45529802119,510.0968009226124,16.71963134278159,-1.5183193733015319,494.8954889531323,0.004088085365979314,0.003966256997532938,16719.63134278159,107156.07773174065,9264.177184809356,-984.2799665774463,1494.3767675000586,197,194,0.0057542761634465376,43.63060281754334,127.7532816527809,0.25206604799531473,0.05099553707078484
2024-09-29,False,124692.41242269374,125271.35078697432,-562.5271024756922,3.1198700149484293,13.291391789931145,-578.9383642805718,-0.004490468881686104,-0.004621474588112844,3119.8700149484293,104193.51161391883,8688.317157165235,-623.313169731648,60.78606725595568,197,194,0.0057542761634465376,42.36915498146949,127.75328165278088,0.24611227317888368,0.05099314142498326
2024-09-30,False,127926.59716190684,124692.41242269374,3233.2337685987977,5.575630853234653,-6.526601467539578,3234.1847392131026,0.025929675316878835,0.025937301848404114,5575.630853234653,99238.06453745707,6630.665232935309,-21.93856153739779,3255.172330136196,197,194,0.0057542761634465376,40.99302877505998,127.75328165278088,0.24118346638005533,0.0521238802332697
2024-10-01,False,128765.27593270305,127926.59716190684,853.5438021576019,6.781984849401894,8.08304651199098,838.678770796209,0.006672137155945274,0.006555937462596288,6781.984849401893,96584.03346869256,4954.049880874249,-1697.4262398628453,2550.970042020447,197,194,0.0057542761634465376,40.87957056621455,127.7532816527809,0.2385518100691409,0.051618826408534046
2024-10-02,False,128825.11511056931,128765.27593270305,73.53371861300457,9.782316479852357,3.9122242668915668,59.83917786626064,0.0005710679224687539,0.00046471517598839734,9782.316479852358,94233.80897985437,-1854.4929312726963,-563.2311662824251,636.7648848954296,197,194,0.0057542761634465376,43.19839166012004,127.7532816527809,0.24789154607531935,0.05325007249247892
2024-10-03,False,129616.1451005323,128825.11511056931,801.4623054596091,9.575610936965688,0.8567045596526173,791.0299899629908,0.006221320312981843,0.006140339865282151,9575.610936965688,91225.46225983853,-11226.032420737658,1053.2706885557793,-251.80838309617016,197,194,0.0057542761634465376,47.25917682097529,127.75328165278088,0.2677727151439482,0.05482525317254299
2024-10-04,False,130158.20244341946,129616.1451005323,377.6664044178609,46.04012444140724,-210.4310629106991,542.0573428871528,0.0029137296447517163,0.00418202024498356,46040.124441407235,102032.83966353534,21452.248629291393,1515.2453990661966,-1137.5789946483355,201,212,0.0057542761634465376,40.78237119899191,140.49872053008804,0.2360819972853714,0.05923282244099807
2024-10-05,False,129663.06061989121,130158.20244341946,-550.9002991457148,6.95618539623731,-62.7146610137062,-495.14182352824594,-0.00423254384897636,-0.003804153823832094,6956.18539623731,103080.84851204837,17876.863108911035,-1210.749119949294,659.8488208035795,202,212,0.0057542761634465376,41.19288451695401,140.49872053008804,0.23825201281257163,0.06171585922897031
2024-10-06,False,131014.28256102755,129663.06061989121,1303.8642736054785,5.255657505434142,-52.61332503629054,1351.2219411363349,0.010055788189573683,0.010421024574589195,5255.657505434142,104518.45567978814,13879.384277793462,1295.2548242556604,8.609449349818078,203,212,0.0057542761634465376,41.96618438503855,140.49872053008804,0.24112615248951713,0.06383145804666063
2024-10-07,False,130562.28646492539,131014.28256102755,-499.319439296669,4.550461900116208,-51.873805094634804,-451.9960961021504,-0.0038111832506817094,-0.003449975737504854,4550.461900116208,108703.15971543186,11029.204066948747,-429.86033891873393,-69.459100377935,202,210,0.0057542761634465376,42.2815362134783,139.174817070348,0.24291366862387342,0.06238232025911893
2024-10-08,False,131137.83486113933,130562.28646492539,571.2963592235587,6.732494560252664,-10.984531550634536,575.5483962139406,0.004375661415649559,0.004408228530591469,6732.494560252664,113820.83668472551,5912.069840820972,625.770223268866,-54.47386404530738,202,210,0.0057542761634465376,43.153730498077174,139.174817070348,0.2470200912340904,0.06891246932065015
2024-10-09,False,132972.32636326874,131137.83486113933,1823.879261286788,3.6262574425707266,-14.238498285198641,1834.491502129416,0.013908108695084659,0.013989033020652982,3626.257442570726,115918.73585589872,4522.239821249284,643.0758115863208,1180.8034497004674,202,210,0.0057542761634465376,43.580754601743664,139.17481707034804,0.2488234015880961,0.07017158148286927
2024-10-10,False,133607.22242670876,132972.32636326874,613.3410623160064,4.845710429793689,-26.400711553805014,634.8960634400177,0.004612546678625539,0.004774648085087548,4845.710429793689,119563.88964184443,2990.291707631317,1274.282621543372,-660.9415592273655,203,210,0.0057542761634465376,44.183900669205514,139.174817070348,0.25081835734323993,0.07262869970056333
2024-10-11,False,133838.0835554647,133607.22242670876,222.01056366125925,28.487382465408732,-37.337947560086796,230.86112875593733,0.0016616658862363882,0.001727909049846298,28487.38246540873,116082.21554775638,12479.94634370348,279.97780600131546,-57.967242340056146,204,215,0.0057542761634465376,48.270671646966676,137.1331929042401,0.2764793263243992,0.07937245649415749
2024-10-12,False,134659.26932835716,133838.0835554647,814.4112622660284,1.2107668190814744,-7.985277445533065,821.1857728924799,0.00608504874420533,0.006135665956036849,1210.7668190814743,117385.3325882158,12462.024017846925,760.7232870980841,53.687975167944494,203,214,0.0057542761634465376,48.22619473292219,136.4929298080821,0.2764245299290755,0.07905552027753472
2024-10-13,False,135652.97835079525,134659.26932835716,982.8967848074858,2.3274695355209087,-13.139707166125095,993.70902243809,0.007299139448104097,0.00737943275197046,2327.4695355209087,118920.94816327993,12676.122910152706,448.1988057235926,534.6979790838932,203,214,0.0057542761634465376,48.30514080088945,136.49292980808212,0.27753958758182873,0.07902424233356312
2024-10-14,False,138726.4870323114,135652.97835079525,2687.786190192757,2.287077855549624,-388.00956917891625,3073.5086815161235,0.01981369095518278,0.022657141176569716,2287.077855549624,119111.2527245486,11904.245966400551,5454.463222345085,-2766.677032152329,201,211,0.0057542761634465376,47.73927203274661,134.56445583103022,0.2742777222804745,0.0783151258126551
2024-10-15,False,133416.58750713358,138726.4870323114,-5662.095477388182,9.443166097377592,-361.63911830774083,-5309.899525177819,-0.04081481192607003,-0.038276032492202204,9443.166097377592,119914.19755729871,13100.321986170362,-7082.8243489446195,1420.7288715564353,201,212,0.0057542761634465376,47.66806593474766,135.21399433074546,0.27496767311627685,0.07644769959285333
2024-10-16,False,131644.15141066682,133416.58750713358,-1915.2403882289586,5.634229044185593,-148.43852080637348,-1772.4360964667708,-0.014355339347339803,-0.013284975501056054,5634.229044185593,111137.87655470041,10732.603883767952,-2735.0589901819944,819.818601953036,201,212,0.0057542761634465376,46.7313440608977,135.21399433074546,0.2686101047717856,0.07481771893579546
2024-10-17,False,131847.38804702484,131644.15141066682,224.39805715222525,6.337003291996104,14.824417502194061,203.2366363580351,0.001704580528247021,0.0015438333885721513,6337.003291996104,107030.62311210274,10062.555672170114,-119.87539773192894,344.2734548841542,198,210,0.0057542761634465376,45.81574358766222,133.95729826309775,0.2634317358399119,0.0735668415470418
2024-10-18,False,130617.64725791603,131847.38804702484,-1218.175002786793,30.481252918758674,-18.915466596750157,-1229.7407891088014,-0.009239280510830577,-0.009327001522928924,30481.252918758673,93377.01761097935,-15521.678537786745,360.81080563278755,-1578.9858084195805,202,217,0.0057542761634465376,46.998153220059955,136.8051253350857,0.2659276449379007,0.07689936115706764
2024-10-19,False,127939.52628633058,130617.64725791603,-2748.83409645655,6.496015451894091,-77.20914032299484,-2678.1209715854493,-0.021044890596051965,-0.02050351562601081,6496.015451894091,90400.54326535249,-11991.705419527603,-381.2772010237897,-2367.55689543276,202,216,0.0057542761634465376,45.25753653748724,136.16640950403993,0.25951327218814596,0.07542821677535184
2024-10-20,False,128084.33372762967,127939.52628633058,108.73065898595314,12.743190543055231,-48.81997285618164,144.80744129907956,0.0008498597903404167,0.0011318428753206286,12743.190543055232,92501.15588474018,-2814.193624942396,80.29793275878698,28.432726227165972,200,213,0.0057542761634465376,43.85059503973339,134.25885492397353,0.2533323325033883,0.07478895318482859
2024-10-21,False,130023.75997717057,128084.33372762967,1909.8282031372387,8.101066635650483,-37.699113039311555,1939.4262495408998,0.01491070880845173,0.015141791295608989,8101.066635650483,90385.2237802372,2538.717324409852,103.90307433930279,1805.9251287979362,201,213,0.0057542761634465376,42.183769609533805,134.2588549239735,0.24593798930714725,0.07369587633840416
2024-10-22,False,130361.65670380204,130023.75997717057,338.3142063204092,1.7625517869369716,-1.345072098005506,337.89672663147775,0.0026019414173210345,0.002598730621932524,1762.5517869369714,90146.18994349908,3314.752108431305,756.6450126242686,-418.33080630385933,200,213,0.0057542761634465376,41.95024611782562,134.2663977400922,0.2430813329452742,0.07273122488807036
2024-10-23,False,129915.81195466533,130361.65670380204,-448.5408517917699,1.6160369935050862,-4.312139648559089,-445.8447491367159,-0.003440742187029049,-0.0034200604718435793,1616.0369935050862,90455.33796180726,3661.8635095830905,-796.861145498961,348.32029370719124,200,213,0.0057542761634465376,41.742991076050664,134.26639774009223,0.24318437366467466,0.07386858288629497
2024-10-24,False,131343.92574180703,129915.81195466533,1425.316968102753,1.910976649839649,-4.707795688779321,1428.1137871416927,0.01097108155395375,0.010992609488058613,1910.9766498396489,89898.52044313992,2913.95271158373,1260.2952207942851,165.0217473084674,201,213,0.0057542761634465376,42.22070216225545,134.26639774009226,0.24550916948224497,0.0741776739318885
2024-10-25,False,133227.63694154474,131343.92574180703,1880.381687971036,3.4588876816792617,-6.78839944835353,1883.7111997377103,0.014316472401376585,0.01434182196929813,3458.8876816792617,92987.74335586774,3793.9346726816148,-1025.5824793267411,2905.964167297777,201,216,0.0057542761634465376,43.227570437184184,136.1126884129734,0.25006976640040635,0.07643497821634007
2024-10-26,False,134190.95716606462,133227.63694154474,980.9890611074923,6.988912458280675,10.679924129336857,963.3202245198747,0.00736325497942978,0.0072306335729916404,6988.912458280674,95276.40418390997,3386.8915370535397,1106.3054501546433,-125.31638904715096,202,216,0.0057542761634465376,45.02338451659936,136.1126884129734,0.25703267449953887,0.07551677525553692
2024-10-27,False,133288.25719135813,134190.95716606462,-906.7599072386284,3.728579853092476,-7.788512385234749,-902.6999747064862,-0.006757235557359433,-0.006726980668223215,3728.579853092476,98522.35526099984,2974.2144448561594,-221.50927712730405,-685.2506301113245,200,214,0.0057542761634465376,46.105305454982954,134.84588230710557,0.2623976296307404,0.07680113957310009
2024-10-28,False,134144.10507128338,133288.25719135813,829.4633304426352,4.413672426110523,-30.79822190871451,855.8478799252391,0.006223078821203269,0.006421029863842565,4413.672426110523,98831.17660892611,2839.6539392121704,-92.64367658472904,922.1070070273641,197,210,0.0057542761634465376,45.972000451593296,132.3143937310925,0.2620737318322555,0.07625060610772301
2024-10-29,False,132918.71778691994,134144.10507128338,-1218.6437298245974,21.186918710997993,-14.443364172142005,-1225.3872843634533,-0.009084586528621718,-0.009134857500538617,21186.91871099799,104443.5979284212,12428.495781632599,699.5384058150628,-1918.18213563966,194,207,0.0057542761634465376,47.18093671014851,130.31526242018467,0.2658655834232453,0.08338583681717798
2024-10-30,False,134449.5509777436,132918.71778691994,1509.743260678207,3.410097304250192,-24.500027449707915,1530.8331908236646,0.011358394707797696,0.011517062580138043,3410.097304250192,106555.78058991724,13019.512587145022,908.9610484980765,600.7822121801305,195,209,0.0057542761634465376,47.75207924902481,131.58181160490423,0.2720628979565415,0.0826086538954978
2024-10-31,False,136218.66036214304,134449.5509777436,1752.221174796804,2.8659718957057922,-19.754181498320673,1769.1093843994188,0.013032555051722424,0.01315816506291101,2865.971895705792,107566.25492232651,13717.872542605306,-566.7122154399939,2318.933390236798,196,207,0.0057542761634465376,47.63385788985096,130.31550983440522,0.26989503163165945,0.0831228010253542
2024-11-01,False,136195.49729468292,136218.66036214304,40.84468116067295,53.03730625576843,10.970442365023922,-23.1630674601194,0.00029984644579594046,-0.0001700432774668273,53037.30625576843,104024.5699153517,33945.30732593578,-12.364479672704643,53.20916083337755,193,204,0.0057542761634465376,31.83483637535988,132.1640179056187,0.18308424640554158,0.07132344154885883
2024-11-02,False,135727.24008354088,136195.49729468292,-472.61212242181625,2.853971123926346,-7.208882403704499,-468.2572111420381,-0.0034701009343887246,-0.0034381254919821705,2853.971123926346,103049.09512350973,31611.664021187335,-856.6730883598723,384.06096593805574,193,202,0.0057542761634465376,31.930741828505873,130.85546434611888,0.18295370849457682,0.07307282364241374
2024-11-03,False,137675.72144823428,135727.24008354088,1916.6373547022974,2.759023283091459,-34.60303327421123,1948.4813646934172,0.014121243116139373,0.014355860794738889,2759.0232830914592,100725.13625477557,28575.09494550847,-269.77829165470604,2186.4156463570034,191,198,0.0057542761634465376,31.92798336685827,128.2374980640855,0.18151876230996658,0.07166746924526717
2024-11-04,False,138324.69593175722,137675.72144823428,656.0592389218538,5.778617010467445,1.3061383884484639,648.9744835229378,0.0047652500529552725,0.004713790323350153,5778.617010467445,102258.58473587586,26663.4942189636,-882.0200199082163,1538.0792588300699,194,200,0.0057542761634465376,33.52276534866744,129.54677862086675,0.1866433152169823,0.07605484529727048
2024-11-05,False,136468.39885854445,138324.69593175722,-1906.4105705777968,4.912808294567805,-55.02630565960074,-1856.297073212764,-0.013782141776898092,-0.013419852909914019,4912.808294567805,103073.0391978515,23768.83581072223,-138.7309171457365,-1767.6796534320606,195,200,0.0057542761634465376,35.32305737730698,129.5613686374271,0.19341929961058135,0.07817766425078809
2024-11-06,False,135059.90941623316,136468.39885854445,-1443.9119258231701,2.1664668830451266,-37.58895039492614,-1408.4894423112892,-0.010580558853920818,-0.010320993388156119,2166.4668830451265,103154.35617269113,21644.06759804537,2574.718570029797,-4018.630495852967,194,199,0.0057542761634465376,36.07523437645724,128.91551323166698,0.1984079629333059,0.0770722435858994
2024-11-07,False,134687.5730515242,135059.90941623316,-435.1345467333926,8.410426249699558,-71.20860827414305,-372.33636470894913,-0.0032217891202072197,-0.0027568237407998527,8410.426249699558,102857.69285539142,22871.702329948384,-366.47835537186194,-68.65619136153052,195,199,0.0057542761634465376,35.32118908778467,128.91551323166695,0.19800985734219015,0.06761916590806766
2024-11-08,False,135556.82673959155,134687.5730515242,854.1846641328925,51.26996444255667,-66.33898837702081,869.2536880673566,0.006341970864722074,0.006453852188240314,51269.96444255667,113127.14973305327,-2508.946270026161,298.4267370867887,555.7579270461038,195,207,0.0057542761634465376,48.631386602699415,135.30857862932592,0.2682465211672502,0.0696274553789347
2024-11-09,False,130721.39456734151,135556.82673959155,-4904.911290613223,3.7263004335790435,-73.20541879676806,-4835.4321722500345,-0.03618343250270748,-0.035670886435981826,3726.300433579044,116542.54810468771,-1699.830172651211,440.5276664440634,-5345.438957057288,195,207,0.0057542761634465376,48.00988451699582,135.30857862932592,0.2670197689840536,0.06884244472233196
2024-11-10,False,129077.79040423804,130721.39456734151,-1651.1143880872278,10.622927864921934,-18.133152848678446,-1643.6041631034711,-0.012630789271733566,-0.012573337123149826,10622.927864921934,113531.07816169252,921.7398213526503,570.4029359292014,-2221.5173240164295,195,207,0.0057542761634465376,46.22192639744861,135.30857862932592,0.2654983407663065,0.0663952080615919
2024-11-11,False,127725.66563474496,129077.79040423804,-1383.3889102809887,6.392543675479406,-37.65668446338252,-1352.1247694930855,-0.010717482116393338,-0.010475270495865963,6392.5436754794055,111764.33731323997,3121.0449029322626,1063.850831876594,-2447.239742157583,195,207,0.0057542761634465376,43.9462051627513,135.30857862932592,0.2571258918639058,0.06566337622907246
2024-11-12,False,134987.77550501213,127725.66563474496,7256.712210798549,7.190915161333044,-12.588574629945938,7262.1098702671625,0.056814831809531945,0.05685709159688,7190.915161333043,108973.78245234201,4307.5554865144,4482.380712710586,2774.3314980879636,195,207,0.0057542761634465376,41.377703330089325,135.30857862932592,0.24918039779066609,0.06688153731703138
2024-11-13,False,134681.25301502112,134987.77550501213,-302.2863173871792,16.587149248247805,-12.350976644420166,-306.52248999100686,-0.002239360684745525,-0.002270742582757989,16587.149248247806,101977.14659377857,-3156.7228416327125,-2227.608098332413,1925.321780945234,195,207,0.0057542761634465376,40.37773523232249,135.30857862932592,0.24091730790246813,0.06612287580713135
2024-11-14,False,134433.8966364153,134681.25301502112,-261.6074501807735,4.040598506149646,-18.291670081089993,-247.35637860583319,-0.0019424191884493101,-0.0018366058606407924,4040.598506149646,96731.40664353702,-6419.368153194719,-594.611810259507,333.0043600787334,195,207,0.0057542761634465376,40.12386302980707,135.3085786293259,0.24131604500602746,0.06677525205668182
2024-11-15,False,149668.61318022924,134433.8966364153,15409.007087173826,150.03627708435442,24.25426627553421,15234.716543813936,0.11462144200765398,0.11332496435045068,150036.27708435443,166604.61440312603,126739.99027430965,15827.64667985993,-418.63959268610904,195,217,0.0057542761634465376,56.85352983174445,128.64534697484504,0.31898563471392016,0.0717704116757828
2024-11-16,False,158908.41258940843,149668.61318022924,9288.706150988757,28.136435584028682,20.770306225527086,9239.7994091792,0.06206181746204465,0.061735050608458165,28136.43558402868,184838.27092493346,132021.1758913301,10702.942872658077,-1414.236721669321,195,217,0.0057542761634465376,58.27954985157088,128.64534697484504,0.3276726470979645,0.0722014758615723
2024-11-17,False,169655.15979232197,158908.41258940843,10814.1387623827,20.918728620293777,46.47283084887307,10746.747202913532,0.06805265112253399,0.0676285605512985,20918.728620293776,190867.92464526038,132940.37317510808,9772.439236395494,1041.6995259872044,196,217,0.0057542761634465376,59.63536410761215,128.64534697484504,0.3320508955803193,0.07509432577426751
2024-11-18,False,167806.410299039,169655.15979232197,-1731.1190337303624,29.72368912448755,87.90677042811285,-1848.7494932829627,-0.010203751161175749,-0.010897101482478053,29723.68912448755,198808.7035126175,139953.75132298964,-395.2271107184147,-1335.891923011948,196,217,0.0057542761634465376,60.82927235819655,128.64534697484504,0.33762523209962714,0.07391496968443288
2024-11-19,False,171227.82155498033,167806.410299039,3484.4019375514627,5.805022859437643,57.185658750713834,3421.4112559413115,0.02076441496687816,0.020389037879090518,5805.022859437643,196581.79044926274,138473.71249080065,2350.177696672704,1134.2242408787583,197,217,0.0057542761634465376,61.922305242388035,128.64534697484504,0.3421292790008738,0.07904492246356411
2024-11-20,False,175119.79048913287,171227.82155498033,3945.2748622941094,8.239309120384485,45.066619021194846,3891.96893415253,0.02304108541746122,0.022729769606412004,8239.309120384485,196123.1259143073,143380.79206198436,2268.025944271123,1677.2489180229861,198,217,0.0057542761634465376,62.87658982026386,128.64534697484504,0.3445023008559681,0.08073615878947382
2024-11-21,False,174233.9665959247,175119.79048913287,-863.8635655961625,8.442612709252938,13.517714902766151,-885.8238932081815,-0.004932986518447039,-0.005058388265163849,8442.612709252939,197579.49614403246,147473.75777313585,789.7678194964587,-1653.6313850926217,199,217,0.0057542761634465376,63.23774152711195,128.645346974845,0.34774526308869763,0.08022197331095503
2024-11-22,False,180165.74836934695,174233.9665959247,6003.404764141276,15.278284842590438,56.344705876409,5931.781773422277,0.03445599547224964,0.034044921833060196,15278.284842590438,210730.0175462108,159900.79322767726,6467.555495177942,-464.15073103666646,199,237,0.0057542761634465376,69.22716200064455,138.8644627331765,0.38126718246673497,0.08558303489508418
2024-11-23,False,181852.3848979961,180165.74836934695,1801.4557055809128,15.201164236848566,99.61801269493358,1686.6365286491305,0.00999888004177052,0.009361582564469792,15201.164236848566,218190.68469121074,166207.52790063617,3953.8109406354165,-2152.355235054503,199,237,0.0057542761634465376,70.02653534477554,138.8644627331765,0.3844175083739286,0.08782742379866884
2024-11-24,False,179917.47554838096,181852.3848979961,-1824.1572527415672,15.250195595556654,95.50190127799827,-1934.9093496151222,-0.010030977893222385,-0.010639999858679026,15250.195595556654,216027.5009788957,164480.00416713904,-188.71755922604984,-1635.4396935155169,200,237,0.0057542761634465376,70.99234134164566,138.8644627331765,0.3858614400164137,0.09116554830566602
2024-11-25,False,173008.83060055686,179917.47554838096,-6837.223832304878,6.401838796361394,65.01927672286644,-6908.644947824106,-0.03800199959156444,-0.0383989655633331,6401.838796361395,214819.8221602359,165512.55950746726,-7939.580268227528,1102.3564359226498,202,237,0.0057542761634465376,72.28697701716793,138.8644627331765,0.38853364518880096,0.09483767408471191
2024-11-26,False,173297.18968879283,173008.83060055686,403.6075139659524,5.231329235717524,110.0170964942648,288.3590882359701,0.002332872331226851,0.001666730462456764,5231.329235717525,201832.80639726634,155679.38470081592,403.096077684761,0.5114362811912372,205,237,0.0057542761634465376,72.71091180983105,138.8644627331765,0.3891950930746107,0.09936334226864453
2024-11-27,False,171846.63907565022,173297.18968879283,-1324.003476696419,3.7009630951215344,122.84617335105537,-1450.550613142596,-0.007640074712544762,-0.008370306614593667,3700.9630951215345,201213.56353617384,156166.01396324142,305.4803684282847,-1629.483845124703,207,237,0.0057542761634465376,73.37107261868792,138.8644627331765,0.38927244441778247,0.10246597734686788
2024-11-28,False,173798.4386349805,171846.63907565022,2032.0015819857103,7.89281265748969,72.30920999794641,1951.7995593302742,0.011824505808875225,0.011357798848024337,7892.8126574896905,196323.38754554774,153211.02853231755,1825.0190383728705,206.98254361284023,211,237,0.0057542761634465376,73.91069924736291,138.8644627331765,0.39044765003223464,0.10605299367621579
2024-11-29,False,175265.28243867925,173798.4386349805,1570.2328327253042,67.15273711034517,36.236291916217795,1466.843803698741,0.00903479251630781,0.008439913587368147,67152.73711034517,198769.7690012207,100216.05842487392,2292.2900024746527,-722.0571697493482,224,255,0.0057542761634465376,60.31920412491589,146.19357900456126,0.330213414682461,0.11766746814163284
2024-11-30,False,170871.55299063647,175265.28243867925,-4381.536205063913,4.999656607436888,7.1935863714385935,-4393.729448042789,-0.024999453081056704,-0.025069023293760647,4999.656607436888,199702.41286424064,100524.11138852267,-1025.0660182772765,-3356.470186786637,229,255,0.0057542761634465376,60.625275847365344,146.19357900456126,0.3291575544503601,0.11995329690494445
2024-12-01,False,172128.83249603477,170871.55299063647,1304.437100807008,13.562006884711865,33.59558852399762,1257.2795053982986,0.007634021450478005,0.007358038733733496,13562.006884711864,192698.85648410162,98417.0746538856,1888.0996370475964,-583.662536240588,233,255,0.0057542761634465376,61.016591664762664,146.19357900456126,0.32748700459002217,0.12729122568963605
2024-12-02,False,173521.32777162563,172128.83249603477,1573.5595979249592,7.677580361737666,173.38674197237526,1392.4952755908462,0.009141754900133936,0.0080898432609942,7677.580361737666,193437.53144361073,101248.09952467882,3230.5886690777147,-1657.0290711527557,240,255,0.0057542761634465376,61.46724042652721,146.19357900456126,0.32475365151482566,0.12987958872344296
2024-12-03,False,194147.20220612068,173521.32777162563,20763.991725892574,16.252140572580366,121.86515082492926,20625.874434495065,0.11966247603418767,0.11886650879966254,16252.140572580365,193041.78682179895,103495.0972990368,21127.415283922066,-363.42355802948964,246,255,0.0057542761634465376,62.54525078782969,146.19357900456126,0.3245747888839709,0.13113947710595836
2024-12-04,False,189367.84722744883,194147.20220612068,-4519.532593073884,44.493265573364326,215.32912002460498,-4779.354978671853,-0.023278896330814088,-0.02461717152945498,44493.265573364326,197334.5316924632,101983.75798661953,-4228.410272128477,-291.1223209454062,253,255,0.0057542761634465376,64.4837435241858,146.19357900456123,0.3257740895390935,0.12996144294703224
2024-12-05,False,188948.73273369597,189367.84722744883,-195.10969989456692,21.912418823748038,202.09237503455736,-419.1144937528723,-0.0010303211593265967,-0.0022132294361960816,21912.418823748038,188445.72975415702,98560.64545801419,-1251.4347664308623,1056.3250665362957,257,255,0.0057542761634465376,66.61222813202626,146.19357900456126,0.3314391379746064,0.13065112629733414
2024-12-06,False,192282.11861200476,188948.73273369597,3460.4959486816547,49.65001443962382,77.46005593324301,3333.385878308788,0.01831447027252028,0.0176417477380325,49650.01443962382,170042.5444490943,84251.73929741877,1712.20966720603,1748.2862814756247,259,256,0.0057542761634465376,71.68032949475254,146.1416581930574,0.35031324942764874,0.1319304606255368
2024-12-07,False,193621.74199222054,192282.11861200476,1333.3036355699082,17.99526254653669,-24.315007192396706,1339.6233802157683,0.0069341010240286894,0.006966968066952283,17995.26254653669,160061.45247851737,76382.13639983932,639.2167494963342,694.0868860735744,260,256,0.0057542761634465376,72.53551263441022,146.1416581930574,0.3518269487489996,0.13171399712741846
2024-12-08,False,195672.07937089918,193621.74199222054,2103.7469123267356,19.523069065312566,33.88646458277951,2050.3373786786437,0.010865241117452922,0.010589396405497806,19523.069065312568,147082.41357988282,63846.92950668263,2278.1138937365527,-174.36698140981676,262,256,0.0057542761634465376,73.22993627851986,146.1416581930574,0.35234928198062404,0.13178689575105534
2024-12-09,False,192435.89439067757,195672.07937089918,-3220.0220341760614,15.55592604498069,0.6070200005678714,-3236.18498022161,-0.016456216157811992,-0.016538818367066953,15555.92604498069,136903.4018255752,54106.74980100131,-13858.00752325074,10637.985489074677,263,256,0.0057542761634465376,74.1098595143762,146.1416581930574,0.35496663317491545,0.1329350034977484
2024-12-10,False,198233.889990951,192435.89439067757,5826.1633792880475,12.356239312122693,15.811539702487021,5797.995600273438,0.030275866140959888,0.030129491271012682,12356.239312122692,123005.55052181231,52857.79730887769,3990.9060663551077,1835.2573129329394,263,256,0.0057542761634465376,72.4166355199745,146.14165819305742,0.34903811969790566,0.11783919676998761
2024-12-11,False,192308.54643455683,198233.889990951,-5851.568540508107,10.878060528477516,62.8969553575883,-5925.343556394172,-0.02951850735903543,-0.029890668828950757,10878.060528477516,130697.22498133681,53941.622095925,4613.3435444793995,-10464.912084987507,263,256,0.0057542761634465376,71.42164629877298,146.14165819305742,0.34878288431308135,0.1159759864333996
2024-12-12,False,196260.57527019252,192308.54643455683,3944.7048952996256,21.620812252758366,-28.944752588812428,3952.0288356356796,0.020512374350674115,0.020550458671271622,21620.812252758366,125070.66740110843,57482.94458430447,-874.2779545033992,4818.982849803025,263,256,0.0057542761634465376,71.09845784263803,146.1416581930574,0.35223668986436857,0.10956795081386635
2024-12-13,False,196807.39277599554,196260.57527019252,474.7087490500701,38.053857222255765,-110.16261397521309,546.8175058030274,0.0024187677448541927,0.002786181101579989,38053.85722225576,107982.44426861647,38836.935993665946,286.3181064894489,188.39064256062116,264,257,0.0057542761634465376,56.59559243194089,151.95147266404683,0.2792500482213191,0.10960952856684517
2024-12-14,False,197465.92930369123,196807.39277599554,508.85868945334016,10.281370857724143,-159.9592091000744,658.5365276956904,0.0025855669458134567,0.0033460964977328417,10281.370857724143,105973.35389390233,30426.423067351818,-762.1952249943593,1271.0539144477,264,257,0.0057542761634465376,54.54120363688271,151.9514726640468,0.2758304701961508,0.11009919671620415
2024-12-15,False,197550.65621588097,197465.92930369123,-70.28515062467699,13.064755836073267,-168.0768186504859,84.72691218973566,-0.00035593558277378814,0.0004290710427287461,13064.755836073267,117004.86059053353,20521.89095175458,874.9501888699224,-945.2353394945992,264,257,0.0057542761634465376,52.95651632913514,151.95147266404683,0.27702160800636255,0.10904779860186833
2024-12-16,False,199933.1327703249,197550.65621588097,1843.5511112796212,10.203067110077136,-549.1285102744132,2382.476554443957,0.009332042457328063,0.012060079171999385,10203.067110077136,128621.29884548666,15191.880566735075,188.02796737156672,1655.5231439080549,264,257,0.0057542761634465376,52.8487270659326,151.95147266404683,0.2863531001763359,0.10738984442018157
2024-12-17,False,203595.53376843614,199933.1327703249,3664.9086051126505,12.800760303380585,-10.293153301958236,3662.400998111228,0.018330671631713733,0.018318129403386313,12800.760303380584,139894.91080611752,14336.839624210937,1055.8776597263568,2609.0309453862938,264,257,0.0057542761634465376,53.34506959535368,151.95147266404683,0.29524123218129356,0.10677543585030838
2024-12-18,False,203603.78520188594,203595.53376843614,15.149722415676479,16.28988391852408,-9.391594952653033,8.251433449805432,7.441087795622938e-05,4.0528558250154845e-05,16289.88391852408,154199.2193030981,13948.62524384564,-3231.5767162308225,3246.7264386464994,264,257,0.0057542761634465376,54.44209920878282,151.95147266404683,0.3091802473123528,0.104520093722876
2024-12-19,False,206787.8321313696,203603.78520188594,3179.020279373014,16.451104741614706,-21.477754852254108,3184.0469294836535,0.015613758242366741,0.01563844663460687,16451.10474161471,164083.1010833166,14812.30410368599,-407.06096879675783,3586.081248169772,263,255,0.0057542761634465376,55.430866706640344,150.79287488771683,0.3207143298917572,0.09789930903050913
2024-12-20,False,204179.37292949887,206787.8321313696,-2548.8007891943953,33.95297917848749,25.70543349783239,-2608.4592018707153,-0.012325680688867495,-0.012614181284194689,33952.97917848749,182060.36966595514,19794.20300110764,-613.5917716267785,-1935.2090175676171,267,261,0.0057542761634465376,57.961246284146384,154.9094279978375,0.3396662730023315,0.09252109506611252
2024-12-21,False,206825.06854486672,204179.37292949887,2698.283687169831,8.479957297631682,44.10811450435192,2645.6956153678475,0.013215260917181492,0.012957702717019216,8479.957297631681,189317.77301837166,23651.2543796996,-679.6135041721067,3377.8971913419377,267,261,0.0057542761634465376,59.226471972400354,154.90942799783747,0.34988776983355674,0.08441962950720376
2024-12-22,False,207203.01133533442,206825.06854486672,411.9859702308531,14.206528886195647,19.83665087696512,377.94279046769236,0.0019919537468519235,0.0018273548420737254,14206.528886195649,199466.79120905325,28608.953846155673,-53.81769385268829,465.8036640835413,267,261,0.0057542761634465376,60.87186202025403,154.90942799783747,0.35846986690635463,0.07740592296551532
2024-12-23,False,202338.80542811233,207203.01133533442,-4874.604407539569,10.38812101897466,-20.78662133645919,-4864.2059072220845,-0.02352574113727806,-0.02347555605429847,10388.12101897466,208861.33648347683,31322.984980668225,-682.0339150819984,-4192.57049245757,267,261,0.0057542761634465376,62.61872948183944,154.9094279978375,0.36845457276633936,0.07146942482244217
2024-12-24,False,204814.26479998097,202338.80542811233,2568.823346101018,8.980186992636286,84.38378723975683,2475.459371868625,0.01269565341490404,0.012234229448132801,8980.186992636285,203405.52243863847,28800.303681993653,3318.8949389938507,-750.0715928928329,266,260,0.0057542761634465376,62.80485861756403,154.33461532360192,0.37070502972448843,0.06409412406200816
2024-12-25,False,206356.15404725412,204814.26479998097,1632.267466334537,3.502857877655987,86.87536118371597,1541.889247273165,0.007969500893546594,0.007528231731217328,3502.8578776559875,207205.29798471695,30042.20335683621,-435.2100273585735,2067.4774936931103,264,258,0.0057542761634465376,62.95909606320932,153.17358260430944,0.36935009587115525,0.061958523885671156
2024-12-26,False,208312.2091489603,206356.15404725412,1960.2055309563877,6.323538742920538,-2.1731094927145556,1956.0551017061816,0.009499137740798922,0.009479024799319814,6323.538742920538,211000.56489781855,30490.45881377532,-2314.4899061829533,4274.695437139341,264,258,0.0057542761634465376,63.72041820259738,153.17358260430947,0.3720809194064273,0.061132968234127304
2024-12-27,False,200692.90592318942,208312.2091489603,-7575.30813539094,90.5706188050706,-46.57552842511295,-7619.303225770898,-0.03636516633537295,-0.03657636418383174,90570.6188050706,207405.77136213006,115882.03147888358,-6799.562436959942,-775.7456984309987,266,265,0.0057542761634465376,77.2903334369399,155.02436378873224,0.4280034567365638,0.06128921080293742
2024-12-28,False,199361.22354195357,200692.90592318942,-1301.796084365867,6.511683821175495,23.37461304879318,-1331.6823812358357,-0.00648650772371645,-0.006635423285691555,6511.683821175496,202938.82677454012,112710.88728652892,-582.6614772498979,-719.1346071159691,266,265,0.0057542761634465376,77.2328445777988,155.02436378873224,0.4339480511404105,0.05890737433843666
2024-12-29,False,203045.90747479475,199361.22354195357,3517.0639580926913,3.9911733373905722,-171.61114808587013,3684.6839328411706,0.01764166519249196,0.018482450435331352,3991.1733373905718,201687.62979181638,111562.35753684107,2672.878769713404,844.1851883792857,266,265,0.0057542761634465376,77.04195338447167,155.0243637887322,0.4358649059528173,0.05760068333875886
2024-12-30,False,200551.87854578902,203045.90747479475,-2698.7290719861007,9.33397477500608,-214.0341177553744,-2494.028929005732,-0.01329122613476516,-0.012283079033815692,9333.974775006081,204329.8973372202,112776.37341542818,-2574.9487572973153,-123.78031468878491,267,265,0.0057542761634465376,77.00145810822667,155.02436378873222,0.43470494194990994,0.057496481309090644
2024-12-31,False,203486.34979765597,200551.87854578902,2778.620820798403,2.6622431973424665,-158.51267426589627,2934.471251866957,0.013854873067987753,0.014631980877690822,2662.2431973424664,202913.66385756887,111638.07841813049,2550.3292902733237,228.29153052508008,266,264,0.0057542761634465376,76.9947167501445,154.44320650142706,0.43753054020444626,0.05590067834142361
2025-01-01,False,206762.46384691898,203486.34979765597,3358.9682391768324,47.67636358388178,35.177826329937396,3276.114049263013,0.01650709368228849,0.01609992047388307,47676.36358388178,203315.27510926628,155228.95389553253,3957.943976586485,-598.9757374096528,266,263,0.0057542761634465376,94.32409973030202,154.90221974158933,0.5342149451100323,0.06396024625241568
2025-01-02,False,208319.02912831042,206762.46384691898,1385.6680347172362,6.655928205094412,-177.55317487927897,1556.5652813914207,0.006701738840484825,0.007528277872253724,6655.928205094412,205888.2215398396,156570.12812643865,2752.3373537751067,-1366.669319057871,266,263,0.0057542761634465376,94.19071418397368,154.90221974158933,0.5381935449999218,0.06320076876568163
2025-01-03,False,205961.8304761716,208319.02912831042,-2344.513459695574,100.36457806538749,-87.6793856221305,-2357.1986521388308,-0.011254437338278456,-0.011315330442937865,100364.5780653875,211063.7448351496,106363.58454230806,1760.5164037149225,-4105.029863410497,266,264,0.0057542761634465376,71.33645934659926,153.64111021726697,0.41029143737737483,0.055835480054309
2025-01-04,False,203686.36084960864,205961.8304761716,-2277.86518102184,13.042988830145795,-15.438543289020114,-2275.469626562966,-0.011059647196548748,-0.011048016136301636,13042.988830145794,204419.06718369937,103409.26269862952,-1261.242151156213,-1016.6230298656275,266,264,0.0057542761634465376,71.61542708082041,153.64111021726697,0.4133211557944585,0.053890828823351
2025-01-05,False,204264.6271012892,203686.36084960864,628.8785663189512,8.30637336318637,42.30594127521081,578.2662516805541,0.0030874849140403774,0.002839003305221382,8306.37336318637,197250.4951785353,99366.56306524698,-253.449635452,882.3282017709511,265,263,0.0057542761634465376,71.51955641008954,153.0593445162222,0.41123882392344224,0.05285417695065618
2025-01-06,False,206170.3418142305,204264.6271012892,1883.2159287356853,6.390282814969879,-28.889067020573975,1905.7147129412895,0.009219491183864403,0.009329636462197139,6390.282814969879,196174.43281271006,95036.7132723426,2636.214843408091,-752.9989146724055,265,263,0.0057542761634465376,71.65371333454077,153.0593445162222,0.40766256191883393,0.054941171865550774
2025-01-07,False,205250.26385370275,206170.3418142305,-918.4561481282083,3.3053554205771607,-1.683543021039485,-920.077960527746,-0.0044548412737064865,-0.004462707644714394,3305.355420577161,198302.3145984535,97369.28185110242,-5170.7140998017285,4252.2579516735195,265,263,0.0057542761634465376,72.16792201616883,153.05934451622218,0.4107972555944987,0.05465757278773722
2025-01-08,False,204721.08526470998,205250.26385370275,-473.3422737952851,7.842653032655953,47.99366216481911,-529.1785889927602,-0.002306171329127604,-0.00257821149194695,7842.653032655953,194398.84411354578,96160.23911661546,-641.3629473993844,168.02067360409933,264,262,0.0057542761634465376,71.41444535440837,152.47934043635365,0.40510178682430975,0.05483370252014814
2025-01-09,False,204821.562178187,204721.08526470998,169.60697845660388,8.833792575208957,60.29627240436387,100.47691347703108,0.0008284783086085021,0.0004907990466497951,8833.792575208956,195660.92717355996,96977.4188131426,-4639.087183660855,4808.694162117457,263,261,0.0057542761634465376,70.47606529601879,151.89531714667552,0.4045228479417341,0.05578572145283643
2025-01-10,False,203295.49083777858,204821.562178187,-1479.295383804014,10.256737051846578,36.51921955257987,-1526.0713404084404,-0.007222361591584204,-0.007450735773027724,10256.737051846578,196151.28351459414,98655.5400372442,2337.5570929242836,-3816.8524767282975,263,264,0.0057542761634465376,69.82143134707047,154.48918423610698,0.4016326287837818,0.05852891091934161
2025-01-11,False,207241.33560327723,203295.49083777858,3912.377452216305,9.121725895357056,-42.58903917769564,3945.8447654986435,0.019244782243292454,0.01940940622557765,9121.725895357056,196196.7031335812,99402.36722945326,2625.4937208409056,1286.8837313753997,261,260,0.0057542761634465376,68.13966362179096,152.15473935594676,0.39907769789526987,0.05887620129338633
2025-01-12,False,205548.33843605264,207241.33560327723,-1716.6074836517507,8.242032242154831,-31.852348669322332,-1692.9971672245833,-0.008283132699636032,-0.008169206023963739,8242.03224215483,197975.25668004743,99671.26188863342,-2967.5455604014924,1250.938076749742,262,259,0.0057542761634465376,67.21525595267458,151.56954826977,0.39325663272618855,0.05961293321500576
2025-01-13,False,206768.985733522,205548.33843605264,1234.8112946821634,5.344115297888858,8.819881914933744,1220.6472974693406,0.006007401003955674,0.005938492652175301,5344.115297888859,198307.01725947502,99801.39800021602,309.12159764736595,925.6896970347975,261,257,0.0057542761634465376,66.32907707569763,150.40392994113125,0.3873059702858219,0.060039382952451016
2025-01-14,False,206493.69399694842,206768.985733522,-269.59288093358293,5.193955818896517,0.5048998210909605,-275.29173657357046,-0.0013038361627455415,-0.0013313976252142508,5193.955818896517,201757.99642066893,101067.5118421262,829.1505346281417,-1098.7434155617248,261,257,0.0057542761634465376,65.59868701079053,150.40392994113122,0.3842220264960591,0.062050891155158765
2025-01-15,False,209336.46600787903,206493.69399694842,2966.3384812229096,8.639111821919709,114.9273584703769,2842.772010930613,0.01436527394035939,0.013766870822566734,8639.111821919709,206226.94772283387,104047.70774409221,4705.233323327248,-1738.8948421043378,260,256,0.0057542761634465376,64.86168453133462,149.82266201274777,0.3843426444710621,0.06378941240600287
2025-01-16,False,211451.91956540768,209336.46600787903,2066.5856099746024,6.509131705121495,-55.37707925916885,2115.45355752865,0.009872076515788798,0.010105518631660803,6509.1317051214955,206480.82426697895,104332.82009065727,782.0081784425158,1284.5774315320864,259,255,0.0057542761634465376,64.29848002934966,149.23014363440757,0.3827750713466225,0.06280262905453446
2025-01-17,False,208061.2385255768,211451.91956540768,-3319.0690837067,102.17789433988729,-30.565938215716635,-3390.6810398308708,-0.01569656634249671,-0.01603523414116864,102177.89433988728,199909.53677031794,116914.16165972163,2154.1698296120135,-5473.238913318713,262,260,0.0057542761634465376,65.48798749860188,149.85845177749874,0.38450515046644007,0.06636513998199488
2025-01-18,False,210778.54316864727,208061.2385255768,2748.251335621065,12.310209685934607,18.636482864652525,2717.304643070478,0.013208857906914867,0.013060119522149445,12310.209685934607,196098.9502803214,117533.73403615289,-4350.026474120925,7098.2778097419905,261,259,0.0057542761634465376,64.64230303447881,149.2842863917613,0.3822965884753073,0.06471966283411362
2025-01-19,False,208239.5963259346,210778.54316864727,-2623.5898587640013,9.544323136516791,-94.18733918783917,-2538.9468427126785,-0.01244713916000845,-0.012045565950615887,9544.323136516792,194194.96913297527,117901.1368569111,-6018.481046754711,3394.891187990709,261,259,0.0057542761634465376,62.93820023048589,149.2842863917613,0.3685112843073274,0.06467581595166542
2025-01-20,False,207966.3589136448,208239.5963259346,-263.66878494263443,10.231155755301128,-0.6625284081369678,-273.2374122897986,-0.001266179869701354,-0.0013121299556407614,10231.155755301128,192630.50634716358,112863.5193421194,-338.61809895530587,74.94931401267127,261,259,0.0057542761634465376,60.24307964242985,149.28428639176127,0.3527490117280564,0.06656238804287275
2025-01-21,False,210176.44892916156,207966.3589136448,2187.8788416875864,9.773811593944085,-31.98498542313061,2210.090015516773,0.010520349796555669,0.010627151559808203,9773.811593944085,194080.39818838,110138.68831710298,2578.920007518349,-391.0411658307624,261,259,0.0057542761634465376,58.01835616758288,149.28428639176127,0.3407555374726842,0.0686477753672932
2025-01-22,False,210502.7636415577,210176.44892916156,-8.3297412382949,7.52038409877769,-342.16483773321795,326.31471239614535,-3.963213424117932e-05,0.0015525750580462389,7520.384098777689,195450.95166548886,109215.43861893076,-894.1790366414863,885.8492954031913,262,258,0.0057542761634465376,56.3642083277922,148.7074329253845,0.3297025532817779,0.07089699046127237
2025-01-23,False,209859.39954897016,210502.7636415577,-597.7829415847949,11.57949719863213,34.0016538041107,-643.3640925875377,-0.0028397866671370383,-0.003056321358721221,11579.497198632129,194612.3580779843,105894.12165528731,-652.5762131770687,54.79327159227366,259,255,0.0057542761634465376,55.03131026171687,146.97776809963182,0.3185883707619727,0.07414199908147487
2025-01-24,False,209833.4061702241,209859.39954897016,20.942616914266637,18.721497870464482,28.21449778986409,-25.993378746061936,9.979356159064836e-05,-0.00012386092213132653,18721.497870464482,195074.82060078328,106704.48447360269,-916.7611699064213,937.7037868206882,263,259,0.0057542761634465376,53.53229889762115,152.34820689772465,0.3072239205776015,0.07893725961373595
2025-01-25,False,215188.35377668307,209833.4061702241,5381.402223635488,8.745351835795816,17.709265340733328,5354.947606458958,0.025646070003123852,0.025519995620310522,8745.351835795816,200789.80703602373,104653.62995605258,5671.021113683164,-289.6188900476775,265,259,0.0057542761634465376,54.127537914439486,152.34820689772468,0.3058094129121156,0.08264184949926193
2025-01-26,False,221699.03602044997,215188.35377668307,6554.646152889757,14.199700895864499,29.76420822699828,6510.682243766894,0.030460041344486516,0.030255737029911536,14199.700895864498,205405.40460226574,101771.82590391571,6129.3264714573725,425.3196814323835,262,256,0.0057542761634465376,54.172541542874754,150.58137747560377,0.30315190652117585,0.083443813738748
2025-01-27,False,223045.5561463137,221699.03602044997,1339.1306768210893,16.175081810608013,-23.56453085324807,1346.5201258637294,0.00604030897408848,0.006073639967200956,16175.081810608011,213836.02812954132,102503.25715295106,-122.62934658332802,1461.7600234044173,260,255,0.0057542761634465376,54.92451485541667,150.00756265876075,0.3039145973301017,0.08653390393982979
2025-01-28,False,225386.40804390883,223045.5561463137,2355.6674751633745,8.494880012517312,6.320697555721872,2340.8518975951356,0.010561373720524165,0.010494949722556143,8494.880012517311,219176.72086728745,100982.8060229136,-1213.0125353532683,3568.680010516643,261,256,0.0057542761634465376,56.372396875606185,150.59695749416966,0.30771817127789414,0.08923550982423369
2025-01-29,False,225570.5307883751,225386.40804390883,163.90516782340285,8.58266094889414,-28.80023759174807,184.1227444662568,0.0007272185099621071,0.000816920354977159,8582.660948894141,222677.52247222053,97747.24316857301,3038.78712859924,-2874.8819607758373,259,254,0.0057542761634465376,57.77605270779312,149.41826527615868,0.3107342633203848,0.08951002195346612
2025-01-30,False,230380.88414103497,225570.5307883751,4820.645139171325,7.982700654216636,2.3090858572279958,4810.353352659881,0.02137089948018937,0.021325273899243692,7982.7006542166355,226411.5424154576,97690.31738441675,6483.852716087582,-1663.207576916257,256,251,0.0057542761634465376,58.54486441265315,147.6502408854165,0.31384776002909837,0.09184357378295248
2025-01-31,False,225230.16223030537,230380.88414103497,-5137.178475436919,16.495928216211905,-2.9524929235467514,-5150.721910729584,-0.022298631653362492,-0.022357418802058274,16495.928216211905,231866.62090021552,96610.20500846772,-3544.176248718517,-1593.0022267184017,261,255,0.0057542761634465376,60.10729037927764,149.49518167721934,0.31885012231278065,0.09393671175384673
2025-02-01,False,231660.29774280288,225230.16223030537,6457.190950159795,5.125991307568243,21.92944635471637,6430.13551249751,0.028669299378993037,0.028549175868916178,5125.991307568243,227442.26763879883,93111.80652707515,1195.3558840607657,5261.835066099029,261,255,0.0057542761634465376,60.55336000235338,149.49518167721936,0.32129335292704064,0.09556542011378791
2025-02-02,False,239126.1273315379,231660.29774280288,7461.8853449836115,23.999995807215765,-27.944239558618687,7465.829588735014,0.032210462550937624,0.03222748853160774,23999.995807215764,242661.15788839466,98990.8921051439,884.3476078731519,6577.537737110459,262,255,0.0057542761634465376,61.97923419994027,149.49518167721934,0.325456097078618,0.09871461430524983
2025-02-03,False,247572.10888553996,239126.1273315379,8536.748439526142,26.736393929369736,64.0304915947139,8445.981554002057,0.035699772897213836,0.03532019544770227,26736.393929369737,248636.36553196821,94530.6719181076,10058.89535133437,-1522.1469118082302,263,255,0.0057542761634465376,64.77297341718794,149.49518167721934,0.3357182249466736,0.09981954649927326
2025-02-04,False,251176.17565298398,247572.10888553996,3820.9839635045983,62.533193545514656,154.38400251507417,3604.066767444009,0.015433822415234805,0.014557644573404986,62533.19354551466,260791.7481854898,131807.43580465854,-480.30854108102585,4301.292504585624,262,254,0.0057542761634465376,63.884344753944454,149.48809546190444,0.3370909822303527,0.1053415156281189
2025-02-05,False,253136.66728766824,251176.17565298398,2122.0162076094416,12.588781757946185,148.93579116723697,1960.4916346842588,0.008448318006645436,0.007805245181345558,12588.781757946184,263923.680542035,130734.11335460827,288.5518971585323,1833.4643104509091,262,254,0.0057542761634465376,65.59523718602765,149.48809546190444,0.34217486336496583,0.1081371974508065
2025-02-06,False,260531.32797341826,253136.66728766824,7585.782094599297,13.554328865166914,177.56707998411093,7394.660685750019,0.029967140580146386,0.029212127839806857,13554.328865166914,271907.6206155586,125394.51721225174,3438.9256415040295,4146.856453095267,262,254,0.0057542761634465376,68.2910108802735,149.48809546190444,0.35157716150944207,0.11068542417680097
2025-02-07,False,253962.28555865097,260531.32797341826,-6257.589666935049,66.01117397490452,245.44157385733536,-6569.042414767288,-0.02401856895909848,-0.02521402115386876,66011.17397490452,298421.665572377,149756.21482068824,-2277.8053332916543,-3979.7843336433925,266,260,0.0057542761634465376,65.84031671427559,154.58576804741796,0.35115464965297216,0.10610820051571809
2025-02-08,False,247210.9846603901,253962.28555865097,-5761.090489466318,30.651951689504646,959.5584571050457,-6751.300898260869,-0.022684826909607533,-0.02658387202418565,30651.951689504647,317579.18016416597,162252.43147668018,136.52940181321833,-5897.619891279537,267,260,0.0057542761634465376,67.31503141661548,154.58576804741796,0.354155295935944,0.12011878218568338
2025-02-09,False,250392.55299946407,247210.9846603901,4326.817039100811,16.880882009580105,1128.3678180172496,3181.568339073981,0.017502527426298806,0.012869850194742396,16880.882009580106,307161.88166866585,154446.95371220505,3539.9342513615447,786.8827877392662,265,257,0.0057542761634465376,66.71875363225332,152.8099218781412,0.35200255849049916,0.11660900909796447
2025-02-10,False,249037.05463694275,250392.55299946407,-904.4197149045884,7.0897856812007465,443.9888619355444,-1355.4983625213335,-0.0036120072425098212,-0.00541349311824076,7089.785681200747,310402.39050001104,155978.0407580724,333.1378108088295,-1237.557525713418,263,254,0.0057542761634465376,66.39264722495523,151.01237886132253,0.34621295372497674,0.1179304100158555
2025-02-11,False,247490.05346869037,249037.05463694275,-1335.532436827984,5.547997882132896,205.92073354225204,-1547.0011682523689,-0.0053627860270632505,-0.006211931676222463,5547.997882132896,309796.45101027854,154231.27661126648,-2953.8765045152427,1618.3440676872592,263,254,0.0057542761634465376,66.63250154504514,151.01237886132256,0.34697358577674153,0.1185687600791151
2025-02-12,False,238682.00962962984,247490.05346869037,-8522.748082314996,4.692917012657292,280.6028397328691,-8808.043839060521,-0.034436729730607935,-0.0355894861858552,4692.917012657292,307316.9290084056,152150.1749268527,-628.8593201662522,-7893.888762148741,263,254,0.0057542761634465376,67.01950755753509,151.01580290851956,0.34649712252606774,0.11804033615323933
2025-02-13,False,242716.52059568322,238682.00962962984,4115.906653739786,21.675501866802474,59.72018581959985,4034.5109660533835,0.017244310369795207,0.016903288908593727,21675.501866802475,293122.941075933,144526.22805981955,-756.9748740469457,4872.881527786732,259,250,0.0057542761634465376,65.63834924915281,148.62875492008277,0.34440790546311123,0.11068821448228482
2025-02-14,False,245280.20576413185,242716.52059568322,2716.245835479025,62.039370156317574,90.52129687406455,2563.685168448643,0.011191021644561818,0.010562466708721593,62039.37015631757,252669.38616745945,101283.72878673593,5949.233694887476,-3232.9878594084516,258,249,0.0057542761634465376,71.07947193807104,147.47686813258042,0.3508646912789682,0.11203653142455991
2025-02-15,False,250963.37173851117,245280.20576413185,5749.336383424914,15.99297199446265,50.17743705114562,5683.165974379305,0.023439871005953218,0.023170096244310854,15992.97199446265,246950.91355928226,99603.12364557383,3633.9477251872513,2115.3886582376626,253,244,0.0057542761634465376,67.4981720642043,144.50884800333966,0.3362602584578732,0.10812469132133408
2025-02-16,False,250609.35286756646,250963.37173851117,-220.05724432113203,7.395310939751739,126.56631568382313,-354.0188709447069,-0.0008768500470675,-0.001410639602473836,7395.310939751738,246425.66120743548,102027.70276152444,-889.9036965791988,669.8464522580667,249,240,0.0057542761634465376,65.137141448897,142.13080625743115,0.3221999444268621,0.10625168394436535
2025-02-17,False,249362.85185695093,250609.35286756646,-1052.8016203418106,5.582916961778856,188.11647331192415,-1246.5010106155137,-0.004200966996224437,-0.004973880648717138,5582.916961778856,245144.5367538993,103937.26075904809,-943.9036169405622,-108.89800340124873,247,238,0.0057542761634465376,62.057365550820215,140.9412757494323,0.3074242105753325,0.10710260673248499
2025-02-18,False,256982.81530373555,249362.85185695093,7841.034848681398,21.990801132042286,199.0806007647271,7619.963446784629,0.0314442780481973,0.030557732998481604,21990.80113204229,236761.69664764055,117740.00609543885,5065.8362907910205,2775.1985578903787,239,230,0.0057542761634465376,57.54815479308954,136.05484515540365,0.29139986503299686,0.10637845451642165
2025-02-19,False,255002.1136386446,256982.81530373555,-1911.8115621392033,9.205722945736706,59.68438000600403,-1980.7016650909438,-0.0074394529450522865,-0.007707525745446808,9205.722945736707,243204.83477605885,120848.58188190096,-1073.4025213237264,-838.4090408154766,239,230,0.0057542761634465376,57.27728832799547,136.05484515540368,0.28887439527980063,0.1085681239279712
2025-02-20,False,254713.139981004,255002.1136386446,-230.6993603140686,4.149411348339429,54.12488597819162,-288.97365764059964,-0.0009046958749564928,-0.0011332206369477197,4149.411348339429,244382.70557511767,118065.30114412839,3503.31331261828,-3734.0126729323492,237,228,0.0057542761634465376,56.95228091422041,134.86134591177202,0.2881073477661992,0.10648130981153593
2025-02-21,False,255762.22319439147,254713.139981004,1071.4634916432617,7.183079132399753,15.197199123402953,1049.083213387459,0.004206549735609122,0.004118685095969911,7183.079132399753,246198.10629117256,118837.67774278762,-429.8708262145967,1501.3343178578582,237,228,0.0057542761634465376,56.53533814897279,133.87126251946046,0.28919462145562497,0.10459898666708296
2025-02-22,False,252064.62314034178,255762.22319439147,-3767.097377829233,6.262288018266499,-75.7596117978008,-3697.600054049699,-0.014728904569171109,-0.01445717826451386,6262.288018266499,248143.25263639627,122804.89307461526,483.7626308230765,-4250.860008652309,234,225,0.0057542761634465376,55.3060183641914,132.10281264271208,0.2815880148122908,0.10529828785819974
2025-02-23,False,253664.47079793134,252064.62314034178,1374.4612534716364,13.062929465984102,-238.4493335839095,1599.8476575895618,0.005452812998301546,0.006346974191212926,13062.929465984102,247616.2111672121,116821.63748164254,166.21961910966752,1208.2416343619689,232,223,0.0057542761634465376,54.76790781894217,130.92487613406576,0.2826044186109094,0.1021352284318938
2025-02-24,False,266165.26875474915,253664.47079793134,12377.82518121778,4.7085866300739365,-127.68136223010478,12500.797956817813,0.04879605386707046,0.04928083904496001,4708.586630073936,245365.1655996367,117209.51304273761,3926.7593167336263,8451.065864484155,229,220,0.0057542761634465376,53.50124945820576,129.18406414059405,0.2754845372536082,0.10084866428030025
2025-02-25,False,256752.76347816005,266165.26875474915,-9298.976412279573,27.682765238341883,85.84609907117772,-9412.505276589092,-0.03493685128711464,-0.03536338651780294,27682.76523834188,250111.49744065732,115370.00227373364,-5173.71691562316,-4125.259496656413,232,223,0.0057542761634465376,54.53822200100214,130.92943834674873,0.2780517105459028,0.10382783434022134
2025-02-26,False,253855.04890255438,256752.76347816005,-2825.2693492781573,9.511102689601904,62.934123637903866,-2897.714575605663,-0.011003851763871982,-0.01128601124424567,9511.102689601903,240835.49183326593,108641.83802528019,-2089.8807019828155,-735.3886472953427,233,224,0.0057542761634465376,54.6154778042183,131.52052012700577,0.28080329307306723,0.1021554258189966
2025-02-27,False,255583.5645969441,253855.04890255438,1809.1042282347344,7.1315273216864385,73.45700652331385,1728.515694389734,0.0071265245109589405,0.006809065653262811,7131.527321686439,239125.76806591253,107220.42064011376,1400.9204704124268,408.18375782230737,233,224,0.0057542761634465376,54.621128103426685,131.52052012700577,0.28055503504530566,0.10307265169347225
2025-02-28,False,257854.76724387472,255583.5645969441,2359.873082629653,23.596457773930258,65.07397792511642,2271.2026469306065,0.009233274003166746,0.008886340757130837,23596.45777393026,245125.12179448712,108583.71299760077,2883.2171431554416,-523.3440605257884,238,231,0.0057542761634465376,56.163978210574186,135.5817207685071,0.2835507090592667,0.10717500995058743
2025-03-01,False,262480.78956595005,257854.76724387472,4676.665401984395,3.664147446964128,46.978932462123716,4626.022322075308,0.018136819621261,0.01794041805595199,3664.147446964128,247414.40219856994,109713.57830214544,1864.5699835451799,2812.0954184392153,236,229,0.0057542761634465376,55.72671787501879,134.411486831774,0.2823795403711177,0.10686482867870796
2025-03-02,False,250225.32894846672,262480.78956595005,-12169.188219405556,5.881268083064083,80.3911299947214,-12255.46061748334,-0.04636220517139204,-0.04669088597969214,5881.268083064084,247994.9524745302,110603.51231099936,-6436.128327678481,-5733.059891727076,234,226,0.0057542761634465376,55.27486210188168,132.6633765205947,0.2768051854727011,0.1072278895819759
2025-03-03,False,262953.53517381084,250225.32894846672,12798.677704141819,16.406129788562364,54.06534900913003,12728.206225344127,0.05114860976675017,0.050866977690997336,16406.129788562364,232136.34022076125,98061.40073548019,2596.727186044457,10201.950518097365,234,226,0.0057542761634465376,54.654742247911926,132.6633765205947,0.28029379730715903,0.09851407000752253
2025-03-04,False,262139.03413119467,262953.53517381084,-436.8600065023942,26.44146844516942,351.19956766860406,-814.5010426161678,-0.00166135817954922,-0.00309750938346498,26441.46844516942,233241.36582943605,96720.76387791772,1510.6000901900381,-1947.4600966924327,235,227,0.0057542761634465376,55.80471511028807,133.25201199733937,0.27869075283534983,0.10027953459932686
2025-03-05,False,260661.42746475775,262139.03413119467,-1382.5175624942913,9.47512692578676,85.61397701683559,-1477.6066664369137,-0.005273985871949053,-0.005636728888294465,9475.12692578676,236443.65890001398,95922.23293894273,183.31729248442898,-1565.83485497872,235,227,0.0057542761634465376,56.640707124392094,133.25201199733937,0.2810202716224774,0.1029928518671437
2025-03-06,False,260723.48966736154,260661.42746475775,148.46598512487628,2.6272069590218736,83.77657556205892,62.0622026037955,0.0005695740507864339,0.0002380950768490152,2627.2069590218734,237497.31246622466,94278.39950762916,-2465.2641486473767,2613.730133772253,235,227,0.0057542761634465376,56.970891771940714,133.25201199733937,0.28423684480196476,0.10108730555276096
2025-03-07,False,263512.77242286253,260723.48966736154,2954.745857146301,100.38451513534996,65.07858650999164,2789.28275550096,0.011332871698350042,0.010698241109995905,100384.51513534997,227465.6961035729,55141.647069989536,1522.8553550151262,1431.8905021311746,237,229,0.0057542761634465376,66.94084519202325,132.10347922757333,0.3326095007683401,0.10396326364544803
2025-03-08,False,263958.2198851287,263512.77242286253,500.6422908363749,9.054169238800533,46.14065933136818,445.44746226620623,0.0018998786519273056,0.0016904207646959541,9054.169238800532,229280.83971928738,55431.23750606438,-785.3984997767495,1286.0407906131245,236,228,0.0057542761634465376,66.53479993831415,131.51558080607919,0.33034452445687484,0.1040966477241932
2025-03-09,False,275809.9683858442,263958.2198851287,11920.308971602484,6.160369259489563,62.40010162750477,11851.74850071549,0.04515983240374197,0.04490009254446867,6160.369259489564,232265.36775622307,54261.991321591646,606.0948847389591,11314.214086863523,236,228,0.0057542761634465376,66.88083008726011,131.51558080607916,0.3315229085886408,0.10692039742609635
2025-03-10,False,282967.6288869584,275809.9683858442,7357.518428674495,19.49846746456349,180.35946009570006,7157.660501114231,0.02667604246406968,0.02595142062124827,19498.467464563488,240397.07547460392,54272.6053624138,4566.869172943995,2790.6492557305005,233,225,0.0057542761634465376,67.21724914512217,129.80036602776957,0.33209564832896143,0.10406534235048948
2025-03-11,False,281856.44573254004,282967.6288869584,-957.5389543209129,14.65922598651315,138.9849741109674,-1111.1831544183935,-0.00338391694515501,-0.003926891421429324,14659.22598651315,249823.8857651224,50596.95510965967,3018.599786741769,-3976.138741062682,234,225,0.0057542761634465376,68.75025568574277,129.80036602776957,0.3399716719286715,0.10452647744804451
2025-03-12,False,270724.54491701705,281856.44573254004,-10939.810597840358,6.711457627994494,185.37876005466347,-11131.900815523017,-0.038813412868412424,-0.039494930785036325,6711.457627994495,253658.87983395436,47970.993684085865,-531.9383903619866,-10407.87220747837,235,226,0.0057542761634465376,69.86233407513402,130.38076946293322,0.3481801373859314,0.10335483756356956
2025-03-13,False,269655.6619046117,270724.54491701705,-741.5703391608638,28.709780942550754,298.60289230192143,-1068.883012405336,-0.0027392061528376424,-0.003948230895477069,28709.78094255076,241844.75450231563,46634.4438324366,-4179.024562894545,3437.454223733681,233,224,0.0057542761634465376,69.47940153832887,129.21907618756785,0.3475388276186321,0.1010843471755667
2025-03-14,False,267299.9691818916,269655.6619046117,-1966.9789498793125,20.737518194711868,367.9762546460761,-2355.6927227201004,-0.007294409974507096,-0.008735929021781141,20737.51819471187,245936.156298312,45241.86269522368,1170.6101443438113,-3137.5890942231235,242,235,0.0057542761634465376,74.80836687231017,133.8846043180801,0.36875287766201126,0.10586315577447684
2025-03-15,False,264770.31407161785,267299.9691818916,-2342.8326289707093,8.559729630361849,178.2627516726759,-2529.6551102737467,-0.008764806955052301,-0.009463731395166654,8559.72963036185,242264.31413844664,44406.62067554091,1149.5282333286134,-3492.3608622993224,239,231,0.0057542761634465376,73.36840965424986,131.59209017748233,0.36483805368959493,0.10271411407904898
2025-03-16,False,275700.63431946404,264770.31407161785,11055.98623594268,8.215110322908874,117.45087777358295,10930.32024784619,0.04175689512137732,0.04128227247141325,8215.110322908873,238775.67697531002,43505.511611771275,4348.88175602305,6707.10447991963,238,230,0.0057542761634465376,72.37912178462763,131.02904539402078,0.3616316441392685,0.10024746744728548
2025-03-17,False,270339.4674950274,275700.63431946404,-4989.710400766247,12.245815977833528,359.2106076925485,-5361.166824436629,-0.018098291333579212,-0.019445609320667925,12245.815977833528,244925.46006211577,47770.93841923182,3607.434944676565,-8597.145345442812,235,227,0.0057542761634465376,71.41421065133369,129.31525399640307,0.3506288447635223,0.1031681076140318
2025-03-18,False,269455.6160033817,270339.4674950274,-669.8283032945948,16.91426713890604,197.10892121215593,-883.8514916456567,-0.002477730349553624,-0.00326941345204031,16914.26713890604,240243.73386445057,48086.69980166545,-916.5667481218122,246.7384448272176,234,226,0.0057542761634465376,70.0042494237213,128.7434874204966,0.350515535333836,0.09849971023770475
2025-03-19,False,267324.6183591013,269455.6160033817,-2482.130796059315,4.278273339300286,-355.41142511820306,-2130.997644280412,-0.009211649892011023,-0.007908529337364663,4278.273339300286,237267.33682852908,48162.78488008296,-1479.683900973911,-1002.4468950854042,232,224,0.0057542761634465376,68.98803616235438,127.60949506806223,0.34381299066206256,0.09861230791039728
2025-03-20,False,269965.25926866964,267324.6183591013,2232.9142641119533,2.923478401671934,-410.6501238580408,2640.640909568322,0.00835281942163832,0.0098780311584364,2923.478401671934,237325.78763767862,46212.41758941632,-1143.6050158374449,3376.519279949399,233,225,0.0057542761634465376,68.58355570184355,128.18238823011282,0.34333151353728913,0.09744264800318567
2025-03-21,False,271488.33819861733,269965.25926866964,1253.0420036771275,74.84862667094556,-344.8855529415018,1523.0789299476837,0.0046414935279879815,0.005641758995485839,74848.62667094557,251117.33859545994,61319.81692369691,827.4225937948468,425.6194098822797,237,231,0.0057542761634465376,67.40755564189512,129.04990908497456,0.3362498135498798,0.10146603773162213
2025-03-22,False,264601.36718146503,271488.33819861733,-8321.158505111327,7.633171113744048,-1441.8206590727686,-6886.971017152303,-0.030650150795883083,-0.025367465368305746,7633.171113744048,251687.6482384507,61162.74041386987,-5902.366114856221,-2418.7923902551042,235,229,0.0057542761634465376,66.96223805506257,127.9430607569216,0.3356801203921545,0.10103825991154936
2025-03-23,False,261854.79321751537,264601.36718146503,-2839.401077569049,10.684251076274537,-103.51136469566455,-2746.5739639496587,-0.010730863214405738,-0.010380044491856475,10684.251076274537,242678.71037758497,55913.46249763829,-2063.640897673736,-775.7601798953119,234,228,0.0057542761634465376,66.30181171612618,127.3791309576963,0.33625427098443156,0.09779327921034983
2025-03-24,False,259630.5862979675,261854.79321751537,-2440.4160681348194,12.30742929267148,-228.51657787963333,-2224.2069195478575,-0.009319730367156711,-0.008494046995352389,12307.42929267148,233847.58179028635,54466.116845251556,979.1843180787736,-3419.600386213594,230,224,0.0057542761634465376,64.33480755408313,125.13359167948501,0.32610903497291394,0.09526305800749246
2025-03-25,False,256868.32023230867,259630.5862979675,-2911.2822856070384,8.205902984350812,-157.22212293255558,-2762.2660656588337,-0.011213171479980705,-0.010639216684927457,8205.902984350812,230043.9387438718,53914.656571843574,-1074.0371117052016,-1837.245173901837,229,223,0.0057542761634465376,63.00281254365498,124.57813896733352,0.32194634729163213,0.09184183612961862
2025-03-26,False,258118.00370420498,256868.32023230867,1194.2655576440047,7.8716225328401,-63.28953678514678,1249.6834718963114,0.004649329884525756,0.0048650743336745945,7871.622532840101,223386.0120832944,53789.832446909815,-39.087090510164444,1233.3526481541692,226,220,0.0057542761634465376,61.0274197395409,122.88413634017357,0.31315719639965434,0.08886025987472071
2025-03-27,False,257997.65024448762,258118.00370420498,-142.44933711423408,8.188796516731623,-30.2846739136004,-120.35345971736531,-0.0005518767969299673,-0.00046627301462972165,8188.796516731623,216016.94413954215,53859.70062621162,-769.0777875634758,626.6284504492419,219,213,0.0057542761634465376,58.269546137718706,118.96972432054453,0.29853783076582463,0.085147093450395
2025-03-28,False,265130.8482260417,257997.65024448762,7131.469364698745,46.03857977358134,-47.767196628945015,7133.197981554109,0.027641605874862484,0.027648306001215282,46038.57977358134,211306.20519813243,70506.4988009438,1438.4932417938085,5692.976122904936,224,217,0.0057542761634465376,55.959042089716355,118.49687634405208,0.2855025597509291,0.08822640391243912
2025-03-29,False,269456.9414872535,265130.8482260417,4326.116564401881,7.740937531327715,-7.717634341254538,4326.093261211809,0.016316911416937717,0.016316823523770143,7740.937531327715,213619.9872482963,72585.85039472149,607.2693236250482,3718.847240776833,222,215,0.0057542761634465376,55.68091389503233,117.38876338769634,0.28240349538951987,0.08897372986635056
2025-03-30,False,269071.9591028819,269456.9414872535,-377.79572220516525,8.844426505213207,-1.6577643387718517,-384.9823843716066,-0.0014020634247532888,-0.0014287343359822777,8844.426505213207,219269.11766697204,70122.73654305075,-127.97094899285429,-249.82477321231096,222,215,0.0057542761634465376,56.845534468786326,117.3887633876963,0.2855792169040409,0.09170822293603574
2025-03-31,False,269463.693054424,269071.9591028819,416.6250926711338,5.002731296660972,19.88840983234676,391.7339515421261,0.0015483779657315898,0.001455870588849964,5002.7312966609725,216553.14299062846,66025.66044696726,-910.9416908156754,1327.566783486809,217,210,0.0057542761634465376,56.06060015098376,114.64607636425437,0.2829449053913281,0.09081084624421663
2025-04-01,False,277258.71269901,269463.693054424,7835.1642853621315,5.261263902047399,34.883376874105785,7795.019644585978,0.02907688303588881,0.028927903259351552,5261.263902047399,218939.070825185,66559.18601800664,201.69764625663885,7633.466639105491,217,210,0.0057542761634465376,56.543212265235425,114.65423176262392,0.28274845133402793,0.09242234043408007
2025-04-02,False,286499.3516118473,277258.71269901,9298.229510961575,11.222516314396913,46.36808180985555,9240.638912837321,0.033536293306878566,0.03332857901157787,11222.516314396913,221916.75247073226,68658.42602495493,1388.5409818200883,7909.688529141487,215,208,0.0057542761634465376,58.17727723413195,113.57057530185294,0.2895864295507502,0.09095023664860603
2025-04-03,False,281130.1878633901,286499.3516118473,-5156.527218983442,15.638375980983751,196.99815349280945,-5369.163748457236,-0.01799839053726574,-0.018740579056288554,15638.37598098375,230059.35904144763,66723.87989345865,13.054791429588363,-5169.582010413031,214,206,0.0057542761634465376,60.35712402447158,112.49635321506923,0.297992069081127,0.09188050075976147
2025-04-04,False,279690.9752252911,281130.1878633901,-1161.7720696048034,47.7428372702879,229.6977312238747,-1439.2126380989662,-0.004132505578409618,-0.005119381340855236,47742.8372702879,251828.9841003509,100370.24095754365,57.55365717152961,-1219.325726776333,216,210,0.0057542761634465376,54.03543410332903,114.0455982672374,0.28223808622276164,0.09664108690906241
2025-04-05,False,282324.17042401445,279690.9752252911,2698.6799156688094,15.060702133699008,50.42401481176251,2633.195198723348,0.009648791540359936,0.00941465914873481,15060.70213369901,259966.08949637468,99430.70595506871,724.0356055636522,1974.6443101051577,215,209,0.0057542761634465376,56.68790110465237,114.65742923075715,0.29374303972778115,0.09761579508649003
2025-04-06,False,291860.53054348606,282324.17042401445,9560.123927497409,7.086604159551326,16.677203866253187,9536.360119471605,0.033862222682313516,0.033778050618723944,7086.604159551327,260258.10055865144,98697.48692871787,-680.6393645085436,10240.763292005953,213,207,0.0057542761634465376,56.54800640035366,113.56357494289148,0.2910326234091895,0.09745889352141826
2025-04-07,False,293621.5520737782,291860.53054348606,2029.1788658918836,22.89041608769667,245.2669195120483,1761.0215302921386,0.006952563479937703,0.006033777595801887,22890.41608769667,259726.00462812223,96606.18358311709,6606.192163261529,-4577.013297369645,212,206,0.0057542761634465376,57.10867307093109,113.0113832146208,0.29151230652081067,0.09563821829529284
2025-04-08,False,308636.92360457825,293621.5520737782,15227.73067092895,11.84972882877514,200.50941130013052,15015.371530800045,0.05186176070311992,0.051138519719516835,11849.72882877514,263689.81420752,94583.82547079389,-511.00997114162175,15738.740642070572,215,209,0.0057542761634465376,58.68483438593666,114.65742923075713,0.29886783000004663,0.09783232843163289
2025-04-09,False,292133.8555602208,308636.92360457825,-16214.663967087377,21.344984732299867,267.0590925377802,-16503.068044357457,-0.052536371143529804,-0.053470815648425075,21344.98473229987,264747.89188596816,101626.50750107573,2310.4703434680573,-18525.134310555437,213,207,0.0057542761634465376,59.341968617592784,113.54881654498854,0.2983483664448416,0.09748047523889469
2025-04-10,False,292324.52035473567,292133.8555602208,2243.0231225289044,38.688937490675436,2013.6693905233476,190.66479451488135,0.007678066337869304,0.0006526624384196974,38688.93749067544,246950.43846502347,93524.20200222654,-2650.5457539477243,4893.568876476629,212,206,0.0057542761634465376,58.973870245178965,112.99661859148348,0.303156596398054,0.08753032412339609
2025-04-11,False,294289.78556907224,292324.52035473567,2240.371864980888,50.390567834637245,224.71608280967686,1965.2652143365738,0.0076639888513703805,0.006722888699010693,50390.567834637244,241871.03860371077,55766.8086265816,1533.9210420256675,706.4508229552207,217,213,0.0057542761634465376,77.43929340271424,116.62117526249719,0.3876703054743145,0.09096338288507036
2025-04-12,False,293301.86651512823,294289.78556907224,-844.1195656292998,7.685001674176426,136.11448664055476,-987.919053944031,-0.0028683277742617337,-0.003356960052261679,7685.001674176427,241812.12436452138,55774.323478651975,-3844.604926623111,3000.485360993811,214,210,0.0057542761634465376,76.50621127809575,114.98104139357778,0.3864542186835344,0.08727074566485571
2025-04-13,False,286177.3137297088,293301.86651512823,-7213.360597529598,9.012187078324155,-97.81999918849868,-7124.552785419423,-0.024593640276604035,-0.024290853890805177,9012.187078324156,239113.29535822137,52946.459204773535,-17852.30297215005,10638.942374620452,214,210,0.0057542761634465376,76.52847737213754,114.9810413935778,0.38912537599810154,0.0830905825801804
2025-04-14,False,286012.40435371647,286177.3137297088,-109.74017742148578,43.431744482336555,11.737454088489017,-164.90937599231137,-0.0003834691715819729,-0.0005762489480492727,43431.74448233655,182097.62656059815,2317.4958140251983,-919.3466607992136,809.606483377728,214,209,0.0057542761634465376,80.70462005527956,114.43008057538972,0.40431975767336104,0.08466428461846781
2025-04-15,False,289815.1346843268,286012.40435371647,4071.3860071832605,9.391638987662576,259.26403758524293,3802.730330610355,0.01423499801130341,0.013295683238645316,9391.638987662576,186030.61836465762,-5974.956374356254,1174.8767322493072,2896.5092749339537,213,208,0.0057542761634465376,86.7327210453983,113.88238627170627,0.43970487182681245,0.08351934590798356
2025-04-16,False,292279.3110059583,289815.1346843268,2865.138567396008,6.919973705939683,394.0422720585908,2464.1763216314775,0.009886090215808713,0.008502579840474908,6919.973705939683,191208.17886973976,-8802.763414939742,132.94675893672135,2732.1918084592867,213,208,0.0057542761634465376,89.71398730769783,113.88238627170625,0.4538524430598245,0.0843657882553869
2025-04-17,False,292279.4700897092,292279.3110059583,435.93495611179446,6.4864934783696615,429.2893788825068,0.15908375091800053,0.0014915012445164402,5.442867316556577e-07,6486.493478369662,195093.24905598775,-12424.118325913412,187.13282000064316,248.8021361111514,213,207,0.0057542761634465376,92.26723509602107,113.33699530343857,0.467640064533106,0.08500961252421077
2025-04-18,False,290635.4207694377,292279.4700897092,-1451.3474279066,50.60488759898642,142.09700476591982,-1644.049320271506,-0.004965615366214871,-0.005624922338085869,50604.887598986425,203009.51097248093,22702.89244900777,803.3748871809978,-2254.7223150875975,216,211,0.0057542761634465376,77.17714899911417,112.97766590186782,0.3919797164474744,0.08380722901464263
2025-04-19,False,285443.987697222,290635.4207694377,-4951.972623054179,6.981770110409618,232.4786790511419,-5191.43307221573,-0.017038434647587572,-0.017862355037358356,6981.770110409618,202679.28719392087,18861.200530971837,-610.9662033162301,-4341.006419737949,215,210,0.0057542761634465376,79.00038933394974,112.43486937430308,0.4047843943089707,0.08122107048648795
2025-04-20,False,289023.3607220289,285443.987697222,3700.0444354095166,9.802577446963664,110.86883315563448,3579.3730248069182,0.01296241853002086,0.012539668653324919,9802.577446963664,199090.5523269075,15644.511005800472,915.8592552040383,2784.1851802054784,214,209,0.0057542761634465376,80.24963501101334,111.9017806623241,0.4153481917330154,0.07707710309165952
2025-04-21,False,291490.26312857907,289023.3607220289,2611.719060327413,19.921705773150986,124.89494800409277,2466.902406550169,0.009036359738544664,0.008535304552502027,19921.70577315099,194799.5941459851,20605.862632195145,1516.3119699253418,1095.407090402071,211,206,0.0057542761634465376,79.47539848095845,110.96024910946905,0.40943682410163823,0.07707013550784626
2025-04-22,False,287326.71753598994,291490.26312857907,-4045.899689679394,5.329371824842716,112.31653108488533,-4163.545592589122,-0.013880050902059498,-0.014283652386538014,5329.371824842716,196864.637829686,18073.11931503826,1048.7747176989112,-5094.674407378306,212,207,0.0057542761634465376,81.34524555860565,111.51044280272951,0.4203454556446155,0.07729992717908273
2025-04-23,False,280472.31053610053,287326.71753598994,-6688.608435170319,7.8870275059571355,157.91153721314626,-6854.406999889423,-0.023278755601043324,-0.023855794054483827,7887.027505957136,195216.92250279206,14764.614260394199,912.8017537615402,-7601.410188931861,211,206,0.0057542761634465376,81.10065557256478,110.96749308915444,0.42951728832713193,0.06960105683769925
2025-04-24,False,278840.70141332306,280472.31053610053,-1445.0899756640586,10.037700407276034,176.48144670611174,-1631.6091227774464,-0.005152344532342191,-0.00581736257550257,10037.700407276036,193893.53837253395,15204.270450220836,-1501.7413306952885,56.651355031229684,211,206,0.0057542761634465376,80.58438363813252,110.96749308915443,0.4304841153245014,0.06577601483466218
2025-04-25,False,277462.2830072846,278840.70141332306,-1213.2090829392437,100.03035689324012,65.1789662059254,-1378.4184060384093,-0.004350903855821661,-0.004943390254908276,100030.35689324012,209793.9496239306,-23544.417756212602,896.5842146061086,-2109.7932975453523,227,222,0.0057542761634465376,107.30890042025361,118.1875754435983,0.5780235688616552,0.06874177037821463
2025-04-26,False,274402.3139721123,277462.2830072846,-3024.6584646513575,12.101443885753225,23.20912663521286,-3059.9690351723234,-0.01090115179572694,-0.011028414392063464,12101.443885753226,219927.99014176417,-27588.62094139996,-1098.0556064288687,-1926.6028582224883,227,222,0.0057542761634465376,107.49006710694714,118.18757544359832,0.5838975142528099,0.06941775863067222
2025-04-27,False,279302.96856098506,274402.3139721123,4947.112937267004,3.6538971889800624,42.80445120527966,4900.654588872744,0.01802868520186671,0.017859377779776305,3653.8971889800623,219245.99364729182,-26960.437401396674,-205.61475321767614,5152.727690484679,226,221,0.0057542761634465376,106.1278317795098,117.65124003466435,0.5849010602408582,0.06594616371869878
2025-04-28,False,276841.38664617407,279302.96856098506,-2422.858425567596,6.0918275655775975,32.63166167779592,-2461.5819148109695,-0.008674660488037639,-0.00881330380229557,6091.827565577597,218395.781764313,-24489.30483083363,691.9622228442915,-3114.8206484118873,224,219,0.0057542761634465376,104.6598449387109,116.56940364599295,0.5708951906725723,0.06684877002557423
2025-04-29,False,280678.9580199564,276841.38664617407,3957.3076018219845,42.753879149568476,76.98234889006656,3837.5713737823494,0.014294494221991985,0.013861985811706251,42753.87914956848,216977.91427416017,-1253.7228348520948,314.2832019075991,3643.024399914386,222,217,0.0057542761634465376,102.5739378681003,116.10199142427642,0.555001942644178,0.07316520294212847
2025-04-30,False,280192.2402550564,280678.9580199564,-383.9263930202753,35.2889700989635,67.50240178074142,-486.71776489998024,-0.0013678488609501606,-0.0017340728650751737,35288.9700989635,222528.8268923419,-24858.799563951718,755.2472441902497,-1139.1736372105247,225,220,0.0057542761634465376,103.91205987750173,117.10573798623238,0.5742941829805193,0.06382243068772554
2025-05-01,False,281515.5351647912,280192.2402550564,1458.431154857769,30.455158949740515,104.68108617325375,1323.2949097347746,0.005205109012048915,0.004722810697862979,30455.158949740515,236122.07797885497,-15264.797095364782,471.5391550260256,986.8919998317433,224,219,0.0057542761634465376,103.3577600948415,116.47086226942301,0.5598135568245216,0.07297341920369307
2025-05-02,False,283149.2997100603,281515.5351647912,1700.6392474907952,48.926902085549166,17.94780013614714,1633.7645452690988,0.006041013852025215,0.005803461412219184,48926.90208554917,215270.82560884714,25754.401113495478,1060.4799591155063,640.159288375289,226,223,0.0057542761634465376,73.73771384238587,118.78143625298875,0.4058874163891807,0.06468640958417265
2025-05-03,False,288939.86446866597,283149.2997100603,5677.535506779725,6.863177271193294,-119.8924290971286,5790.564758605661,0.02005138459672483,0.02045057065136694,6863.177271193294,220097.09486161388,32731.18929811653,2092.2729808358717,3585.2625259438537,222,219,0.0057542761634465376,71.3279899788629,116.64539755746435,0.3897399162666271,0.07072537353809435
2025-05-04,False,289723.04181847256,288939.86446866597,836.4216513390438,10.798529016984652,42.44577251548364,783.1773498065755,0.002894794918233754,0.0027105202366131346,10798.529016984652,223020.82433004974,36887.5191771354,-1008.4756227848561,1844.8972741238997,221,219,0.0057542761634465376,70.604064102198,116.62091453393002,0.3814020818487907,0.07283057408440788
2025-05-05,False,289147.8113856941,289723.04181847256,-539.2429807602563,4.555864169489108,31.431587848751732,-575.2304327784972,-0.0018612360873185975,-0.001985449376646096,4555.864169489108,223139.4976299195,38044.5343853303,-360.1106247587877,-179.13235600146868,220,218,0.0057542761634465376,70.03336763684707,116.08334485860581,0.37833854737839684,0.072925883529534
2025-05-06,False,291794.3866278771,289147.8113856941,2719.6451011524905,4.0211781164623455,69.04868085304908,2646.5752421829793,0.009405726047584561,0.009153018414698337,4021.1781164623453,221774.66144013582,38103.99725427928,792.8950791695361,1926.7500219829542,218,216,0.0057542761634465376,69.12941740614605,115.02640522378293,0.37604926208158546,0.07405828942495059
2025-05-07,False,291910.6792263322,291794.3866278771,203.1875158306941,5.8387649226477,81.05615245291165,116.29259845513477,0.0006963379870971179,0.00039854295964727294,5838.7649226477,220721.55456075724,38820.107552677306,292.64235652569164,-89.45484069499747,216,214,0.0057542761634465376,68.57634808138064,113.95593257011802,0.3698188390869449,0.07339735279158216
2025-05-08,False,277611.6159247155,291910.6792263322,-14252.986363402571,3.348071806216083,42.72886640796697,-14299.063301616756,-0.04882653283250235,-0.04898437885011398,3348.071806216083,219583.53166345158,38062.99355919533,-6078.644876484592,-8174.34148691798,215,212,0.0057542761634465376,67.93741571603536,112.90447984408223,0.36879961596082383,0.07161406874074987
2025-05-09,False,267691.7005756632,277611.6159247155,-9844.532505029809,76.88681096520396,-1.5039669427257891,-9919.915349052288,-0.03546152949053657,-0.03573307015994041,76886.81096520396,233976.3158062735,3894.1157835275226,-3761.3240172526703,-6083.208487777138,229,229,0.0057542761634465376,80.85557513223068,119.89982705684886,0.44837617670305974,0.0695706244479446
2025-05-10,False,257962.279283653,267691.7005756632,-9680.004499467805,12.001722154230132,37.41507038813674,-9729.42129201017,-0.03616101836049171,-0.036345621739812387,12001.722154230132,224334.30903174856,4277.917499337505,-4515.264629807777,-5164.739869660029,229,228,0.0057542761634465376,78.3313115327434,119.3901492686662,0.4461710262973501,0.061956329882574386
2025-05-11,False,262876.0105192778,257962.279283653,5037.704238644934,12.172213149864733,111.80078987027092,4913.7312356247985,0.0195288406221032,0.01904825484280089,12172.213149864732,213194.7742659502,1374.958058954544,2108.7123000903175,2928.9919385546164,230,228,0.0057542761634465376,76.00117178711841,119.39014926866622,0.4441107938592628,0.05670518917158188
2025-05-12,False,261663.85839783776,262876.0105192778,-1084.4008326838798,5.403808371600002,122.3474803846002,-1212.15212144008,-0.004125141851254456,-0.00461111730600913,5403.808371600002,212178.0256895058,4108.289689975296,-2717.051200626571,1632.6503679426908,230,228,0.0057542761634465376,73.9736270238542,119.39014926866619,0.4328592105710615,0.05749869640362121
2025-05-13,False,258546.77073513673,261663.85839783776,-2937.9265535050654,5.148036980425326,174.0130722155379,-3117.0876627010284,-0.011227865290582839,-0.011912564775995012,5148.036980425326,209313.72889065795,2764.0890974401846,-1941.009029297514,-996.917524207551,230,228,0.0057542761634465376,72.71807848898833,119.3901492686662,0.4314594934071868,0.05883898872144123
2025-05-14,False,263492.95894111186,258546.77073513673,5091.354196416151,6.937456517875497,138.2285339231597,4946.188205975116,0.01969219798003933,0.01913072900470354,6937.456517875497,205633.87499492278,1542.5348095308,1512.6056707848563,3578.748525631295,229,227,0.0057542761634465376,71.41039434213918,118.88260362952788,0.43017362185091773,0.06086348798205208
2025-05-15,False,269780.74324461335,263492.95894111186,6454.000494214843,5.025086247467876,161.1911044658826,6287.784303501492,0.024494015020937426,0.023863196681876996,5025.086247467876,207288.72872716858,3044.6756687173256,2662.9783223333993,3791.0221718814432,230,227,0.0057542761634465376,70.68115957917313,118.88260362952788,0.42379221338958,0.061082944062056915
2025-05-16,False,271308.51728009427,269780.74324461335,1700.6761158926333,47.547881494665866,125.354198917068,1527.7740354808993,0.006303919603151995,0.0056630210781784705,47547.88149466587,228709.60779528812,33399.333998286485,-246.88188517836443,1947.558001070998,238,244,0.0057542761634465376,70.05288069142738,127.41994287217007,0.41161341783037075,0.06848405482719855
2025-05-17,False,274527.4345676267,271308.51728009427,3389.4212974010075,4.263337632805433,166.24067223580036,3218.9172875324016,0.012492867276635577,0.01186441664199302,4263.337632805433,229951.51927329245,33398.574302317385,1049.3901108236769,2340.031186577331,238,244,0.0057542761634465376,70.19936566574255,127.4199428721701,0.41139897869623754,0.06847958668283631
2025-05-18,False,271893.09245980706,274527.4345676267,-2465.974053044198,5.034173265790808,163.3338815096519,-2634.3421078196407,-0.008982614276522275,-0.009595915657641499,5034.173265790808,232699.96371141952,32445.887301345185,1785.1538818285642,-4251.127934872762,237,243,0.0057542761634465376,70.44383117693239,126.90138079182196,0.4116360963797387,0.06715782058565482
2025-05-19,False,273988.8130083808,271893.09245980706,2347.273476218924,35.75212165450639,215.8008059906707,2095.720548573747,0.008633075062640338,0.00770788448361758,35752.12165450639,240864.59882306773,18583.16522049474,-315.12648167887403,2662.3999578977982,238,242,0.0057542761634465376,83.1029227958335,126.76169773445021,0.48546279708672874,0.07267377283561129
2025-05-20,False,274197.68981711764,273988.8130083808,323.91681264439853,4.7243287481427645,110.31567515945508,208.8768087368007,0.001182226416793486,0.0007623552452501466,4724.328748142764,242345.21521966913,18186.694521360274,1212.5933936776903,-888.6765810332912,238,242,0.0057542761634465376,83.43448947823894,126.76169773445022,0.48524572833521923,0.07247137048624573
2025-05-21,False,273999.9873918508,274197.68981711764,-91.05884611087254,3.226547238948913,103.41703191702682,-197.70242526684825,-0.0003320919522392997,-0.0007210214841660787,3226.547238948913,242066.77387439067,17392.45609563587,957.331796525009,-1048.3906426358815,236,240,0.0057542761634465376,82.72580555018732,125.7085465625166,0.4840974026222534,0.07152454286388327
2025-05-22,False,269677.9479213539,273999.9873918508,-4243.7724122095715,11.854171041446191,66.41288724583248,-4322.03947049685,-0.015488221195209399,-0.015773867406482206,11854.171041446192,246918.57549492997,8959.159695085058,-1487.3168169516662,-2756.4555952579053,235,237,0.0057542761634465376,83.39053699330277,124.12612111023074,0.48753850548302746,0.07206131273635256
2025-05-23,False,276670.81372025324,269677.9479213539,7052.270884806051,32.863576781307835,26.54150912540946,6992.865798899334,0.026150713987421404,0.025930432402054098,32863.576781307835,257825.2633147361,8119.433047740895,19.803062311902494,7032.467822494148,243,257,0.0057542761634465376,78.07782001950285,133.94027361012124,0.4629923826989558,0.07203108076105709
2025-05-24,False,277615.2628810632,276670.81372025324,866.8011620613909,9.297853496025008,-86.9458522446038,944.4491608099696,0.0031329692872405,0.003413620497624729,9297.853496025007,260089.54185277995,8907.242404040197,2206.193137557833,-1339.3919754964413,243,257,0.0057542761634465376,78.2448260746277,133.9402736101212,0.45786234442159174,0.06933326767157584
2025-05-25,False,277406.9852888625,277615.2628810632,-302.1773846443445,4.005291525198445,-97.90508396882734,-208.27759220071562,-0.0010884754012022901,-0.0007502382615394836,4005.291525198445,260292.1368565609,7280.646539322304,800.1342100890237,-1102.311594733368,242,256,0.0057542761634465376,77.99950796876895,133.41221136495327,0.4577704613489695,0.06862133085549336
2025-05-26,False,279803.807343663,277406.9852888625,2268.3301683055397,3.5434649854602713,-132.0353514804501,2396.8220548005297,0.008176903569834549,0.008640092650531965,3543.4649854602712,258692.3407250946,6825.192930319965,567.4614416674738,1700.8687266380662,240,254,0.0057542761634465376,77.23699118790036,132.36935792218887,0.45430576045849363,0.06857772739488278
2025-05-27,False,275589.5096764725,279803.807343663,-4246.387269533979,16.11112715161515,-48.2007294950805,-4214.297667190513,-0.015176302673817605,-0.015061616591994375,16111.12715161515,270303.5085482047,-6416.955101659754,-2717.3936120313188,-1528.99365750266,240,252,0.0057542761634465376,76.88759507024673,131.31221692318493,0.44950406489553185,0.06777769651014985
2025-05-28,False,274280.77053688886,275589.5096764725,-1271.2003059268386,6.452058121471624,31.086775535367664,-1308.739139583678,-0.004612658542116354,-0.004748871396157526,6452.058121471624,266829.24435976765,-10846.359807237444,-1504.5240567450371,233.3237508181986,239,251,0.0057542761634465376,77.0679340007946,130.7876715624623,0.4536340909385019,0.06817910031770673
2025-05-29,False,276737.1046722958,274280.77053688886,2540.017940434593,72.16921379276016,11.514591234876939,2456.3341354069557,0.009260648989218799,0.008955546284192008,72169.21379276016,243511.70271986548,40134.169486803905,-627.3217139681448,3167.3396544027382,237,249,0.0057542761634465376,74.38632996908406,130.88707871205568,0.43170072518599506,0.07428497458384499
2025-05-30,False,283505.9691163232,276737.1046722958,6987.759135705874,94.37602414376417,124.51866753470071,6768.864444027409,0.025250532067178266,0.024459547815400128,94376.02414376417,243801.54060183626,114165.2806805049,-2095.275525304878,9083.034661010752,240,257,0.0057542761634465376,58.98748299780162,138.01793417924318,0.3397197791545586,0.06796775501284981
2025-05-31,False,282281.7038561905,283505.9691163232,-1082.605827923476,13.888206822186493,127.77122538705848,-1224.2652601327209,-0.003818635040729178,-0.004318305057028276,13888.206822186494,237229.84648668207,111599.96855997642,538.1538012902836,-1620.7596292137598,239,256,0.0057542761634465376,56.835215907956396,137.47564199617474,0.32592400783238534,0.0656542617630972
2025-06-01,False,280454.538224959,282281.7038561905,-1768.3499605241545,8.008937404108552,50.80673330326524,-1827.1656312315283,-0.00626448663291705,-0.006472844701838646,8008.937404108552,231422.79638845744,104410.41187259505,-477.9386282257111,-1290.4113322984438,238,254,0.0057542761634465376,55.70978468948737,136.40162268799892,0.32005173308188956,0.06441656605217605
2025-06-02,False,277155.8287760164,280454.538224959,-3251.9115871620656,6.538321677773405,40.259540102726675,-3298.7094489425654,-0.011595146963011999,-0.011762011304294157,6538.321677773405,225772.63252112622,98080.82852518096,-1858.5535192505317,-1393.358067911534,242,253,0.0057542761634465376,55.12722094834964,135.8584345442772,0.315472274405742,0.06514763230587738
2025-06-03,False,277391.87065007753,277155.8287760164,303.17899007665767,8.366114843142297,58.771001172415495,236.04187406109992,0.001093893610015584,0.0008516576220082213,8366.114843142297,217006.37512709192,89811.57101573868,247.90534363720022,55.27364643945746,241,251,0.0057542761634465376,54.48527545314008,134.7796320011686,0.3109633602107545,0.06429157728486645
2025-06-04,False,279343.98536629736,277391.87065007753,2027.409825499683,2.9785879840314413,72.31652129579444,1952.114716219857,0.0073088292773266115,0.007037389782350175,2978.5879840314415,214977.91079530123,87281.47629036548,635.8124928154823,1391.5973326842006,241,251,0.0057542761634465376,54.621462804429754,134.7796320011686,0.3098577995075785,0.06337568216572283
2025-06-05,False,286983.3846628561,279343.98536629736,7632.540887415972,8.138222429883792,-14.996631572658796,7639.399296558747,0.02732309012276601,0.027347641963872526,8138.222429883791,216330.18212538204,81727.3241390933,2736.645817917544,4895.895069498427,240,248,0.0057542761634465376,54.65862174639915,133.19069518331284,0.30748274712319973,0.06515005539673854
2025-06-06,False,280175.21260756964,286983.3846628561,-6632.186264054526,151.76261200645268,24.223179225478766,-6808.172055286457,-0.023110000851951487,-0.02372322726378253,151762.6120064527,300858.3956721967,81674.97446803038,-935.0129601858006,-5697.173303868728,247,257,0.0057542761634465376,75.18799009148255,133.25335604138186,0.41671081122412024,0.07519472125368619
2025-06-07,False,279345.68848567357,280175.21260756964,-758.4887272108253,14.123106509639085,56.91228817558516,-829.5241218960496,-0.002707194259447964,-0.0029607334431041594,14123.106509639085,291590.50813057815,77514.41436745509,787.401896432664,-1545.8906236434893,246,253,0.0057542761634465376,74.61932478935077,131.18977440363793,0.4151706684749791,0.07335444518745428
2025-06-08,False,279932.7556787462,279345.68848567357,619.7372071372613,5.861409422697659,26.80860464193356,587.0671930726301,0.0022185314922769784,0.0021015795742368804,5861.4094226976595,288121.5516241054,74099.43156401638,-2111.7016674168945,2731.438874554156,245,250,0.0057542761634465376,74.04846209649816,129.64736589271834,0.411943213908331,0.07207778297986975
2025-06-09,False,281705.8218984,279932.7556787462,1819.388410802038,2.2531862958905764,44.069004852301454,1773.0662196538458,0.006499376632043688,0.006333900494619627,2253.1862958905763,282800.11089925544,73339.47253366857,1121.5672657305681,697.8211450714688,241,244,0.0057542761634465376,72.57800011581321,126.52553867883321,0.4010889972265021,0.07363064549738961
2025-06-10,False,272400.6848330167,281705.8218984,-9311.282480716529,8.964535087687581,-15.10995042088587,-9305.137065383331,-0.03305321280890934,-0.03303139779886878,8964.535087687582,278525.47126275155,71090.63315016619,-6843.689215327884,-2467.593265388644,235,238,0.0057542761634465376,70.5671140177741,123.43446865604713,0.39280680060026196,0.06906445395117526
2025-06-11,False,274276.1507007574,272400.6848330167,1842.4643443160703,25.3110418366635,-58.31256526126598,1875.4658677406728,0.006763802174159408,0.0068849528366286775,25311.0418366635,284674.36991141294,81142.6589148985,-1881.558249918266,3724.022594234336,233,236,0.0057542761634465376,69.72607752966425,122.38974239339595,0.39523222644994993,0.06582233471325961
2025-06-12,False,277900.9323697995,274276.1507007574,3616.0406923605697,2.6573540741995547,-11.398330755771486,3624.7816690421414,0.013183941378504201,0.013215810633848638,2657.354074199555,279590.9393701205,81168.07466468206,-1437.6797352113174,5053.720427571887,231,232,0.0057542761634465376,68.30662654563976,120.31616808898033,0.38499455252484116,0.06644946393382316
2025-06-13,False,281607.6959453762,277900.9323697995,3748.1594572134923,90.90927394983856,-49.51339231300881,3706.7635755766623,0.013487394321606162,0.013338435189717592,90909.27394983856,325168.68524451414,54531.53726130498,809.53357186118,2938.6258853523127,233,236,0.0057542761634465376,79.87038884565904,121.69450454796215,0.44122486715631015,0.0714380344797628
2025-06-14,False,283244.4917803294,281607.6959453762,1663.623532102972,13.064277433206348,13.763419716568649,1636.7958349531968,0.005907592569578309,0.005812326362240783,13064.277433206347,329656.41527170176,45260.50946159716,827.4173090447432,836.2062230582287,232,235,0.0057542761634465376,80.07253844563662,121.18430722039815,0.4406025255663921,0.07249564820977994
2025-06-15,False,281403.45657089417,283244.4917803294,-1830.500321517519,12.341701327866312,-1.8068134101845619,-1841.0352094352008,-0.0064626157776694415,-0.00649980939739869,12341.701327866313,322839.3557601156,34941.94069475117,-1727.4237568708127,-103.07656464670654,229,231,0.0057542761634465376,78.95640678956282,119.11893221582427,0.43198241253226416,0.07235704359443552
2025-06-16,False,283595.35128683015,281403.45657089417,2171.844246139288,11.920030405138235,-31.97050020183545,2191.894715935985,0.007717901807620951,0.007789153490315353,11920.030405138235,310750.117235541,21469.42908047472,534.3601043307714,1637.4841418085161,228,230,0.0057542761634465376,78.81611754377207,118.59970229377093,0.42984176318906403,0.07284204004280458
2025-06-17,False,286104.9012310893,283595.35128683015,2555.043319370873,17.49942762209183,27.993947489626855,2509.5499442591545,0.009009468271525671,0.00884905176644091,17499.42762209183,295801.5926789142,6483.998397789066,-804.552978035573,3359.596297406446,226,228,0.0057542761634465376,78.66463449219351,117.57418408081728,0.426355855981272,0.07374959457121659
2025-06-18,False,286218.1434537788,286104.9012310893,147.3551931413554,22.240365051935356,11.872605399899548,113.24222268952047,0.0005150390381545241,0.00039580665064543506,22240.365051935358,279568.7632442326,-13020.868411839641,193.75176560605018,-46.39657246469481,225,226,0.0057542761634465376,80.11458945234527,116.5510772074082,0.4304715586769913,0.07452679193153024
2025-06-19,False,287043.7466942851,286218.1434537788,862.7328384732701,19.318717881002264,17.81088008600432,825.6032405062635,0.0030142492997219526,0.002884524476833488,19318.717881002267,294568.2801397869,-30322.78726104895,-289.4506986221506,1152.183537095421,223,223,0.0057542761634465376,81.68226058326516,115.01652932845248,0.43949791752015127,0.07622758626682156
2025-06-20,False,294929.7195937079,287043.7466942851,8175.878722702355,19.858729080996603,270.04709419854123,7885.972899422817,0.028483040710202426,0.02747306983775454,19858.729080996603,312835.01489497063,-44197.28920472712,2719.071081493671,5456.807641208686,229,228,0.0057542761634465376,85.99171758963045,117.38162416729669,0.4589942499429809,0.08153147260723154
2025-06-21,False,303538.90219377336,294929.7195937079,9106.902123133461,18.870024424220293,478.84949864377734,8609.182600065462,0.030878211038477352,0.02919062416607381,18870.024424220293,322767.9650362472,-47150.4917414162,3668.919414706394,5437.982708427066,229,227,0.0057542761634465376,86.39642029216745,116.85908594827352,0.4592050405160638,0.08360101158521895
2025-06-22,False,309519.0616851726,303538.90219377336,6371.152730627663,22.57032936776683,368.42290986066325,5980.159491399233,0.020989575585143423,0.019701459839838304,22570.329367766833,331348.94246709824,-54187.957197391916,2009.7741135413103,4361.378617086352,228,223,0.0057542761634465376,86.52936466928828,114.80300563586407,0.45806686060445273,0.0865092980277451
2025-06-23,False,290798.79685340053,309519.0616851726,-18490.916233383654,15.86755098548023,213.4810474029222,-18720.264831772056,-0.05974079958988663,-0.06048178335075653,15867.550985480231,341947.01060262637,-61286.998299366634,-3996.371555661746,-14494.544677721904,227,222,0.0057542761634465376,87.9042054932852,114.28532077024224,0.4623169657068727,0.0894652860431183
2025-06-24,False,285822.935665208,290798.79685340053,-4902.8178685157045,35.79275485594371,37.25056482093902,-4975.861188192587,-0.016859828587899372,-0.01711101023124608,35792.75485594371,316960.8149708449,-59374.280213331476,-713.0974580914855,-4189.720410424219,225,220,0.0057542761634465376,86.38847520638392,113.25525228185708,0.46172523014101774,0.07940672959358247
2025-06-25,False,296568.404985916,285822.935665208,10789.048029555144,11.79672757999614,31.781981267147053,10745.469320708,0.03774731375019059,0.03759484624877849,11796.72757999614,311472.4879204476,-57798.52540214131,2887.8445928864676,7901.203436668678,224,219,0.0057542761634465376,85.85909751937514,112.74734611277071,0.45938467420399565,0.07819386225392459
2025-06-26,False,297782.74270632706,296568.404985916,1362.8709794454348,90.04036826939273,58.49289076496435,1214.3377204110777,0.0045954692291316655,0.0040946294345439345,90040.36826939273,311502.72193886316,-14536.252239299349,1206.500465907072,156.37051353836296,224,219,0.0057542761634465376,88.65930293255653,114.91232070431457,0.46554208413104475,0.09087155306393911
2025-06-27,False,294442.7930673646,297782.74270632706,-3206.3349961395193,60.86411921437281,72.75052360858035,-3339.9496389624724,-0.010767363370353542,-0.011216061779162019,60864.11921437282,305803.25450231886,-40354.85955657191,-1124.4058389500383,-2081.929157189481,223,223,0.0057542761634465376,91.46621910631342,117.94816426070076,0.4889750070163035,0.07857852969051778
2025-06-28,False,290409.7056272064,294442.7930673646,-4004.747333335563,8.828248547602907,19.511858275034704,-4033.0874401582005,-0.013601104960376224,-0.01369735491958699,8828.248547602907,298564.6111201119,-39989.381270382706,-1405.6607242985683,-2599.0866090369946,219,219,0.0057542761634465376,89.84894861682652,115.83486932064629,0.4818567443930354,0.0770412621919775
2025-06-29,False,287977.9315460399,290409.7056272064,-2419.7045606137867,6.250961700679835,5.818558852105067,-2431.7740811665717,-0.00833203751020607,-0.008373597831086937,6250.961700679835,294199.85881154286,-40027.70484278752,-1022.0007204253152,-1397.7038401884713,218,218,0.0057542761634465376,89.25154006740536,115.30048090695742,0.4799286651600965,0.07532384979723386
2025-06-30,False,294859.81881609996,287977.9315460399,6933.428726051871,12.63839266924387,38.90306332252847,6881.887270060099,0.024076250179411417,0.023897273076148445,12638.39266924387,285136.09869304555,-37737.46826245399,-1471.566789612617,8404.995515664488,214,213,0.0057542761634465376,86.51903692706593,112.64259512216023,0.46747084491204005,0.06984995201257853
2025-07-01,False,303010.25508947496,294859.81881609996,8202.007128825684,12.743452741762288,38.827402708943495,8150.436273374978,0.027816632194097506,0.02764173262433663,12743.452741762288,287872.88266978937,-37567.75104693095,1934.280617550012,6267.726511275672,213,213,0.0057542761634465376,86.44797428322134,112.63876012318555,0.46189966443443975,0.07230046553069638
2025-07-02,False,291553.83201237535,303010.25508947496,-11420.775855774167,13.202448681884759,22.44477264354358,-11456.423077099595,-0.037691053896515024,-0.0378086975099792,13202.44868188476,296554.7375086759,-39445.636791748126,-1909.9379296567106,-9510.837926117458,215,215,0.0057542761634465376,87.80714907449764,113.70656324946167,0.4659573668014782,0.07599406426888121
2025-07-03,False,290499.64048938255,291553.83201237535,-1045.4704176451849,16.183129966555246,-7.462024618969844,-1054.1915229927704,-0.0035858572340795323,-0.003615769738701373,16183.129966555243,288018.83182289015,-39811.83309294277,-177.07303032140533,-868.3973873237795,216,215,0.0057542761634465376,87.50179653358029,113.70656324946165,0.47277971783236916,0.07038309775728632
2025-07-04,False,296840.3937401002,290499.64048938255,6438.419021657457,44.91201583177368,52.75375510803967,6340.753250717644,0.022163259860876746,0.021827060577547915,44912.01583177368,280248.23321291443,3517.8221610991677,1502.9751230429665,4935.4438986144905,214,214,0.0057542761634465376,71.99345082922001,111.70855980095162,0.3875211830424063,0.06920000329509012
2025-07-05,False,295085.51975163334,296840.3937401002,-1664.0910014831231,9.024983522777545,81.75800346094341,-1754.8739884668441,-0.0056060126471201375,-0.005911843621940925,9024.983522777544,284885.4990160417,4995.830970622919,-402.2144853211303,-1261.8765161619926,214,214,0.0057542761634465376,72.04394738610715,111.70855980095162,0.3849533918743655,0.07219645065809566
2025-07-06,False,291219.00770039484,295085.51975163334,-3823.0331123717524,16.15823015779475,27.32070870894729,-3866.512051238494,-0.012955678460906896,-0.013103021979841126,16158.230157794751,289120.2575515052,-4901.848868999012,-1870.0894724832651,-1952.9436398884873,210,209,0.0057542761634465376,71.63695120863726,109.0888319625739,0.3860249746374646,0.07067491621217087
2025-07-07,False,292066.8376762199,291219.00770039484,881.3212194603606,10.788374901114418,22.70286873418237,847.8299758250638,0.00302631763777954,0.0029113140056342356,10788.374901114417,292122.46761860256,-12489.132885829407,-480.78776587794647,1362.108985338307,210,209,0.0057542761634465376,72.19313988565915,109.08883196257389,0.3900496708615719,0.06914656869796933
2025-07-08,False,288894.3519396782,292066.8376762199,-3098.0558203238857,11.924405402193402,62.505510815596615,-3172.4857365416756,-0.010607352224487518,-0.010862190866251776,11924.405402193403,300746.7669301116,-4442.500676833835,-1823.5549023625267,-1274.5009179613596,210,209,0.0057542761634465376,72.50330343700408,109.10222060556255,0.3875953213953251,0.07567005124655164
2025-07-09,False,284303.36409984995,288894.3519396782,-4534.304852482295,6.0095760985427695,50.67341124742946,-4590.987839828268,-0.015695373834892654,-0.0158915804653283,6009.57609854277,301003.9294550761,-2834.1101612761486,-1383.1937083083528,-3151.111144173942,209,208,0.0057542761634465376,72.1283535910691,108.58212639546076,0.38782220811111634,0.07535909035821839
2025-07-10,False,277874.99842913303,284303.36409984995,-6310.358841867203,9.324519927707614,108.68230892200997,-6428.365670716921,-0.022195864132128058,-0.02261093776033976,9324.519927707614,306017.71074796375,-181.09627678898687,-213.43959238296128,-6096.919249484241,208,207,0.0057542761634465376,71.58790897536457,108.06387760274458,0.38681241657099497,0.07235500356201631
2025-07-11,False,275613.9447092303,277874.99842913303,-2038.345548191094,86.28821588399194,136.41995582770338,-2261.053719902789,-0.00733547659816159,-0.008136945506738094,86288.21588399194,345751.4433558286,37007.48965063247,-1479.0276136495654,-559.3179345415289,213,212,0.0057542761634465376,72.80731881354312,109.9945271282259,0.39999029046227624,0.06518133088508579
2025-07-12,False,277936.52608260536,275613.9447092303,2382.4101494530605,6.991671433038826,52.83710464494485,2322.581373375077,0.008644011651756146,0.008426937090666348,6991.671433038826,344792.022545277,40680.1692785347,1830.0056618632225,552.4044875898379,213,212,0.0057542761634465376,71.8617115941523,109.99452712822593,0.39779006028413555,0.061978318555478695
2025-07-13,False,269256.59491344646,277936.52608260536,-8038.006110937175,3.9524317033384446,637.9726265183583,-8679.931169158872,-0.028920294227712282,-0.031229904509129235,3952.431703338445,347123.46830980986,44971.362034593956,966.4390077412997,-9004.445118678475,212,211,0.0057542761634465376,70.64923837414098,109.4835198786393,0.3916867941515053,0.06081769815838692
2025-07-14,False,265547.8192611005,269256.59491344646,-3460.4075323140214,24.724346497759253,223.64377353417237,-3708.775652345953,-0.012851709475960588,-0.013774131153735167,24724.346497759252,332702.87268653495,49297.44811955189,-330.7181565277982,-3129.689375786223,211,210,0.0057542761634465376,68.92380481775955,108.96223087247462,0.3876114320411127,0.05647286029069375
2025-07-15,False,264905.9555017595,265547.8192611005,-429.9360176385803,9.755733617095405,202.17200808534938,-641.8637593410251,-0.0016190530912093266,-0.002417130598650901,9755.733617095404,330111.04936523427,52740.821301124946,-2254.2583679678805,1824.322350329302,211,210,0.0057542761634465376,67.75572017975679,108.9652818680557,0.3825975721633005,0.055683245441442576
2025-07-16,False,264070.4004217589,264905.9555017595,-752.2026256632935,13.768442800906122,69.58401153639423,-835.5550800005938,-0.0028395081727722706,-0.003154157400568686,13768.442800906123,332021.80027814466,40188.2035337073,2497.4783668821747,-3249.6809925454672,211,210,0.0057542761634465376,69.23933432153422,108.96528186805568,0.393954413503958,0.05224915926979669
2025-07-17,False,265915.981999962,264070.4004217589,2015.5306689078411,19.130804936367028,150.8182857683712,1845.581578203103,0.007632550508079456,0.006988975573390431,19130.80493636703,319977.44058751466,29288.794824055498,-104.35691697901348,2119.887585886853,211,210,0.0057542761634465376,67.66768620773365,108.9652818680557,0.3911310935196403,0.05058872501289522
2025-07-18,False,263053.15591813956,265915.981999962,-2693.2216363700422,69.01922995733867,100.58521549509229,-2862.826081822473,-0.010128092400141737,-0.010765904554856286,69019.22995733867,314330.30278231227,30544.904926868854,-2050.6214698620415,-642.6001665080007,222,227,0.0057542761634465376,69.87267783488421,115.14013354874054,0.401249115614066,0.05872945366089813
2025-07-19,False,262213.8448179874,263053.15591813956,-640.1397155393538,10.240078895234733,188.9313057175597,-839.3111001521482,-0.002433499470116835,-0.0031906520840728346,10240.078895234732,303428.2716993595,21865.76142053308,-3548.807884999166,2908.6681694598115,222,227,0.0057542761634465376,68.40711743625255,115.14013354874055,0.3981485533342431,0.05970874537735371
2025-07-20,False,239149.5845873072,262213.8448179874,-22834.15531576764,16.570181966814243,213.53473294574167,-23064.260230680193,-0.08708218794327086,-0.08795973472220726,16570.18196681424,288482.9729825367,11113.700748272622,-4678.477005438559,-18155.67831032908,221,226,0.0057542761634465376,66.38207805552594,114.62914146814647,0.38966512977701606,0.0613961697047206
2025-07-21,False,236770.09971010784,239149.5845873072,-2177.132276849996,63.981517886233924,138.37108246314256,-2379.4848771993725,-0.009103642310761289,-0.009949776334780482,63981.51788623392,239130.8490694333,-2508.459717932914,369.4283807158811,-2546.5606575658767,221,226,0.0057542761634465376,62.38347478529073,114.62914146814646,0.37504974979043254,0.0659323021493211
2025-07-22,False,235601.40375814046,236770.09971010784,-1028.494577915319,29.888465678982595,110.31290837306939,-1168.695951967371,-0.004343853295557877,-0.004935994677530133,29888.465678982593,215230.62970450346,-20226.565973101075,-225.22655861788962,-803.2680192974295,221,226,0.0057542761634465376,59.65791107705533,114.62914146814649,0.36157735904607435,0.07058332414146615
2025-07-23,False,247469.7944296393,235601.40375814046,11888.459643464255,24.711413465919758,-4.642441500493785,11868.390671498828,0.05046005437076471,0.050374872484556465,24711.41346591976,194770.62313846615,-36372.0051873474,3264.2132830376486,8624.246360426607,221,226,0.0057542761634465376,57.70177184095627,114.62914146814647,0.35056482407372325,0.07573084362150269
2025-07-24,False,249638.36181236312,247469.7944296393,2221.5000754759308,21.47245117302899,31.46024157907999,2168.5673827238215,0.008976853440218735,0.008762957870158935,21472.45117302899,189461.07312431658,-42912.37801718768,464.1454465602389,1757.3546289156911,221,227,0.0057542761634465376,57.10275864358659,115.14013354874055,0.3411251441383766,0.07159807488481587
2025-07-25,False,248291.17314381385,249638.36181236312,-1223.2668688165318,106.71499272772374,17.206807004994733,-1347.1886685492502,-0.004900155809129936,-0.005396561084477249,106714.99272772374,187474.15196723316,-52285.84395066678,165.16289539531886,-1388.4297642118509,239,262,0.0057542761634465376,58.496713224681386,132.48865448473353,0.3454525802937709,0.08443296550437678
2025-07-26,False,245893.26387299655,248291.17314381385,-2356.4445704380764,60.0861622049234,-18.621461825699676,-2397.9092708173002,-0.009490649790732551,-0.009657650090639333,60086.1622049234,182871.09385099742,-45244.43342408535,-1225.394972630252,-1131.0495978078243,240,260,0.0057542761634465376,60.90011548157256,133.36989440601263,0.3574520721933743,0.08819120662279391
2025-07-27,False,243149.64317829564,245893.26387299655,-2771.1100298044603,17.199227846813184,-44.688562950343524,-2743.62069470093,-0.011269564632058134,-0.011157770861580029,17199.227846813184,195453.65955165704,-59403.98821861288,-1631.7189419327033,-1139.3910878717572,240,259,0.0057542761634465376,63.27876386665848,132.86240449172124,0.3729268336664097,0.08852972011484476
2025-07-28,False,243897.6360286916,243149.64317829564,686.9725066843771,17.71433850775245,-78.73468221935,747.9928503959746,0.002825307484332342,0.003076265466067289,17714.33850775245,208187.7889985459,-73894.47639288972,-1371.100407832239,2058.072914516617,240,258,0.0057542761634465376,65.3073732050951,132.36621533233946,0.3862842232417676,0.08887768995174768
2025-07-29,False,246140.44473303217,243897.6360286916,2327.5373018595965,74.03876130457301,10.689836214452004,2242.8087043405712,0.009543090862864246,0.009195696772053716,74038.76130457301,200427.37890537275,-45140.97180466032,669.8128997871036,1657.724402072493,242,257,0.0057542761634465376,61.349256140570404,135.4088655649931,0.3573815800211511,0.09231909197608759
2025-07-30,False,250197.05812753155,246140.44473303217,4009.7937523051573,15.840394505888177,-62.66003670011019,4056.6133944993794,0.01629067403633825,0.016480889188687568,15840.394505888176,214962.98226282728,-57798.86586877866,3299.0862946807524,710.7074576244049,243,256,0.0057542761634465376,63.038109650519594,134.8804913962226,0.365603355087734,0.09588859937189666
2025-07-31,False,244666.8941609169,250197.05812753155,-5522.295224803625,10.685104178673479,-2.816362367655092,-5530.163966614643,-0.02207178320213812,-0.022103233379330078,10685.104178673479,222444.95433967028,-63835.440736450924,-8180.075500020172,2657.780275216545,243,256,0.0057542761634465376,63.9735136619197,134.8804913962226,0.37047554398721483,0.09533989277656821
2025-08-01,False,242569.11877434675,244666.8941609169,-1983.2773260912163,185.6458488899974,-71.1477884110551,-2097.775386570159,-0.008106030580446323,-0.008574005869345185,185645.8488899974,252078.574735998,-92251.14913714651,160.32270361151882,-2143.600029702735,252,282,0.0057542761634465376,44.278510806545604,139.56198107984304,0.2555276792871999,0.07970013109810549
2025-08-02,False,239836.1827150967,242569.11877434675,-2706.4583527878167,43.47722154367718,-16.999515081438226,-2732.9360592500557,-0.011157472832745608,-0.011266628139060054,43477.22154367718,213158.7076533061,-59826.57447853166,-2688.906104382132,-17.552248405684423,251,281,0.0057542761634465376,43.030275335855364,139.07955383808437,0.24766268434632388,0.07869537424246972
2025-08-03,False,240485.1418029752,239836.1827150967,707.9602820430517,39.39995397095463,19.601240193574824,648.9590878785223,0.0029518493582932123,0.00270584313230763,39399.95397095462,175621.81579174814,-30941.066872185795,1167.9439299583673,-459.98364791531554,254,281,0.0057542761634465376,42.961282126642764,139.07955383808434,0.24481257456360864,0.07901087388203663
2025-08-04,False,243573.54584706773,240485.1418029752,3091.929597885091,47.00838649310049,-43.48283270051408,3088.404044092504,0.012857050438559937,0.01284239026551908,47008.38649310049,157773.98445640237,7487.396028965879,3423.297649605075,-331.3680517199841,260,278,0.0057542761634465376,42.21177866868495,137.48622340998756,0.24138111055177044,0.08563820031841034
2025-08-05,False,245248.3103832021,243573.54584706773,1699.2610275947327,49.85414464369809,-25.35765318333996,1674.7645361343746,0.006976377593409286,0.006875806361935164,49854.14464369809,202625.97737241047,41273.15257319082,486.8792421544565,1212.3817854402764,261,278,0.0057542761634465376,42.23152743988401,137.48622340998756,0.24285830042621184,0.08659467287522472
2025-08-06,False,243358.89105190785,245248.3103832021,-1858.7055620012898,47.909425506610816,-17.19565621364671,-1889.4193312942539,-0.007578872038290703,-0.007704107434387718,47909.425506610816,239218.38224623352,77873.7893015981,-1141.721088470039,-716.9844735312513,263,277,0.0057542761634465376,43.12906187047471,136.99808707225205,0.2469962257621361,0.08755775882724982
2025-08-07,False,237844.01174819784,243358.89105190785,-5573.495656527982,19.9364753799064,-78.55282819787928,-5514.879303710009,-0.02290237119522035,-0.022661507372392236,19936.475379906402,252234.8657741247,89027.27574760023,-5061.134520084809,-512.3611364431711,263,277,0.0057542761634465376,43.74428382352295,136.9980870722521,0.2499046476300583,0.08686590829375646
2025-08-08,False,239585.14120392056,237844.01174819784,1814.536867121304,60.04877455749845,13.358636841096132,1741.1294557227095,0.007629104696746913,0.007320467910564926,60048.77455749845,284442.0231897692,126256.55089676606,1615.8995732476483,198.63729387365663,265,282,0.0057542761634465376,52.54583689358002,136.41225769502663,0.30277886797843406,0.0746290104004245
2025-08-09,False,241441.35088609555,239585.14120392056,1899.1735802297999,32.54318875439299,10.420709300423063,1856.2096821749838,0.007926925562605474,0.007747599341292576,32543.18875439299,309281.7903077462,135153.94228788104,2021.022787260215,-121.84920703041453,265,281,0.0057542761634465376,52.96421355658948,135.9242302567468,0.304711997986322,0.0755067977687981
2025-08-10,False,238702.87341342954,241441.35088609555,-2747.5260556877474,26.410024515974253,-35.45860753771294,-2738.477472666009,-0.011379683080815531,-0.011342205726631875,26410.024515974255,329541.1252240088,134890.46507578058,-1468.2628628089706,-1279.263192878777,265,279,0.0057542761634465376,53.0987014769995,134.94891035962917,0.3056013890984433,0.07525407374943754
2025-08-11,False,241287.41007218277,238702.87341342954,2540.716408054892,9.576321086625772,-53.39657178496824,2584.5366587532344,0.010643845093789097,0.010827421646813854,9576.321086625772,337141.1195053891,135958.62687793857,1454.086336736082,1086.630071318811,265,279,0.0057542761634465376,53.45455536569154,134.94891035962914,0.30627544700254045,0.07717925404863328
2025-08-12,False,246490.2242405222,241287.41007218277,5177.849546731623,28.458604705180903,-53.423226312991716,5202.814168339434,0.021459261157399944,0.02156272541026064,28458.6047051809,323067.2744636646,114788.0469501903,3849.7998666158283,1328.049680115795,265,280,0.0057542761634465376,52.33338011569046,135.4395337086314,0.300508470883029,0.08007789068708716
2025-08-13,False,244048.49814059396,246490.2242405222,-2410.7536445758114,38.57542813995892,-7.6029727875449,-2441.7260999282257,-0.009780321519864524,-0.009905975409173302,38575.42813995892,304847.4301539515,83977.17937228555,-1596.9607728635547,-813.7928717122566,264,277,0.0057542761634465376,50.85068238128375,133.9707499312387,0.2917689241381735,0.07862438069278661
2025-08-14,False,241519.5979319025,244048.49814059396,-2527.5352657970825,23.664525699337318,-22.299582804976012,-2528.900208691444,-0.010356692563381373,-0.010362285479972793,23664.52569933732,292345.2905134985,63233.194809811874,-5652.074485281932,3124.539219484849,261,274,0.0057542761634465376,50.11927582037129,132.54879974810328,0.2853059759743177,0.07932396500173833
2025-08-15,False,241933.56326012677,241519.5979319025,435.6287134393309,106.81835675311174,-85.15497153805674,413.96532822427594,0.0018036992325656251,0.0017140030530400072,106818.35675311174,271245.88012072747,19039.84406137241,310.7419240880633,124.88678935126734,267,290,0.0057542761634465376,52.12200059211341,139.01788934118102,0.2962140250600641,0.08126782151619096
2025-08-16,False,242051.8558627423,241933.56326012677,76.10604797275275,41.28625761047125,-83.47281225324427,118.29260261552577,0.00031457416220883575,0.0004889466389925306,41286.25761047125,232643.0136005669,-21168.381667556372,855.3580796168665,-779.2520316441137,263,282,0.0057542761634465376,50.653525384662856,135.21635244525044,0.28929119885403043,0.07870062070974951
2025-08-17,False,242521.29601261386,242051.8558627423,463.576771023187,37.978497847397165,-43.8418766957979,469.4401498715877,0.001915196102797338,0.0019394197503603858,37978.497847397164,226138.2053128202,-58709.28644527353,-340.26868830441794,803.8454593276051,262,280,0.0057542761634465376,50.75290050652415,134.2456733906286,0.2902420603201452,0.07850132592196546
2025-08-18,False,243012.53745818682,242521.29601261386,464.9661480339237,39.09527570769546,-65.37057324673907,491.2414455729673,0.0019172178100587923,0.002025560038024113,39095.27570769546,262628.4322056477,-96665.056555908,-300.724439357292,765.690587391216,261,279,0.0057542761634465376,51.587991775950975,133.7698868195619,0.2947472288671218,0.0776513032424745
2025-08-19,False,240869.2212652875,243012.53745818682,-2135.257014622428,24.373842473982954,-16.3146641970649,-2143.3161928993463,-0.008786612563106231,-0.008819776194749331,24373.842473982957,281274.54256289045,-117050.85020970242,-2749.495749494058,614.2387348716306,259,278,0.0057542761634465376,51.97348250506025,133.30342266523647,0.29703551101430203,0.07741152615666355
2025-08-20,False,244554.70632860606,240869.2212652875,3664.4338118295827,103.8134433690061,-124.86469485798108,3685.485063318558,0.015213375094502692,0.015300772111765391,103813.4433690061,297273.5075119905,-212964.19546857604,3720.396301179555,-55.96248934997266,256,275,0.0057542761634465376,53.24701428168226,134.0064634918101,0.3034223141370007,0.0824070121268437
2025-08-21,False,243349.91028961894,244554.70632860606,-1182.0436274687106,67.90158755634175,-45.14917603795138,-1204.7960389871012,-0.004833452789415587,-0.004926488870626055,67901.58755634175,315393.7533660735,-154995.6320882122,-1957.1823589464962,775.1387314777857,256,273,0.0057542761634465376,52.37560839264862,130.91295133342922,0.30098814055871637,0.07266330927710932
2025-08-22,False,241924.460697064,243349.91028961894,-1408.3110719165297,56.203034642517814,-39.06451400411293,-1425.4495925549347,-0.005787185498611654,-0.005857612977372619,56203.03464251781,347123.5003682844,-198881.79963738826,1945.8543206365148,-3354.1653925530445,256,273,0.0057542761634465376,72.84458836211932,129.5890748034185,0.4165006287586577,0.0721091390147747
2025-08-23,False,241431.32829171448,241924.460697064,-495.20962325357584,78.21999630735837,-80.29721421141252,-493.1324053495217,-0.0020469597072851333,-0.002038373482072234,78219.99630735838,323027.9004871852,-152039.49790367676,-1750.6885221764696,1255.478898922894,255,272,0.0057542761634465376,60.4363617106735,132.42016641014172,0.34551063425989553,0.08107302729202148
2025-08-24,False,245631.7632062786,241431.32829171448,4116.455851163811,29.161245225697414,-113.14030862602931,4200.434914564143,0.017050214155264955,0.017398052457752618,29161.24522569741,298463.0621017639,-130548.60178886403,1377.5774067596897,2738.878444404121,254,270,0.0057542761634465376,58.604524928193385,131.46332327113794,0.33500353127714066,0.08134694249866196
2025-08-25,False,240579.05953725358,245631.7632062786,-5114.440060114653,100.08603710469288,-161.82242819430138,-5052.703669025044,-0.020821574512004812,-0.02057023734663275,100086.03710469288,265070.9234140768,-186989.71874444862,-5222.241637425057,107.80157731039981,254,268,0.0057542761634465376,59.773668408523854,132.98311644582762,0.3413212984218244,0.09088883250748471
2025-08-26,False,240658.65319470735,240579.05953725358,16.0261689424251,79.66698932959649,-143.23447784096132,79.59365745378993,6.661497876519655e-05,0.0003308420009908006,79666.98932959649,277145.3252229479,-114598.88990492644,697.2280003530092,-681.2018314105835,255,269,0.0057542761634465376,57.81232707268645,130.97599673148537,0.33184479281600787,0.07766409940418295
2025-08-27,False,238655.6619638941,240658.65319470735,-1997.5722981536858,50.77915340842947,-45.36022074886023,-2002.9912308132552,-0.00830043828317085,-0.008322955373612578,50779.153408429476,232952.633928823,-70814.83203853514,-1096.2588809880658,-901.3134171656201,253,268,0.0057542761634465376,56.31498275703923,130.48777332281992,0.3225866878114475,0.0760410659941812
2025-08-28,False,236210.41272385127,238655.6619638941,-2411.9405756035467,51.188952750744335,-17.88028831146544,-2445.2492400428255,-0.010106362261660676,-0.010245930140189862,51188.952750744334,273691.65669310535,-22036.099275679764,165.72304686247344,-2577.66362246602,252,266,0.0057542761634465376,55.10142167218808,129.55077523119397,0.3161857964504727,0.0759856009214948
2025-08-29,False,240366.98190137872,236210.41272385127,4169.164739287161,206.79345817783567,-194.197896418111,4156.569177527436,0.017650215717463925,0.017596892235173373,206793.45817783568,392611.84708785394,167876.5355896251,3311.0196056449663,858.1451336421942,253,278,0.0057542761634465376,62.956747408649434,133.08381363337548,0.36047601506990906,0.07148310531288564
2025-08-30,False,238133.95732874327,240366.98190137872,-2613.0937596891126,25.14781496509166,-405.2170020187568,-2233.0245726354474,-0.010871267505290102,-0.009290063697482566,25147.814965091657,417465.34874264395,194210.5157524182,-2192.104995615233,-420.98876407387957,251,275,0.0057542761634465376,63.405208347459194,131.6562781664224,0.36403529388532097,0.07019690507050234
2025-08-31,False,235957.52797627315,238133.95732874327,-2573.5980962483077,4.93050272841772,-402.0992465065935,-2176.429352470132,-0.010807354503815945,-0.009139517004983784,4930.5027284177195,417866.1662049019,194647.1040863618,-2927.233014006407,353.63491775809933,251,273,0.0057542761634465376,62.71955466760037,130.70659857254037,0.36153366421055544,0.07001011277120843
2025-09-01,False,237226.75393315218,235957.52797627315,1092.4372935571264,5.016188102005868,-181.80485142392456,1269.225956879045,0.004629804791254539,0.005379044134615077,5016.188102005868,409646.7586355842,191938.2991589979,2442.4523488924856,-1350.0150553353587,250,269,0.0057542761634465376,60.90836264226357,128.77947912142523,0.35387310394158694,0.06990351313464904
2025-09-02,False,238100.81317294532,237226.75393315218,779.893357755878,18.636386980978195,-112.80226901823046,874.0592397931304,0.003287543857619209,0.003684488470636117,18636.386980978194,411033.0153359852,208669.8634583109,1653.2268832987243,-873.3335255428464,251,270,0.0057542761634465376,62.41659951061747,129.27473801066085,0.3647370586180335,0.07078540947288148
2025-09-03,False,243724.92202564504,238100.81317294532,5619.10553555146,5.557450273878743,-10.560767422140742,5624.108852699722,0.02359969065485721,0.023620704094843355,5557.450273878743,411716.7377771038,209016.5317946334,5009.828130299542,609.2774052519172,251,270,0.0057542761634465376,61.408155409501845,129.27473801066085,0.35924464801467637,0.07088814149415434
2025-09-04,False,238467.56182467125,243724.92202564504,-5375.572508050394,6.05521597798054,-124.2675230545808,-5257.360200973794,-0.022055900001415406,-0.021570876532768398,6055.21597798054,414340.5481010097,210989.4868156295,-4232.594636038428,-1142.977872011967,249,268,0.0057542761634465376,60.16488509659238,128.31357424294654,0.35276002879790014,0.07114906083318695
2025-09-05,False,240766.71260025623,238467.56182467125,2236.1639983477335,12.98193972924448,-75.96871696648779,2299.1507755849766,0.009377225066744425,0.009641356493070465,12981.939729244481,420965.4035266707,216376.55821165623,2461.4395705500474,-225.27557220231316,255,283,0.0057542761634465376,62.36496513072126,134.22953292970053,0.3652567418073135,0.0768794309675063
2025-09-06,False,243909.46219125646,240766.71260025623,3064.7217278917733,82.1350510516354,-160.16291416009906,3142.749591000237,0.01272900931691548,0.01305309009313978,82135.0510516354,412549.11488050944,190265.57638573783,3017.6843639333147,47.037363958457846,257,277,0.0057542761634465376,56.46567323184117,133.1636769814017,0.33183719343406254,0.08304842130696542
2025-09-07,False,242132.40842454982,243909.46219125646,-1851.4324464434162,3.373491246493557,-77.75217098327745,-1777.0537667066324,-0.007590654457643199,-0.007285710651574448,3373.4912464935574,413415.86420734075,191508.95282210573,-2068.382729572819,216.95028312940258,258,274,0.0057542761634465376,54.738054932964864,131.74129932146207,0.3250403682361634,0.0829680952664613
2025-09-08,False,243623.04770491083,242132.40842454982,1386.8610000450528,9.071287662146561,-112.84956797809133,1490.6392803609976,0.005727696713830064,0.006156298076989935,9071.287662146562,402951.6628806133,185972.03452473896,1370.8617858400557,15.999214204996576,257,270,0.0057542761634465376,53.01944616078265,129.86594162126192,0.31431494391625575,0.08123761848868769
2025-09-09,False,243908.69093737402,243623.04770491083,227.33790137823237,63.46800124574062,-121.77333233068364,285.6432324631754,0.0009331543280486176,0.0011724803344926613,63468.00124574063,431860.76725405385,188951.69087354414,-274.3134102070268,501.6513115852591,253,265,0.0057542761634465376,52.8347186185791,130.09819035471136,0.3089608136918291,0.08950071421974781
2025-09-10,False,241619.44155665734,243908.69093737402,-2346.790629234318,10.57885913853344,-68.12010765617853,-2289.2493807166734,-0.009621594951025669,-0.009385681879226112,10578.85913853344,438209.71102382103,178791.71405362448,421.7819110301114,-2768.5725402644293,252,263,0.0057542761634465376,53.43629232341044,129.1089645005235,0.3122878136193089,0.08741918270669352
2025-09-11,False,241408.18309341598,241619.44155665734,-221.04904867387677,14.238922777575436,-24.02950821008146,-211.25846324137075,-0.0009148644962083607,-0.0008743438105821164,14238.922777575433,427453.8737599505,175804.3469216002,-438.01724296419803,216.96819429032138,251,261,0.0057542761634465376,51.97818087750861,128.1145306384227,0.30312655677990785,0.08461720410986584
2025-09-12,False,241026.5395038851,241408.18309341598,-376.2634861072153,138.4802165103021,-133.1001130866425,-381.6435895308748,-0.0015586194357032849,-0.0015809057698064565,138480.2165103021,372197.96717806277,104141.34036567644,1375.9494052574726,-1752.2128913646877,255,265,0.0057542761634465376,45.73913832851501,128.09823462313415,0.2625996742330675,0.06335457688115616
2025-09-13,False,239556.63192701005,241026.5395038851,-1548.5685323605635,22.505351815328467,-101.16630730081488,-1469.907576875077,-0.006424888045723289,-0.00609852997890045,22505.351815328468,352823.4912355936,97657.43351385872,210.48482678208939,-1759.0533591426529,250,259,0.0057542761634465376,43.9118973884271,125.21732215555798,0.25280855361275056,0.06215870053550902
2025-09-14,False,238215.45194375617,239556.63192701005,-1375.2030800542302,23.567951735997724,-57.591048536348524,-1341.1799832538793,-0.005740617861388357,-0.005598592585249405,23567.951735997725,364290.80992815987,80750.08373364658,-1231.712985935474,-143.4900941187566,248,257,0.0057542761634465376,48.54771566922153,124.25187458007457,0.2797547927054598,0.06256980815788328
2025-09-15,False,240713.91746276067,238215.45194375617,2450.4566053101107,19.69259415850844,-67.70150785290853,2498.4655190045105,0.0102867239942465,0.01048825967676694,19692.594158508444,359439.0382234788,76546.55851774492,2188.680216368988,261.77638894112295,246,254,0.0057542761634465376,46.43035738062545,122.80777807443961,0.26760039709584316,0.06128548213438789
2025-09-16,False,244194.32863446814,240713.91746276067,3456.144035252958,10.194681087359626,-34.46181754187741,3480.4111717074757,0.014357890360816533,0.014458703544824774,10194.681087359626,368343.7998833825,72989.79499390766,1788.814437682679,1667.329597570278,247,254,0.0057542761634465376,47.44639384332471,122.80254421741036,0.27272042733723606,0.06065839438227901
2025-09-17,False,244165.68409209768,244194.32863446814,-41.326963137581515,10.163434576417556,-22.845855343551946,-28.644542370447127,-0.00016923801371097116,-0.00011730224256487477,10163.434576417556,377853.5024841535,73675.56918232425,-979.0769072694075,937.7499441318257,247,254,0.0057542761634465376,48.14836558298876,122.80254421741039,0.27638776952760974,0.06142468314364263
2025-09-18,False,242551.98076730888,244165.68409209768,-1636.764575683448,5.266608439957161,-28.32785933459364,-1613.7033247888114,-0.00670349964111284,-0.006609050451905982,5266.608439957161,378920.51290754334,73045.4952440153,-1641.0292487423537,4.264673058905942,247,253,0.0057542761634465376,48.13511723626592,122.32378820016609,0.27781540340670846,0.06315243499943932
2025-09-19,False,253209.76944325957,242551.98076730888,10675.326740853921,77.93627713885519,-60.39821223563182,10657.788675950698,0.04401253169354757,0.043940225275567624,77936.27713885519,363083.3069137266,117179.14380526595,10457.105393291771,218.22134756214814,248,255,0.0057542761634465376,43.37529038289944,123.47994286022444,0.24647851000890483,0.06595592742114703
2025-09-20,False,251865.7122210757,253209.76944325957,-1309.4907325448032,38.94896347637995,-4.382473837307096,-1344.057222183876,-0.005171564807408586,-0.005308078061676284,38948.963476379955,370416.47294802265,132749.6009731872,-3110.658303038162,1801.1675704933582,248,254,0.0057542761634465376,42.65639304146442,124.88771218938842,0.24062084114935672,0.06595652648540995
2025-09-21,False,252911.72479095112,251865.7122210757,1047.1169307070222,6.695503114893977,-5.591142283303242,1046.0125698754316,0.004157441366167035,0.004153056645349534,6695.503114893978,363253.6225961621,136606.34890883855,-245.68955111312664,1292.8064818201487,248,253,0.0057542761634465376,41.74298272356378,124.40202479063782,0.23584756429035142,0.06508660869007932
2025-09-22,False,255268.49116518968,252911.72479095112,2274.873271804501,8.017270207467742,-89.91037264152934,2356.7663742385625,0.00899473234657207,0.009318533477190872,8017.270207467743,363230.69752250286,136107.26426046886,1159.013466748915,1115.8598050555865,248,253,0.0057542761634465376,41.74372668506351,124.40202479063782,0.23582697077577605,0.06574227815611995
2025-09-23,False,256236.61043659292,255268.49116518968,922.7345958990153,13.614833793209755,-58.99950929741865,968.1192714032242,0.0036147610372401742,0.003792552958589525,13614.833793209757,357844.6925086152,139368.97920195287,985.9780505399744,-63.24345464095933,248,253,0.0057542761634465376,40.27637479374022,124.40202479063782,0.23111928344597832,0.06627794624987683
2025-09-24,False,255091.64495572782,256236.61043659292,-1161.5268679632427,8.729489122299928,-25.29087622045587,-1144.9654808650869,-0.004533024636815778,-0.004468391456295877,8729.489122299927,352664.5269221148,136947.02928229142,-586.0715190109961,-575.4553489522465,249,251,0.0057542761634465376,38.66196049732265,123.41563380520905,0.22382146311705464,0.06616491868163638
2025-09-25,False,252489.2394406117,255091.64495572782,-2874.7171241510887,10.517151677782659,-282.82876071275365,-2602.405515116118,-0.011269350372686676,-0.010201845362547157,10517.151677782658,342334.52488665667,135254.80173413927,-3441.771585361793,567.0544612107046,245,247,0.0057542761634465376,37.235987605322045,121.43399769694045,0.21634604204542607,0.06559966155397379
2025-09-26,False,253044.09268898438,252489.2394406117,490.81652282218386,49.57055985452579,-113.60728540501324,554.8532483726713,0.0019439106550029012,0.0021975322576199487,49570.55985452579,367876.20001072227,104672.26624743323,-557.409866394498,1048.2263892166811,250,254,0.0057542761634465376,46.86119896982481,124.37176149563611,0.2676075561381371,0.07177851229238129
2025-09-27,False,253879.01954710632,253044.09268898438,813.2936991981177,9.384544647245788,-31.017703571059485,834.9268581219314,0.003214039460694837,0.003299531118270906,9384.544647245788,363458.06329074944,101309.9142562104,1866.7591631908272,-1053.4654639927096,247,251,0.0057542761634465376,46.57635683836479,122.9056030937142,0.2659291967918977,0.0733355724946683
2025-09-28,False,254021.7934659395,253879.01954710632,83.71031190624535,12.930095597776017,-71.99370252472121,142.77391883319055,0.000329725205554897,0.0005623698999936439,12930.095597776017,356433.4676121244,98067.76648231603,-468.6841454921654,552.3944573984097,244,247,0.0057542761634465376,46.28300391510831,120.95235049200787,0.2634416843387699,0.07524829278614496
2025-09-29,False,255789.06276011985,254021.7934659395,1723.6835263218072,11.438474503898878,-55.02424236243532,1767.2692941803436,0.006785573406137404,0.0069571561954085166,11438.474503898877,351435.4711336985,96607.54507216245,4262.124313313534,-2538.4407869917263,243,245,0.0057542761634465376,46.07408488234244,119.98680952749969,0.261644877029346,0.07637183467443152
2025-09-30,False,253595.22283191996,255789.06276011985,-2191.12470794155,12.585008123864815,-9.869787865524778,-2193.83992819989,-0.008566139162863256,-0.008576754238539444,12585.008123864816,349759.8154381813,98932.00266959291,924.7715455660127,-3115.8962535075625,244,244,0.0057542761634465376,45.98133541133678,119.4924404061117,0.2599407413644122,0.07889549768594056
2025-10-01,False,251701.57787407326,253595.22283191996,-1904.1695586666638,14.287134503399862,-24.811735323377015,-1893.6449578466866,-0.007508696486482025,-0.007467194912822837,14287.134503399862,344051.2400843797,98965.05556536003,93.18882265584162,-1997.3583813225055,246,244,0.0057542761634465376,46.18744847046017,119.48890208428776,0.2602396391681131,0.08070929146344806
2025-10-02,False,251316.71574155902,251701.57787407326,-317.06000252753915,17.784970299254706,50.01715968744863,-384.8621325142425,-0.001259666328695662,-0.0015290413980113772,17784.970299254706,348629.41038153763,107748.23475941451,620.5686005243126,-937.6286030518515,245,242,0.0057542761634465376,45.708365556961226,118.50221377125074,0.26028376784776075,0.0769331903326295
2025-10-03,False,246979.69283010374,251316.71574155902,-4262.115255486677,92.59999983307054,-17.692343864478367,-4337.022911455269,-0.01695913955787013,-0.017257200336468017,92599.99983307054,364543.2319247832,106120.56831080111,1064.8516149867314,-5326.966870473407,251,254,0.0057542761634465376,45.51057425020072,121.11789057517247,0.25651701395680776,0.08253859596558201
2025-10-04,False,247542.55568422412,246979.69283010374,517.9638333119948,22.014253110981105,-66.91327391935661,562.8628541203703,0.0020971919892551647,0.002278984347541323,22014.253110981103,366648.9615809484,113817.16004678085,-225.62483966445723,743.5886729764525,251,253,0.0057542761634465376,43.65501353874073,120.63688315178209,0.24850752508660023,0.08079424064418368
2025-10-05,False,248597.1150899928,247542.55568422412,1064.4365484947075,17.196441782691206,-7.319299056657872,1054.5594057686742,0.004300014377538173,0.0042601135907876595,17196.441782691207,366141.90821607504,122039.47343880951,-198.9655080856386,1263.4020565803462,251,252,0.0057542761634465376,42.49620512492256,120.16398806626704,0.24111695415275503,0.08259991075851204
2025-10-06,False,253895.71776232324,248597.1150899928,5312.907770255302,14.900584034966869,-0.5954861101307571,5298.602672330466,0.021371558428310868,0.021314015130112666,14900.58403496687,360174.2376602377,124509.84992832023,5186.392306682656,126.515463572647,248,249,0.0057542761634465376,41.61398961130899,118.73441808872052,0.23561313960061944,0.08242990203848269
2025-10-07,False,258512.53640008366,253895.71776232324,4602.950074302699,9.314945306480967,-23.183508764209698,4616.818637760428,0.018129293848947903,0.018183916918529216,9314.945306480968,366972.2126108293,125747.1311666989,2949.903860489862,1653.0462138128382,249,249,0.0057542761634465376,41.76118471389418,118.73441808872052,0.23626475534777697,0.0803002488053148
2025-10-08,False,256749.3551523298,258512.53640008366,-1767.0497569866504,15.435930827899314,-19.304440060710974,-1763.1812477538388,-0.006835450928584362,-0.006820486434843816,15435.930827899316,377824.06570029655,134805.1939831638,-2636.9872448798037,869.9374878931542,248,248,0.0057542761634465376,44.29486193796982,118.25586373183395,0.25233840716930106,0.08362041493689758
2025-10-09,False,254914.9886861744,256749.3551523298,-1823.6911084780793,10.10218374560058,0.5731739317461546,-1834.366466155426,-0.007103001709180848,-0.007144580616637161,10102.18374560058,375117.7362260681,130966.18839692626,-2579.152496263743,755.4613877856642,248,247,0.0057542761634465376,43.35791674601259,117.7818602768715,0.2476171482859281,0.08292589702342128
2025-10-10,False,232714.4407922897,254914.9886861744,-22240.868793903486,101.7665651293169,-142.0874651481318,-22200.54789388467,-0.08724817990708346,-0.08709000599888517,101766.5651293169,388977.17208742036,198266.48052282495,-24720.23543377991,2479.366639876431,258,264,0.0057542761634465376,54.20219104193929,122.80767657012451,0.3153465189704815,0.09261417923748652
2025-10-11,False,234901.23032901651,232714.4407922897,2095.3322738491506,58.5059592232796,-149.96322210093615,2186.789536726807,0.009003877312965501,0.009396879408436178,58505.9592232796,312933.22761926614,169704.9956123614,-1075.2957395408214,3170.6280133899722,257,263,0.0057542761634465376,46.74546836418249,122.35234522691663,0.2738551952537348,0.07444484333648481
2025-10-12,False,236261.55382342773,234901.23032901651,1279.179467620166,20.71487708440729,-101.85890387544762,1360.3234944112062,0.005445605652335119,0.0057910445701193514,20714.877084407293,306625.4837680478,161918.3021077848,3831.850749115709,-2552.671281495543,257,262,0.0057542761634465376,45.49145021589228,121.90496565807764,0.2610056341505918,0.07827887751746863
2025-10-13,False,237641.6749762633,236261.55382342773,1273.4502961692742,14.80946580528593,-121.48032247160128,1380.1211528355896,0.005390002205441344,0.005841496978670664,14809.46580528593,307465.28819697304,157418.9462052391,5217.700177952781,-3944.2498817835058,257,262,0.0057542761634465376,46.13937923244195,121.90496565807761,0.26073536255965585,0.07972621825565361
2025-10-14,False,237148.10957908377,237641.6749762633,-505.5161158104572,13.059723931688895,-25.01044256261492,-493.56539717953126,-0.0021272199661989018,-0.002076931149508312,13059.723931688895,309819.8183912956,151504.10662932484,-501.8372613789377,-3.6788544315198237,258,261,0.0057542761634465376,46.755697471996356,121.43932752013485,0.26056327607784385,0.07977579138761855
2025-10-15,False,242468.2869181731,237148.10957908377,5235.188911417687,9.021092471242563,-94.00952014288292,5320.177339089328,0.02207560887037923,0.022433985868713677,9021.092471242562,308147.3505774415,146576.3811191233,2103.1439691876744,3132.044942230013,261,261,0.0057542761634465376,47.7161097866871,121.43932752013484,0.26212935593983405,0.08365496990517575
2025-10-16,False,254322.78769657773,242468.2869181731,11820.272505701914,12.781798205582714,-47.01007090827997,11854.500778404612,0.04874976705589113,0.048890933033255625,12781.798205582714,308416.0018878698,144486.19409031444,8936.16640851179,2884.106097190126,259,259,0.0057542761634465376,49.30815625453309,120.5251723219494,0.2655791733375655,0.08549817038373833
2025-10-17,False,244074.37966482434,254322.78769657773,-10142.223695364224,114.14461758661717,-7.960281197445292,-10248.408031753395,-0.03987933518354046,-0.04029685316276243,114144.61758661718,335392.1645105604,203494.08353973803,-10112.655233826077,-29.568461538149847,268,274,0.0057542761634465376,50.95445113987059,133.14531012486248,0.2920503423044597,0.08455770576225047
2025-10-18,False,245762.22989636305,244074.37966482434,1774.3264644308974,22.513236558990304,63.96299633319752,1687.8502315387097,0.007269613741792543,0.006915310955031633,22513.236558990302,308011.83951939456,181948.85156103398,1444.649726223866,329.6767382070316,267,272,0.0057542761634465376,51.067866137768,132.16671964825926,0.29159445424183755,0.08681989039345604
2025-10-19,False,247728.71823654007,245762.22989636305,2034.486431794627,16.405887392659732,51.59220422493671,1966.4883401770305,0.008278271370879739,0.00800158893824446,16405.887392659733,304430.7844453517,189925.92047753616,1772.709382510554,261.77704928407314,265,269,0.0057542761634465376,48.90164250928051,131.50814031059338,0.2828353718105261,0.09000403251397095
2025-10-20,False,255051.6480277032,247728.71823654007,7397.399841600795,38.43456708702888,36.035483350623835,7322.929791163143,0.02986088933999771,0.02956027804645141,38434.56708702888,340525.6609496878,214055.03555491217,7380.720576282347,16.679265318447165,266,268,0.0057542761634465376,54.805542920314714,132.14499641165335,0.31655583507146523,0.09820003168165559
2025-10-21,False,235836.08477738008,255051.6480277032,-19204.286119114153,11.695720783021661,-0.4185895740503298,-19215.56325032312,-0.07529567547443654,-0.07533989056301242,11695.720783021661,344420.63265487296,213509.8992646438,-18353.704685661556,-850.5814334525973,265,267,0.0057542761634465376,55.138539291972876,131.65441190524623,0.3172411009673065,0.0998593514473629
2025-10-22,False,238656.51820713238,235836.08477738008,2874.3578966609857,52.93064240707304,0.9938245016223242,2820.4334297522905,0.012187947825602116,0.011959295509907519,52930.64240707303,278029.98836205027,158737.8292488747,519.1674086947153,2355.1904879662698,264,264,0.0057542761634465376,54.512055839286695,130.18936079417406,0.3121095566778046,0.10142475916006594
2025-10-23,False,236396.6835420792,238656.51820713238,-2219.0403912025913,9.524919968291373,31.26935388228414,-2259.8346650531666,-0.009298050637262143,-0.009468983634010086,9524.919968291373,273122.4440985132,159910.63351275818,914.4622573176055,-3133.502648520197,261,260,0.0057542761634465376,54.09745766591916,128.22139738615095,0.30690293266032936,0.10187855448014513
2025-10-24,False,249436.7533556207,236396.6835420792,13179.767483973297,41.01756620685179,98.68010422497093,13040.069813541473,0.05575275966859013,0.05516181368602114,41017.566206851785,259820.93505708835,156769.39702897015,15374.839889828401,-2195.072405855104,264,267,0.0057542761634465376,56.33563779544423,133.42663701033229,0.3351443840765217,0.09198022158522479
2025-10-25,False,247828.0492111831,249436.7533556207,-1434.850575397073,34.264321850017524,139.5892471904918,-1608.7041444375823,-0.005752362296631619,-0.006449346869681474,34264.32185001752,271645.9860819869,164736.01231067732,-2805.672746666096,1370.8221712690233,265,267,0.0057542761634465376,56.50257676609409,133.42663701033226,0.3342385362561769,0.09448800381191312
2025-10-26,False,242571.98663451508,247828.0492111831,-5157.292812909771,8.36045068040288,90.40931307783953,-5256.062576668013,-0.020809964123613217,-0.021208505628792385,8360.450680402882,267111.39563663566,161824.6869484373,-3687.321205208258,-1469.9716077015128,260,262,0.0057542761634465376,55.414795933504266,130.93981152697594,0.3273662155876404,0.09236419712026184
2025-10-27,False,242725.04275131013,242571.98663451508,262.4656286613679,9.000595887074022,100.40891597923863,153.05611679505523,0.0010820112919997917,0.0006309719391698183,9000.595887074021,258819.1737497885,154411.23129130946,-1422.1757684337492,1684.641397095117,259,261,0.0057542761634465376,54.906265978049206,130.43003550341808,0.32424512736581607,0.08973897157115013
2025-10-28,False,236158.78816710383,242725.04275131013,-6487.123013758437,6.309499801868477,72.82207064597878,-6566.254584206285,-0.02672622050129775,-0.02705223371176373,6309.499801868476,253150.93165347684,150937.74509818092,-5821.7588991792245,-665.3641145792126,259,260,0.0057542761634465376,54.359317693264494,129.92915459156347,0.3210989926207484,0.0907288622334044
2025-10-29,False,240405.94411091384,236158.78816710383,4294.513609785264,9.52627386733098,37.831392107933574,4247.155943809999,0.018184856227948226,0.017984323076745933,9526.273867330981,244861.56352662956,145452.1556850911,3053.1844778208365,1241.3291319644268,261,262,0.0057542761634465376,53.98702707866026,130.92780372393273,0.316076329936999,0.09304370133943829
2025-10-30,False,247813.7773097857,240405.94411091384,7518.35117524861,8.496119095500323,102.02185728123678,7407.833198871874,0.03127356606365747,0.03081385207120416,8496.119095500322,242942.44422066142,143499.283467221,5699.608695851921,1818.7424793966889,259,260,0.0057542761634465376,52.923536104773355,129.92547390277414,0.3095238922291169,0.09273312408670531
2025-10-31,False,242576.35147753672,247813.7773097857,-5134.958427523237,58.850213279862295,43.61719144587816,-5237.425832248978,-0.02072103691436072,-0.02113452241883148,58850.2132798623,251328.13611069953,147018.4526306714,-2665.6211363334305,-2469.3372911898077,264,268,0.0057542761634465376,52.22710026993582,131.2018500210386,0.28933128348819903,0.10028606128353107
2025-11-01,False,232218.7672543591,242576.35147753672,-10231.102277017155,28.765709421380585,97.71623673908245,-10357.584223177619,-0.04217683304534566,-0.042698243914088885,28765.709421380587,241950.12581153054,160499.27975668927,-7278.506213344979,-2952.596063672173,260,263,0.0057542761634465376,55.83502777358699,130.03736109923844,0.32069973963294324,0.09945084645943504
2025-11-02,False,232020.55149797362,232218.7672543591,-99.38171953135355,26.033929687003607,72.80010716711564,-198.2157563854728,-0.000427965925004229,-0.0008535733727686128,26033.929687003605,223899.04420119256,145321.0774704666,-1382.2856179676269,1282.9038984362733,256,258,0.0057542761634465376,53.3126001693138,127.57011178626703,0.30375736791434355,0.09414508616322269
2025-11-03,False,262138.3810872337,232020.55149797362,30191.977256904647,8.470169948231023,65.67749769633315,30117.829589260084,0.13012630588962432,0.12980673218304595,8470.169948231023,217392.77612686943,139404.04295950872,25961.158658757067,4230.818598147581,252,253,0.0057542761634465376,51.653540362122804,125.10890914185025,0.29211873389812154,0.09185202518279421
2025-11-04,False,263769.5766842909,262138.3810872337,1808.7101174201393,57.996138878491564,119.51838148445422,1631.1955970571935,0.006899829433287916,0.006222650762897512,57996.13887849156,244044.54741116657,158321.561453923,1080.1226679551733,728.5874494649661,255,256,0.0057542761634465376,52.27019977008755,126.59990902678449,0.2907786603600099,0.09724514392415645
2025-11-05,False,274960.8735920085,263769.5766842909,11505.539711006659,15.11706380590818,299.1257394831712,11191.296907717579,0.04361966173520376,0.04242830825449055,15117.06380590818,249468.31751242024,160668.3778829026,13925.14928946766,-2419.609578460999,257,256,0.0057542761634465376,53.46202430092846,126.59137040425203,0.2960142614864326,0.10000031241783423
2025-11-06,False,270086.4631701976,274960.8735920085,-5011.986076423253,29.34418599713468,-166.9198406095013,-4874.410421810886,-0.0182279973544895,-0.017727651058614315,29344.18599713468,254724.37231979318,162334.15359205691,-6518.2741691680085,1506.2880927447543,254,253,0.0057542761634465376,53.10070374247442,125.1096308512428,0.2921741058522578,0.09786354173295647
2025-11-07,False,273285.7662019342,270086.4631701976,2140.0464472736576,68.60825544408648,-1127.8648399070184,3199.3030317365897,0.007923560559660802,0.011845477163809272,68608.25544408648,269526.37349649845,149516.03868189914,6863.5964046833205,-4723.549957409664,257,258,0.0057542761634465376,53.064531451346156,125.13306877053134,0.2884926215849119,0.09922379384285379
2025-11-08,False,273046.3818850686,273285.7662019342,-718.394993034002,14.770199370101746,-493.78087553854175,-239.38431686556203,-0.002628731832682318,-0.000875948719146529,14770.199370101745,270016.58592552284,148854.92512294155,209.81970196198574,-928.2146949959883,256,256,0.0057542761634465376,51.98444288609677,124.16836359185481,0.28541040606332474,0.09097345349504132
2025-11-09,False,271329.3531379914,273046.3818850686,-1949.2670381513128,10.515947792752817,-242.7542388668769,-1717.0287470771887,-0.00713895941302677,-0.006288414207224049,10515.947792752817,264623.9349092297,148284.71448919317,-2272.4885955005616,323.22155734924957,254,254,0.0057542761634465376,50.96861928802737,123.21082788503979,0.2789796782597501,0.09037659138576137
2025-11-10,False,273941.0928916962,271329.3531379914,2533.7901756520023,9.76394427606989,-87.71352232886356,2611.739753704796,0.009338430016318136,0.009625717687745084,9763.94427606989,255118.9343240065,144445.26618381697,3206.705198195381,-672.9150225433789,249,249,0.0057542761634465376,49.01694872227104,120.80900132443682,0.26855593129963434,0.08796531531449023
2025-11-11,False,278680.0108207104,273941.0928916962,4642.798095631514,9.577916820000235,-105.69775020269391,4738.917929014207,0.016948162273219318,0.017299040019847476,9577.916820000235,250687.00001236956,144049.1209921257,1851.2235253044382,2791.5745703270763,246,246,0.0057542761634465376,47.6238070394301,119.35089970035246,0.2617724203147914,0.0855458338829971
2025-11-12,False,280611.7966414104,278680.0108207104,1980.9363902434818,5.354685489209886,43.795884054289786,1931.7858206999822,0.00710828302471225,0.0069319138283757365,5354.685489209885,253203.78511605135,150231.13056849854,1680.2707389873,300.66565125618195,245,243,0.0057542761634465376,47.03503459738748,117.89507582113792,0.25676283332230815,0.08659957651123493
2025-11-13,False,283108.7695004488,280611.7966414104,2453.460576551458,3.7571140186762064,-47.269396505604604,2496.9728590383866,0.008743255294027067,0.00889831749386228,3757.114018676207,253353.0341325553,153339.3411941104,253.58067975643922,2199.879896795019,242,240,0.0057542761634465376,46.0729709273223,116.46625753711949,0.252441012763037,0.08626376503829021
2025-11-14,False,282223.46842315834,283108.7695004488,-967.5240456138204,23.64093887427413,-105.86390719762868,-885.3010772904659,-0.0034174993848513995,-0.003127070485497845,23640.938874274132,265736.5670399817,156131.37525030226,-2315.965055197318,1348.4410095834992,245,242,0.0057542761634465376,48.65994738096646,117.91080637772446,0.2582201815773121,0.09087778630470322
2025-11-15,False,279838.57629941666,282223.46842315834,-2927.6067612617658,7.901880504719312,-550.6165180248289,-2384.892123741656,-0.010373363978619207,-0.008450367848806296,7901.880504719312,257219.11509420723,148620.41021062215,-1496.1153046715283,-1431.4914565902377,242,238,0.0057542761634465376,47.690034695719056,115.97616598480775,0.2529926296843585,0.08980831793987008
2025-11-16,False,279132.63855334325,279838.57629941666,-1687.550936465068,10.981532842630727,-992.5947232342941,-705.9377460734046,-0.0060304442610494575,-0.0025226605831430403,10981.532842630728,247647.11801694692,142631.98724312472,-2608.4405800698796,920.8896436048117,236,231,0.0057542761634465376,45.74582660584789,112.56958378827989,0.2423134708204167,0.08721390856837576
2025-11-17,False,275670.2227404894,279132.63855334325,-3766.4455805136986,7.234269977430968,-311.2640376373128,-3462.4158128538165,-0.013493390095955824,-0.012404195477814524,7234.269977430968,241511.73570024729,141937.89693011984,-5148.723612858533,1382.278032344835,233,228,0.0057542761634465376,44.70344161509834,111.09833660998548,0.23442698778272106,0.08664447656859672
2025-11-18,False,275577.48515240056,275670.2227404894,-515.7755781660413,10.179740193164616,-433.21773027038637,-92.73758808881962,-0.0018709876352934298,-0.00033640770906229135,10179.740193164615,230958.00531829742,136014.88100829674,532.8333373135938,-1048.6089154796352,232,226,0.0057542761634465376,43.68529162732992,110.1276398053129,0.22625098908742586,0.08824747542067382
2025-11-19,False,276848.6001669042,275577.48515240056,1143.7945517935843,10.187512547833423,-137.50797525787397,1271.115014503625,0.0041505370119806415,0.004612550309763767,10187.512547833423,226523.15353425272,131645.0691818745,34.193780315809136,1109.6007714777752,232,226,0.0057542761634465376,43.577344013306124,110.13409946558092,0.2242705322718812,0.0879406358484865
2025-11-20,False,276316.778833095,276848.6001669042,-1113.5036094121438,9.483163213978889,-591.1654388168859,-531.8213338092369,-0.0040220669663521644,-0.0019209825640751543,9483.163213978889,220877.06973670606,131196.52434136896,-3690.75246058647,2577.248851174327,230,224,0.0057542761634465376,42.61519030168931,109.15448977524383,0.2166011958565056,0.08789168799798036
2025-11-21,False,280143.1969723964,276316.778833095,3736.8018197023366,33.997342247543415,-123.61366184664317,3826.4181393014364,0.01352361530661696,0.01384793987343319,33997.34224754341,230496.27715178297,155493.58709131944,2182.7477950856896,1554.0540246166472,237,233,0.0057542761634465376,43.20143902627853,115.5361106713241,0.2290264023959298,0.09069052237407597
2025-11-22,False,275652.08071997465,280143.1969723964,-4464.692924228367,8.183706159835745,18.23962203356104,-4491.116252421763,-0.015937181314698463,-0.016031502106632598,8183.706159835745,232099.9080484647,156334.38381699164,-4135.492523062456,-329.2004011659114,235,231,0.0057542761634465376,43.016570594646836,114.5429174380232,0.22566675188812185,0.092340511708553
2025-11-23,False,275822.10820103367,275652.08071997465,172.74588188439628,9.685204883037192,-6.966804057638967,170.02748105899806,0.0006266808559296993,0.0006168191461312533,9685.204883037191,225704.79334322055,149285.96236381185,-464.16756017039177,636.9134420547882,232,228,0.0057542761634465376,42.40638416033816,113.05380163024738,0.22021232012392153,0.09083297165894787
2025-11-24,False,277343.23361551826,275822.10820103367,1564.9364118527178,6.007735351448118,37.803262016676925,1521.1254144845927,0.005673716374874888,0.0055148785005149645,6007.735351448117,223145.18770235364,146193.27706222006,3539.881555629373,-1974.945143776656,231,226,0.0057542761634465376,42.1184306571213,112.06595881279888,0.21589126462443942,0.09035005302804197
2025-11-25,False,274354.61415896553,277343.23361551826,-2962.0477171574457,8.9242337229331,17.647505672372148,-2988.6194565527508,-0.010680079259707995,-0.010775887399855886,8924.233722933099,220551.08640003027,145113.00530777703,-2306.463776676504,-655.5839404809419,231,226,0.0057542761634465376,41.859297944965114,112.06466767189907,0.21539917527354258,0.09014022836435986
2025-11-26,False,274583.9774468467,274354.61415896553,263.430525981712,11.181030179257975,22.886207921275073,229.3632878811789,0.0009601825972173226,0.0008360103167365798,11181.030179257976,214997.83338231052,138359.30991612602,1180.6069731153111,-917.1764471335986,229,224,0.0057542761634465376,41.49673390928224,111.07278614932443,0.21144955206176289,0.08879019356627334
2025-11-27,False,268667.0006205526,274583.9774468467,-5708.838738252917,9.335805775003143,198.80228226620795,-5916.976826294128,-0.02079086620907449,-0.021548878712121945,9335.805775003144,215771.43990341443,137279.24908220547,-3264.5547229797085,-2444.2840152732083,226,221,0.0057542761634465376,40.68532820566219,109.59401109805411,0.2075376270445928,0.08667887528738445
2025-11-28,False,274472.9587220971,268667.0006205526,5960.376240965271,59.526977977545684,94.89116144317704,5805.958101544548,0.022184995653348995,0.02161023902501706,59526.97797754569,225257.0905777712,137590.84703171847,3253.7943639261225,2706.5818770391484,231,227,0.0057542761634465376,41.21412108774974,112.09790356870889,0.2252719513832401,0.08958374086485736
2025-11-29,False,290146.1317778474,274472.9587220971,15742.170073014277,9.972565115826315,59.024452148122016,15673.173055750329,0.05735417487503083,0.05710279485717703,9972.565115826315,229301.57865995268,136164.11156461362,8321.633151529877,7420.536921484399,227,223,0.0057542761634465376,40.36132040617948,110.1356344064031,0.21790051892919787,0.08726504923882757
2025-11-30,False,288980.24565724074,290146.1317778474,-985.502588766325,22.60098761464272,157.78254422573298,-1165.8861206067006,-0.003396573246480096,-0.0040182721494952415,22600.98761464272,233461.7553318051,143479.18642808573,-1281.330220661716,295.8276318953915,221,217,0.0057542761634465376,39.866220992736075,107.21848961508145,0.2117422951693004,0.08692240010374751
2025-12-01,False,292356.5933335365,288980.24565724074,3014.237919481642,3.577923835573568,-365.6876806497064,3376.3476762957753,0.010430601969439903,0.011683662558375907,3577.923835573568,233149.1303922103,140376.43778098357,1503.0370106825064,1511.2009087991362,217,213,0.0057542761634465376,39.56469222602683,105.25531775436048,0.2077601302041428,0.08489284682998924
2025-12-02,False,291740.8320666251,292356.5933335365,-881.322487076513,17.036124370387963,-282.59734453548305,-615.7612669114178,-0.0030145463012392257,-0.002106199350219283,17036.124370387963,236258.34827323043,148295.18980248674,230.68443861638707,-1112.0069256929003,217,212,0.0057542761634465376,41.20353587217322,104.75682386970108,0.22214284586555194,0.08652436616008145
2025-12-03,False,293072.48224218085,291740.8320666251,1353.506178618894,30.138129659154202,-8.282126595979932,1331.6501755557197,0.004639412896134445,0.004564497078186194,30138.1296591542,255608.69273871314,163891.4341801346,1245.146781642502,108.35939697639225,216,211,0.0057542761634465376,42.35247788521772,104.25852587025908,0.2293999277860001,0.08196967898121976
2025-12-04,False,294001.2479366495,293072.48224218085,986.1673016644528,3.0871102877551078,54.31449690804122,928.7656944686565,0.003364926294409081,0.0031690648243841934,3087.110287755108,255437.37856681642,162315.85866842206,831.7901923234555,154.37710934099744,215,210,0.0057542761634465376,42.03390237007099,103.7711997353218,0.22797947770685859,0.07965262789295813
2025-12-05,False,294598.1121953913,294001.2479366495,642.7749449409341,43.11123019697046,2.799456002091425,596.8642587418722,0.0021863000563842414,0.0020301419226304873,43111.230196970464,251325.3686229745,179841.57682283517,-90.1764514522398,732.9513963931739,214,210,0.0057542761634465376,41.766678958469974,105.32170201363708,0.23272154187713007,0.08001790852328929
2025-12-06,False,294824.83377539384,294598.1121953913,167.12454504563954,2.109892659041257,-61.70692761590497,226.72158000250323,0.0005672967277359696,0.0007695961739637042,2109.892659041257,251359.05683062325,178777.33739229597,98.46551365933168,68.65903138630786,210,206,0.0057542761634465376,41.02142448702491,103.33132311337297,0.22839800897513216,0.08019311084619055
2025-12-07,False,295742.24887275614,294824.83377539384,984.7533794319568,2.633703785064801,64.7045782846159,917.4150973622761,0.0033401303642629056,0.0031117293805079855,2633.7037850648007,251259.04687995327,176730.59852016377,-321.5043282288113,1306.257707660768,209,205,0.0057542761634465376,40.788966127451246,102.83122756726294,0.2261394086434508,0.08044856372459604
2025-12-08,False,293375.98400140443,295742.24887275614,-2332.5870244562184,4.734100587538374,28.9437463079576,-2366.264871351714,-0.007887229617503247,-0.008001105288036832,4734.100587538374,250403.64614657208,174976.3770767753,-1246.8133183780421,-1085.773706078176,208,203,0.0057542761634465376,40.409554736291426,101.83451141067935,0.22264850578275497,0.08000297930545398
2025-12-09,False,291750.79014454887,293375.98400140443,-1583.3810690808018,14.763402990054477,27.049384784698624,-1625.1938568555547,-0.005397105269098039,-0.005539628140958446,14763.402990054476,236065.52027758112,174299.1013203902,-436.66061165262454,-1146.7204574281773,203,198,0.0057542761634465376,38.072383153955634,99.34567050387142,0.21171564337894697,0.07701271378631175
2025-12-10,False,291829.47792486084,291750.79014454887,154.62611017800828,9.12772374418038,66.81060612184665,78.68778031198126,0.0005299938008784767,0.00026970888501448494,9127.723744180379,240168.7215295181,174059.96969441682,494.6046285111246,-339.9785183331164,202,197,0.0057542761634465376,38.120461588196044,98.84219039158386,0.20981980128406968,0.09092511219613535
2025-12-11,False,294023.2246849111,291829.47792486084,2264.2398511736433,7.969495247395923,62.52359587601006,2193.7467600502373,0.007758777034020638,0.007517221274730427,7969.495247395923,234563.3565184588,168947.72605207682,2578.8859375312018,-314.6460863575587,198,193,0.0057542761634465376,37.133138686591224,96.84354394832343,0.20444027949503712,0.08989405046804615
2025-12-12,False,296954.20933153183,294023.2246849111,3047.126186101297,40.7488550231705,75.39268445739074,2930.984646620736,0.01036355610808207,0.00996854806201692,40748.8550231705,242686.48210004036,160006.73379495504,2198.8609035708496,848.2652825304481,198,194,0.0057542761634465376,38.90267010813659,96.10068896038437,0.20556029196784353,0.091746367045018
2025-12-13,False,295349.93826377566,296954.20933153183,-1585.1731990423411,5.66191054028803,13.435958173540474,-1604.2710677561697,-0.005338106513494776,-0.0054024190172872605,5661.9105402880305,247091.00872779358,162346.2994874628,232.95570297324764,-1818.1289020155887,195,191,0.0057542761634465376,39.20819360423079,94.63440998724437,0.206861119258105,0.09099383506891603
2025-12-14,False,297707.18039484473,295349.93826377566,2410.1274312230203,6.269051687265159,46.616248466708605,2357.2421310690465,0.008160243558509047,0.007981183760952084,6269.051687265159,244508.96677667432,161574.53444320182,826.7295675116114,1583.3978637114085,192,188,0.0057542761634465376,39.15767591078707,93.17484758216867,0.20915767913744263,0.09035319286392895
2025-12-15,False,298770.13999729045,297707.18039484473,1191.726078156253,14.197412622229647,114.56906308829858,1062.9596024457246,0.004003014225507372,0.003570486949746851,14197.412622229647,245400.8618418507,168811.86763961893,-567.6801453415475,1759.4062234978,190,185,0.0057542761634465376,40.80614009941856,92.54369832313765,0.21788901058422488,0.09285829209069864
2025-12-16,False,299280.04611943214,298770.13999729045,513.5909880661666,13.95881225501203,-10.273946330515141,509.90612214166964,0.0017190171282539292,0.0017066836804584754,13958.81225501203,255253.94563934504,179057.6926052175,-122.32199683565536,635.9129849018219,189,184,0.0057542761634465376,41.320353650042705,92.05142996318116,0.22090891977665145,0.0930420464328434
2025-12-17,False,305168.1986179728,299280.04611943214,5925.77499125426,12.528352550123307,25.094140163481633,5888.152498540655,0.019800100501486464,0.0196743905077818,12528.352550123307,266454.5636168604,189899.81152862002,5869.193227819045,56.58176343521552,187,182,0.0057542761634465376,41.47203889959756,91.04044843272911,0.22196387864140524,0.0917179572008626
2025-12-18,False,306878.7125815192,305168.1986179728,1905.7097411219738,12.39009324725816,182.80568432826732,1710.5139635464484,0.006244784842432588,0.005605151425649593,12390.09324725816,274270.3811614547,197071.523009389,97.82918307124305,1807.8805580507305,187,182,0.0057542761634465376,42.181336047500714,91.04044843272915,0.22639950322348049,0.09275168100428115
2025-12-19,False,300315.616570348,306878.7125815192,-6689.652349665067,42.865178935109626,-169.42151742897093,-6563.096011171206,-0.02179901073420995,-0.021386612176391304,42865.17893510962,299607.7940337097,211007.94203806744,-3629.579704404099,-3060.0726452609674,193,190,0.0057542761634465376,45.976066653133685,94.49666602584935,0.25580160748896946,0.09512591563693348
2025-12-20,False,300143.6168511431,300315.616570348,-392.0422055688974,10.849181527461893,-230.89166789147572,-171.99971920488355,-0.0013054339632619894,-0.0005727298539088565,10849.181527461893,294161.8120971006,207251.2496204174,123.56441768365937,-515.6066232525568,188,185,0.0057542761634465376,44.63556330812117,92.01590985338724,0.25052910432473946,0.08865448154966883
2025-12-21,False,296525.9074235065,300143.6168511431,-3659.45133488822,19.393615055940014,-61.13552230756586,-3617.7094276365942,-0.012192334367394305,-0.012053261254030952,19393.615055940016,308449.36680639803,222523.12588459172,-2269.1545412717524,-1390.296793616468,185,182,0.0057542761634465376,44.065067646121044,90.52671969961196,0.24747805914268187,0.08769619989489409
2025-12-22,False,302099.902891831,296525.9074235065,5618.520220447903,14.816019314509843,29.708732808865243,5573.995468324528,0.01894782236488826,0.018797667686970748,14816.019314509844,296198.52313835,215509.38210804074,6901.798601990273,-1283.2783815423682,181,176,0.0057542761634465376,42.62371972114531,87.56790703822311,0.23960927307085197,0.08571079400493371
2025-12-23,False,304834.3261884581,302099.902891831,2691.358742161342,8.476412211742177,-51.540966677488846,2734.423296627089,0.008908836833108821,0.009051387539194834,8476.412211742178,296947.5613407238,218248.63212274353,3014.6697542671004,-323.31101210575787,179,174,0.0057542761634465376,42.35710178985922,86.57706502787363,0.23992026777852385,0.08502495284680536
2025-12-24,False,301423.49699728447,304834.3261884581,-3483.7013440252335,4.955246229140368,-77.82739908079297,-3410.829191173581,-0.011428179324763777,-0.011189124380516452,4955.246229140368,300082.82335903164,220446.97534555232,-4477.529637105767,993.8282930805331,180,174,0.0057542761634465376,42.52586413005007,86.57706502787364,0.23972638623673354,0.08712038047455078
2025-12-25,False,303308.1961695532,301423.49699728447,1869.7656825518752,6.279996948415366,-21.213486665283423,1884.6991722687433,0.006203118539788954,0.006252661756776455,6279.996948415366,297269.8892351182,216385.2418367981,1255.4543143035721,614.3113682483029,179,173,0.0057542761634465376,42.29446926290324,86.08929491231935,0.2391309393591122,0.08587360896960479
2025-12-26,False,299688.71066139435,303308.1961695532,-3560.214848243107,74.9704720030866,-15.699812087350677,-3619.485508158843,-0.011737944747964874,-0.011933358721818067,74970.4720030866,242639.85479535483,152112.4188604244,-1081.2215294519938,-2478.9933187911133,185,181,0.0057542761634465376,38.98051329263643,87.44612561537826,0.21166225639087174,0.08924690135117484
2025-12-27,False,297598.5758612682,299688.71066139435,-2096.017060171521,6.36901257848036,-12.251272623886948,-2090.1348001261144,-0.00699398070599904,-0.006974352805994316,6369.01257848036,241046.39854534573,150128.29181785078,185.70211030744179,-2281.719170478963,185,181,0.0057542761634465376,38.76514775535198,87.44612561537825,0.21100007619864686,0.08789220839147448
2025-12-28,False,298405.9914840995,297598.5758612682,761.3126164284038,7.444868930918588,-53.54787533380397,807.4156228312892,0.0025581863563194788,0.00271310311379878,7444.868930918588,237861.93910155434,147880.14362899627,287.44307657188995,473.86953985651417,184,180,0.0057542761634465376,38.07240827843388,86.96699819364176,0.2070526471551735,0.08488239305412255
2025-12-29,False,295689.6593625059,298405.9914840995,-2692.3384940324877,3.5509536738779874,20.44267388722177,-2716.3321215935875,-0.009022400926477204,-0.009102806911094902,3550.9536738779875,235986.16806963275,148155.59332152945,-4575.819956562065,1883.481462529579,183,179,0.0057542761634465376,37.372306767426586,86.48763382610313,0.20289664817557593,0.08408978508785128
2025-12-30,False,296709.02241488977,295689.6593625059,1057.5981470918318,2.7812633891602,35.45383131877515,1019.3630523838965,0.0035767167149908714,0.003447408524808068,2781.2633891602,229896.05531924914,144405.95573511752,341.06607237885186,716.53207471298,183,179,0.0057542761634465376,36.70728759928994,86.48763382610313,0.19816181123735163,0.0859979749238968
2025-12-31,False,294690.58687282423,296709.02241488977,-1981.0585433341062,4.062691930137953,33.31430680131227,-2018.4355420655565,-0.006676772169617349,-0.006802744067698648,4062.691930137953,230443.9360552937,144869.12916859653,-2508.092094405403,527.0335510712969,183,179,0.0057542761634465376,36.15752198536046,86.48763382610315,0.1941770097487121,0.08602770090154464
2026-01-01,False,293980.2619928992,294690.58687282423,-643.2002327143184,73.75513461036861,-6.630487399605903,-710.3248799250811,-0.002182629039969627,-0.0024104091259339296,73755.13461036861,186921.0538779399,93302.8829594755,1168.4711114328936,-1811.6713441472118,178,173,0.0057542761634465376,33.620532161228034,90.00940219664749,0.18280981525582535,0.08772303168781659
2026-01-02,False,290460.3737585787,293980.2619928992,-3450.071993455521,46.80297336204807,23.013267502929793,-3519.8882343204987,-0.011735726643916162,-0.011973212794828785,46802.97336204807,169244.02940772075,74443.12378730619,-1647.5866529249574,-1802.4853405305632,180,176,0.0057542761634465376,34.46793274327121,88.93550808601523,0.17891055681607604,0.07426119290417817
2026-01-03,False,289506.5033094883,290460.3737585787,-925.5395799505884,6.692782721198877,21.638086418574595,-953.870449090362,-0.003186457305600891,-0.0032839951169490278,6692.782721198877,165667.6896536114,72665.20334385143,71.17254908082111,-996.7121290314096,179,175,0.0057542761634465376,34.07168409915105,88.43708363589185,0.17773125401907466,0.07322963402451182
2026-01-04,False,290031.64947836264,289506.5033094883,634.3295148482262,68.46001721712436,40.72332875678556,525.1461688743162,0.002191071729294161,0.0018139356555763597,68460.01721712436,218800.48212017154,137385.87678563176,1091.4894893037083,-457.1599744554818,174,169,0.0057542761634465376,34.42892396133088,86.65832962899174,0.18627257094755545,0.07241652938198792
2026-01-05,False,292003.1525889168,290031.64947836264,1995.8375361206758,5.380194717208577,18.954230849262537,1971.5031105542048,0.006881447385863908,0.00679754473037704,5380.1947172085775,216341.01095637304,135753.09120232478,2348.177732173883,-352.34019605320714,171,166,0.0057542761634465376,33.25299257412617,85.1404915015074,0.18078357041470802,0.06838130036635477
2026-01-06,False,293115.6319886731,292003.1525889168,1123.396280441759,7.644792276031792,3.2720884094526426,1112.4793997562747,0.0038472059992560445,0.0038098198252072557,7644.7922760317915,221616.12166119931,139005.15037658266,1481.9302455996815,-358.5339651579229,171,166,0.0057542761634465376,33.70895644631816,85.1404915015074,0.18320129871996194,0.06579299036765544
2026-01-07,False,294250.2447185411,293115.6319886731,1163.8811406187792,3.755537518542609,25.512873232282114,1134.6127298679546,0.003970723542522478,0.0038708707624020527,3755.537518542609,225268.36995983272,140258.74769407127,-723.0160545077413,1886.8971951265207,173,168,0.0057542761634465376,33.834345356816456,86.15855544912668,0.18321841991546076,0.07157469743876307
2026-01-08,False,295622.0065278708,294250.2447185411,1414.3491180151855,2.9138594365260864,39.67344924899311,1371.7618093296662,0.004806620022926579,0.004661888423038683,2913.859436526086,223356.92666159378,139189.9883227429,139.13580544856353,1275.2133125666219,174,168,0.0057542761634465376,33.61415785311624,86.15855544912668,0.18104602710051318,0.0713725182992048
2026-01-09,False,296028.6252148653,295622.0065278708,495.24681889063345,102.79672806320006,-14.168596167081493,406.61868699451486,0.001675270473627417,0.0013754682601959116,102796.72806320006,174983.38265826192,88669.52350761197,1168.069488782659,-672.8226698920255,180,176,0.0057542761634465376,32.81467924363885,87.83819230702322,0.1769571040059921,0.07312504463960383
2026-01-10,False,295185.97707018914,296028.6252148653,-832.8884871067556,5.1214595662761795,4.638198003171947,-842.6481446762037,-0.0028135403679364567,-0.00284650899575873,5121.459566276179,171783.46824569104,86800.74030963065,-825.6618083144228,-7.226678792332763,176,171,0.0057542761634465376,31.78337228514333,85.35848167722325,0.1731322669113719,0.0706225447613478
2026-01-11,False,296005.6924203304,295185.97707018914,834.1630394292422,18.581463793665332,-4.13377450570491,819.7153501412818,0.0028258897922881186,0.002776945430393431,18581.46379366533,165184.14964474388,103398.72413869912,1003.5967712763246,-169.43373184708236,174,168,0.0057542761634465376,32.948994310790646,84.43847001623048,0.1850673026449904,0.07193027955093353
2026-01-12,False,299684.42836674774,296005.6924203304,3672.873308554728,0.7939849022165124,-6.656622764828931,3678.7359464173405,0.012408117149785142,0.012427922977891609,793.9849022165124,165892.924129183,104005.99789859538,2622.4868640243444,1050.3864445303839,174,168,0.0057542761634465376,32.72659525523916,84.43847001623045,0.18540186854000085,0.07201539097360526
2026-01-13,False,302273.6555624598,299684.42836674774,2342.2996211307914,3.590314889619343,-250.51788947087056,2589.2271957120424,0.007815886977832337,0.008639845619684313,3590.314889619343,168336.2079209332,106963.05293981933,3257.75009990909,-915.4504787782994,175,169,0.0057542761634465376,33.0301133911769,84.94506180468149,0.18684619398861402,0.07261081204922251
2026-01-14,False,305101.5834670941,302273.6555624598,2474.147014401618,6.271742710710751,-360.0526329434345,2827.9279046343418,0.008185122880781045,0.00935552223157601,6271.742710710751,172270.42558915372,106923.31215445002,2156.5721484244264,317.57486597719145,178,171,0.0057542761634465376,33.61889922023059,85.95585670986692,0.19017346080107142,0.0681261553073858
2026-01-15,False,303047.6792254636,305101.5834670941,-2848.9062782670535,2.5188218507346316,-797.520858487281,-2053.9042416305074,-0.009337566347223873,-0.0067318701472817025,2518.8218507346314,174064.71044578042,108752.47020801685,-4543.7469652639265,1694.8406869968737,177,170,0.0057542761634465376,33.867008765932475,85.47566317056884,0.1917340106005891,0.06669779726456543
2026-01-16,False,302439.3064652165,303047.6792254636,-548.1415142858831,50.29648189097696,9.934764070219487,-608.3727602470794,-0.0018087632800450283,-0.0020075149950066367,50296.48189097697,193176.77875735937,78705.74861283581,468.10629286624055,-1016.2478071521235,186,183,0.0057542761634465376,38.13025203862338,90.90378174652545,0.2045987287628426,0.07337617315053896
2026-01-17,False,303677.5683417545,302439.3064652165,1238.0406911137334,2.8207226273206025,-3.0419080515538397,1238.2618765379668,0.004093517822082826,0.004094249160303438,2820.7226273206024,193013.82981988444,78547.01563476714,-438.21976537086994,1676.260456484603,184,181,0.0057542761634465376,37.617420044724376,89.9007394156063,0.20440089477220832,0.06825078320628437
2026-01-18,False,305924.739501383,303677.5683417545,2273.212289782554,3.3177014241834515,22.72342872988932,2247.1711596284813,0.007485611473364778,0.007399858909234765,3317.7014241834513,191229.0224606773,78343.39918241708,1454.882969864789,818.3293199177649,181,178,0.0057542761634465376,36.75410027116677,88.41755140515984,0.1991300489564635,0.0700430762475138
2026-01-19,False,308642.7830263867,305924.739501383,2764.0558824823233,2.661254997950651,43.351102480672324,2718.043525003701,0.0090350845341484,0.008884680361038318,2661.2549979506507,192057.7145801204,79907.95708829915,-244.54462507230346,3008.6005075546273,182,178,0.0057542761634465376,36.75294499345722,88.41755140515984,0.19795198358595312,0.07250416582850923
2026-01-20,False,311446.0081500773,308642.7830263867,2827.7090631420215,25.617496896626776,-1.133557445247721,2803.2251236906427,0.009161753388221209,0.009082425631999914,25617.496896626777,212140.66268622765,90365.09070335011,-564.4987880373205,3392.2078511793425,180,176,0.0057542761634465376,41.09865319811498,88.73397980991456,0.22011038367855928,0.08380560086851187
2026-01-21,False,312244.4943307735,311446.0081500773,745.305146105102,5.129605517551888,-58.310640108646524,798.4861806961967,0.0023930476763277695,0.0025638029058039106,5129.605517551888,212171.77109359574,88889.12285930876,1701.4175742919865,-956.1124281868846,182,176,0.0057542761634465376,41.008053008047185,88.73397980991456,0.21769859634994687,0.08636272235570304
2026-01-22,False,320195.2451411127,312244.4943307735,7996.698654936048,4.823578832912682,41.12426576387759,7950.750810339257,0.025610375203172726,0.025463221785158842,4823.578832912683,212047.71003041576,86270.92467990624,4571.180512311003,3425.5181426250465,181,175,0.0057542761634465376,40.91465875807391,88.23520848339733,0.2181878905959641,0.08545819895382227
2026-01-23,False,320115.4104161982,320195.2451411127,-4.842953578677026,42.526222816580216,32.4655485192329,-79.83472491449014,-1.5125001548797815e-05,-0.00024933138803890205,42526.222816580215,229814.01736605927,52110.72648100195,440.79056195450477,-445.63351553318176,188,185,0.0057542761634465376,46.12891414759329,92.04997470975427,0.2472038588452013,0.07982067808752415
2026-01-24,False,322345.75153334154,320115.4104161982,2242.7409742331656,4.710067576844538,7.689789512965193,2230.341117143356,0.007006038763698583,0.006967303180573459,4710.067576844538,228048.05532991956,50869.29218010145,1478.4527572758634,764.2882169573023,185,182,0.0057542761634465376,45.73687456283299,90.57400296209788,0.24661982254217463,0.08012964347026784
2026-01-25,False,327934.0248930835,322345.75153334154,5578.724521348583,5.2214187578753375,-14.770257151244262,5588.273359741952,0.017306648202470732,0.017336271172055245,5221.418757875338,226639.6303578669,48405.34650202187,-1235.3197192548969,6814.04424060348,183,180,0.0057542761634465376,45.744934497092174,89.59710777152925,0.244992978708318,0.07882241214293115
2026-01-26,False,328690.44152438163,327934.0248930835,743.878874369509,10.835066985863413,-23.372823914504806,756.4166312981505,0.0022683796675628163,0.00230661222648295,10835.066985863414,228086.36968754558,44649.64727017135,626.5664387314469,117.3124356380622,182,179,0.0057542761634465376,46.116004007527756,89.10710983412696,0.24449278177168932,0.08161947534857743
2026-01-27,False,335097.4784499459,328690.44152438163,6438.739037305402,6.366971144304768,25.335140596807612,6407.03692556429,0.019589066866210616,0.019492617113689412,6366.971144304767,231438.796510909,41616.571437978244,4273.17522972619,2165.563807579211,184,180,0.0057542761634465376,46.757083622847,89.61285003531336,0.24854925626765725,0.0818907254454487
2026-01-28,False,346028.65908132866,335097.4784499459,10991.074504103743,38.02720451665575,21.866668204360103,10931.180631382726,0.03279963357213235,0.032620897900953724,38027.20451665575,245321.68324381876,57907.67120446707,9002.719061436856,1988.355442666887,183,178,0.0057542761634465376,43.41030504655918,88.98807973520385,0.2296829727469137,0.09098122898107786
2026-01-29,False,352590.1881428443,346028.65908132866,6571.636055610616,32.61276056769237,-22.505766472744952,6561.529061515668,0.01899159472240724,0.018962386176150463,32612.76056769237,267574.78545488993,41879.43012889531,-3104.804285132091,9676.440340742707,183,177,0.0057542761634465376,49.58226540807583,90.50820506851416,0.263692872393088,0.09453735543359248
2026-01-30,False,337196.93748926296,352590.1881428443,-15289.968385829268,102.15656896618998,1.1256987858740035,-15393.250653581332,-0.043364701855046706,-0.043657626250634886,102156.56896618998,297900.7799671217,78770.04723227741,-17295.01428007087,2005.0458942416044,194,190,0.0057542761634465376,49.684290663186694,92.07560839283767,0.26867818136209753,0.0689100408626877
2026-01-31,False,349275.5482319845,337196.93748926296,12091.816059357341,41.225399796497626,-28.020083160700466,12078.610742721543,0.03585980391575285,0.0358206418855929,41225.39979649763,241371.02283194714,28154.344860281388,-2758.6386365470835,14850.454695904427,192,188,0.0057542761634465376,49.302627625718266,91.11571427691635,0.267823504613153,0.06890998422361473
2026-02-01,False,345187.25179525727,349275.5482319845,-3994.6137435413048,28.63297831543584,65.04971487049494,-4088.2964367272357,-0.011436854837854643,-0.011705074853999914,28632.978315435837,247141.20207128307,36272.1404277308,-3165.8514259021294,-828.7623176391746,190,185,0.0057542761634465376,49.66331892144108,90.46362040155725,0.26565859168417727,0.07943978576235648
2026-02-02,False,345339.1533870286,345187.25179525727,216.19962300732618,5.210116662537413,59.08791457342051,151.90159177136826,0.0006263256301700324,0.00044005562482784405,5210.116662537413,242554.8672821854,34589.12793573689,1884.7575181550037,-1668.5578951476784,191,185,0.0057542761634465376,49.6699983663416,90.46362040155725,0.26536179520603254,0.0815890370711762
2026-02-03,False,345438.4685279652,345339.1533870286,187.11057867592,44.08625750065164,43.70918023867529,99.31514093659308,0.0005418168685501507,0.00028758726012537763,44086.25750065164,247681.8304862474,60303.346154903054,3525.9254269363746,-3338.8148482604543,191,184,0.0057542761634465376,47.11514141541823,91.6565319904513,0.24933767573235974,0.09422648644630617
2026-02-04,False,351334.4134029587,345438.4685279652,6004.292268107303,19.59430708889812,88.75308602489521,5895.94487499351,0.01738165495491485,0.01706800316744746,19594.30708889812,240587.97536080063,58378.88526035211,3499.783698808309,2504.5085692989937,188,181,0.0057542761634465376,45.981185622568205,90.15342531565035,0.24326152314236346,0.09473128717628
2026-02-05,False,355721.14651265764,351334.4134029587,4501.224699510867,6.641005089793695,107.85058472213652,4386.7331096989365,0.01281179562204811,0.012485919233501406,6641.005089793694,243003.77325624408,59307.21485433436,-11180.059508593007,15681.284208103874,187,180,0.0057542761634465376,45.616573677136145,89.66390485226468,0.24003590962257718,0.09522425565468165
2026-02-06,False,345689.85975317215,355721.14651265764,-9851.861684035806,154.48532239812113,24.93975305158083,-10031.286759485509,-0.02769546252906066,-0.028199860643169733,154485.32239812112,127493.13277596842,-64297.343724421604,2065.8441038135047,-11917.70578784931,201,199,0.0057542761634465376,48.72644034529265,97.49601534588773,0.2543933231613374,0.08817636728345765
2026-02-07,False,347307.5811294736,345689.85975317215,1617.3107032259686,16.708047367709362,-17.118720443171206,1617.7213763014304,0.00467850200865236,0.004679689989913236,16708.04736770936,125886.85983036534,-64774.742539505,-1001.1333166199638,2618.4440198459324,200,198,0.0057542761634465376,48.661981865907826,97.00233093172504,0.25844456700932694,0.07612676033447924
2026-02-08,False,346832.3403484022,347307.5811294736,-478.90480900468776,3.936569371809317,-7.600597305149884,-475.24078107134716,-0.0013789068682210992,-0.0013683570612706582,3936.569371809317,125507.7808333771,-65481.192601389324,-743.889829309707,264.98502030501925,202,198,0.0057542761634465376,48.89905211705169,97.00233093172504,0.25647195190656485,0.07844415944661526
2026-02-09,False,348499.5523639641,346832.3403484022,1661.3133258210687,5.050111230055046,-10.948800970844093,1667.2120155618577,0.004789960832811138,0.004806968156104183,5050.111230055047,125489.26328497966,-64931.28974396373,1835.25409299792,-173.94076717685112,202,197,0.0057542761634465376,48.80043946729693,96.53184960856217,0.2558754635460858,0.08002588386527723
2026-02-10,False,349761.947779492,348499.5523639641,1281.9983336372068,6.458642963873,13.144275145400615,1262.3954155279332,0.003678622612112627,0.003622373133522764,6458.642963873001,126453.49871279868,-65565.67030634733,2824.860598617777,-1542.8622649805707,202,197,0.0057542761634465376,48.88489188769202,96.53184960856217,0.2559145409631262,0.08171930134668781
2026-02-11,False,344830.58531638735,349761.947779492,-4900.0771153412725,14.592969387744192,16.69237837564994,-4931.362463104667,-0.014009749049174824,-0.014099196594746928,14592.969387744193,128384.24614359307,-69132.85266702175,-5269.787650132497,369.7105347912252,199,192,0.0057542761634465376,53.8264600517773,96.30134761261954,0.28163283403366124,0.08533577488790402
2026-02-12,False,336143.23029776284,344830.58531638735,-8802.902850671984,6.386769679303505,-121.93460172678644,-8687.355018624501,-0.02552819623756746,-0.025193110439010853,6386.769679303505,126331.53127161472,-71008.51295432811,-3421.4268576419404,-5381.475993030045,200,192,0.0057542761634465376,53.92206568561498,96.30134761261954,0.28288578107919016,0.08579157491439313
2026-02-13,False,333857.39949431946,336143.23029776284,-2300.5310904948774,54.18921031401063,-68.88949736550819,-2285.83080344338,-0.0068439012990296364,-0.006800169086905431,54189.21031401063,121290.50403668391,-102162.1194688674,915.4130334558891,-3215.944123950767,210,203,0.0057542761634465376,65.15122575238479,98.3598986681614,0.3381292252555935,0.0852498617242757
2026-02-14,False,330934.1368003529,333857.39949431946,-2946.625727953089,7.961382058796204,-31.324416045347856,-2923.2626939665374,-0.00882600095854166,-0.008756021877586919,7961.382058796204,118938.28621690588,-100261.15807331828,231.4886255842186,-3178.114353537308,204,197,0.0057542761634465376,63.26501135967994,95.44529371459473,0.3317598058523275,0.07991368080639982
2026-02-15,False,339694.8115780428,330934.1368003529,8763.398861113023,6.598440840052831,-3.874357416970547,8760.674777689941,0.026480794474218406,0.026472562977010474,6598.44084005283,117048.68921117856,-98689.3864331262,136.5579060284759,8626.840955084548,200,193,0.0057542761634465376,61.929098333379144,93.49724988585002,0.3271979363280155,0.07316304869249782
2026-02-16,False,334623.1579212249,339694.8115780428,-5056.427520117796,8.606248751033164,6.619887949073155,-5071.653656817903,-0.014885206802624694,-0.014930029791322618,8606.248751033163,115566.48659608513,-97224.11010047517,-21.30777717448624,-5035.11974294331,198,190,0.0057542761634465376,61.18142137072794,92.07076364252212,0.31869254139080166,0.07617332749697436
2026-02-17,False,331073.68981452496,334623.1579212249,-3514.6396031249647,5.975592092630681,28.852911482335642,-3549.468106699931,-0.010503276655922187,-0.01060735942111791,5975.592092630681,114629.95628905192,-96598.51327398464,-437.12651661873946,-3077.5130865062256,198,190,0.0057542761634465376,61.1176744754321,92.07076364252215,0.32142056680020326,0.07433364415357979
2026-02-18,False,335460.0516385382,331073.68981452496,4378.075124967023,6.806744539722848,-15.093443585917115,4386.361824013217,0.013223869064979826,0.013248898837206174,6806.7445397228485,110918.37669745929,-93808.37461784939,-551.3574786623341,4929.432603629358,195,187,0.0057542761634465376,59.97102325481883,90.58177058671869,0.314962891895402,0.0748653217278538
2026-02-19,False,334606.6253665362,335460.0516385382,-824.0354438941607,4.264737599423247,25.126090508435063,-853.426272002019,-0.00245643390284238,-0.002544047399484678,4264.737599423247,109084.47225759075,-92938.9322305051,118.65247846907272,-942.6879223632336,193,185,0.0057542761634465376,59.567474499106304,89.63665946139726,0.30809368892415107,0.07673259245755727
2026-02-20,False,335737.24965108,334606.6253665362,1218.4889633186403,43.5220390476516,44.342639727188136,1130.6242845438007,0.003641556594953486,0.0033789656236043967,43522.039047651604,89536.78074595887,-67384.4296078689,238.0655712328296,980.4233920858109,197,191,0.0057542761634465376,49.16590776874853,92.40528112188075,0.24760447663434224,0.08025635309399733
2026-02-21,False,335783.89235662884,335737.24965108,73.98014451720178,3.9754791337432196,23.361959834627875,46.64270554883068,0.00022035131518497505,0.00013892621565615617,3975.4791337432193,89156.20030458426,-69582.3936034911,-128.66794718720217,202.648091704404,195,189,0.0057542761634465376,49.74431176999154,91.42619269721455,0.25034538079296625,0.07718325456962732
2026-02-22,False,336988.76706751867,335783.89235662884,1250.8263600729813,3.5175030544320283,42.434146128749035,1204.8747108898003,0.003725093396512616,0.0035882445177272794,3517.503054432028,87340.55816167539,-70646.79919841238,-250.91746219980035,1501.7438222727817,193,186,0.0057542761634465376,49.79922401061793,89.98487919530214,0.2524666202369819,0.07575226461186202
2026-02-23,False,335147.18993921106,336988.76706751867,-1809.1855029330227,43.46443172470847,-11.07280635013821,-1841.5771283075928,-0.005368681925740678,-0.005464802712366423,43464.43172470847,94301.87716863348,-44036.94835229519,-965.3400215067808,-843.845481426242,188,181,0.0057542761634465376,47.77979142262572,88.55483252249896,0.24180160548563265,0.07729032302851746
2026-02-24,False,338685.14185830066,335147.18993921106,3676.1013378488205,6.546974682916888,131.60244407629213,3537.9519190896117,0.010968617515532776,0.01055641230269997,6546.974682916888,93580.23942363741,-45492.869782709546,717.320359626103,2958.7809782227177,185,178,0.0057542761634465376,47.21149876442995,87.0879611955339,0.24008686474275437,0.07736276148539127
2026-02-25,False,336406.01923856663,338685.14185830066,-2288.7865725947768,6.551883034606987,-16.21583589535595,-2279.1226197340275,-0.00675785940899752,-0.0067293256717106545,6551.883034606986,93739.43155436128,-47302.56073523087,288.3934972350824,-2577.1800698298593,182,175,0.0057542761634465376,47.47398099925166,85.59913964633694,0.23993594112099775,0.0767795042110614
2026-02-26,False,336129.155538908,336406.01923856663,-289.2177079481246,5.2950733571211615,-17.649081646599363,-276.8636996586464,-0.0008597281005932958,-0.0008230045951178566,5295.073357121161,96219.90661070147,-51154.74917762739,-373.28904556842633,84.07133762030179,182,175,0.0057542761634465376,48.54921031182773,85.60484346031504,0.25001458208771515,0.07038046551721651
2026-02-27,False,338429.4740731352,336129.155538908,2313.734770063334,24.409622226413354,-10.993386390303233,2300.318534227224,0.006883469440054308,0.006843555509307657,24409.622226413354,106329.71802532868,-52988.09551104075,-1137.0777511865126,3450.8125212498476,190,184,0.0057542761634465376,49.77187797848177,87.72592398922244,0.25689507554517094,0.07217693952009163
2026-02-28,False,337048.39168781985,338429.4740731352,-1388.8556481593378,5.114407473339,-12.887670317336097,-1381.0823853153406,-0.0041038259210815775,-0.004080857286729365,5114.407473339,103120.67282250093,-53582.349383060675,462.34910068033145,-1851.2047488396688,185,179,0.0057542761634465376,49.35745069492459,85.32771253909377,0.2540501241303488,0.07171314635324386
2026-03-01,False,339142.22645433265,337048.39168781985,2081.852377246299,5.551386625021257,-17.533775891531178,2093.834766512809,0.006176716544532713,0.006212267490812285,5551.386625021257,102106.22054186184,-54176.03157988662,-204.59043840992564,2286.4428156562244,183,177,0.0057542761634465376,49.17684731496876,84.42338227828982,0.25459097125480434,0.07017763750727331
2026-03-02,False,337494.8072296468,339142.22645433265,-1641.388799883539,8.335225673332246,-2.304800871002765,-1647.4192246858684,-0.004839824332829167,-0.004857605736417203,8335.225673332247,102951.24827398104,-58203.64923790771,28.253978669808973,-1669.6427785533479,181,175,0.0057542761634465376,48.958944060537775,83.47040574140667,0.25126278964057036,0.07114498758667272
2026-03-03,False,337128.88353588164,337494.8072296468,-353.95243541693674,12.783514351307538,-0.812256003133121,-365.9236937651111,-0.0010487640930608199,-0.0010842350339219295,12783.514351307538,109916.28817192055,-55084.18854110679,-883.3015562640495,529.3491208471129,178,172,0.0057542761634465376,46.48500524357284,82.07352605844878,0.24158936703448602,0.06861558608935416
2026-03-04,False,336872.0382499592,337128.88353588164,-264.62828384556144,6.201661575713861,-13.984659498822593,-256.8452859224527,-0.0007849469350418213,-0.0007618608148569267,6201.661575713862,109648.38995504568,-58065.12769152885,887.9495687502193,-1152.5778525957808,176,170,0.0057542761634465376,46.13090539299098,81.13809480098773,0.23879181875519767,0.06826170980439118
2026-03-05,False,339385.7076053109,336872.0382499592,2507.8605496061004,4.621693389544247,-10.430499135180407,2513.6693553517366,0.007444549457516171,0.007461792817267289,4621.693389544247,107279.05792883961,-58270.77595123512,2016.1781692084994,491.6823803976017,172,165,0.0057542761634465376,44.44577754118987,78.7839496875912,0.2328716154364739,0.06409375159020618
2026-03-06,False,336929.9948683792,339385.7076053109,-2430.3828795204863,41.9245349617716,-16.59467755055808,-2455.7127369317,-0.007161123244314412,-0.00723575767011254,41924.5349617716,106130.27447851743,-26773.00473498174,-3867.243326629563,1436.8604471090757,178,173,0.0057542761634465376,39.18147863621214,81.67234750022267,0.20120558338269537,0.06874826402098048
2026-03-07,False,338827.4459194399,336929.9948683792,1904.0673989297325,7.030831211915964,-0.41448334285813493,1897.4510510606747,0.005651225559996673,0.005631588401032413,7030.831211915964,100215.65258261294,-28087.31841677787,-657.670757812934,2561.7381567426664,175,169,0.0057542761634465376,38.11859013457165,79.82229961561771,0.1954911722711567,0.06867767651995592
2026-03-08,False,341096.34556594345,338827.4459194399,2246.074598209964,5.922599360668254,-28.747647654238506,2268.899646503534,0.0066289629876795575,0.0066963278029224076,5922.599360668255,95999.49004654071,-29274.074622703385,139.69195271497858,2106.382645494986,172,166,0.0057542761634465376,37.57089146303773,78.4113864470262,0.19095941118504853,0.06879991188540295
2026-03-09,False,337928.40766674385,341096.34556594345,-3267.5780725083523,7.9406860449995165,-107.58085935375017,-3167.9378991996014,-0.009579633774987596,-0.009287516387615916,7940.686044999516,90722.11778272557,-32225.302965616873,-3060.2557624684587,-207.32231003989335,168,162,0.0057542761634465376,37.2214256115311,76.50036563028502,0.1889134645476905,0.06774674001925807
2026-03-10,False,334547.72257632646,337928.40766674385,-3933.7729256141843,29.095073078595103,-582.1829082754089,-3380.6850904173707,-0.01164084710360772,-0.010004145889242061,29095.073078595102,80310.74932336803,-25012.17422269476,-4032.0408114615666,98.26788584738131,168,161,0.0057542761634465376,34.39084783490605,77.4359647431187,0.17064030592095475,0.072688958239904
2026-03-11,False,336004.876990285,334547.72257632646,1414.9814736878006,6.835936633416152,-49.00887690416647,1457.154413958551,0.004229535513771059,0.00435559507844536,6835.936633416151,80579.5406540001,-30270.372693258196,838.5610509604843,576.4204227273162,168,160,0.0057542761634465376,34.87726067137324,76.9488753473302,0.1741963576490015,0.07094024487124012
2026-03-12,False,335131.61229992326,336004.876990285,-889.892058514672,6.460656582111254,-23.088024735034182,-873.2646903617491,-0.002648449827531526,-0.0025989643310653436,6460.656582111254,83373.43792621676,-34039.668631219785,-40.928631367347826,-848.9634271473242,167,159,0.0057542761634465376,36.81831603560887,76.46635013819599,0.18609613358646415,0.06960205207203887
2026-03-13,False,334233.3296083713,335131.61229992326,-861.9237593325201,72.37468704498383,-36.015754825560606,-898.2826915519433,-0.0025718963168450625,-0.0026803878195412753,72374.68704498382,134731.46370437322,13341.203969915026,58.90854528756711,-920.832304620087,172,169,0.0057542761634465376,35.47315578889884,78.63196390434611,0.18667088169393872,0.05977794761922593
2026-03-14,False,334899.6687751044,334233.3296083713,684.1201428177168,15.062537643475066,2.7184384411748184,666.3391667330669,0.002046833999527563,0.001993634708764178,15062.537643475065,141920.21085611574,6781.737485161711,756.7170448691384,-72.59690205142158,169,165,0.0057542761634465376,38.2295896126238,77.69363641940174,0.20291527471299012,0.05943738453032684
2026-03-15,False,333867.53544434934,334899.6687751044,-1036.406121445113,3.7442203651212242,-8.01701105517078,-1032.1333307550635,-0.0030946764600746504,-0.0030819180399015962,3744.220365121224,142859.43122941686,6671.709362385765,-191.78888421427578,-844.6172372308373,169,164,0.0057542761634465376,38.17507134356065,77.21355395124864,0.20201076310306043,0.0600881675437609
2026-03-16,False,332735.1473983877,333867.53544434934,-1157.5411878029709,3.2721762373233987,-28.42531807864796,-1132.3880459616464,-0.003467067219525797,-0.003391728532259161,3272.1762373233987,143696.64309465367,5076.317862349413,-1006.8334008371885,-150.70778696578247,168,163,0.0057542761634465376,38.10960691145351,76.7384228159629,0.20341521299221213,0.058065640183556325
2026-03-17,False,334158.819357402,332735.1473983877,1410.1109136854545,3.438420038015922,-16.99946536683101,1423.6719590142695,0.004237937965709141,0.004278694241187843,3438.420038015922,145176.94509233764,3506.1778864567405,-722.2319406963592,2132.3428543818136,168,163,0.0057542761634465376,38.18453389054851,76.7384228159629,0.2046726227033292,0.054200619385144866
2026-03-18,False,335429.36828798696,334158.819357402,1276.0732199897016,31.548388885628555,-26.024099480917677,1270.5489305849906,0.0038187626543678566,0.00380223072677925,31548.388885628556,134463.2563159656,26601.251209971517,-1263.9961727563718,2540.069392746073,166,160,0.0057542761634465376,37.7220557155128,76.66731427443551,0.20098556742660292,0.06498038086463785
2026-03-19,False,333355.0989539022,335429.36828798696,-2082.0431315684173,5.0553590210594415,-12.829156504713989,-2074.2693340847627,-0.0062070985083836,-0.006183922846922198,5055.359021059442,132475.62087736765,25477.433971123188,-2340.457050789052,258.41391922063497,166,160,0.0057542761634465376,37.7444111256602,76.66383949107227,0.200935660185712,0.06687031377532444
2026-03-20,False,327384.25105349673,333355.0989539022,-6180.681679803465,143.4264700908592,-353.26024948885095,-5970.847900405473,-0.018540834381111888,-0.01791137414469592,143426.4700908592,94165.08245507017,21093.514880321185,-6489.962136117346,309.280456313881,171,166,0.0057542761634465376,34.725115805292866,80.45694952934109,0.20082426261811318,0.05916687210452923
2026-03-21,False,326150.99180229224,327384.25105349673,-1472.395148253383,12.697785794827942,-251.83368284369885,-1233.259251204512,-0.004497452591306184,-0.0037670084838717227,12697.785794827942,90213.52278543569,14459.423801642597,-2148.033053420347,675.6379051669636,169,163,0.0057542761634465376,33.57190998311202,79.02398713078335,0.19378545891538967,0.05736042001505026
2026-03-22,False,328301.2234803528,326150.99180229224,2117.6100168979997,13.06873842327866,-45.69039958583727,2150.2316780605584,0.006492729043061327,0.006592749162522848,13068.73842327866,83946.72646043292,5581.33159505815,448.2791758926919,1669.3308410053078,168,162,0.0057542761634465376,32.208328949683136,78.54270115684561,0.18405482571529586,0.05977920055712944
2026-03-23,False,324612.16403549205,328301.2234803528,-3513.3353357581154,16.8672385645442,158.85687053805106,-3689.0594448607108,-0.010701560288179588,-0.011236812966313793,16867.238564544197,90654.29921515244,-5427.222352572509,-2598.849511782942,-914.4858239751736,168,161,0.0057542761634465376,32.575829228049855,78.05201640415112,0.18219029000001205,0.06132108229533265
2026-03-24,False,320403.5153950194,324612.16403549205,-3910.9525348521547,12.503889836651089,285.19221578386527,-4208.648640472671,-0.012048077577353336,-0.012965159987080801,12503.88983665109,94935.46511089566,-14867.939257715607,-3307.985616786425,-602.9669180657297,167,160,0.0057542761634465376,33.22567485764055,77.55505272214775,0.18367296348889614,0.057577592848887416
2026-03-25,False,321338.0857530442,320403.5153950194,1134.674452424323,7.758956928137443,192.34513747141057,934.5703580247749,0.00354139201945211,0.0029168542575837876,7758.956928137442,95317.23375167059,-20867.749094893494,1034.344344815177,100.33010760914627,167,160,0.0057542761634465376,33.60646694337958,77.57122274303397,0.18530037882109213,0.05688096396164246
2026-03-26,False,321758.21652139176,321338.0857530442,510.2770645239309,6.764778992531363,83.38151718381448,420.13076834758505,0.0015879756777915542,0.0013074415606946304,6764.778992531363,96158.1378319833,-23772.799646822907,-2973.9917180418493,3484.26878256578,166,159,0.0057542761634465376,33.55274738442134,77.074254598319,0.18463368841023675,0.05659765421087556
2026-03-27,False,319766.2721349253,321758.21652139176,-1977.5454448344717,36.01162466036506,-21.612683028398337,-1991.9443864664383,-0.006146060436977206,-0.006190811249520977,36011.62466036506,96797.03583472181,-15398.533960200031,-4214.262389503642,2236.71694466917,172,169,0.0057542761634465376,31.487116352603255,79.4344516409232,0.17470337425202256,0.05993401693530244
2026-03-28,False,320877.4211225656,319766.2721349253,1052.991300293621,8.393383495843075,-66.55107084248596,1111.1489876402638,0.0032930030214359555,0.0034748786362666004,8393.383495843074,94195.56953418488,-19997.823576710973,1013.8561095980331,39.13519069558731,167,164,0.0057542761634465376,30.213152412866357,77.10894570448829,0.16597029773315353,0.059643123797458085
2026-03-29,False,320709.37204713165,320877.4211225656,86.41923396468582,13.200222458756295,241.26808693987275,-168.04907543394324,0.0002693216420848641,-0.0005237173586288377,13200.222458756296,89972.02808299469,-23626.898814340566,277.31157698439375,-190.89234301970805,164,161,0.0057542761634465376,29.112677862457318,75.68631184263519,0.15916559998214821,0.05928834052903431
2026-03-30,False,322606.56039361405,320709.37204713165,1955.9749161949644,8.459681432704249,50.32688827986054,1897.1883464823998,0.0060989016432844165,0.005915599953853509,8459.681432704248,85535.03482654438,-26947.77249807226,1890.9250660152607,65.04985017970345,161,158,0.0057542761634465376,28.446565212593498,74.28963622037276,0.15446557999780866,0.058723035361244895
2026-03-31,False,317603.3749059301,322606.56039361405,-4985.1805740872605,9.210250732727657,8.794662864007242,-5003.185487683995,-0.015452818343200505,-0.015508629091669992,9210.250732727658,85279.2137731797,-33472.61462979726,-3559.7685284455265,-1425.412045641734,158,155,0.0057542761634465376,28.74784878905703,72.89299653152159,0.1536257827403443,0.0585223832699412
2026-04-01,False,315891.69177249155,317603.3749059301,-1706.1580984949774,8.56782299478619,-3.0427880512409353,-1711.6831334385226,-0.005371977231036411,-0.005389373251923096,8567.822994786191,83257.73836059922,-36666.862222379044,-2145.469501900774,439.3114034057969,155,152,0.0057542761634465376,28.51737933951864,71.47024047745327,0.1524716110323382,0.05635834483476343
2026-04-02,False,312033.65939601976,315891.69177249155,-3865.2554120980153,7.338153947208275,-14.561189573409642,-3858.032376471814,-0.012236014788517489,-0.012213149243730058,7338.153947208275,85781.37017719547,-41657.71931974581,-2508.3380956865212,-1356.917316411494,153,150,0.0057542761634465376,29.018756140405394,70.50330583035749,0.15341578514508664,0.05769675262046947
2026-04-03,False,310893.3575762166,312033.65939601976,-1231.5698206623088,38.71638347541009,-129.98438433453563,-1140.3018198031832,-0.003946913365199659,-0.0036544192764664564,38716.38347541009,97827.96295398234,-49315.71170724598,-2420.706435247902,1189.1366145855932,161,160,0.0057542761634465376,31.851503234401626,71.99584149965818,0.1696462841024337,0.06122855101077606
2026-04-04,False,316571.73200328875,310893.3575762166,5528.461951818017,19.86004780349377,-169.77252305765154,5678.3744270721745,0.01778250263987289,0.01826470166922142,19860.04780349377,95920.04420842187,-41335.99138871914,6704.497813511852,-1176.0358616938352,160,159,0.0057542761634465376,30.674271024223845,71.5572676739084,0.16341553225260727,0.06021968887779762
2026-04-05,False,314297.1492485679,316571.73200328875,-2387.8059073901923,12.475684080178494,-125.69883674951203,-2274.5827547208587,-0.007542700961579811,-0.007185046941263943,12475.684080178495,96220.15410836489,-45902.705707193185,-358.26133584610704,-2029.544571544085,158,157,0.0057542761634465376,31.083317952216394,70.64019156020811,0.16657717685305048,0.059375321784387924
2026-04-06,False,311934.5516058356,314297.1492485679,-2426.5958814502656,8.315110849638288,-72.3133495676435,-2362.5976427322603,-0.007720705985567645,-0.0075170826346368,8315.110849638288,93583.16778753964,-48915.71306435017,-122.62714038410729,-2303.9687410661586,156,155,0.0057542761634465376,31.42352170302037,69.7285329799877,0.16897905767083918,0.05875367709507583
2026-04-07,False,306418.8777141978,311934.5516058356,-5533.728898883961,7.87092295021557,-25.925930196364313,-5515.673891637813,-0.017740031908605142,-0.017682151153962215,7870.92295021557,93562.42365862148,-50732.484195810874,-275.0298042933075,-5258.699094590653,156,155,0.0057542761634465376,32.12360784268122,69.7285329799877,0.17092106547978697,0.06748660276276643
2026-04-08,False,309936.4052410169,306418.8777141978,3459.7363107592396,6.582450413177669,-64.37366647300956,3517.527526819071,0.011290871948125192,0.011479473957540991,6582.450413177668,92541.62969084505,-51937.98598262441,-518.1587641616616,3977.8950749209007,156,153,0.0057542761634465376,31.877656950751245,68.84903860964533,0.17155623981934254,0.06651706746477204
2026-04-09,False,309444.3411181415,309936.4052410169,-567.6992782076022,20.719127968129005,-96.35428330033938,-492.06412287539183,-0.0018316637497493731,-0.0015876293154163234,20719.127968129003,89152.00015612088,-47396.7920682622,256.0130653712559,-823.7123435788583,156,151,0.0057542761634465376,32.499434994214674,69.56182604514642,0.16917702111011892,0.07423833178715365
2026-04-10,False,308575.96682033234,309444.3411181415,-905.4593862829813,32.787818424872846,-69.87290689873535,-868.3742978091188,-0.002926081579036825,-0.002806237447003711,32787.81842487284,92540.57451910549,-34700.84261069133,520.1628340411339,-1425.6222203241157,161,157,0.0057542761634465376,29.39842869401433,67.92298820838204,0.1589459706891043,0.07233393334639374
2026-04-11,False,307637.8528827039,308575.96682033234,-931.6860580341342,7.63425916943405,-1.2063795751212467,-938.113937628447,-0.003019308560010464,-0.003040139344923974,7634.25916943405,92474.660058685,-33150.351970702846,-292.60382266420163,-639.0822353699325,162,157,0.0057542761634465376,29.11695853678582,67.92298820838205,0.1587738349738755,0.07042892982659144
2026-04-12,False,309863.1690423643,307637.8528827039,2152.1222119850922,7.899430197924058,-81.09337787322505,2225.316159660393,0.006995635263407111,0.007233557700420115,7899.430197924058,89528.07002605018,-30341.207582066894,1275.7057313170762,876.4164806680158,161,155,0.0057542761634465376,28.080926009803168,67.0664538257658,0.15363283171948067,0.06923296196458355
2026-04-13,False,310248.04516246927,309863.1690423643,353.95322640363383,5.847004169720539,-36.76989787108154,384.8761201049948,0.001142288796366249,0.0012420841150449049,5847.00416972054,87725.57042015705,-27820.295408537502,1276.9746419234937,-923.02141551986,159,153,0.0057542761634465376,27.572034004978665,66.22699182128109,0.15079538663128897,0.06973735905486896
2026-04-14,False,312175.9485073989,310248.04516246927,1941.6107210011583,4.974757763190905,8.732618308320609,1927.903344929647,0.006258252876289307,0.006214070886151922,4974.757763190904,88311.15614874639,-26644.45530505177,512.1333878762775,1429.4773331248805,159,153,0.0057542761634465376,27.452608841890335,66.22699182128109,0.15027573454948204,0.06575793614396608
2026-04-15,False,316321.6646787161,312175.9485073989,4125.271417078294,4.572020273842222,-25.016774512741453,4145.716171317194,0.013214571579913115,0.013280062705467957,4572.020273842221,88587.03763706525,-25027.994014153046,5926.347302941519,-1801.0758858632255,159,153,0.0057542761634465376,27.500141608371166,66.22699182128109,0.15095378150421715,0.06649752475140774
2026-04-16,False,313524.0729364673,316321.6646787161,-2785.792633872845,9.898795717879839,1.9003126580638496,-2797.5917422487883,-0.008806834766446803,-0.008844135747357889,9898.795717879839,90702.89210994783,-25699.06653197728,3547.2060378627457,-6332.9986717355905,160,153,0.0057542761634465376,27.483584025736835,66.2269918212811,0.1523146926048852,0.06411233957684515
2026-04-17,False,313795.9945276062,313524.0729364673,406.012411709445,129.31402358252575,4.776796988033803,271.92159113888545,0.0012949959724200177,0.0008673068979745865,129314.02358252576,141883.95645610493,-1746.0803778048503,-665.3280116365063,1071.3404233459505,164,166,0.0057542761634465376,29.663052898148642,66.44698072831093,0.1658683890618517,0.05928953271717539
2026-04-18,False,316743.02968324686,313795.9945276062,3038.745467020268,7.268210921579795,84.44210045800062,2947.035155640687,0.009683824905397046,0.009391563968422235,7268.210921579796,140259.16437285126,-1258.495830900334,-4.594647254395056,3043.3401142746625,163,164,0.0057542761634465376,28.95743713995297,65.68248470942397,0.16230175862903665,0.055816753633290306
2026-04-19,False,318802.891517261,316743.02968324686,2167.7994325297414,8.695642503926592,99.2419560116841,2059.8618340141306,0.006844032005053465,0.00650325860706093,8695.642503926592,136650.48698323822,-926.3313807419108,64.01412953793425,2103.7853029918074,161,162,0.0057542761634465376,28.36779978911124,64.90569175274263,0.1580314829266777,0.055394203766127456
2026-04-20,False,318636.24766016786,318802.891517261,-107.0880616244774,9.174011721529526,50.38178374708627,-166.6438570930932,-0.0003359068078549072,-0.0005227175208480522,9174.011721529527,138713.51343540032,-1395.83877846408,1755.7030190765438,-1862.7910807010212,161,160,0.0057542761634465376,29.636128136854005,64.81770075522057,0.16440337373236738,0.0566228850801479
2026-04-21,False,324197.0284357569,318636.24766016786,5589.758713263143,5.87264319623316,23.10529447784805,5560.780775589062,0.017542758409660714,0.017451814777582206,5872.64319623316,140302.06050020352,-322.5829034748458,6915.432469111175,-1325.67375584803,160,159,0.0057542761634465376,29.137486901696224,64.41827179036349,0.1638188461540269,0.05528959348745154
2026-04-22,False,324202.4210411856,324197.0284357569,69.5189631558685,11.318512518536453,52.80784520865688,5.392605428675175,0.00021443430092896247,1.6633728738028138e-05,11318.512518536454,141297.60646276348,-1116.277895471576,452.8181615069461,-383.2991983510775,161,159,0.0057542761634465376,28.856540080531456,64.4182717903635,0.1620735072784622,0.05553794652071258
2026-04-23,False,322277.26481718954,324202.4210411856,-1832.6653511319355,4.906118831005682,87.58475403311391,-1925.1562239960551,-0.005652842891321653,-0.005938130313195562,4906.118831005682,142380.8350020625,255.61182078454294,279.2192055036486,-2111.8845566355835,160,158,0.0057542761634465376,28.474198739407015,64.03192789888487,0.15977491165495022,0.0540846968979198
2026-04-24,False,321267.82223195105,322277.26481718954,-894.0005301369495,47.84784261868626,67.59421248282536,-1009.4425852384611,-0.0027740105422703882,-0.0031322177995120547,47847.842618686256,151103.72967616725,32685.058763063244,-1905.959856114423,1011.9593259774736,171,172,0.0057542761634465376,31.017318265878945,69.77580677755935,0.17642310895702418,0.05917795724675777
2026-04-25,False,323595.57947146374,321267.82223195105,2365.332298002297,5.330673205791856,32.24438528382825,2327.757239512677,0.007362493640258062,0.0072455349662502696,5330.673205791856,150898.71669099724,33985.02847980162,722.5292630883032,1642.803034913994,168,169,0.0057542761634465376,31.026470318409586,68.57040332053268,0.1767241658009044,0.05805362478357973
2026-04-26,False,322455.5506854967,323595.57947146374,-1114.1583587308787,6.506781174273142,19.36364606190877,-1140.0287859670607,-0.00344305803110988,-0.003523004819253392,6506.781174273142,152976.096336062,35423.15802876598,20.720046498133684,-1134.878405229012,167,168,0.0057542761634465376,31.2614857663487,68.16623857759306,0.1783794202842514,0.057171311334565364
2026-04-27,False,323630.9325429674,322455.5506854967,1204.3111573367196,4.532632835808683,24.396667030268183,1175.3818574706427,0.0037348129215841303,0.003645097300920826,4532.632835808683,151859.24157402726,34906.07478422575,-650.0053123488074,1854.316469685527,163,164,0.0057542761634465376,30.811201655837326,66.5886172610945,0.17668592700157226,0.05791587429283394
2026-04-28,False,323257.7920267442,323630.9325429674,-289.4239669978042,4.325237552546336,79.3913116728158,-373.14051622316634,-0.0008943025461862437,-0.0011529816179534252,4325.237552546337,152570.8087230883,36352.21927338032,474.50235471991346,-763.9263217177174,164,165,0.0057542761634465376,31.17185874069553,66.98447131678721,0.1775312356157687,0.05868723039352248
2026-04-29,False,325868.3370352777,323257.7920267442,2647.2167221617865,5.803762783087544,30.867950845212906,2610.545008533486,0.008189181475145302,0.008075737299837482,5803.762783087544,152435.28107431025,36399.527188064865,1606.3511947842776,1040.8655273775087,163,164,0.0057542761634465376,31.16215176365013,66.57525000322562,0.17852506170158472,0.05962814362620695
2026-04-30,False,331493.0283248411,325868.3370352777,5652.803278204203,4.039293220920191,24.07269541985766,5624.691289563424,0.017346893317813337,0.01726062538243631,4039.2932209201917,153538.11023956418,37231.993032536346,5177.23774959977,475.5655286044324,163,164,0.0057542761634465376,31.311241566267228,66.57525000322563,0.17894114374553594,0.059986726184561724
2026-05-01,False,339732.2795946725,331493.0283248411,8311.022707043758,65.45175796103676,6.319679251364175,8239.251269831357,0.02507148566303937,0.02485497602006109,65451.75796103676,173678.9746297709,27062.925058242945,8219.17939430864,91.84331273511586,172,179,0.0057542761634465376,33.9014378119386,71.61413356147514,0.19114063415056767,0.0682217679247236
2026-05-02,False,339344.43138773233,339732.2795946725,-359.4738163723455,20.500377964580593,7.874012603238084,-387.8482069401642,-0.0010581090993214603,-0.0011416289538424133,20500.377964580595,178135.91814639454,24195.15324430257,470.15297421877676,-829.6267905911226,171,177,0.0057542761634465376,34.563530963004496,71.5374328328982,0.19489149168242204,0.06795044357925335
2026-05-03,False,339714.24958980107,339344.43138773233,391.42584491814364,4.230642958273267,17.376999891161052,369.8182020687093,0.0011534765527680148,0.0010898018881770242,4230.642958273267,178816.4068498612,22846.06401085462,-875.8429424573121,1267.268787375456,171,177,0.0057542761634465376,34.650004743287035,71.53743283289822,0.1963234965006149,0.06685361919068164
2026-05-04,False,339078.0775924686,339714.24958980107,-599.8759535520273,4.813755294360184,31.482288486101154,-636.1719973324887,-0.0017658251141256715,-0.001872667979340446,4813.755294360184,177493.0381664494,23212.27603071568,1669.911779512512,-2269.787733064539,170,175,0.0057542761634465376,34.285980296737016,70.72625936719298,0.19401070344542115,0.06708567799122293
2026-05-05,False,337841.12046579045,339078.0775924686,-1153.1676698717688,37.60366956700559,46.18578723937566,-1236.9571266781502,-0.0034008912580238784,-0.003648000883633725,37603.66956700559,169892.47799773133,49657.208499705404,-369.2126744934284,-783.9549953783403,173,175,0.0057542761634465376,32.647781928246346,71.18320567661537,0.18516697951190592,0.07147221482333066
2026-05-06,False,338559.617997056,337841.12046579045,771.2988972461249,5.144871552518595,47.65649442808689,718.4975312655195,0.0022830225526801317,0.0021267320279867294,5144.871552518594,171953.85355870496,48153.19522667351,1379.8752647801698,-608.5763675340438,172,174,0.0057542761634465376,32.50663521233359,70.78747836852608,0.18570668007944605,0.07056897658359976
2026-05-07,False,334528.17012058344,338559.617997056,-4008.8787673449865,7.7019718037313245,14.867137323833775,-4031.447876472552,-0.011840983254476163,-0.011907645395877095,7701.971803731324,168069.90470334742,44556.54114808548,-3676.213697558809,-332.6650697861763,168,170,0.0057542761634465376,31.713696360158604,69.18926003519206,0.18185629580977847,0.06636572616104676
2026-05-08,False,331061.1743846433,334528.17012058344,-3303.1963763722238,122.85943412734925,40.93992544052492,-3466.995735940098,-0.009874194974915144,-0.010363837923396377,122859.43412734925,145203.87925042777,33561.29520515274,-943.8941096785048,-2359.3022666937186,178,183,0.0057542761634465376,27.389839993780996,71.44973044105527,0.156859559407724,0.05988996967992928
2026-05-09,False,332235.2461037758,331061.1743846433,1202.3294019675827,4.765087445306112,23.492595389801025,1174.0717191324757,0.003631743904136148,0.0035463890361494966,4765.087445306112,143622.81259513652,30846.536513286534,1357.4585256074904,-155.1291236399078,176,181,0.0057542761634465376,26.963969462405803,70.69199190313873,0.15544338356307863,0.05776063498885356
2026-05-10,False,332618.32602734474,332235.2461037758,430.43641748184706,14.690132998709608,32.666360914226814,383.07992356891066,0.001295577222855511,0.0011530381802093725,14690.132998709609,139177.68276644318,19502.522522193154,615.8566864001173,-185.4202689182701,173,178,0.0057542761634465376,28.49509397672114,70.53122339659483,0.16362904748805293,0.05731658732093684
2026-05-11,False,332686.01805605623,332618.32602734474,103.92203275205998,11.556594184506343,24.67340985604983,67.69202871150381,0.0003124362809267355,0.0002035126251760969,11556.594184506343,138596.88037511587,24360.249807616496,1642.8679426353328,-1538.9459098832733,173,178,0.0057542761634465376,28.208034271011055,70.88346420473431,0.1625219427598574,0.05746398831922389
2026-05-12,False,339463.4705004826,332686.01805605623,6867.3828883999995,6.185063752151496,83.74538022148167,6777.452444426367,0.02064223476696539,0.02037191849548782,6185.063752151496,139077.93024965012,25061.810715123185,5066.929998766424,1800.452889633575,174,178,0.0057542761634465376,28.14703680431354,70.88346420473432,0.1629696784938956,0.057856212108847956
2026-05-13,False,342755.0575673934,339463.4705004826,3415.2986380581515,8.45678417447619,115.25478697284575,3291.58706691083,0.01006087233192679,0.009696439684829507,8456.78417447619,138472.20442707563,26029.093088215253,1264.2886629798368,2151.0099750783147,173,177,0.0057542761634465376,27.85788320883819,70.49002556801254,0.16012646904057326,0.05724600797895708
2026-05-14,False,342346.06767380756,342755.0575673934,-299.29932036596665,7.2775285872520294,102.4130446326327,-408.9898935858514,-0.0008732163501544178,-0.0011932424760951476,7277.52858725203,139007.27826529957,25574.204754120965,487.9432831152434,-787.24260348121,173,178,0.0057542761634465376,27.866717745669437,70.87756471668884,0.1596530433646654,0.056193512091724775
2026-05-15,False,343176.599721563,342346.06767380756,1009.625177323838,129.83443507227648,49.258694496128705,830.5320477554328,0.0029491361889566786,0.0024260014242277676,129834.4350722765,131309.0170397493,28752.680708610264,-1662.7669304917636,2672.392107815601,186,197,0.0057542761634465376,31.302535784803467,80.05845602979298,0.17604839081310664,0.06853279522782742
2026-05-16,False,340462.204024759,343176.599721563,-2595.8270603366254,7.662794755828092,110.90584171151721,-2714.3956968039706,-0.007564114401864098,-0.007909617669171793,7662.794755828092,129646.31136832145,26932.809989609283,-2559.3841569967703,-36.44290333985492,185,195,0.0057542761634465376,30.420056321129316,79.25172152439455,0.1727952968760382,0.06711923688932186
2026-05-17,False,342066.94412744546,340462.204024759,1693.679028996568,6.248171522789141,82.69075478733791,1604.7401026864409,0.004974646257278534,0.004713416302062538,6248.171522789141,123488.93561860727,23833.833387490842,405.62458470545675,1288.0544442911114,181,190,0.0057542761634465376,28.94350829931079,77.25512899054345,0.1652534984132299,0.06419789822219155
2026-05-18,False,343682.06102367747,342066.94412744546,1660.0482645831078,15.397081398852903,29.534286952240315,1615.1168962320146,0.004852992354515893,0.004721639795835586,15397.081398852904,121180.4537187058,14672.020633442591,1051.07984843866,608.9684161444476,176,185,0.0057542761634465376,28.1817356753211,75.92209489467214,0.16149989943665888,0.06394303568124905
2026-05-19,False,347047.10988016793,343682.06102367747,3382.9399088729087,22.809293372218953,-4.918240989758934,3365.0488564904485,0.009843225156403628,0.009791168169986673,22809.293372218952,108886.70811729325,33204.11445902928,1566.3841177950212,1816.5557910778873,175,183,0.0057542761634465376,28.99212587084719,76.04217154345434,0.16622294474201732,0.06408641451282525
2026-05-20,False,341525.7615735076,347047.10988016793,-5499.300303844447,10.257034921618821,11.790967894218264,-5521.348306660283,-0.0158459763740528,-0.015909506661982438,10257.034921618822,107827.87772518277,30678.644472049007,-5245.847547185623,-253.4527566588235,174,182,0.0057542761634465376,28.380325611428034,75.65520724842168,0.16367023276942236,0.06469057181018198
2026-05-21,False,339057.72543417243,341525.7615735076,-2475.857165774248,6.034182401171485,-13.85520884020377,-2468.036139335216,-0.007249400907173915,-0.007226500653901662,6034.182401171485,105321.56711638202,27581.59644861945,-706.4666823711975,-1769.3904834030507,173,181,0.0057542761634465376,27.717399954734823,75.22170323274595,0.1596214373352504,0.06320965283898863
2026-05-22,False,338513.68921532936,339057.72543417243,-487.476206410641,74.97225143858947,-18.41223900612946,-544.036218843101,-0.0014377380895433506,-0.0016045533784739697,74972.25143858946,121617.02457510932,61146.027407298825,-1101.133216710769,613.6570103001279,179,191,0.0057542761634465376,38.4059699041513,77.17052260904832,0.21888377932789113,0.0645311636817718
2026-05-23,False,336247.2138831394,338513.68921532936,-2277.534243668758,5.220974711283705,-16.27988619009603,-2266.4753321899457,-0.006728041778600017,-0.006695372755659034,5220.974711283705,119553.95537683464,60316.67650236945,-1538.3077614468011,-739.2264822219572,179,189,0.0057542761634465376,37.58321607718789,76.36922641172065,0.21569242351869153,0.06516623064167981
2026-05-24,False,336975.2617616467,336247.2138831394,716.1874705162165,12.862533969279474,-24.72294196037824,728.0478785073152,0.0021299432112621844,0.002165216092349076,12862.533969279473,120441.6880769803,51865.7311107658,-123.12311769589928,839.3105882121156,179,188,0.0057542761634465376,37.806661948488234,77.80975603114426,0.21745678355682338,0.06543861732859697
2026-05-25,False,345344.41332625784,336975.2617616467,8409.955761005991,35.51490371721655,5.289292677653757,8369.151564611122,0.024957190379614927,0.024836100789294404,35514.90371721655,114814.12760208838,43395.56177944099,8322.636696870866,87.31906413512583,176,183,0.0057542761634465376,34.498767635528544,78.76835404333157,0.1984076122460857,0.07010959339074074
2026-05-26,False,343317.32452008873,345344.41332625784,-2005.4311212089553,23.242677303783566,-1.5849923436046578,-2027.0888061691342,-0.0058070466578370875,-0.005869759949624779,23242.677303783566,118547.55064106586,43358.873065271386,-3339.018268262162,1333.5871470532065,175,181,0.0057542761634465376,34.333157173007656,78.38870226241688,0.19983913000141837,0.07089763712041096
2026-05-27,False,336703.27267232136,343317.32452008873,-7272.490464359307,4.607936538268476,-663.0465531302243,-6614.051847767351,-0.021182998773875646,-0.019265126969671288,4607.9365382684755,117066.67979196923,41241.516166886024,-10551.712465179558,3279.2220008202494,176,181,0.0057542761634465376,34.242838673728045,78.40662466517784,0.19873615864131416,0.0716585719117769
2026-05-28,False,345825.5371266934,336703.27267232136,9200.554894572071,9.071904318857785,69.21853588114978,9122.264454372063,0.02732540976376557,0.027092889183913057,9071.904318857785,109413.38430221849,35244.13402343338,8090.142215602015,1110.412678970054,175,177,0.0057542761634465376,33.31146234455359,76.66628211868027,0.19365974278005896,0.06978558419249285
2026-05-29,False,347012.4027676037,345825.5371266934,1270.7095728253687,87.19867403772133,-3.3547421226594136,1186.8656409103069,0.0036744237669176045,0.003431978016347294,87198.67403772133,98822.66023554796,14251.202642492071,1179.5541092590818,91.15546356628664,180,185,0.0057542761634465376,31.512083466679904,76.5711710357166,0.1811398053043001,0.06412939042281827
2026-05-30,False,348306.4735814331,347012.4027676037,1302.5234489679176,5.633174531689241,2.8194606068182755,1294.07081382941,0.003753535719702288,0.00372917741126405,5633.174531689242,99114.85472546302,10737.475285350796,1590.7953592877307,-288.27191031981306,179,184,0.0057542761634465376,31.427446953417537,76.15944230649656,0.18148242373068826,0.06527719795815923
2026-05-31,False,351450.5919203651,348306.4735814331,3156.491428456119,14.644980632647345,-2.27189110851757,3144.1183389319895,0.009062396676121898,0.009026873105753239,14644.980632647346,92113.70563411318,1586.836889159712,4386.186445383275,-1229.6950169271554,175,178,0.0057542761634465376,31.432596413138224,74.07362026193502,0.17950516254831395,0.06397331233818476
2026-06-01,False,350571.88213915523,351450.5919203651,-935.4607348845893,6.835421660964631,-63.58637533570278,-878.7097812098511,-0.002661713357126895,-0.002500237021677736,6835.421660964631,92331.06590543693,-799.986588507516,2174.3593134703633,-3109.820048354953,175,177,0.0057542761634465376,31.633061853580354,73.67079625873909,0.1811657766447906,0.06453828088465512
2026-06-02,False,350961.3440578916,350571.88213915523,324.2065012498779,8.44669149909614,-73.70210898558928,389.46191873637105,0.0009247932243498868,0.0011109331312024017,8446.691499096141,92687.79769876224,-2261.2179594589597,-2355.8506985862095,2680.057199836087,173,175,0.0057542761634465376,31.587764024884816,72.8570299177531,0.18084337969674158,0.06513841647240416
2026-06-03,False,350142.3366654326,350961.3440578916,-838.44039818381,9.534805218546742,-28.96781094340908,-819.0073924589476,-0.002388982183876946,-0.0023336113971681484,9534.805218546742,94383.31989937111,-5351.031850079407,-1277.683912376987,439.24351419317736,173,175,0.0057542761634465376,32.13825565318561,72.85814369391525,0.1828654648289444,0.06673172522701067
2026-06-04,False,352543.0333199374,350142.3366654326,2371.7425573644205,8.360123651471545,-37.31422079188497,2400.696654504834,0.006773652623534822,0.006856344986349776,8360.123651471546,94925.64020093488,-9411.387775642517,-2744.55807282342,5116.30063018784,171,173,0.0057542761634465376,32.08879395376044,72.05212420027232,0.18128537487136545,0.06628325502716731
2026-06-05,False,354241.1358997911,352543.0333199374,994.7051345994944,62.71839530450932,-766.1158405586825,1698.1025798536675,0.002821514086471215,0.004816724255936771,62718.39530450932,103911.95810161726,-34461.888639258796,-1838.9986524247802,2833.703787024275,191,194,0.0057542761634465376,37.64386154072487,79.05982852993985,0.20783364221265563,0.08114949204566319
2026-06-06,False,353424.6080477889,354241.1358997911,-1930.5113457743682,11.150505300234162,-1125.133999072425,-816.5278520021775,-0.005449709675503293,-0.0023050057411546907,11150.505300234163,106125.1967772018,-36434.316313164905,304.31572521179874,-2234.827070986167,191,194,0.0057542761634465376,38.37599700498393,79.05982852993986,0.2119020072229151,0.08020223424213696
2026-06-07,False,342596.73128400627,353424.6080477889,-12577.892148868788,4.98385974385902,-1754.9992448299975,-10827.87676378265,-0.03558861455161619,-0.030637019939252618,4983.85974385902,107943.54604886245,-36494.01264251159,-4017.3504630318957,-8560.541685836894,188,190,0.0057542761634465376,37.97792584457072,77.48129146054083,0.2099247915933626,0.08089081779881371
2026-06-08,False,336340.3223774884,342596.73128400627,-7152.050365532945,15.115882427776887,-910.7573414428924,-6256.40890651783,-0.02087600292836428,-0.018261729710816722,15115.882427776887,100563.33846238442,-37520.67171750514,-2141.184228949988,-5010.866136582955,184,185,0.0057542761634465376,36.82205709764939,75.47517501826964,0.2032731900131127,0.07689231572511006
2026-06-09,False,338950.5108036666,336340.3223774884,1983.5893532014752,9.062418262246053,-635.6614912389599,2610.1884261781893,0.005897566307780404,0.007760557544000533,9062.418262246054,97530.10275514475,-37321.316134038476,62.34123038825396,1921.2481228132215,186,186,0.0057542761634465376,36.86304894400553,75.85237306120362,0.20222481567870443,0.07692819132848688
2026-06-10,False,337022.3501093415,338950.5108036666,-2759.785450327864,16.725867619649378,-848.3506236223986,-1928.1606943251147,-0.008142148668796194,-0.005688620116704827,16725.86761964938,100529.20995768526,-38656.62044993225,-1633.8514296539058,-1125.9340206739587,187,184,0.0057542761634465376,35.987830930559575,76.75529730003488,0.1949965946188736,0.08198082882449258
2026-06-11,False,327523.579635378,337022.3501093415,-10423.837245828669,8.7440506687748,-933.810822533923,-9498.77047396352,-0.03092921654141579,-0.02818439332252533,8744.0506687748,96108.5382011216,-39831.81626598235,-177.75073813795882,-10246.08650769071,182,179,0.0057542761634465376,34.74798347271759,74.71173639746725,0.1890144582558472,0.08024797687915139
2026-06-12,False,329515.45071455144,327523.579635378,1013.9143185202726,95.1672072365532,-1073.1239678897696,1991.8710791734889,0.0030956986964084617,0.006081611227475525,95167.2072365532,121361.21356719636,-12696.372660142033,2590.286092926036,-1576.3717744057635,190,190,0.0057542761634465376,30.316371218061317,76.93358530307249,0.16920072239127665,0.0644220291945786
2026-06-13,False,330109.7138027552,329515.45071455144,290.32961061845714,26.95611137268367,-330.88958895800243,594.2630882037759,0.0008810804166811598,0.0018034452919130845,26956.111372683667,115260.99174482605,5974.455545559489,-3079.2828671243,3369.6124777427576,186,185,0.0057542761634465376,29.736472877364736,76.49451166528968,0.16607794120933755,0.0758410070741958
2026-06-14,False,332302.449066949,330109.7138027552,1559.554789573208,23.934253030888403,-657.1147276514954,2192.735264193815,0.004724352917724384,0.006642443928517663,23934.253030888405,112679.6521799766,17247.23221303251,1294.5728713362905,264.9819182369174,182,180,0.0057542761634465376,30.71311762064165,75.89988317000673,0.17273063513107134,0.08184790357857928
2026-06-15,False,334135.8759774234,332302.449066949,1219.3429889158606,4.76678181843898,-618.8507033769757,1833.4269104743971,0.0036693770760329227,0.005517343960667038,4766.78181843898,113842.60546414,15994.328002763745,1554.9345220700236,-335.5915331541633,181,179,0.0057542761634465376,30.552836162825706,75.46461472468725,0.17281086897220355,0.07984635012579135
2026-06-16,False,330041.3511636272,334135.8759774234,-4758.676529992475,5.110116863125967,-669.2618330593527,-4094.5248137962476,-0.014241740777078378,-0.01225407119729012,5110.116863125967,114941.80664139146,15364.687620971887,-2726.0307347377343,-2032.6457952547398,181,179,0.0057542761634465376,30.65659304643596,75.46461472468727,0.17342523064464466,0.08020803573626076
2026-06-17,False,329783.24739417527,330041.3511636272,-677.0501993979422,8.592016293325512,-427.5384462393441,-258.10376945192354,-0.002051410215752861,-0.0007820346406349592,8592.016293325512,110776.90535617815,14072.142429933469,2887.5428655653545,-3564.5930649632974,179,175,0.0057542761634465376,29.631258079135915,73.76971720456001,0.16865380072275843,0.07781057886054793
2026-06-18,False,331684.3207028035,329783.24739417527,1735.2106902418857,23.369820318821585,-189.23243870515427,1901.0733086282182,0.005261670215066642,0.005764614557136523,23369.820318821585,101439.83383256508,4390.966593220321,-1224.628838113578,2959.8395283554632,177,174,0.0057542761634465376,27.76613178364912,74.23465233584864,0.1564819616650359,0.08013976211012641
2026-06-19,False,331807.58000359405,331684.3207028035,2.525247919890262,59.25984437224322,-179.9938972429063,123.25930079055335,7.613407575430555e-06,0.0003716163023002719,59259.84437224323,131367.63645452377,30220.676287219732,-1372.0459087601378,1374.5711566800283,182,185,0.0057542761634465376,33.28425061226037,76.5638777022752,0.1934716648916976,0.06282712397200502
2026-06-20,False,330990.5644014356,331807.58000359405,-1016.6087895887267,4.472618378394168,-204.0658058086828,-817.015602158438,-0.003063850408654664,-0.0024623174737285636,4472.618378394169,129936.79892911967,30003.33083153649,-1281.5708184194723,264.9620288307458,180,183,0.0057542761634465376,32.774633341887366,75.72148125865198,0.1907690478119643,0.06311956052317168
2026-06-21,False,329690.93488662434,330990.5644014356,-1397.95328868352,3.61825592015398,-101.94202979239373,-1299.6295148112804,-0.004223544230668881,-0.003926485086248711,3618.25592015398,126789.86796816047,26986.542631931203,-307.03840866835344,-1090.9148800151668,179,181,0.0057542761634465376,31.934412043162215,74.94769456629113,0.18551433168526107,0.06148523947601729
2026-06-22,False,327935.621201049,329690.93488662434,-1807.3173273927048,8.317211774428689,-60.32085359181893,-1755.3136855753146,-0.005481853263615554,-0.005324118742236392,8317.211774428688,120127.47704517981,22373.255127189313,-1082.5481270825226,-724.7692003101822,174,175,0.0057542761634465376,29.885048549679013,72.46570790241087,0.17445316798820343,0.061537135346442784
2026-06-23,False,329269.15738927637,327935.621201049,1297.9352255013368,6.2334649859217235,-41.834427711931,1333.5361882273462,0.003957896433292941,0.004066457261773917,6233.464985921723,116239.73439902192,19727.434311290694,-946.0354013017024,2243.9706268030386,172,173,0.0057542761634465376,28.905380191851304,71.64832148813568,0.1681214928447299,0.06147557431441482
2026-06-24,False,329848.482768341,329269.15738927637,565.7343547624166,6.810719038354893,-20.401743340565943,579.3253790646277,0.001718151676421915,0.001759428012201349,6810.719038354894,113569.13501612963,19677.79847781172,-2640.7698791940984,3206.5042339565143,171,171,0.0057542761634465376,28.128445305831466,70.8157162135661,0.16256071644816017,0.06279491974089096
2026-06-25,False,330151.3436294042,329848.482768341,311.4886615107097,9.542313279385533,-0.9145128318498794,302.860861063174,0.0009443386214678277,0.0009181817618845289,9542.313279385533,112726.8764014955,17306.092757123846,-314.624823691639,626.1134852023486,170,168,0.0057542761634465376,27.82128957242566,69.56168325052752,0.15915564432103932,0.06444389076821401
2026-06-26,False,335707.29511978664,330151.3436294042,5295.574946988482,62.780506908939124,-323.15705030289996,5555.951490382443,0.01603984066450682,0.016828498800898456,62780.506908939125,102064.641245375,-1860.1559331277522,5189.385365563057,106.18958142542488,173,171,0.0057542761634465376,28.781607627945913,68.38379906456274,0.16266679790047736,0.06308952263714246
2026-06-27,False,335196.6017482945,335707.29511978664,-1080.2098385187292,7.368897766769735,-576.8853647933348,-510.69337149216415,-0.0032177133300999314,-0.0015212459750388778,7368.897766769736,103737.52299375058,-2438.0808499459727,-1121.3326436246357,41.12280510590604,172,169,0.0057542761634465376,28.496997829031457,67.58063521396483,0.16242308342513204,0.06288734100253533
2026-06-28,False,335064.1600985464,335196.6017482945,-344.30421538571545,7.67529086010724,-219.53785649774892,-132.44164974807376,-0.0010271709605345584,-0.0003951163259331809,7675.2908601072395,101983.54173516452,-4896.244296792714,-433.87801457071964,89.57379918500342,171,168,0.0057542761634465376,28.299490962584454,67.18138338231122,0.15948668001797706,0.06358684066318757
2026-06-29,False,335451.62207483215,335064.1600985464,-110.55774551022353,8.108438261001975,-506.12816005694873,387.4619762857232,-0.00032995992611596284,0.0011563814410104798,8108.438261001975,104014.41477571799,-3824.7395668155978,318.18862671004786,-428.7463722202714,171,168,0.0057542761634465376,28.896367778963093,67.18138338231124,0.1633746682505756,0.06443324957694196
2026-06-30,False,333238.32837611967,335451.62207483215,-2933.1467626907593,6.697333377837768,-726.5503973560942,-2213.293698712503,-0.008743874137643718,-0.006597951993860874,6697.333377837767,104567.80487595788,-4124.596375276065,-3135.1687188252063,202.021956134447,168,165,0.0057542761634465376,29.316431089889274,66.25425078167697,0.16511666903304345,0.06285676237077607
2026-07-01,False,331374.3509076765,333238.32837611967,-1860.0421593835358,3.9353090596338514,0.0,-1863.9774684431698,-0.005581717350604826,-0.005593526643607858,3935.3090596338516,102185.08907008702,-5112.8630815791275,-3004.249104022723,1144.2069446391874,167,164,0.0057542761634465376,28.994996661289388,65.86421093892096,0.16314671904330955,0.063622333147175
2026-07-02,False,336040.6697410475,331374.3509076765,4678.644709708196,12.325876337204967,0.0,4666.318833370991,0.014118910220096375,0.01408171399080632,12325.876337204967,95426.33102548841,-10808.072725581202,4866.937657552417,-188.2929478442211,164,160,0.0057542761634465376,28.157938836709587,64.04179182176607,0.15690583177030482,0.06005359990740975
2026-07-03,False,333880.7058936776,336040.6697410475,-2098.4175314505023,61.54631591938621,0.0,-2159.9638473698888,-0.0062445344281319886,-0.006427685818607474,61546.315919386216,88672.43110480037,-21776.23034145632,892.599904090461,-2991.0174355409636,170,167,0.0057542761634465376,26.72794785823879,66.19409457165133,0.14568905693110382,0.058774501591122685
2026-07-04,False,333296.6509835263,333880.7058936776,-576.9142207390078,7.1406894122909605,0.0,-584.0549101512987,-0.0017279052384737764,-0.0017492921868246189,7140.689412290962,86683.55826416083,-22795.41925514682,-654.7398599150027,77.82563917599474,167,164,0.0057542761634465376,26.400074402789983,65.03485400476428,0.1465267624660314,0.05452488903103113
2026-07-05,False,333505.51622213545,333296.6509835263,213.12313298121234,4.257894372071299,0.0,208.86523860914104,0.0006394397674033222,0.0006266646784262603,4257.8943720713,85344.78335288863,-23072.131184579994,83.05586411209765,130.06726886911463,164,161,0.0057542761634465376,26.00391448116538,63.86746504549197,0.14436454872115007,0.052091513946922276
2026-07-06,False,336001.41400302364,333505.51622213545,2509.149142537227,13.251361649061119,0.0,2495.897780888166,0.007523561142137083,0.007483827581507655,13251.36164906112,88658.55902709957,-33744.431486162124,1631.4537016599259,877.695440877302,163,159,0.0057542761634465376,29.62002330923242,63.74827895514917,0.16268381510720906,0.05340829841264145
2026-07-07,False,336589.2998189274,336001.41400302364,594.2645555337322,6.378739629983444,0.0,587.8858159037487,0.0017686370674868184,0.001749652803242246,6378.739629983444,89536.67926520744,-34692.066912583,-3892.2912112821696,4486.555766815903,161,157,0.0057542761634465376,29.548679251899934,62.97460801046705,0.1627051413639076,0.052963910265508105
2026-07-08,False,333770.2660130566,336589.2998189274,-2809.7409566564456,9.292849214353334,0.0,-2819.033805870799,-0.008347683536487887,-0.008375292403493917,9292.849214353333,88949.19677685294,-37456.14045415455,-2845.112881132336,35.37192447588998,162,157,0.0057542761634465376,30.045360116094148,62.97460801046705,0.16453036218356074,0.05446428037950544
2026-07-09,False,334446.4803509631,333770.2660130566,679.7422768024251,3.52793889600057,0.0,676.2143379064245,0.002036557315072022,0.0020259873534689632,3527.93889600057,87839.9785458014,-40561.48489315074,2126.005299579918,-1446.263022777492,161,156,0.0057542761634465376,30.24372322575871,62.564489467222614,0.1669351843114845,0.054207470790337074
2026-07-10,False,333102.1572922749,334446.4803509631,-1283.4769341313693,60.84612455684254,0.0,-1344.3230586882119,-0.0038376153122751,-0.004019546138675161,60846.124556842544,99773.35725992666,-32732.059859263532,-855.4118901001792,-428.06504403119,167,164,0.0057542761634465376,25.253814322424272,62.19577521192184,0.14059950637035756,0.0568518517895841
2026-07-11,False,334530.45424464316,333102.1572922749,1434.3971733134329,6.100220945146754,0.0,1428.2969523682862,0.0043061779754696855,0.004287864611801511,6100.220945146754,98683.0033002529,-33641.867743678136,-798.4984964543769,2232.8956697678095,163,160,0.0057542761634465376,25.579278499974123,60.923312828058314,0.14246162256871267,0.05514215582184709
2026-07-12,False,335474.4983128204,334530.45424464316,948.781068220729,4.737000043518787,0.0,944.0440681772102,0.0028361575341863568,0.0028219973882761293,4737.000043518787,95216.51606738922,-34649.29172737622,-265.0988446774545,1213.8799128981834,161,157,0.0057542761634465376,25.585991658945055,59.80356185645318,0.1409599057262155,0.05273682920646832
2026-07-13,False,337791.067209751,335474.4983128204,2343.5614023853495,26.992505454714106,0.0,2316.568896930635,0.006985810886286937,0.00690535020867816,26992.505454714104,88476.43558646362,-28479.355706288567,1054.625050478453,1288.9363519068966,157,153,0.0057542761634465376,26.56682237792763,58.79228802267007,0.1469631008197984,0.05342000415548484
2026-07-14,False,336867.8777914255,337791.067209751,-917.8553974508189,5.334020874694049,0.0,-923.189418325513,-0.002717228152397759,-0.0027330190402940985,5334.02087469405,89568.91309082482,-30192.54460895513,228.26992433005464,-1146.125321780874,153,149,0.0057542761634465376,26.716719243578822,57.278962161537606,0.14783049838989343,0.05345398306791731
2026-07-15,False,338009.8573995242,336867.8777914255,1144.4586316368134,2.479023538118416,0.0,1141.979608098695,0.0033973516238476565,0.0033899925857750115,2479.0235381184157,91076.95539438316,-32407.97212730404,1702.7672497946237,-558.3086181578107,153,148,0.0057542761634465376,27.063280585561547,56.895108293653514,0.15134110939459675,0.05143704158512538
2026-07-16,False,339104.98754937196,338009.8573995242,1100.3371993150786,5.207049467297914,0.0,1095.1301498477806,0.0032553405624928013,0.0032399355399666584,5207.049467297914,92250.68410266851,-32855.01071199293,254.79367262304982,845.5435266920289,153,149,0.0057542761634465376,27.420120159377113,57.26664234728397,0.15329011825971614,0.051870847182608024
2026-07-17,False,340199.9861970109,339104.98754937196,1134.186749284423,39.18810164549262,0.0,1094.9986476389304,0.003344647796191117,0.0032290844660003834,39188.10164549262,94351.77223747432,-28537.55172226233,-374.03354118502205,1508.220290469445,158,154,0.0057542761634465376,27.63756401616165,59.6090344592667,0.15554406963404865,0.05523412402033282
2026-07-18,False,340000.30388687365,340199.9861970109,-183.92130435126768,15.761005786003105,0.0,-199.68231013727078,-0.0005406270188522532,-0.0005869556679571236,15761.005786003105,85910.0971880645,-37505.71561269807,-505.3957952141842,321.47449086291647,155,151,0.0057542761634465376,27.665901636743783,58.961961327565476,0.15299986312805988,0.05510177780122402
2026-07-19,False,341059.31886756077,340000.30388687365,1062.3293228224331,3.3143421353205267,0.0,1059.0149806871127,0.00312449521567456,0.003114747159283342,3314.3421353205267,86487.04882647283,-39854.81161679563,-332.2209961762964,1394.5503189987296,156,151,0.0057542761634465376,27.906378250106297,58.98112885067683,0.15431815256429432,0.055300023543982745
2026-07-20,False,340670.20929086686,341059.31886756077,-380.115501290717,8.994075403192703,0.0,-389.10957669390973,-0.0011145143388922396,-0.0011408853392010899,8994.075403192703,85242.42541597635,-39441.68664969025,120.72143177721887,-500.836933067936,155,150,0.0057542761634465376,28.707348521122295,59.49075558949054,0.1575561379746233,0.057038928135937444
2026-07-21,False,339519.26210102317,340670.20929086686,-1145.4909596054122,5.456230238299057,0.0,-1150.9471898437112,-0.003362462957914184,-0.003378479122784181,5456.2302382990565,85392.05026706439,-39346.125410249,-61.418998850867865,-1084.071960754544,152,147,0.0057542761634465376,28.326846308085894,58.2692225444684,0.15792027333829342,0.055550094702082796
2026-07-22,False,339793.2029714961,339519.26210102317,361.38047742580216,87.4396069528718,0.0,273.9408704729303,0.001064388733615574,0.0008068492749946537,87439.6069528718,85207.68724182033,-40372.598747107404,213.5362978385202,147.84417958728193,152,147,0.0057542761634465376,28.356186860249316,58.269222544468406,0.15887712529456893,0.05413050577279217
